date,district,latitude,longitude,rainfall,temperature,humidity,wind_speed
2023-01-01,Cuddalore,11.4725,79.4123,0.5,22.9,60.8,2.7
2023-01-01,Thanjavur,10.6715,79.3921,0.2,25.0,79.3,8.2
2023-01-02,Cuddalore,11.4725,79.4123,0.1,25.0,59.3,16.7
2023-01-02,Thanjavur,10.6715,79.3921,1.2,26.1,85.5,8.8
2023-01-03,Cuddalore,11.4725,79.4123,0.0,23.7,77.4,6.5
2023-01-03,Thanjavur,10.6715,79.3921,0.2,23.7,57.6,10.8
2023-01-04,Cuddalore,11.4725,79.4123,0.4,20.6,86.7,9.5
2023-01-04,Thanjavur,10.6715,79.3921,0.3,26.0,72.3,12.8
2023-01-05,Cuddalore,11.4725,79.4123,0.9,23.9,76.6,8.6
2023-01-05,Thanjavur,10.6715,79.3921,0.5,23.4,82.6,16.8
2023-01-06,Cuddalore,11.4725,79.4123,0.6,23.6,80.3,9.0
2023-01-06,Thanjavur,10.6715,79.3921,0.7,25.4,62.5,17.3
2023-01-07,Cuddalore,11.4725,79.4123,0.9,24.7,60.0,15.9
2023-01-07,Thanjavur,10.6715,79.3921,0.2,23.8,67.1,14.3
2023-01-08,Cuddalore,11.4725,79.4123,0.1,23.6,74.7,14.7
2023-01-08,Thanjavur,10.6715,79.3921,0.1,26.0,76.8,3.4
2023-01-09,Cuddalore,11.4725,79.4123,1.2,23.0,93.0,13.0
2023-01-09,Thanjavur,10.6715,79.3921,0.7,24.3,90.6,3.0
2023-01-10,Cuddalore,11.4725,79.4123,0.0,24.2,83.9,10.4
2023-01-10,Thanjavur,10.6715,79.3921,1.1,25.1,92.9,7.5
2023-01-11,Cuddalore,11.4725,79.4123,0.4,28.7,78.7,4.9
2023-01-11,Thanjavur,10.6715,79.3921,0.2,26.3,56.9,7.5
2023-01-12,Cuddalore,11.4725,79.4123,3.5,24.9,59.6,8.6
2023-01-12,Thanjavur,10.6715,79.3921,2.5,25.9,61.4,15.4
2023-01-13,Cuddalore,11.4725,79.4123,0.1,23.0,90.8,7.1
2023-01-13,Thanjavur,10.6715,79.3921,0.3,22.2,61.1,14.7
2023-01-14,Cuddalore,11.4725,79.4123,1.8,22.5,75.2,2.4
2023-01-14,Thanjavur,10.6715,79.3921,0.8,23.2,56.7,11.7
2023-01-15,Cuddalore,11.4725,79.4123,0.2,25.4,71.7,2.4
2023-01-15,Thanjavur,10.6715,79.3921,1.3,25.9,69.6,8.7
2023-01-16,Cuddalore,11.4725,79.4123,1.5,24.2,56.0,15.5
2023-01-16,Thanjavur,10.6715,79.3921,0.1,23.6,75.2,12.3
2023-01-17,Cuddalore,11.4725,79.4123,2.0,22.3,78.5,7.3
2023-01-17,Thanjavur,10.6715,79.3921,0.1,26.2,95.0,9.6
2023-01-18,Cuddalore,11.4725,79.4123,0.4,26.3,91.7,16.6
2023-01-18,Thanjavur,10.6715,79.3921,1.0,23.2,60.0,2.8
2023-01-19,Cuddalore,11.4725,79.4123,2.2,23.0,66.3,5.4
2023-01-19,Thanjavur,10.6715,79.3921,1.2,24.4,55.9,10.4
2023-01-20,Cuddalore,11.4725,79.4123,1.4,26.8,72.6,10.7
2023-01-20,Thanjavur,10.6715,79.3921,0.7,25.0,72.6,16.9
2023-01-21,Cuddalore,11.4725,79.4123,0.7,23.9,70.5,4.6
2023-01-21,Thanjavur,10.6715,79.3921,0.1,24.4,89.9,10.4
2023-01-22,Cuddalore,11.4725,79.4123,0.0,22.4,65.2,3.9
2023-01-22,Thanjavur,10.6715,79.3921,0.7,26.1,64.2,5.1
2023-01-23,Cuddalore,11.4725,79.4123,2.4,23.7,77.1,2.9
2023-01-23,Thanjavur,10.6715,79.3921,1.4,22.3,62.0,16.8
2023-01-24,Cuddalore,11.4725,79.4123,0.3,24.2,57.4,9.7
2023-01-24,Thanjavur,10.6715,79.3921,0.2,23.9,74.1,2.4
2023-01-25,Cuddalore,11.4725,79.4123,2.7,25.3,64.5,5.4
2023-01-25,Thanjavur,10.6715,79.3921,2.1,26.3,76.7,5.2
2023-01-26,Cuddalore,11.4725,79.4123,1.6,26.6,87.2,15.8
2023-01-26,Thanjavur,10.6715,79.3921,2.3,24.8,72.5,9.5
2023-01-27,Cuddalore,11.4725,79.4123,0.4,24.2,81.8,13.9
2023-01-27,Thanjavur,10.6715,79.3921,0.6,24.0,88.3,7.9
2023-01-28,Cuddalore,11.4725,79.4123,1.7,20.6,90.9,16.3
2023-01-28,Thanjavur,10.6715,79.3921,0.3,25.1,92.6,16.0
2023-01-29,Cuddalore,11.4725,79.4123,0.1,25.2,76.2,4.7
2023-01-29,Thanjavur,10.6715,79.3921,0.4,24.3,94.8,15.6
2023-01-30,Cuddalore,11.4725,79.4123,0.7,23.1,65.6,8.1
2023-01-30,Thanjavur,10.6715,79.3921,3.6,26.6,67.5,7.5
2023-01-31,Cuddalore,11.4725,79.4123,3.3,24.5,66.2,14.9
2023-01-31,Thanjavur,10.6715,79.3921,0.4,22.0,67.2,16.6
2023-02-01,Cuddalore,11.4725,79.4123,0.3,26.2,83.6,12.4
2023-02-01,Thanjavur,10.6715,79.3921,0.7,25.4,75.1,4.4
2023-02-02,Cuddalore,11.4725,79.4123,0.1,26.7,67.3,7.5
2023-02-02,Thanjavur,10.6715,79.3921,0.3,25.6,67.6,13.7
2023-02-03,Cuddalore,11.4725,79.4123,0.2,26.5,81.0,12.0
2023-02-03,Thanjavur,10.6715,79.3921,0.3,26.0,83.9,5.1
2023-02-04,Cuddalore,11.4725,79.4123,1.1,24.8,64.2,6.4
2023-02-04,Thanjavur,10.6715,79.3921,1.3,27.2,55.6,16.4
2023-02-05,Cuddalore,11.4725,79.4123,0.5,28.1,56.8,12.6
2023-02-05,Thanjavur,10.6715,79.3921,0.8,28.1,91.7,7.4
2023-02-06,Cuddalore,11.4725,79.4123,0.1,25.3,86.1,10.0
2023-02-06,Thanjavur,10.6715,79.3921,0.2,27.4,69.4,10.2
2023-02-07,Cuddalore,11.4725,79.4123,0.0,28.6,69.0,7.5
2023-02-07,Thanjavur,10.6715,79.3921,0.0,27.3,89.2,8.9
2023-02-08,Cuddalore,11.4725,79.4123,0.7,27.0,79.1,7.8
2023-02-08,Thanjavur,10.6715,79.3921,0.2,24.2,88.5,12.6
2023-02-09,Cuddalore,11.4725,79.4123,1.2,26.9,84.3,11.5
2023-02-09,Thanjavur,10.6715,79.3921,0.1,25.8,78.9,11.8
2023-02-10,Cuddalore,11.4725,79.4123,0.4,25.5,93.6,12.5
2023-02-10,Thanjavur,10.6715,79.3921,1.1,26.8,85.6,14.4
2023-02-11,Cuddalore,11.4725,79.4123,1.7,28.0,72.7,5.1
2023-02-11,Thanjavur,10.6715,79.3921,0.3,29.8,63.5,4.8
2023-02-12,Cuddalore,11.4725,79.4123,0.1,23.8,94.6,11.8
2023-02-12,Thanjavur,10.6715,79.3921,0.4,27.8,63.2,10.5
2023-02-13,Cuddalore,11.4725,79.4123,1.3,26.9,84.6,15.7
2023-02-13,Thanjavur,10.6715,79.3921,0.1,27.8,68.5,14.4
2023-02-14,Cuddalore,11.4725,79.4123,0.2,26.3,68.6,12.5
2023-02-14,Thanjavur,10.6715,79.3921,0.0,27.3,89.2,16.3
2023-02-15,Cuddalore,11.4725,79.4123,0.1,26.3,55.4,10.5
2023-02-15,Thanjavur,10.6715,79.3921,1.2,24.2,70.0,10.7
2023-02-16,Cuddalore,11.4725,79.4123,1.1,27.1,66.9,9.9
2023-02-16,Thanjavur,10.6715,79.3921,0.3,24.6,87.7,12.8
2023-02-17,Cuddalore,11.4725,79.4123,0.4,27.2,90.0,4.4
2023-02-17,Thanjavur,10.6715,79.3921,1.9,27.9,78.8,3.0
2023-02-18,Cuddalore,11.4725,79.4123,1.1,24.7,89.3,17.3
2023-02-18,Thanjavur,10.6715,79.3921,0.5,26.2,84.7,8.3
2023-02-19,Cuddalore,11.4725,79.4123,0.3,27.3,58.0,5.0
2023-02-19,Thanjavur,10.6715,79.3921,1.0,25.6,69.8,17.0
2023-02-20,Cuddalore,11.4725,79.4123,1.6,30.1,59.0,9.0
2023-02-20,Thanjavur,10.6715,79.3921,0.7,26.1,80.2,2.7
2023-02-21,Cuddalore,11.4725,79.4123,0.2,24.6,84.2,2.7
2023-02-21,Thanjavur,10.6715,79.3921,0.0,27.5,73.1,16.5
2023-02-22,Cuddalore,11.4725,79.4123,1.0,25.8,92.2,6.4
2023-02-22,Thanjavur,10.6715,79.3921,3.4,27.1,55.2,15.1
2023-02-23,Cuddalore,11.4725,79.4123,3.3,25.3,86.5,14.8
2023-02-23,Thanjavur,10.6715,79.3921,0.5,27.2,81.1,12.1
2023-02-24,Cuddalore,11.4725,79.4123,1.9,24.6,59.0,2.5
2023-02-24,Thanjavur,10.6715,79.3921,0.8,25.2,84.0,13.7
2023-02-25,Cuddalore,11.4725,79.4123,2.8,26.9,86.0,15.7
2023-02-25,Thanjavur,10.6715,79.3921,0.1,28.6,72.7,5.9
2023-02-26,Cuddalore,11.4725,79.4123,1.0,27.6,88.3,13.6
2023-02-26,Thanjavur,10.6715,79.3921,1.4,26.1,72.2,4.8
2023-02-27,Cuddalore,11.4725,79.4123,1.2,24.6,69.7,5.5
2023-02-27,Thanjavur,10.6715,79.3921,0.3,28.1,85.4,15.6
2023-02-28,Cuddalore,11.4725,79.4123,1.7,26.5,86.4,15.8
2023-02-28,Thanjavur,10.6715,79.3921,2.4,26.4,67.8,3.6
2023-03-01,Cuddalore,11.4725,79.4123,0.7,30.2,94.3,4.1
2023-03-01,Thanjavur,10.6715,79.3921,1.0,28.0,94.4,15.2
2023-03-02,Cuddalore,11.4725,79.4123,1.2,28.3,70.0,14.7
2023-03-02,Thanjavur,10.6715,79.3921,0.4,28.3,92.4,4.5
2023-03-03,Cuddalore,11.4725,79.4123,0.5,28.2,95.0,16.4
2023-03-03,Thanjavur,10.6715,79.3921,0.0,26.7,80.6,2.8
2023-03-04,Cuddalore,11.4725,79.4123,0.6,25.3,60.4,11.2
2023-03-04,Thanjavur,10.6715,79.3921,0.9,28.5,74.8,13.3
2023-03-05,Cuddalore,11.4725,79.4123,0.0,26.7,89.3,3.3
2023-03-05,Thanjavur,10.6715,79.3921,0.7,27.5,64.1,2.6
2023-03-06,Cuddalore,11.4725,79.4123,1.5,28.8,56.8,4.3
2023-03-06,Thanjavur,10.6715,79.3921,0.1,26.1,73.9,13.9
2023-03-07,Cuddalore,11.4725,79.4123,0.1,31.6,55.5,12.7
2023-03-07,Thanjavur,10.6715,79.3921,1.0,30.8,78.7,8.0
2023-03-08,Cuddalore,11.4725,79.4123,1.3,28.0,80.8,17.7
2023-03-08,Thanjavur,10.6715,79.3921,0.4,28.7,75.7,6.2
2023-03-09,Cuddalore,11.4725,79.4123,1.6,27.3,60.5,5.7
2023-03-09,Thanjavur,10.6715,79.3921,0.1,25.5,58.2,11.0
2023-03-10,Cuddalore,11.4725,79.4123,0.0,26.8,81.9,13.3
2023-03-10,Thanjavur,10.6715,79.3921,0.2,30.5,61.4,8.9
2023-03-11,Cuddalore,11.4725,79.4123,0.2,28.5,62.2,12.2
2023-03-11,Thanjavur,10.6715,79.3921,1.3,25.6,78.4,15.9
2023-03-12,Cuddalore,11.4725,79.4123,1.1,28.6,83.4,6.8
2023-03-12,Thanjavur,10.6715,79.3921,0.9,30.5,70.5,5.7
2023-03-13,Cuddalore,11.4725,79.4123,0.5,26.9,90.7,6.5
2023-03-13,Thanjavur,10.6715,79.3921,1.4,26.1,66.4,9.5
2023-03-14,Cuddalore,11.4725,79.4123,0.0,27.6,78.7,5.0
2023-03-14,Thanjavur,10.6715,79.3921,0.1,30.8,80.7,8.7
2023-03-15,Cuddalore,11.4725,79.4123,0.7,26.1,86.5,15.0
2023-03-15,Thanjavur,10.6715,79.3921,0.6,27.8,89.0,11.9
2023-03-16,Cuddalore,11.4725,79.4123,0.5,30.3,89.3,4.4
2023-03-16,Thanjavur,10.6715,79.3921,0.0,30.0,68.8,15.3
2023-03-17,Cuddalore,11.4725,79.4123,0.5,28.1,88.4,14.8
2023-03-17,Thanjavur,10.6715,79.3921,1.9,31.5,84.6,9.4
2023-03-18,Cuddalore,11.4725,79.4123,1.1,27.7,86.6,15.0
2023-03-18,Thanjavur,10.6715,79.3921,0.9,28.1,89.7,5.0
2023-03-19,Cuddalore,11.4725,79.4123,2.8,25.2,84.6,2.2
2023-03-19,Thanjavur,10.6715,79.3921,1.0,29.9,63.8,12.0
2023-03-20,Cuddalore,11.4725,79.4123,0.6,29.0,77.2,7.8
2023-03-20,Thanjavur,10.6715,79.3921,0.5,28.1,77.7,16.7
2023-03-21,Cuddalore,11.4725,79.4123,3.2,27.3,88.2,13.1
2023-03-21,Thanjavur,10.6715,79.3921,0.4,28.3,75.7,6.7
2023-03-22,Cuddalore,11.4725,79.4123,1.9,27.1,63.8,12.8
2023-03-22,Thanjavur,10.6715,79.3921,1.2,27.5,91.3,5.3
2023-03-23,Cuddalore,11.4725,79.4123,1.0,28.5,94.0,12.1
2023-03-23,Thanjavur,10.6715,79.3921,1.6,28.9,55.5,11.7
2023-03-24,Cuddalore,11.4725,79.4123,0.3,28.8,64.1,2.3
2023-03-24,Thanjavur,10.6715,79.3921,1.6,26.9,76.8,14.7
2023-03-25,Cuddalore,11.4725,79.4123,4.7,25.3,86.8,5.6
2023-03-25,Thanjavur,10.6715,79.3921,1.5,26.2,58.6,3.9
2023-03-26,Cuddalore,11.4725,79.4123,0.4,30.3,67.0,9.9
2023-03-26,Thanjavur,10.6715,79.3921,1.4,27.3,69.9,11.1
2023-03-27,Cuddalore,11.4725,79.4123,0.1,28.0,76.5,9.0
2023-03-27,Thanjavur,10.6715,79.3921,1.8,29.4,57.9,8.7
2023-03-28,Cuddalore,11.4725,79.4123,0.4,27.6,63.6,10.1
2023-03-28,Thanjavur,10.6715,79.3921,0.0,29.3,84.6,17.1
2023-03-29,Cuddalore,11.4725,79.4123,2.4,27.6,64.4,2.9
2023-03-29,Thanjavur,10.6715,79.3921,3.0,27.1,63.5,16.8
2023-03-30,Cuddalore,11.4725,79.4123,3.0,30.9,92.3,12.1
2023-03-30,Thanjavur,10.6715,79.3921,0.6,29.6,74.2,7.4
2023-03-31,Cuddalore,11.4725,79.4123,0.3,29.8,69.2,14.7
2023-03-31,Thanjavur,10.6715,79.3921,1.4,26.2,60.9,5.7
2023-04-01,Cuddalore,11.4725,79.4123,1.6,29.0,60.8,12.2
2023-04-01,Thanjavur,10.6715,79.3921,0.8,30.0,77.3,16.8
2023-04-02,Cuddalore,11.4725,79.4123,0.6,29.5,58.2,17.2
2023-04-02,Thanjavur,10.6715,79.3921,0.1,31.2,81.1,11.3
2023-04-03,Cuddalore,11.4725,79.4123,0.2,30.9,68.1,10.2
2023-04-03,Thanjavur,10.6715,79.3921,0.1,32.0,89.3,2.5
2023-04-04,Cuddalore,11.4725,79.4123,0.1,29.4,64.0,15.3
2023-04-04,Thanjavur,10.6715,79.3921,1.7,30.3,60.7,9.8
2023-04-05,Cuddalore,11.4725,79.4123,1.2,31.7,67.3,5.6
2023-04-05,Thanjavur,10.6715,79.3921,2.9,29.3,68.7,4.3
2023-04-06,Cuddalore,11.4725,79.4123,4.3,29.0,67.2,15.0
2023-04-06,Thanjavur,10.6715,79.3921,0.1,32.0,87.7,5.4
2023-04-07,Cuddalore,11.4725,79.4123,1.5,26.9,91.5,13.4
2023-04-07,Thanjavur,10.6715,79.3921,2.4,32.4,86.0,10.7
2023-04-08,Cuddalore,11.4725,79.4123,0.1,29.5,62.1,5.3
2023-04-08,Thanjavur,10.6715,79.3921,0.6,30.0,89.7,5.2
2023-04-09,Cuddalore,11.4725,79.4123,0.1,31.9,63.9,4.5
2023-04-09,Thanjavur,10.6715,79.3921,0.9,31.2,60.1,3.0
2023-04-10,Cuddalore,11.4725,79.4123,3.3,27.8,79.4,5.8
2023-04-10,Thanjavur,10.6715,79.3921,2.0,28.7,90.3,9.6
2023-04-11,Cuddalore,11.4725,79.4123,0.3,30.1,82.8,2.5
2023-04-11,Thanjavur,10.6715,79.3921,5.0,31.5,70.2,7.5
2023-04-12,Cuddalore,11.4725,79.4123,0.1,30.7,67.9,4.9
2023-04-12,Thanjavur,10.6715,79.3921,0.7,30.1,69.7,16.8
2023-04-13,Cuddalore,11.4725,79.4123,1.0,29.4,61.6,13.5
2023-04-13,Thanjavur,10.6715,79.3921,1.0,32.8,64.9,2.5
2023-04-14,Cuddalore,11.4725,79.4123,0.9,29.8,59.0,7.7
2023-04-14,Thanjavur,10.6715,79.3921,1.0,31.5,66.2,10.6
2023-04-15,Cuddalore,11.4725,79.4123,0.3,29.8,56.0,7.2
2023-04-15,Thanjavur,10.6715,79.3921,0.4,28.0,82.3,3.5
2023-04-16,Cuddalore,11.4725,79.4123,0.9,27.1,64.4,10.3
2023-04-16,Thanjavur,10.6715,79.3921,1.7,30.5,83.4,9.6
2023-04-17,Cuddalore,11.4725,79.4123,1.2,31.1,74.5,14.4
2023-04-17,Thanjavur,10.6715,79.3921,0.5,32.2,65.7,11.3
2023-04-18,Cuddalore,11.4725,79.4123,2.7,29.9,78.5,6.1
2023-04-18,Thanjavur,10.6715,79.3921,1.7,29.6,66.2,17.9
2023-04-19,Cuddalore,11.4725,79.4123,4.4,30.4,76.4,17.1
2023-04-19,Thanjavur,10.6715,79.3921,0.5,28.4,80.7,16.4
2023-04-20,Cuddalore,11.4725,79.4123,3.5,30.4,89.7,13.6
2023-04-20,Thanjavur,10.6715,79.3921,0.6,30.4,88.1,4.3
2023-04-21,Cuddalore,11.4725,79.4123,0.5,29.8,85.4,8.5
2023-04-21,Thanjavur,10.6715,79.3921,2.0,29.9,90.3,13.6
2023-04-22,Cuddalore,11.4725,79.4123,1.7,32.3,93.8,3.5
2023-04-22,Thanjavur,10.6715,79.3921,2.9,30.5,63.7,6.2
2023-04-23,Cuddalore,11.4725,79.4123,1.9,29.5,62.6,13.6
2023-04-23,Thanjavur,10.6715,79.3921,0.1,27.6,73.9,4.7
2023-04-24,Cuddalore,11.4725,79.4123,3.1,27.9,85.7,7.2
2023-04-24,Thanjavur,10.6715,79.3921,1.1,30.8,85.2,14.0
2023-04-25,Cuddalore,11.4725,79.4123,1.0,28.8,70.6,6.7
2023-04-25,Thanjavur,10.6715,79.3921,1.1,29.5,77.0,16.4
2023-04-26,Cuddalore,11.4725,79.4123,0.7,30.2,59.6,16.1
2023-04-26,Thanjavur,10.6715,79.3921,1.9,32.3,69.1,17.6
2023-04-27,Cuddalore,11.4725,79.4123,0.8,31.5,81.6,17.9
2023-04-27,Thanjavur,10.6715,79.3921,0.5,30.2,57.3,9.2
2023-04-28,Cuddalore,11.4725,79.4123,0.1,32.2,65.1,4.2
2023-04-28,Thanjavur,10.6715,79.3921,0.2,31.3,85.1,12.3
2023-04-29,Cuddalore,11.4725,79.4123,0.1,27.4,94.5,5.0
2023-04-29,Thanjavur,10.6715,79.3921,0.6,32.2,88.7,8.6
2023-04-30,Cuddalore,11.4725,79.4123,2.3,30.3,60.5,12.1
2023-04-30,Thanjavur,10.6715,79.3921,1.5,26.7,83.1,12.2
2023-05-01,Cuddalore,11.4725,79.4123,0.5,32.9,59.3,2.0
2023-05-01,Thanjavur,10.6715,79.3921,3.0,32.0,85.3,16.7
2023-05-02,Cuddalore,11.4725,79.4123,0.2,31.4,85.7,9.2
2023-05-02,Thanjavur,10.6715,79.3921,0.3,32.7,67.7,9.2
2023-05-03,Cuddalore,11.4725,79.4123,0.6,31.5,69.9,7.6
2023-05-03,Thanjavur,10.6715,79.3921,0.4,32.1,90.6,12.4
2023-05-04,Cuddalore,11.4725,79.4123,1.0,31.3,79.2,17.9
2023-05-04,Thanjavur,10.6715,79.3921,0.1,31.4,55.7,8.9
2023-05-05,Cuddalore,11.4725,79.4123,0.1,29.8,62.6,5.6
2023-05-05,Thanjavur,10.6715,79.3921,0.4,32.2,88.3,14.8
2023-05-06,Cuddalore,11.4725,79.4123,2.3,34.5,71.6,15.5
2023-05-06,Thanjavur,10.6715,79.3921,0.2,31.0,63.0,14.1
2023-05-07,Cuddalore,11.4725,79.4123,0.2,30.2,64.2,3.8
2023-05-07,Thanjavur,10.6715,79.3921,0.1,30.6,58.9,8.3
2023-05-08,Cuddalore,11.4725,79.4123,0.1,29.3,57.1,3.0
2023-05-08,Thanjavur,10.6715,79.3921,0.5,31.2,89.6,11.7
2023-05-09,Cuddalore,11.4725,79.4123,0.7,31.3,68.1,5.3
2023-05-09,Thanjavur,10.6715,79.3921,1.6,31.5,55.8,4.7
2023-05-10,Cuddalore,11.4725,79.4123,1.0,32.7,85.0,10.6
2023-05-10,Thanjavur,10.6715,79.3921,1.4,30.5,90.6,5.5
2023-05-11,Cuddalore,11.4725,79.4123,0.2,30.6,64.6,2.8
2023-05-11,Thanjavur,10.6715,79.3921,0.7,29.6,71.1,13.0
2023-05-12,Cuddalore,11.4725,79.4123,1.0,30.5,92.7,10.0
2023-05-12,Thanjavur,10.6715,79.3921,1.4,28.2,74.1,12.9
2023-05-13,Cuddalore,11.4725,79.4123,0.0,32.7,79.1,8.3
2023-05-13,Thanjavur,10.6715,79.3921,2.3,30.0,74.6,7.2
2023-05-14,Cuddalore,11.4725,79.4123,0.7,30.0,60.7,8.4
2023-05-14,Thanjavur,10.6715,79.3921,0.6,31.6,75.8,6.8
2023-05-15,Cuddalore,11.4725,79.4123,0.8,30.2,61.7,15.3
2023-05-15,Thanjavur,10.6715,79.3921,0.5,30.1,78.7,14.9
2023-05-16,Cuddalore,11.4725,79.4123,0.0,29.9,86.2,11.9
2023-05-16,Thanjavur,10.6715,79.3921,0.4,30.5,85.6,13.0
2023-05-17,Cuddalore,11.4725,79.4123,0.1,31.8,63.1,16.6
2023-05-17,Thanjavur,10.6715,79.3921,1.1,32.8,79.5,16.0
2023-05-18,Cuddalore,11.4725,79.4123,1.6,30.2,70.6,9.6
2023-05-18,Thanjavur,10.6715,79.3921,0.8,31.5,86.6,17.0
2023-05-19,Cuddalore,11.4725,79.4123,0.9,30.8,69.6,11.9
2023-05-19,Thanjavur,10.6715,79.3921,0.1,33.8,87.3,7.4
2023-05-20,Cuddalore,11.4725,79.4123,0.3,33.6,70.6,14.8
2023-05-20,Thanjavur,10.6715,79.3921,0.8,29.5,84.7,6.7
2023-05-21,Cuddalore,11.4725,79.4123,0.4,31.5,83.2,8.7
2023-05-21,Thanjavur,10.6715,79.3921,0.3,31.7,88.2,9.3
2023-05-22,Cuddalore,11.4725,79.4123,0.1,30.8,58.2,10.4
2023-05-22,Thanjavur,10.6715,79.3921,0.2,30.5,79.1,12.3
2023-05-23,Cuddalore,11.4725,79.4123,0.2,30.2,61.3,8.6
2023-05-23,Thanjavur,10.6715,79.3921,2.3,30.6,74.1,3.4
2023-05-24,Cuddalore,11.4725,79.4123,0.1,27.7,72.2,11.3
2023-05-24,Thanjavur,10.6715,79.3921,4.0,32.5,71.5,9.0
2023-05-25,Cuddalore,11.4725,79.4123,0.1,32.0,62.5,4.3
2023-05-25,Thanjavur,10.6715,79.3921,2.0,31.3,83.1,12.3
2023-05-26,Cuddalore,11.4725,79.4123,1.7,30.4,81.0,16.6
2023-05-26,Thanjavur,10.6715,79.3921,1.1,30.7,94.5,11.4
2023-05-27,Cuddalore,11.4725,79.4123,2.7,34.5,87.5,6.8
2023-05-27,Thanjavur,10.6715,79.3921,0.3,33.9,74.5,13.8
2023-05-28,Cuddalore,11.4725,79.4123,1.5,30.6,56.0,6.5
2023-05-28,Thanjavur,10.6715,79.3921,0.6,30.0,64.0,5.6
2023-05-29,Cuddalore,11.4725,79.4123,0.7,30.8,93.4,13.7
2023-05-29,Thanjavur,10.6715,79.3921,0.9,31.0,70.5,14.6
2023-05-30,Cuddalore,11.4725,79.4123,0.3,29.8,73.3,3.6
2023-05-30,Thanjavur,10.6715,79.3921,0.7,31.9,72.4,9.4
2023-05-31,Cuddalore,11.4725,79.4123,0.8,31.2,61.0,15.0
2023-05-31,Thanjavur,10.6715,79.3921,0.1,30.9,64.8,8.6
2023-06-01,Cuddalore,11.4725,79.4123,0.5,31.1,91.2,14.1
2023-06-01,Thanjavur,10.6715,79.3921,9.2,33.1,63.8,2.6
2023-06-02,Cuddalore,11.4725,79.4123,11.4,30.9,73.6,10.5
2023-06-02,Thanjavur,10.6715,79.3921,4.2,35.7,92.9,5.3
2023-06-03,Cuddalore,11.4725,79.4123,3.4,32.3,63.6,14.3
2023-06-03,Thanjavur,10.6715,79.3921,1.6,32.1,84.1,11.3
2023-06-04,Cuddalore,11.4725,79.4123,0.6,32.7,58.0,10.0
2023-06-04,Thanjavur,10.6715,79.3921,14.8,34.4,85.2,12.6
2023-06-05,Cuddalore,11.4725,79.4123,1.2,31.1,69.6,8.7
2023-06-05,Thanjavur,10.6715,79.3921,1.4,32.9,79.9,3.2
2023-06-06,Cuddalore,11.4725,79.4123,1.4,32.8,75.1,9.3
2023-06-06,Thanjavur,10.6715,79.3921,5.9,33.6,90.9,3.7
2023-06-07,Cuddalore,11.4725,79.4123,3.6,31.6,70.4,8.1
2023-06-07,Thanjavur,10.6715,79.3921,13.6,33.4,93.7,11.2
2023-06-08,Cuddalore,11.4725,79.4123,4.6,31.0,74.1,5.5
2023-06-08,Thanjavur,10.6715,79.3921,2.9,28.7,84.6,3.9
2023-06-09,Cuddalore,11.4725,79.4123,11.0,29.6,56.9,15.5
2023-06-09,Thanjavur,10.6715,79.3921,18.4,32.0,86.9,12.2
2023-06-10,Cuddalore,11.4725,79.4123,3.9,33.3,73.5,6.8
2023-06-10,Thanjavur,10.6715,79.3921,7.8,32.1,86.2,8.6
2023-06-11,Cuddalore,11.4725,79.4123,1.0,32.2,68.7,17.9
2023-06-11,Thanjavur,10.6715,79.3921,3.3,32.9,56.5,6.7
2023-06-12,Cuddalore,11.4725,79.4123,1.2,32.8,79.7,6.2
2023-06-12,Thanjavur,10.6715,79.3921,6.1,33.9,85.3,14.2
2023-06-13,Cuddalore,11.4725,79.4123,17.9,31.3,78.7,11.4
2023-06-13,Thanjavur,10.6715,79.3921,3.0,32.6,89.1,8.4
2023-06-14,Cuddalore,11.4725,79.4123,2.3,34.3,94.8,15.6
2023-06-14,Thanjavur,10.6715,79.3921,16.7,32.6,59.0,15.7
2023-06-15,Cuddalore,11.4725,79.4123,3.3,33.9,89.6,16.5
2023-06-15,Thanjavur,10.6715,79.3921,1.3,31.3,83.1,11.8
2023-06-16,Cuddalore,11.4725,79.4123,2.1,33.4,56.6,9.1
2023-06-16,Thanjavur,10.6715,79.3921,8.2,33.5,90.5,4.1
2023-06-17,Cuddalore,11.4725,79.4123,9.5,29.6,70.7,17.9
2023-06-17,Thanjavur,10.6715,79.3921,3.4,32.4,70.3,12.4
2023-06-18,Cuddalore,11.4725,79.4123,1.6,32.3,90.3,13.7
2023-06-18,Thanjavur,10.6715,79.3921,4.1,33.3,74.6,15.2
2023-06-19,Cuddalore,11.4725,79.4123,5.0,32.3,64.2,8.0
2023-06-19,Thanjavur,10.6715,79.3921,7.6,36.0,64.2,8.0
2023-06-20,Cuddalore,11.4725,79.4123,0.1,34.7,74.0,8.4
2023-06-20,Thanjavur,10.6715,79.3921,20.5,32.9,55.7,14.8
2023-06-21,Cuddalore,11.4725,79.4123,9.8,32.4,69.4,2.2
2023-06-21,Thanjavur,10.6715,79.3921,7.5,30.3,55.4,10.9
2023-06-22,Cuddalore,11.4725,79.4123,4.4,32.3,59.6,5.1
2023-06-22,Thanjavur,10.6715,79.3921,20.8,32.2,75.4,14.5
2023-06-23,Cuddalore,11.4725,79.4123,4.8,35.8,77.9,3.6
2023-06-23,Thanjavur,10.6715,79.3921,4.1,32.8,73.4,16.7
2023-06-24,Cuddalore,11.4725,79.4123,0.5,33.6,86.8,12.3
2023-06-24,Thanjavur,10.6715,79.3921,0.0,31.1,55.2,17.8
2023-06-25,Cuddalore,11.4725,79.4123,3.2,33.3,80.7,11.6
2023-06-25,Thanjavur,10.6715,79.3921,20.2,28.5,94.4,9.7
2023-06-26,Cuddalore,11.4725,79.4123,3.4,33.9,80.7,11.3
2023-06-26,Thanjavur,10.6715,79.3921,4.8,30.8,75.1,13.6
2023-06-27,Cuddalore,11.4725,79.4123,2.0,30.3,82.2,4.0
2023-06-27,Thanjavur,10.6715,79.3921,1.6,31.8,75.7,8.0
2023-06-28,Cuddalore,11.4725,79.4123,5.5,33.2,83.2,8.6
2023-06-28,Thanjavur,10.6715,79.3921,3.6,31.8,65.4,16.2
2023-06-29,Cuddalore,11.4725,79.4123,7.0,30.5,77.1,2.1
2023-06-29,Thanjavur,10.6715,79.3921,26.0,32.8,90.6,11.0
2023-06-30,Cuddalore,11.4725,79.4123,1.3,30.8,60.8,16.5
2023-06-30,Thanjavur,10.6715,79.3921,46.1,31.8,62.2,6.8
2023-07-01,Cuddalore,11.4725,79.4123,8.4,30.4,88.6,8.9
2023-07-01,Thanjavur,10.6715,79.3921,16.6,31.7,93.9,8.6
2023-07-02,Cuddalore,11.4725,79.4123,2.8,31.3,58.7,13.2
2023-07-02,Thanjavur,10.6715,79.3921,2.5,31.7,69.4,8.9
2023-07-03,Cuddalore,11.4725,79.4123,0.4,35.3,71.4,4.9
2023-07-03,Thanjavur,10.6715,79.3921,0.8,29.8,71.1,17.6
2023-07-04,Cuddalore,11.4725,79.4123,17.9,33.5,87.6,6.8
2023-07-04,Thanjavur,10.6715,79.3921,7.0,27.5,63.7,15.0
2023-07-05,Cuddalore,11.4725,79.4123,6.1,29.7,63.0,14.1
2023-07-05,Thanjavur,10.6715,79.3921,2.4,31.8,62.0,17.8
2023-07-06,Cuddalore,11.4725,79.4123,23.7,31.2,81.9,10.4
2023-07-06,Thanjavur,10.6715,79.3921,3.8,32.3,56.0,11.2
2023-07-07,Cuddalore,11.4725,79.4123,12.4,30.9,59.7,14.4
2023-07-07,Thanjavur,10.6715,79.3921,2.0,31.4,90.6,3.2
2023-07-08,Cuddalore,11.4725,79.4123,15.1,31.3,71.2,6.1
2023-07-08,Thanjavur,10.6715,79.3921,3.0,31.5,77.3,9.2
2023-07-09,Cuddalore,11.4725,79.4123,3.2,31.6,94.0,6.7
2023-07-09,Thanjavur,10.6715,79.3921,2.4,31.3,72.8,15.4
2023-07-10,Cuddalore,11.4725,79.4123,12.7,30.9,77.7,17.3
2023-07-10,Thanjavur,10.6715,79.3921,3.3,31.1,93.0,12.9
2023-07-11,Cuddalore,11.4725,79.4123,15.4,31.8,82.2,16.1
2023-07-11,Thanjavur,10.6715,79.3921,6.1,31.8,56.0,15.0
2023-07-12,Cuddalore,11.4725,79.4123,13.2,30.5,67.9,9.5
2023-07-12,Thanjavur,10.6715,79.3921,27.2,30.1,56.9,11.9
2023-07-13,Cuddalore,11.4725,79.4123,0.2,29.0,72.3,15.6
2023-07-13,Thanjavur,10.6715,79.3921,26.8,34.1,70.5,7.2
2023-07-14,Cuddalore,11.4725,79.4123,20.4,29.6,60.7,17.2
2023-07-14,Thanjavur,10.6715,79.3921,5.7,30.2,73.4,11.5
2023-07-15,Cuddalore,11.4725,79.4123,10.7,32.6,65.0,9.5
2023-07-15,Thanjavur,10.6715,79.3921,6.3,29.3,75.0,15.5
2023-07-16,Cuddalore,11.4725,79.4123,9.6,28.8,58.1,8.9
2023-07-16,Thanjavur,10.6715,79.3921,35.6,30.6,76.6,9.8
2023-07-17,Cuddalore,11.4725,79.4123,17.3,32.9,90.2,3.8
2023-07-17,Thanjavur,10.6715,79.3921,19.3,31.4,92.8,2.5
2023-07-18,Cuddalore,11.4725,79.4123,6.6,34.7,58.2,9.2
2023-07-18,Thanjavur,10.6715,79.3921,3.6,32.5,73.8,8.4
2023-07-19,Cuddalore,11.4725,79.4123,1.8,29.5,92.7,2.7
2023-07-19,Thanjavur,10.6715,79.3921,3.8,31.6,62.2,2.2
2023-07-20,Cuddalore,11.4725,79.4123,0.2,29.0,80.9,6.0
2023-07-20,Thanjavur,10.6715,79.3921,9.7,32.3,83.0,6.9
2023-07-21,Cuddalore,11.4725,79.4123,12.6,30.8,60.2,10.2
2023-07-21,Thanjavur,10.6715,79.3921,0.1,32.3,60.5,7.5
2023-07-22,Cuddalore,11.4725,79.4123,1.8,33.9,62.2,2.5
2023-07-22,Thanjavur,10.6715,79.3921,13.1,33.8,67.4,4.6
2023-07-23,Cuddalore,11.4725,79.4123,2.3,31.2,65.4,7.4
2023-07-23,Thanjavur,10.6715,79.3921,5.8,32.7,83.2,5.0
2023-07-24,Cuddalore,11.4725,79.4123,8.8,30.9,80.0,4.4
2023-07-24,Thanjavur,10.6715,79.3921,11.1,31.8,90.3,2.4
2023-07-25,Cuddalore,11.4725,79.4123,3.4,29.2,69.4,18.0
2023-07-25,Thanjavur,10.6715,79.3921,5.3,30.3,80.9,2.4
2023-07-26,Cuddalore,11.4725,79.4123,15.2,32.3,65.1,3.3
2023-07-26,Thanjavur,10.6715,79.3921,7.8,28.8,62.6,14.6
2023-07-27,Cuddalore,11.4725,79.4123,13.1,31.6,68.3,7.6
2023-07-27,Thanjavur,10.6715,79.3921,2.9,31.7,68.2,7.0
2023-07-28,Cuddalore,11.4725,79.4123,0.4,32.4,72.8,8.2
2023-07-28,Thanjavur,10.6715,79.3921,0.6,29.2,71.6,11.8
2023-07-29,Cuddalore,11.4725,79.4123,8.2,28.9,63.8,6.9
2023-07-29,Thanjavur,10.6715,79.3921,17.7,32.9,79.1,7.2
2023-07-30,Cuddalore,11.4725,79.4123,1.4,31.7,88.1,12.5
2023-07-30,Thanjavur,10.6715,79.3921,8.2,31.0,62.1,4.4
2023-07-31,Cuddalore,11.4725,79.4123,14.0,29.1,92.1,14.9
2023-07-31,Thanjavur,10.6715,79.3921,20.5,30.9,69.8,17.6
2023-08-01,Cuddalore,11.4725,79.4123,16.1,28.4,61.1,17.5
2023-08-01,Thanjavur,10.6715,79.3921,8.9,31.4,81.5,5.1
2023-08-02,Cuddalore,11.4725,79.4123,4.5,28.0,91.0,6.6
2023-08-02,Thanjavur,10.6715,79.3921,7.8,29.7,62.9,2.2
2023-08-03,Cuddalore,11.4725,79.4123,20.6,31.2,59.0,5.8
2023-08-03,Thanjavur,10.6715,79.3921,10.8,30.9,62.1,10.0
2023-08-04,Cuddalore,11.4725,79.4123,11.8,29.3,69.6,10.5
2023-08-04,Thanjavur,10.6715,79.3921,6.7,30.9,79.9,9.2
2023-08-05,Cuddalore,11.4725,79.4123,2.5,31.2,79.0,11.3
2023-08-05,Thanjavur,10.6715,79.3921,0.3,30.2,94.9,8.6
2023-08-06,Cuddalore,11.4725,79.4123,12.0,30.7,78.0,13.9
2023-08-06,Thanjavur,10.6715,79.3921,35.4,29.7,59.5,11.1
2023-08-07,Cuddalore,11.4725,79.4123,28.9,31.7,63.9,15.5
2023-08-07,Thanjavur,10.6715,79.3921,18.6,29.9,57.9,6.1
2023-08-08,Cuddalore,11.4725,79.4123,3.8,27.9,78.1,9.9
2023-08-08,Thanjavur,10.6715,79.3921,1.3,30.8,81.3,5.6
2023-08-09,Cuddalore,11.4725,79.4123,0.8,28.4,71.9,8.8
2023-08-09,Thanjavur,10.6715,79.3921,12.9,31.9,93.3,2.9
2023-08-10,Cuddalore,11.4725,79.4123,0.7,30.6,93.4,13.4
2023-08-10,Thanjavur,10.6715,79.3921,15.6,27.1,91.0,9.5
2023-08-11,Cuddalore,11.4725,79.4123,3.8,31.3,67.6,16.8
2023-08-11,Thanjavur,10.6715,79.3921,9.6,30.4,62.6,3.6
2023-08-12,Cuddalore,11.4725,79.4123,2.7,31.1,80.8,9.4
2023-08-12,Thanjavur,10.6715,79.3921,16.0,30.1,88.9,11.9
2023-08-13,Cuddalore,11.4725,79.4123,61.8,31.8,56.5,5.1
2023-08-13,Thanjavur,10.6715,79.3921,5.1,29.0,81.9,13.9
2023-08-14,Cuddalore,11.4725,79.4123,6.5,31.4,68.3,13.5
2023-08-14,Thanjavur,10.6715,79.3921,41.4,30.5,75.3,15.3
2023-08-15,Cuddalore,11.4725,79.4123,14.6,27.5,68.6,13.7
2023-08-15,Thanjavur,10.6715,79.3921,13.4,27.4,65.1,4.9
2023-08-16,Cuddalore,11.4725,79.4123,2.7,29.5,88.5,9.2
2023-08-16,Thanjavur,10.6715,79.3921,3.4,28.8,93.1,5.7
2023-08-17,Cuddalore,11.4725,79.4123,3.5,27.1,84.8,9.4
2023-08-17,Thanjavur,10.6715,79.3921,11.4,28.2,85.5,9.9
2023-08-18,Cuddalore,11.4725,79.4123,2.5,29.8,64.3,10.2
2023-08-18,Thanjavur,10.6715,79.3921,21.1,28.8,89.7,6.0
2023-08-19,Cuddalore,11.4725,79.4123,29.0,33.5,58.6,12.7
2023-08-19,Thanjavur,10.6715,79.3921,1.8,29.0,87.5,4.6
2023-08-20,Cuddalore,11.4725,79.4123,47.3,31.8,91.3,14.4
2023-08-20,Thanjavur,10.6715,79.3921,7.2,32.4,71.7,13.0
2023-08-21,Cuddalore,11.4725,79.4123,2.6,29.2,92.6,16.2
2023-08-21,Thanjavur,10.6715,79.3921,2.1,29.1,80.4,4.0
2023-08-22,Cuddalore,11.4725,79.4123,15.1,29.3,55.3,6.2
2023-08-22,Thanjavur,10.6715,79.3921,34.8,29.7,60.3,5.3
2023-08-23,Cuddalore,11.4725,79.4123,21.5,29.4,60.6,2.2
2023-08-23,Thanjavur,10.6715,79.3921,14.2,28.2,90.7,13.1
2023-08-24,Cuddalore,11.4725,79.4123,11.9,30.5,82.3,17.7
2023-08-24,Thanjavur,10.6715,79.3921,2.5,29.4,69.6,8.0
2023-08-25,Cuddalore,11.4725,79.4123,2.5,33.5,82.9,13.1
2023-08-25,Thanjavur,10.6715,79.3921,8.7,31.4,92.5,6.2
2023-08-26,Cuddalore,11.4725,79.4123,1.0,29.5,74.4,3.1
2023-08-26,Thanjavur,10.6715,79.3921,1.4,30.9,64.2,15.7
2023-08-27,Cuddalore,11.4725,79.4123,22.0,30.8,90.9,3.0
2023-08-27,Thanjavur,10.6715,79.3921,8.0,31.6,66.4,12.3
2023-08-28,Cuddalore,11.4725,79.4123,0.9,27.4,70.9,7.0
2023-08-28,Thanjavur,10.6715,79.3921,3.0,28.1,90.9,5.5
2023-08-29,Cuddalore,11.4725,79.4123,12.9,28.7,83.1,3.4
2023-08-29,Thanjavur,10.6715,79.3921,2.5,30.0,80.1,3.7
2023-08-30,Cuddalore,11.4725,79.4123,11.5,24.8,90.3,3.1
2023-08-30,Thanjavur,10.6715,79.3921,9.0,28.7,92.2,15.8
2023-08-31,Cuddalore,11.4725,79.4123,17.4,32.0,62.1,5.6
2023-08-31,Thanjavur,10.6715,79.3921,8.3,28.3,59.6,11.3
2023-09-01,Cuddalore,11.4725,79.4123,1.9,28.4,77.9,4.5
2023-09-01,Thanjavur,10.6715,79.3921,6.4,28.5,94.2,15.0
2023-09-02,Cuddalore,11.4725,79.4123,11.4,28.6,83.0,17.9
2023-09-02,Thanjavur,10.6715,79.3921,10.9,29.1,73.5,2.8
2023-09-03,Cuddalore,11.4725,79.4123,7.2,29.5,68.1,13.4
2023-09-03,Thanjavur,10.6715,79.3921,8.4,30.3,83.3,2.6
2023-09-04,Cuddalore,11.4725,79.4123,1.0,27.4,68.3,8.1
2023-09-04,Thanjavur,10.6715,79.3921,8.2,26.7,94.4,4.0
2023-09-05,Cuddalore,11.4725,79.4123,1.1,28.6,73.0,9.8
2023-09-05,Thanjavur,10.6715,79.3921,4.2,28.6,65.8,8.3
2023-09-06,Cuddalore,11.4725,79.4123,0.0,29.2,88.5,9.8
2023-09-06,Thanjavur,10.6715,79.3921,23.8,25.8,68.2,3.9
2023-09-07,Cuddalore,11.4725,79.4123,6.0,29.1,94.6,4.9
2023-09-07,Thanjavur,10.6715,79.3921,4.7,26.0,62.8,13.4
2023-09-08,Cuddalore,11.4725,79.4123,9.1,28.4,91.5,15.7
2023-09-08,Thanjavur,10.6715,79.3921,4.7,27.4,92.4,14.9
2023-09-09,Cuddalore,11.4725,79.4123,19.8,29.8,88.3,16.9
2023-09-09,Thanjavur,10.6715,79.3921,16.1,25.8,91.4,10.8
2023-09-10,Cuddalore,11.4725,79.4123,0.6,28.3,80.6,11.3
2023-09-10,Thanjavur,10.6715,79.3921,0.4,28.6,60.3,10.1
2023-09-11,Cuddalore,11.4725,79.4123,2.1,27.5,56.8,4.4
2023-09-11,Thanjavur,10.6715,79.3921,5.2,28.3,58.0,5.6
2023-09-12,Cuddalore,11.4725,79.4123,2.5,27.3,90.1,2.5
2023-09-12,Thanjavur,10.6715,79.3921,12.3,28.2,81.7,14.6
2023-09-13,Cuddalore,11.4725,79.4123,21.8,28.6,56.7,12.4
2023-09-13,Thanjavur,10.6715,79.3921,0.1,27.2,75.6,17.5
2023-09-14,Cuddalore,11.4725,79.4123,0.1,27.8,74.8,11.9
2023-09-14,Thanjavur,10.6715,79.3921,8.8,24.9,62.8,8.6
2023-09-15,Cuddalore,11.4725,79.4123,6.9,25.4,75.2,5.0
2023-09-15,Thanjavur,10.6715,79.3921,35.1,27.4,66.0,4.0
2023-09-16,Cuddalore,11.4725,79.4123,3.3,26.2,77.9,15.2
2023-09-16,Thanjavur,10.6715,79.3921,9.5,27.7,79.6,12.8
2023-09-17,Cuddalore,11.4725,79.4123,7.1,29.7,94.8,10.6
2023-09-17,Thanjavur,10.6715,79.3921,1.9,30.0,68.4,10.7
2023-09-18,Cuddalore,11.4725,79.4123,18.1,27.7,75.0,13.5
2023-09-18,Thanjavur,10.6715,79.3921,17.3,26.3,59.8,16.5
2023-09-19,Cuddalore,11.4725,79.4123,3.3,26.2,56.6,17.1
2023-09-19,Thanjavur,10.6715,79.3921,1.9,30.5,73.9,8.8
2023-09-20,Cuddalore,11.4725,79.4123,24.8,29.3,93.8,13.5
2023-09-20,Thanjavur,10.6715,79.3921,1.6,27.7,76.4,9.1
2023-09-21,Cuddalore,11.4725,79.4123,1.4,28.1,71.8,16.1
2023-09-21,Thanjavur,10.6715,79.3921,2.8,27.7,83.8,17.6
2023-09-22,Cuddalore,11.4725,79.4123,12.0,28.8,84.8,4.1
2023-09-22,Thanjavur,10.6715,79.3921,1.2,28.0,88.6,17.9
2023-09-23,Cuddalore,11.4725,79.4123,12.2,29.1,92.4,11.7
2023-09-23,Thanjavur,10.6715,79.3921,11.2,29.1,90.7,16.9
2023-09-24,Cuddalore,11.4725,79.4123,8.6,26.6,86.4,4.5
2023-09-24,Thanjavur,10.6715,79.3921,0.2,28.5,60.0,2.6
2023-09-25,Cuddalore,11.4725,79.4123,15.2,29.9,87.9,14.2
2023-09-25,Thanjavur,10.6715,79.3921,3.9,28.7,63.5,8.4
2023-09-26,Cuddalore,11.4725,79.4123,0.7,28.6,59.4,8.1
2023-09-26,Thanjavur,10.6715,79.3921,3.4,26.9,70.6,13.5
2023-09-27,Cuddalore,11.4725,79.4123,1.3,26.9,82.4,11.8
2023-09-27,Thanjavur,10.6715,79.3921,5.2,28.0,85.2,5.4
2023-09-28,Cuddalore,11.4725,79.4123,1.9,27.0,57.9,18.0
2023-09-28,Thanjavur,10.6715,79.3921,3.6,29.5,88.2,11.7
2023-09-29,Cuddalore,11.4725,79.4123,0.1,27.7,80.3,13.0
2023-09-29,Thanjavur,10.6715,79.3921,3.9,27.0,75.8,2.1
2023-09-30,Cuddalore,11.4725,79.4123,5.5,29.5,61.7,5.4
2023-09-30,Thanjavur,10.6715,79.3921,11.8,26.4,80.2,7.2
2023-10-01,Cuddalore,11.4725,79.4123,22.7,26.0,62.2,9.2
2023-10-01,Thanjavur,10.6715,79.3921,1.7,25.1,71.0,13.0
2023-10-02,Cuddalore,11.4725,79.4123,4.2,29.6,69.3,17.4
2023-10-02,Thanjavur,10.6715,79.3921,18.2,26.0,56.7,10.0
2023-10-03,Cuddalore,11.4725,79.4123,12.3,24.7,67.9,10.7
2023-10-03,Thanjavur,10.6715,79.3921,6.5,26.1,90.4,11.6
2023-10-04,Cuddalore,11.4725,79.4123,0.5,25.7,89.2,17.2
2023-10-04,Thanjavur,10.6715,79.3921,2.1,24.9,92.8,14.4
2023-10-05,Cuddalore,11.4725,79.4123,12.6,27.5,89.4,8.2
2023-10-05,Thanjavur,10.6715,79.3921,3.3,26.9,57.0,5.8
2023-10-06,Cuddalore,11.4725,79.4123,2.7,26.4,86.4,9.6
2023-10-06,Thanjavur,10.6715,79.3921,18.4,24.8,76.1,17.4
2023-10-07,Cuddalore,11.4725,79.4123,0.5,28.7,78.1,6.6
2023-10-07,Thanjavur,10.6715,79.3921,30.7,26.5,80.6,10.7
2023-10-08,Cuddalore,11.4725,79.4123,18.8,25.1,90.6,14.3
2023-10-08,Thanjavur,10.6715,79.3921,25.3,27.6,88.8,8.3
2023-10-09,Cuddalore,11.4725,79.4123,1.3,26.2,60.8,8.2
2023-10-09,Thanjavur,10.6715,79.3921,25.5,27.4,85.2,2.6
2023-10-10,Cuddalore,11.4725,79.4123,9.0,26.6,80.4,11.5
2023-10-10,Thanjavur,10.6715,79.3921,19.7,29.3,56.9,12.9
2023-10-11,Cuddalore,11.4725,79.4123,1.3,24.5,60.3,17.6
2023-10-11,Thanjavur,10.6715,79.3921,23.4,25.2,76.1,11.9
2023-10-12,Cuddalore,11.4725,79.4123,16.1,30.4,62.5,2.0
2023-10-12,Thanjavur,10.6715,79.3921,19.1,25.9,85.9,9.4
2023-10-13,Cuddalore,11.4725,79.4123,3.9,24.3,62.8,10.5
2023-10-13,Thanjavur,10.6715,79.3921,17.1,26.8,90.8,16.1
2023-10-14,Cuddalore,11.4725,79.4123,1.1,27.6,68.2,2.3
2023-10-14,Thanjavur,10.6715,79.3921,19.5,25.8,93.8,5.5
2023-10-15,Cuddalore,11.4725,79.4123,20.4,23.2,63.1,8.2
2023-10-15,Thanjavur,10.6715,79.3921,7.0,24.6,91.3,9.2
2023-10-16,Cuddalore,11.4725,79.4123,65.9,23.7,68.8,11.0
2023-10-16,Thanjavur,10.6715,79.3921,19.4,29.0,78.1,7.7
2023-10-17,Cuddalore,11.4725,79.4123,10.0,23.6,76.6,3.6
2023-10-17,Thanjavur,10.6715,79.3921,13.5,25.1,86.1,17.0
2023-10-18,Cuddalore,11.4725,79.4123,36.5,26.8,82.8,11.4
2023-10-18,Thanjavur,10.6715,79.3921,15.0,24.1,59.2,5.6
2023-10-19,Cuddalore,11.4725,79.4123,19.8,26.6,70.0,16.7
2023-10-19,Thanjavur,10.6715,79.3921,36.0,25.0,60.6,7.7
2023-10-20,Cuddalore,11.4725,79.4123,3.0,26.5,85.3,10.1
2023-10-20,Thanjavur,10.6715,79.3921,10.2,25.6,65.4,12.3
2023-10-21,Cuddalore,11.4725,79.4123,4.3,25.8,94.4,2.3
2023-10-21,Thanjavur,10.6715,79.3921,10.8,27.6,85.3,8.8
2023-10-22,Cuddalore,11.4725,79.4123,6.7,24.3,74.4,4.8
2023-10-22,Thanjavur,10.6715,79.3921,7.4,26.5,58.9,12.7
2023-10-23,Cuddalore,11.4725,79.4123,52.3,27.2,59.5,13.9
2023-10-23,Thanjavur,10.6715,79.3921,5.9,24.1,85.5,16.7
2023-10-24,Cuddalore,11.4725,79.4123,22.3,23.7,67.0,6.3
2023-10-24,Thanjavur,10.6715,79.3921,1.1,25.6,80.9,10.2
2023-10-25,Cuddalore,11.4725,79.4123,2.8,22.9,69.0,4.3
2023-10-25,Thanjavur,10.6715,79.3921,26.5,26.4,66.9,8.5
2023-10-26,Cuddalore,11.4725,79.4123,8.5,27.0,57.9,12.9
2023-10-26,Thanjavur,10.6715,79.3921,18.4,23.9,57.8,15.3
2023-10-27,Cuddalore,11.4725,79.4123,2.7,27.3,58.7,2.1
2023-10-27,Thanjavur,10.6715,79.3921,9.7,27.8,59.1,16.2
2023-10-28,Cuddalore,11.4725,79.4123,27.9,26.5,74.4,11.3
2023-10-28,Thanjavur,10.6715,79.3921,30.4,27.9,84.8,5.7
2023-10-29,Cuddalore,11.4725,79.4123,3.5,25.5,92.6,12.1
2023-10-29,Thanjavur,10.6715,79.3921,0.9,25.2,68.4,3.5
2023-10-30,Cuddalore,11.4725,79.4123,11.4,25.8,67.1,17.2
2023-10-30,Thanjavur,10.6715,79.3921,40.7,24.4,70.8,9.1
2023-10-31,Cuddalore,11.4725,79.4123,5.7,25.1,89.6,4.8
2023-10-31,Thanjavur,10.6715,79.3921,2.4,26.0,67.3,5.9
2023-11-01,Cuddalore,11.4725,79.4123,86.3,24.7,62.1,12.8
2023-11-01,Thanjavur,10.6715,79.3921,40.5,25.2,66.9,6.5
2023-11-02,Cuddalore,11.4725,79.4123,12.1,21.4,92.0,3.6
2023-11-02,Thanjavur,10.6715,79.3921,22.0,28.9,58.0,10.9
2023-11-03,Cuddalore,11.4725,79.4123,3.0,23.1,93.2,17.4
2023-11-03,Thanjavur,10.6715,79.3921,22.4,25.5,94.7,16.1
2023-11-04,Cuddalore,11.4725,79.4123,70.1,25.0,63.2,12.5
2023-11-04,Thanjavur,10.6715,79.3921,11.7,23.6,67.4,8.4
2023-11-05,Cuddalore,11.4725,79.4123,40.5,25.4,66.0,7.8
2023-11-05,Thanjavur,10.6715,79.3921,36.4,23.2,56.3,4.5
2023-11-06,Cuddalore,11.4725,79.4123,57.9,24.5,55.6,5.8
2023-11-06,Thanjavur,10.6715,79.3921,19.2,27.5,91.5,10.5
2023-11-07,Cuddalore,11.4725,79.4123,40.6,23.9,72.4,15.9
2023-11-07,Thanjavur,10.6715,79.3921,53.5,24.6,72.1,9.0
2023-11-08,Cuddalore,11.4725,79.4123,23.4,22.9,70.3,8.4
2023-11-08,Thanjavur,10.6715,79.3921,21.5,25.5,79.4,14.9
2023-11-09,Cuddalore,11.4725,79.4123,10.0,23.4,75.1,12.7
2023-11-09,Thanjavur,10.6715,79.3921,21.4,25.0,70.3,5.3
2023-11-10,Cuddalore,11.4725,79.4123,148.8,26.0,94.9,2.6
2023-11-10,Thanjavur,10.6715,79.3921,30.5,24.2,66.3,13.9
2023-11-11,Cuddalore,11.4725,79.4123,16.7,25.4,71.3,15.4
2023-11-11,Thanjavur,10.6715,79.3921,10.4,25.1,62.6,16.1
2023-11-12,Cuddalore,11.4725,79.4123,7.9,26.1,90.9,12.6
2023-11-12,Thanjavur,10.6715,79.3921,28.7,25.4,55.1,10.4
2023-11-13,Cuddalore,11.4725,79.4123,32.0,26.5,92.9,15.0
2023-11-13,Thanjavur,10.6715,79.3921,2.6,24.1,57.7,6.9
2023-11-14,Cuddalore,11.4725,79.4123,15.7,22.6,59.5,10.2
2023-11-14,Thanjavur,10.6715,79.3921,23.8,22.1,90.3,2.9
2023-11-15,Cuddalore,11.4725,79.4123,9.8,22.2,80.1,4.6
2023-11-15,Thanjavur,10.6715,79.3921,9.3,24.1,82.9,5.7
2023-11-16,Cuddalore,11.4725,79.4123,5.2,24.8,79.9,6.3
2023-11-16,Thanjavur,10.6715,79.3921,22.1,23.5,70.6,10.6
2023-11-17,Cuddalore,11.4725,79.4123,19.3,21.2,64.2,6.9
2023-11-17,Thanjavur,10.6715,79.3921,39.8,23.5,82.6,8.2
2023-11-18,Cuddalore,11.4725,79.4123,14.6,23.9,61.3,14.3
2023-11-18,Thanjavur,10.6715,79.3921,8.3,24.5,75.3,10.3
2023-11-19,Cuddalore,11.4725,79.4123,9.6,26.7,62.0,4.3
2023-11-19,Thanjavur,10.6715,79.3921,15.3,21.8,65.6,5.2
2023-11-20,Cuddalore,11.4725,79.4123,18.7,25.6,71.4,11.1
2023-11-20,Thanjavur,10.6715,79.3921,25.3,25.4,89.1,13.6
2023-11-21,Cuddalore,11.4725,79.4123,62.3,24.2,94.0,12.7
2023-11-21,Thanjavur,10.6715,79.3921,52.4,25.1,82.1,9.9
2023-11-22,Cuddalore,11.4725,79.4123,1.2,24.3,93.0,6.0
2023-11-22,Thanjavur,10.6715,79.3921,2.1,25.4,61.3,15.8
2023-11-23,Cuddalore,11.4725,79.4123,13.3,23.2,78.7,13.4
2023-11-23,Thanjavur,10.6715,79.3921,7.3,23.1,79.2,12.4
2023-11-24,Cuddalore,11.4725,79.4123,32.5,21.7,64.9,4.2
2023-11-24,Thanjavur,10.6715,79.3921,18.8,25.1,92.9,16.8
2023-11-25,Cuddalore,11.4725,79.4123,25.2,23.6,57.9,8.4
2023-11-25,Thanjavur,10.6715,79.3921,2.6,22.2,79.6,6.6
2023-11-26,Cuddalore,11.4725,79.4123,4.0,23.1,55.8,8.3
2023-11-26,Thanjavur,10.6715,79.3921,14.9,25.4,87.5,4.4
2023-11-27,Cuddalore,11.4725,79.4123,24.7,24.8,72.9,16.8
2023-11-27,Thanjavur,10.6715,79.3921,5.9,23.1,56.1,7.9
2023-11-28,Cuddalore,11.4725,79.4123,65.9,26.6,83.1,11.9
2023-11-28,Thanjavur,10.6715,79.3921,16.0,24.4,81.7,4.7
2023-11-29,Cuddalore,11.4725,79.4123,0.9,25.2,58.3,15.7
2023-11-29,Thanjavur,10.6715,79.3921,18.4,24.7,72.2,11.3
2023-11-30,Cuddalore,11.4725,79.4123,34.2,24.1,63.0,17.5
2023-11-30,Thanjavur,10.6715,79.3921,4.8,25.1,80.1,10.4
2023-12-01,Cuddalore,11.4725,79.4123,4.7,25.7,85.1,4.5
2023-12-01,Thanjavur,10.6715,79.3921,11.5,23.5,68.6,16.9
2023-12-02,Cuddalore,11.4725,79.4123,2.2,25.1,62.4,15.8
2023-12-02,Thanjavur,10.6715,79.3921,1.6,22.9,61.8,11.6
2023-12-03,Cuddalore,11.4725,79.4123,8.6,26.7,65.8,9.0
2023-12-03,Thanjavur,10.6715,79.3921,0.5,22.8,67.0,6.8
2023-12-04,Cuddalore,11.4725,79.4123,4.9,27.3,66.9,6.3
2023-12-04,Thanjavur,10.6715,79.3921,0.9,22.1,66.5,13.1
2023-12-05,Cuddalore,11.4725,79.4123,6.7,23.5,71.7,8.0
2023-12-05,Thanjavur,10.6715,79.3921,0.5,24.7,71.9,15.9
2023-12-06,Cuddalore,11.4725,79.4123,0.1,25.8,57.2,8.5
2023-12-06,Thanjavur,10.6715,79.3921,4.0,26.4,64.9,16.1
2023-12-07,Cuddalore,11.4725,79.4123,1.3,26.2,56.1,4.6
2023-12-07,Thanjavur,10.6715,79.3921,3.4,21.5,73.5,8.3
2023-12-08,Cuddalore,11.4725,79.4123,22.0,24.6,70.5,13.0
2023-12-08,Thanjavur,10.6715,79.3921,2.6,22.8,93.5,7.7
2023-12-09,Cuddalore,11.4725,79.4123,2.8,25.5,83.7,3.1
2023-12-09,Thanjavur,10.6715,79.3921,23.7,25.7,63.7,13.3
2023-12-10,Cuddalore,11.4725,79.4123,0.7,24.5,85.3,5.4
2023-12-10,Thanjavur,10.6715,79.3921,4.3,23.2,66.4,8.0
2023-12-11,Cuddalore,11.4725,79.4123,1.6,22.3,86.7,11.7
2023-12-11,Thanjavur,10.6715,79.3921,2.2,22.9,64.0,9.6
2023-12-12,Cuddalore,11.4725,79.4123,0.4,22.9,74.3,14.6
2023-12-12,Thanjavur,10.6715,79.3921,8.1,24.1,67.2,13.9
2023-12-13,Cuddalore,11.4725,79.4123,1.3,25.5,90.8,4.7
2023-12-13,Thanjavur,10.6715,79.3921,5.3,24.2,75.4,14.5
2023-12-14,Cuddalore,11.4725,79.4123,3.8,22.2,57.9,15.5
2023-12-14,Thanjavur,10.6715,79.3921,5.5,22.1,81.7,12.2
2023-12-15,Cuddalore,11.4725,79.4123,25.7,25.0,85.8,17.5
2023-12-15,Thanjavur,10.6715,79.3921,6.6,26.9,59.2,14.1
2023-12-16,Cuddalore,11.4725,79.4123,3.1,24.1,75.2,8.8
2023-12-16,Thanjavur,10.6715,79.3921,15.8,23.0,59.2,6.5
2023-12-17,Cuddalore,11.4725,79.4123,1.0,22.5,83.6,11.8
2023-12-17,Thanjavur,10.6715,79.3921,3.8,24.9,88.6,9.4
2023-12-18,Cuddalore,11.4725,79.4123,0.5,26.4,79.4,11.6
2023-12-18,Thanjavur,10.6715,79.3921,2.1,23.5,66.5,17.9
2023-12-19,Cuddalore,11.4725,79.4123,5.5,23.2,88.7,3.2
2023-12-19,Thanjavur,10.6715,79.3921,0.8,21.9,67.5,15.7
2023-12-20,Cuddalore,11.4725,79.4123,24.5,24.1,71.3,10.8
2023-12-20,Thanjavur,10.6715,79.3921,9.2,25.2,62.1,9.3
2023-12-21,Cuddalore,11.4725,79.4123,3.7,22.9,71.1,3.4
2023-12-21,Thanjavur,10.6715,79.3921,7.0,24.3,55.4,16.6
2023-12-22,Cuddalore,11.4725,79.4123,0.7,24.8,77.4,9.6
2023-12-22,Thanjavur,10.6715,79.3921,6.2,24.9,94.4,4.3
2023-12-23,Cuddalore,11.4725,79.4123,0.2,22.4,86.6,17.0
2023-12-23,Thanjavur,10.6715,79.3921,2.2,22.7,75.1,6.3
2023-12-24,Cuddalore,11.4725,79.4123,0.5,24.1,57.9,8.1
2023-12-24,Thanjavur,10.6715,79.3921,1.8,25.1,61.4,9.4
2023-12-25,Cuddalore,11.4725,79.4123,2.5,27.2,92.7,8.2
2023-12-25,Thanjavur,10.6715,79.3921,3.6,22.3,91.6,11.9
2023-12-26,Cuddalore,11.4725,79.4123,12.6,24.4,80.2,14.1
2023-12-26,Thanjavur,10.6715,79.3921,9.5,24.0,86.4,10.6
2023-12-27,Cuddalore,11.4725,79.4123,1.2,23.3,71.8,7.1
2023-12-27,Thanjavur,10.6715,79.3921,10.5,25.7,92.2,2.4
2023-12-28,Cuddalore,11.4725,79.4123,10.1,24.9,65.5,7.7
2023-12-28,Thanjavur,10.6715,79.3921,1.8,24.9,60.2,2.4
2023-12-29,Cuddalore,11.4725,79.4123,0.4,22.2,74.3,8.7
2023-12-29,Thanjavur,10.6715,79.3921,5.9,23.5,85.0,9.4
2023-12-30,Cuddalore,11.4725,79.4123,2.1,24.1,74.3,3.8
2023-12-30,Thanjavur,10.6715,79.3921,8.6,24.3,92.8,8.0
2023-12-31,Cuddalore,11.4725,79.4123,0.7,27.7,60.5,2.3
2023-12-31,Thanjavur,10.6715,79.3921,7.2,23.5,84.8,12.6
2024-01-01,Cuddalore,11.4725,79.4123,0.2,20.7,62.7,4.0
2024-01-01,Thanjavur,10.6715,79.3921,0.2,24.6,94.7,8.4
2024-01-02,Cuddalore,11.4725,79.4123,0.5,25.3,85.7,12.8
2024-01-02,Thanjavur,10.6715,79.3921,0.6,24.6,57.9,15.0
2024-01-03,Cuddalore,11.4725,79.4123,0.4,20.2,76.6,7.3
2024-01-03,Thanjavur,10.6715,79.3921,0.1,25.0,70.5,4.2
2024-01-04,Cuddalore,11.4725,79.4123,1.0,25.3,63.1,6.7
2024-01-04,Thanjavur,10.6715,79.3921,1.1,22.6,64.0,12.4
2024-01-05,Cuddalore,11.4725,79.4123,0.2,23.5,57.7,11.4
2024-01-05,Thanjavur,10.6715,79.3921,5.3,24.4,55.8,7.8
2024-01-06,Cuddalore,11.4725,79.4123,0.1,23.7,87.0,15.0
2024-01-06,Thanjavur,10.6715,79.3921,0.1,23.9,63.8,10.8
2024-01-07,Cuddalore,11.4725,79.4123,0.4,25.0,88.6,16.9
2024-01-07,Thanjavur,10.6715,79.3921,0.1,23.6,60.5,15.1
2024-01-08,Cuddalore,11.4725,79.4123,0.7,22.2,56.9,15.6
2024-01-08,Thanjavur,10.6715,79.3921,1.0,25.9,57.3,15.2
2024-01-09,Cuddalore,11.4725,79.4123,0.7,23.0,86.6,13.9
2024-01-09,Thanjavur,10.6715,79.3921,2.2,24.2,92.9,13.7
2024-01-10,Cuddalore,11.4725,79.4123,0.6,23.8,80.7,14.2
2024-01-10,Thanjavur,10.6715,79.3921,0.5,22.8,55.5,10.9
2024-01-11,Cuddalore,11.4725,79.4123,1.8,25.9,56.8,7.1
2024-01-11,Thanjavur,10.6715,79.3921,0.0,25.7,61.3,6.2
2024-01-12,Cuddalore,11.4725,79.4123,0.5,23.9,78.2,17.3
2024-01-12,Thanjavur,10.6715,79.3921,0.3,24.5,75.2,7.4
2024-01-13,Cuddalore,11.4725,79.4123,1.4,24.7,76.1,10.2
2024-01-13,Thanjavur,10.6715,79.3921,0.2,22.9,61.5,17.2
2024-01-14,Cuddalore,11.4725,79.4123,0.0,23.0,88.1,2.9
2024-01-14,Thanjavur,10.6715,79.3921,0.8,24.5,59.4,8.6
2024-01-15,Cuddalore,11.4725,79.4123,0.6,22.7,85.0,8.4
2024-01-15,Thanjavur,10.6715,79.3921,0.4,24.5,81.6,2.7
2024-01-16,Cuddalore,11.4725,79.4123,1.3,21.1,87.7,11.7
2024-01-16,Thanjavur,10.6715,79.3921,0.5,23.9,92.6,4.9
2024-01-17,Cuddalore,11.4725,79.4123,0.6,25.0,90.1,3.5
2024-01-17,Thanjavur,10.6715,79.3921,3.1,24.8,79.6,11.7
2024-01-18,Cuddalore,11.4725,79.4123,1.5,26.2,91.5,16.2
2024-01-18,Thanjavur,10.6715,79.3921,0.6,22.9,89.4,11.4
2024-01-19,Cuddalore,11.4725,79.4123,0.3,24.4,89.1,15.2
2024-01-19,Thanjavur,10.6715,79.3921,1.0,25.9,74.3,3.8
2024-01-20,Cuddalore,11.4725,79.4123,1.1,25.0,85.6,16.5
2024-01-20,Thanjavur,10.6715,79.3921,1.0,25.7,69.6,6.1
2024-01-21,Cuddalore,11.4725,79.4123,0.1,22.7,85.0,13.2
2024-01-21,Thanjavur,10.6715,79.3921,1.3,24.6,93.6,14.9
2024-01-22,Cuddalore,11.4725,79.4123,0.7,24.2,84.6,3.1
2024-01-22,Thanjavur,10.6715,79.3921,0.1,24.7,64.7,5.5
2024-01-23,Cuddalore,11.4725,79.4123,1.3,23.3,92.9,8.2
2024-01-23,Thanjavur,10.6715,79.3921,0.4,26.5,80.6,14.4
2024-01-24,Cuddalore,11.4725,79.4123,0.4,25.6,66.4,5.1
2024-01-24,Thanjavur,10.6715,79.3921,0.2,26.3,73.7,6.5
2024-01-25,Cuddalore,11.4725,79.4123,0.2,25.0,57.1,6.7
2024-01-25,Thanjavur,10.6715,79.3921,1.4,23.5,60.7,17.1
2024-01-26,Cuddalore,11.4725,79.4123,0.3,25.4,73.6,14.0
2024-01-26,Thanjavur,10.6715,79.3921,0.5,26.5,65.7,7.5
2024-01-27,Cuddalore,11.4725,79.4123,0.2,25.0,70.8,13.7
2024-01-27,Thanjavur,10.6715,79.3921,1.5,23.1,89.7,3.7
2024-01-28,Cuddalore,11.4725,79.4123,1.0,23.7,68.2,7.6
2024-01-28,Thanjavur,10.6715,79.3921,3.5,24.6,77.5,3.2
2024-01-29,Cuddalore,11.4725,79.4123,1.6,26.7,71.4,2.1
2024-01-29,Thanjavur,10.6715,79.3921,1.4,27.2,94.2,6.9
2024-01-30,Cuddalore,11.4725,79.4123,1.7,23.3,57.3,9.0
2024-01-30,Thanjavur,10.6715,79.3921,0.4,25.1,74.7,8.8
2024-01-31,Cuddalore,11.4725,79.4123,2.6,23.6,56.1,14.4
2024-01-31,Thanjavur,10.6715,79.3921,0.6,22.6,93.9,9.5
2024-02-01,Cuddalore,11.4725,79.4123,0.6,26.9,76.8,12.8
2024-02-01,Thanjavur,10.6715,79.3921,0.3,26.2,79.9,15.7
2024-02-02,Cuddalore,11.4725,79.4123,0.1,26.3,89.6,6.5
2024-02-02,Thanjavur,10.6715,79.3921,1.0,25.8,80.1,5.6
2024-02-03,Cuddalore,11.4725,79.4123,0.3,26.5,73.1,16.7
2024-02-03,Thanjavur,10.6715,79.3921,1.9,26.4,83.8,4.4
2024-02-04,Cuddalore,11.4725,79.4123,2.5,27.3,78.9,13.7
2024-02-04,Thanjavur,10.6715,79.3921,0.6,24.8,83.0,17.1
2024-02-05,Cuddalore,11.4725,79.4123,1.8,27.3,91.1,5.2
2024-02-05,Thanjavur,10.6715,79.3921,1.1,27.1,59.5,11.4
2024-02-06,Cuddalore,11.4725,79.4123,0.2,26.5,79.6,12.0
2024-02-06,Thanjavur,10.6715,79.3921,2.8,26.0,89.7,6.9
2024-02-07,Cuddalore,11.4725,79.4123,0.0,25.9,88.6,14.7
2024-02-07,Thanjavur,10.6715,79.3921,1.3,25.9,87.2,3.7
2024-02-08,Cuddalore,11.4725,79.4123,1.7,26.0,66.7,8.0
2024-02-08,Thanjavur,10.6715,79.3921,1.8,23.8,70.7,10.9
2024-02-09,Cuddalore,11.4725,79.4123,1.3,29.5,91.4,10.7
2024-02-09,Thanjavur,10.6715,79.3921,0.7,27.6,65.7,14.8
2024-02-10,Cuddalore,11.4725,79.4123,0.4,28.7,71.9,6.7
2024-02-10,Thanjavur,10.6715,79.3921,2.1,26.9,67.1,5.6
2024-02-11,Cuddalore,11.4725,79.4123,1.0,25.1,77.3,12.7
2024-02-11,Thanjavur,10.6715,79.3921,0.6,26.7,90.3,6.4
2024-02-12,Cuddalore,11.4725,79.4123,0.0,27.2,88.0,8.0
2024-02-12,Thanjavur,10.6715,79.3921,4.8,24.6,90.6,7.7
2024-02-13,Cuddalore,11.4725,79.4123,0.1,27.9,68.9,13.8
2024-02-13,Thanjavur,10.6715,79.3921,0.2,25.4,89.4,14.8
2024-02-14,Cuddalore,11.4725,79.4123,0.8,27.1,73.2,10.8
2024-02-14,Thanjavur,10.6715,79.3921,0.2,28.2,57.6,12.1
2024-02-15,Cuddalore,11.4725,79.4123,0.4,26.4,83.7,11.2
2024-02-15,Thanjavur,10.6715,79.3921,0.0,28.2,78.8,9.5
2024-02-16,Cuddalore,11.4725,79.4123,1.4,23.8,60.2,3.3
2024-02-16,Thanjavur,10.6715,79.3921,0.2,24.3,92.2,3.3
2024-02-17,Cuddalore,11.4725,79.4123,0.4,24.8,81.0,4.0
2024-02-17,Thanjavur,10.6715,79.3921,1.3,22.9,86.6,5.6
2024-02-18,Cuddalore,11.4725,79.4123,2.2,23.5,61.4,9.7
2024-02-18,Thanjavur,10.6715,79.3921,0.5,28.2,93.6,5.4
2024-02-19,Cuddalore,11.4725,79.4123,1.2,27.7,90.8,8.3
2024-02-19,Thanjavur,10.6715,79.3921,0.1,25.1,80.3,11.9
2024-02-20,Cuddalore,11.4725,79.4123,0.9,29.3,86.1,10.0
2024-02-20,Thanjavur,10.6715,79.3921,0.1,25.6,93.9,15.2
2024-02-21,Cuddalore,11.4725,79.4123,0.9,28.8,73.0,10.4
2024-02-21,Thanjavur,10.6715,79.3921,0.9,28.8,82.2,8.1
2024-02-22,Cuddalore,11.4725,79.4123,1.1,25.1,78.3,8.5
2024-02-22,Thanjavur,10.6715,79.3921,1.7,27.2,94.4,10.0
2024-02-23,Cuddalore,11.4725,79.4123,0.7,27.7,76.3,15.5
2024-02-23,Thanjavur,10.6715,79.3921,1.2,25.0,82.0,9.7
2024-02-24,Cuddalore,11.4725,79.4123,1.6,21.8,93.8,6.3
2024-02-24,Thanjavur,10.6715,79.3921,0.2,27.2,78.2,3.7
2024-02-25,Cuddalore,11.4725,79.4123,0.4,24.7,80.3,16.5
2024-02-25,Thanjavur,10.6715,79.3921,0.2,25.8,79.7,14.4
2024-02-26,Cuddalore,11.4725,79.4123,0.9,26.3,88.5,3.8
2024-02-26,Thanjavur,10.6715,79.3921,0.5,26.9,87.1,7.1
2024-02-27,Cuddalore,11.4725,79.4123,1.0,25.5,93.0,15.1
2024-02-27,Thanjavur,10.6715,79.3921,0.5,26.4,66.3,6.5
2024-02-28,Cuddalore,11.4725,79.4123,1.8,27.8,71.5,4.4
2024-02-28,Thanjavur,10.6715,79.3921,0.9,23.1,56.4,3.6
2024-02-29,Cuddalore,11.4725,79.4123,0.2,23.9,70.3,14.6
2024-02-29,Thanjavur,10.6715,79.3921,0.0,24.2,62.3,11.8
2024-03-01,Cuddalore,11.4725,79.4123,0.0,27.2,79.8,8.7
2024-03-01,Thanjavur,10.6715,79.3921,0.7,29.2,74.2,14.3
2024-03-02,Cuddalore,11.4725,79.4123,0.4,29.5,73.2,17.8
2024-03-02,Thanjavur,10.6715,79.3921,1.8,27.7,82.9,15.3
2024-03-03,Cuddalore,11.4725,79.4123,0.2,27.7,64.6,4.8
2024-03-03,Thanjavur,10.6715,79.3921,0.7,30.1,87.4,8.1
2024-03-04,Cuddalore,11.4725,79.4123,0.1,28.3,63.3,9.9
2024-03-04,Thanjavur,10.6715,79.3921,0.7,27.4,57.6,8.6
2024-03-05,Cuddalore,11.4725,79.4123,0.6,29.4,75.7,6.9
2024-03-05,Thanjavur,10.6715,79.3921,0.2,29.2,71.8,10.0
2024-03-06,Cuddalore,11.4725,79.4123,0.9,28.6,57.9,4.0
2024-03-06,Thanjavur,10.6715,79.3921,1.1,27.1,56.8,8.9
2024-03-07,Cuddalore,11.4725,79.4123,3.1,26.5,77.3,11.8
2024-03-07,Thanjavur,10.6715,79.3921,0.3,26.7,61.3,9.3
2024-03-08,Cuddalore,11.4725,79.4123,2.4,26.7,94.6,17.4
2024-03-08,Thanjavur,10.6715,79.3921,1.4,26.6,78.4,12.2
2024-03-09,Cuddalore,11.4725,79.4123,0.6,27.2,84.0,9.5
2024-03-09,Thanjavur,10.6715,79.3921,0.1,28.0,93.7,3.2
2024-03-10,Cuddalore,11.4725,79.4123,2.4,28.2,79.7,17.2
2024-03-10,Thanjavur,10.6715,79.3921,0.5,26.3,63.5,12.8
2024-03-11,Cuddalore,11.4725,79.4123,0.4,28.4,78.5,14.3
2024-03-11,Thanjavur,10.6715,79.3921,0.8,28.1,82.4,6.7
2024-03-12,Cuddalore,11.4725,79.4123,2.8,27.8,90.1,8.1
2024-03-12,Thanjavur,10.6715,79.3921,0.3,27.1,70.5,9.8
2024-03-13,Cuddalore,11.4725,79.4123,1.3,26.3,59.3,2.7
2024-03-13,Thanjavur,10.6715,79.3921,0.8,28.9,72.3,13.1
2024-03-14,Cuddalore,11.4725,79.4123,0.6,28.1,70.7,16.6
2024-03-14,Thanjavur,10.6715,79.3921,0.4,28.5,76.9,16.5
2024-03-15,Cuddalore,11.4725,79.4123,0.1,27.4,57.0,6.2
2024-03-15,Thanjavur,10.6715,79.3921,0.3,27.2,70.0,13.1
2024-03-16,Cuddalore,11.4725,79.4123,1.9,29.5,75.4,8.4
2024-03-16,Thanjavur,10.6715,79.3921,0.1,32.0,89.5,7.4
2024-03-17,Cuddalore,11.4725,79.4123,2.0,27.6,62.3,4.4
2024-03-17,Thanjavur,10.6715,79.3921,1.2,28.2,60.0,13.8
2024-03-18,Cuddalore,11.4725,79.4123,0.8,27.9,57.1,14.3
2024-03-18,Thanjavur,10.6715,79.3921,0.7,26.8,92.1,7.5
2024-03-19,Cuddalore,11.4725,79.4123,0.2,27.3,82.2,16.4
2024-03-19,Thanjavur,10.6715,79.3921,0.5,31.0,80.9,6.9
2024-03-20,Cuddalore,11.4725,79.4123,1.1,26.9,59.6,6.4
2024-03-20,Thanjavur,10.6715,79.3921,0.7,28.1,80.5,3.3
2024-03-21,Cuddalore,11.4725,79.4123,1.6,27.0,81.3,2.0
2024-03-21,Thanjavur,10.6715,79.3921,1.5,27.9,91.8,17.1
2024-03-22,Cuddalore,11.4725,79.4123,0.2,26.9,55.1,8.1
2024-03-22,Thanjavur,10.6715,79.3921,0.4,27.2,84.3,10.8
2024-03-23,Cuddalore,11.4725,79.4123,1.4,25.8,88.9,4.8
2024-03-23,Thanjavur,10.6715,79.3921,2.1,28.1,92.0,2.4
2024-03-24,Cuddalore,11.4725,79.4123,2.1,27.5,88.4,8.9
2024-03-24,Thanjavur,10.6715,79.3921,0.6,28.8,76.0,9.6
2024-03-25,Cuddalore,11.4725,79.4123,4.2,27.9,86.6,17.3
2024-03-25,Thanjavur,10.6715,79.3921,2.4,26.9,87.1,16.3
2024-03-26,Cuddalore,11.4725,79.4123,0.8,26.5,77.3,14.8
2024-03-26,Thanjavur,10.6715,79.3921,1.1,28.0,79.4,4.3
2024-03-27,Cuddalore,11.4725,79.4123,1.7,30.0,58.2,8.9
2024-03-27,Thanjavur,10.6715,79.3921,3.3,27.1,59.3,5.8
2024-03-28,Cuddalore,11.4725,79.4123,0.2,25.3,65.6,13.1
2024-03-28,Thanjavur,10.6715,79.3921,1.6,28.3,75.3,17.7
2024-03-29,Cuddalore,11.4725,79.4123,0.9,29.8,70.9,7.8
2024-03-29,Thanjavur,10.6715,79.3921,0.5,28.8,79.4,2.0
2024-03-30,Cuddalore,11.4725,79.4123,2.5,26.2,84.7,12.1
2024-03-30,Thanjavur,10.6715,79.3921,1.2,28.2,58.8,12.7
2024-03-31,Cuddalore,11.4725,79.4123,1.6,29.3,69.3,15.1
2024-03-31,Thanjavur,10.6715,79.3921,2.4,27.4,59.1,5.6
2024-04-01,Cuddalore,11.4725,79.4123,0.3,29.2,86.9,13.2
2024-04-01,Thanjavur,10.6715,79.3921,2.2,29.2,61.7,17.4
2024-04-02,Cuddalore,11.4725,79.4123,1.1,29.7,93.4,15.8
2024-04-02,Thanjavur,10.6715,79.3921,1.0,28.3,56.5,8.0
2024-04-03,Cuddalore,11.4725,79.4123,0.1,30.3,57.5,2.4
2024-04-03,Thanjavur,10.6715,79.3921,0.7,30.4,59.0,15.7
2024-04-04,Cuddalore,11.4725,79.4123,3.4,30.4,83.4,7.8
2024-04-04,Thanjavur,10.6715,79.3921,1.1,29.9,89.9,16.8
2024-04-05,Cuddalore,11.4725,79.4123,1.0,28.2,88.2,11.6
2024-04-05,Thanjavur,10.6715,79.3921,0.0,29.6,65.4,10.8
2024-04-06,Cuddalore,11.4725,79.4123,0.8,32.7,90.7,10.5
2024-04-06,Thanjavur,10.6715,79.3921,2.2,30.3,57.9,6.3
2024-04-07,Cuddalore,11.4725,79.4123,0.1,28.8,55.3,12.8
2024-04-07,Thanjavur,10.6715,79.3921,2.0,30.9,85.1,4.3
2024-04-08,Cuddalore,11.4725,79.4123,1.7,32.7,82.9,6.8
2024-04-08,Thanjavur,10.6715,79.3921,0.4,30.5,94.6,9.5
2024-04-09,Cuddalore,11.4725,79.4123,0.6,29.8,82.6,6.8
2024-04-09,Thanjavur,10.6715,79.3921,0.4,32.0,63.3,7.0
2024-04-10,Cuddalore,11.4725,79.4123,0.7,29.3,86.9,12.7
2024-04-10,Thanjavur,10.6715,79.3921,0.2,31.5,73.7,7.9
2024-04-11,Cuddalore,11.4725,79.4123,1.2,29.2,72.2,8.2
2024-04-11,Thanjavur,10.6715,79.3921,0.4,29.4,88.2,11.6
2024-04-12,Cuddalore,11.4725,79.4123,0.6,31.1,62.4,5.6
2024-04-12,Thanjavur,10.6715,79.3921,1.0,31.9,94.5,5.8
2024-04-13,Cuddalore,11.4725,79.4123,0.4,29.8,92.4,11.9
2024-04-13,Thanjavur,10.6715,79.3921,3.9,31.8,55.4,16.7
2024-04-14,Cuddalore,11.4725,79.4123,1.0,30.6,93.1,11.4
2024-04-14,Thanjavur,10.6715,79.3921,0.4,28.8,87.4,3.3
2024-04-15,Cuddalore,11.4725,79.4123,1.2,29.4,85.6,4.2
2024-04-15,Thanjavur,10.6715,79.3921,1.8,30.8,59.1,7.4
2024-04-16,Cuddalore,11.4725,79.4123,0.3,32.1,87.2,13.3
2024-04-16,Thanjavur,10.6715,79.3921,0.7,31.5,93.9,9.4
2024-04-17,Cuddalore,11.4725,79.4123,0.4,31.5,70.1,9.6
2024-04-17,Thanjavur,10.6715,79.3921,2.8,28.0,56.4,13.1
2024-04-18,Cuddalore,11.4725,79.4123,2.0,31.1,81.4,13.7
2024-04-18,Thanjavur,10.6715,79.3921,1.1,31.0,79.8,15.5
2024-04-19,Cuddalore,11.4725,79.4123,0.3,30.4,76.4,16.9
2024-04-19,Thanjavur,10.6715,79.3921,0.8,31.0,57.5,2.3
2024-04-20,Cuddalore,11.4725,79.4123,0.1,27.4,68.7,10.2
2024-04-20,Thanjavur,10.6715,79.3921,2.0,26.6,70.8,16.3
2024-04-21,Cuddalore,11.4725,79.4123,0.8,30.4,88.5,11.6
2024-04-21,Thanjavur,10.6715,79.3921,0.1,29.9,58.3,17.1
2024-04-22,Cuddalore,11.4725,79.4123,0.5,29.7,55.4,4.1
2024-04-22,Thanjavur,10.6715,79.3921,2.0,30.6,94.4,3.4
2024-04-23,Cuddalore,11.4725,79.4123,0.3,30.3,77.5,11.4
2024-04-23,Thanjavur,10.6715,79.3921,1.6,30.5,85.9,4.6
2024-04-24,Cuddalore,11.4725,79.4123,0.0,31.3,64.1,3.3
2024-04-24,Thanjavur,10.6715,79.3921,0.3,29.2,77.0,16.0
2024-04-25,Cuddalore,11.4725,79.4123,2.1,30.5,69.0,8.6
2024-04-25,Thanjavur,10.6715,79.3921,0.8,29.0,91.9,5.0
2024-04-26,Cuddalore,11.4725,79.4123,0.1,27.2,59.3,10.2
2024-04-26,Thanjavur,10.6715,79.3921,0.9,29.6,92.0,13.6
2024-04-27,Cuddalore,11.4725,79.4123,0.4,31.6,83.0,17.4
2024-04-27,Thanjavur,10.6715,79.3921,0.0,28.7,75.7,4.0
2024-04-28,Cuddalore,11.4725,79.4123,2.3,30.6,58.8,12.8
2024-04-28,Thanjavur,10.6715,79.3921,0.9,31.3,69.2,16.1
2024-04-29,Cuddalore,11.4725,79.4123,2.2,31.1,94.6,12.1
2024-04-29,Thanjavur,10.6715,79.3921,0.0,29.0,62.5,4.9
2024-04-30,Cuddalore,11.4725,79.4123,0.9,28.9,78.4,13.0
2024-04-30,Thanjavur,10.6715,79.3921,1.8,30.1,65.9,14.7
2024-05-01,Cuddalore,11.4725,79.4123,0.9,31.9,65.5,13.5
2024-05-01,Thanjavur,10.6715,79.3921,1.8,32.4,71.0,16.8
2024-05-02,Cuddalore,11.4725,79.4123,2.1,32.4,91.2,15.6
2024-05-02,Thanjavur,10.6715,79.3921,0.6,35.5,77.9,4.8
2024-05-03,Cuddalore,11.4725,79.4123,0.4,33.7,60.1,2.8
2024-05-03,Thanjavur,10.6715,79.3921,0.9,30.9,78.6,15.2
2024-05-04,Cuddalore,11.4725,79.4123,2.2,34.6,83.0,6.4
2024-05-04,Thanjavur,10.6715,79.3921,1.0,29.8,76.6,3.1
2024-05-05,Cuddalore,11.4725,79.4123,0.9,29.9,62.5,17.0
2024-05-05,Thanjavur,10.6715,79.3921,0.7,32.6,61.7,14.9
2024-05-06,Cuddalore,11.4725,79.4123,0.1,31.1,68.5,11.4
2024-05-06,Thanjavur,10.6715,79.3921,1.1,27.9,66.8,4.8
2024-05-07,Cuddalore,11.4725,79.4123,3.0,33.7,58.0,3.8
2024-05-07,Thanjavur,10.6715,79.3921,0.7,32.4,74.3,6.5
2024-05-08,Cuddalore,11.4725,79.4123,1.0,31.3,70.1,3.0
2024-05-08,Thanjavur,10.6715,79.3921,0.4,31.2,68.8,10.2
2024-05-09,Cuddalore,11.4725,79.4123,0.6,31.1,57.2,12.2
2024-05-09,Thanjavur,10.6715,79.3921,0.2,28.4,77.1,3.8
2024-05-10,Cuddalore,11.4725,79.4123,0.9,30.1,93.2,17.0
2024-05-10,Thanjavur,10.6715,79.3921,0.7,30.5,55.1,9.9
2024-05-11,Cuddalore,11.4725,79.4123,0.0,33.1,59.4,7.4
2024-05-11,Thanjavur,10.6715,79.3921,0.8,30.6,93.5,13.5
2024-05-12,Cuddalore,11.4725,79.4123,0.7,32.0,72.7,5.1
2024-05-12,Thanjavur,10.6715,79.3921,0.5,31.2,94.3,4.5
2024-05-13,Cuddalore,11.4725,79.4123,0.1,30.1,57.4,16.3
2024-05-13,Thanjavur,10.6715,79.3921,0.4,31.9,94.7,9.4
2024-05-14,Cuddalore,11.4725,79.4123,0.7,31.4,84.9,8.9
2024-05-14,Thanjavur,10.6715,79.3921,1.2,33.1,77.7,8.0
2024-05-15,Cuddalore,11.4725,79.4123,4.9,30.9,62.5,9.7
2024-05-15,Thanjavur,10.6715,79.3921,0.5,30.5,74.7,5.0
2024-05-16,Cuddalore,11.4725,79.4123,0.5,32.7,90.4,15.5
2024-05-16,Thanjavur,10.6715,79.3921,1.3,31.2,84.7,4.5
2024-05-17,Cuddalore,11.4725,79.4123,0.9,32.8,55.1,6.2
2024-05-17,Thanjavur,10.6715,79.3921,3.1,30.7,72.2,11.2
2024-05-18,Cuddalore,11.4725,79.4123,1.7,31.7,84.8,10.6
2024-05-18,Thanjavur,10.6715,79.3921,1.2,30.5,90.4,16.5
2024-05-19,Cuddalore,11.4725,79.4123,0.1,30.2,90.9,16.2
2024-05-19,Thanjavur,10.6715,79.3921,0.5,28.2,57.8,9.0
2024-05-20,Cuddalore,11.4725,79.4123,0.1,33.7,91.6,12.4
2024-05-20,Thanjavur,10.6715,79.3921,0.1,30.7,64.1,2.8
2024-05-21,Cuddalore,11.4725,79.4123,0.1,32.2,83.1,13.6
2024-05-21,Thanjavur,10.6715,79.3921,1.1,31.2,70.3,3.5
2024-05-22,Cuddalore,11.4725,79.4123,1.1,33.2,91.4,9.6
2024-05-22,Thanjavur,10.6715,79.3921,0.0,28.9,87.7,2.9
2024-05-23,Cuddalore,11.4725,79.4123,1.0,31.8,60.8,6.7
2024-05-23,Thanjavur,10.6715,79.3921,2.1,32.6,56.5,4.7
2024-05-24,Cuddalore,11.4725,79.4123,1.3,31.6,61.5,2.3
2024-05-24,Thanjavur,10.6715,79.3921,0.2,30.3,63.3,10.8
2024-05-25,Cuddalore,11.4725,79.4123,0.0,28.9,88.4,2.3
2024-05-25,Thanjavur,10.6715,79.3921,0.7,30.5,86.4,16.7
2024-05-26,Cuddalore,11.4725,79.4123,0.9,28.5,58.5,13.4
2024-05-26,Thanjavur,10.6715,79.3921,1.3,32.6,80.5,15.4
2024-05-27,Cuddalore,11.4725,79.4123,1.1,32.2,64.5,14.9
2024-05-27,Thanjavur,10.6715,79.3921,0.6,32.7,90.9,15.5
2024-05-28,Cuddalore,11.4725,79.4123,1.1,30.0,86.3,14.8
2024-05-28,Thanjavur,10.6715,79.3921,1.6,29.8,64.9,3.4
2024-05-29,Cuddalore,11.4725,79.4123,0.6,32.3,57.7,16.1
2024-05-29,Thanjavur,10.6715,79.3921,1.9,32.2,78.8,5.7
2024-05-30,Cuddalore,11.4725,79.4123,2.5,28.7,74.3,5.7
2024-05-30,Thanjavur,10.6715,79.3921,0.9,30.4,64.2,9.4
2024-05-31,Cuddalore,11.4725,79.4123,0.5,33.8,77.7,10.3
2024-05-31,Thanjavur,10.6715,79.3921,1.2,32.6,87.7,10.5
2024-06-01,Cuddalore,11.4725,79.4123,3.8,31.6,92.2,3.2
2024-06-01,Thanjavur,10.6715,79.3921,1.2,30.2,91.6,17.6
2024-06-02,Cuddalore,11.4725,79.4123,17.7,30.6,56.6,4.3
2024-06-02,Thanjavur,10.6715,79.3921,0.2,31.4,64.3,9.5
2024-06-03,Cuddalore,11.4725,79.4123,8.3,29.9,71.0,16.3
2024-06-03,Thanjavur,10.6715,79.3921,0.6,33.8,84.7,2.1
2024-06-04,Cuddalore,11.4725,79.4123,4.2,33.7,84.6,9.7
2024-06-04,Thanjavur,10.6715,79.3921,7.4,30.2,82.0,9.3
2024-06-05,Cuddalore,11.4725,79.4123,3.6,34.8,72.1,4.5
2024-06-05,Thanjavur,10.6715,79.3921,1.2,31.3,73.4,9.3
2024-06-06,Cuddalore,11.4725,79.4123,5.3,32.0,56.4,16.1
2024-06-06,Thanjavur,10.6715,79.3921,26.6,31.3,76.2,7.9
2024-06-07,Cuddalore,11.4725,79.4123,3.9,30.4,69.9,15.5
2024-06-07,Thanjavur,10.6715,79.3921,0.2,31.5,85.7,11.9
2024-06-08,Cuddalore,11.4725,79.4123,11.3,29.3,57.6,16.6
2024-06-08,Thanjavur,10.6715,79.3921,18.4,31.5,67.9,6.9
2024-06-09,Cuddalore,11.4725,79.4123,1.0,31.9,57.7,4.0
2024-06-09,Thanjavur,10.6715,79.3921,17.5,32.3,83.6,12.0
2024-06-10,Cuddalore,11.4725,79.4123,7.4,29.7,65.4,10.6
2024-06-10,Thanjavur,10.6715,79.3921,3.3,29.8,80.8,14.9
2024-06-11,Cuddalore,11.4725,79.4123,6.2,32.3,59.9,11.3
2024-06-11,Thanjavur,10.6715,79.3921,6.2,30.2,65.1,17.1
2024-06-12,Cuddalore,11.4725,79.4123,11.5,31.7,81.8,5.3
2024-06-12,Thanjavur,10.6715,79.3921,2.9,33.8,65.2,4.8
2024-06-13,Cuddalore,11.4725,79.4123,2.4,30.1,83.7,12.4
2024-06-13,Thanjavur,10.6715,79.3921,27.1,30.7,93.2,14.7
2024-06-14,Cuddalore,11.4725,79.4123,6.5,33.4,91.6,2.1
2024-06-14,Thanjavur,10.6715,79.3921,1.2,29.3,76.0,4.4
2024-06-15,Cuddalore,11.4725,79.4123,4.7,31.7,87.6,9.1
2024-06-15,Thanjavur,10.6715,79.3921,4.1,35.5,94.9,16.3
2024-06-16,Cuddalore,11.4725,79.4123,40.7,32.4,81.6,6.4
2024-06-16,Thanjavur,10.6715,79.3921,6.7,33.3,68.0,3.3
2024-06-17,Cuddalore,11.4725,79.4123,7.8,31.3,79.1,12.1
2024-06-17,Thanjavur,10.6715,79.3921,0.3,30.1,86.4,14.0
2024-06-18,Cuddalore,11.4725,79.4123,5.2,29.7,72.3,12.8
2024-06-18,Thanjavur,10.6715,79.3921,26.6,32.4,70.9,2.2
2024-06-19,Cuddalore,11.4725,79.4123,19.2,32.4,84.8,12.9
2024-06-19,Thanjavur,10.6715,79.3921,16.3,34.7,88.0,7.4
2024-06-20,Cuddalore,11.4725,79.4123,1.1,31.5,75.0,9.9
2024-06-20,Thanjavur,10.6715,79.3921,12.6,32.4,74.9,5.8
2024-06-21,Cuddalore,11.4725,79.4123,2.6,31.8,75.5,17.8
2024-06-21,Thanjavur,10.6715,79.3921,31.7,30.2,59.7,9.2
2024-06-22,Cuddalore,11.4725,79.4123,5.3,32.4,72.4,5.6
2024-06-22,Thanjavur,10.6715,79.3921,3.8,33.6,62.6,6.4
2024-06-23,Cuddalore,11.4725,79.4123,2.7,33.0,76.0,14.9
2024-06-23,Thanjavur,10.6715,79.3921,3.9,30.9,83.7,2.2
2024-06-24,Cuddalore,11.4725,79.4123,5.7,36.1,91.8,17.0
2024-06-24,Thanjavur,10.6715,79.3921,16.1,31.6,86.7,4.4
2024-06-25,Cuddalore,11.4725,79.4123,31.6,33.8,94.0,10.3
2024-06-25,Thanjavur,10.6715,79.3921,11.6,31.5,89.8,9.7
2024-06-26,Cuddalore,11.4725,79.4123,6.8,33.7,86.2,6.6
2024-06-26,Thanjavur,10.6715,79.3921,17.9,31.7,78.2,17.8
2024-06-27,Cuddalore,11.4725,79.4123,0.5,31.8,58.6,11.0
2024-06-27,Thanjavur,10.6715,79.3921,5.7,33.5,58.6,17.5
2024-06-28,Cuddalore,11.4725,79.4123,7.9,34.9,90.4,13.1
2024-06-28,Thanjavur,10.6715,79.3921,10.3,31.6,82.1,3.2
2024-06-29,Cuddalore,11.4725,79.4123,9.4,31.4,66.5,3.8
2024-06-29,Thanjavur,10.6715,79.3921,3.6,30.9,79.6,9.9
2024-06-30,Cuddalore,11.4725,79.4123,13.1,30.7,80.3,16.5
2024-06-30,Thanjavur,10.6715,79.3921,25.3,31.0,68.6,11.6
2024-07-01,Cuddalore,11.4725,79.4123,0.1,30.7,70.1,15.3
2024-07-01,Thanjavur,10.6715,79.3921,0.2,32.7,89.9,5.8
2024-07-02,Cuddalore,11.4725,79.4123,16.1,32.2,56.0,13.1
2024-07-02,Thanjavur,10.6715,79.3921,1.8,32.5,72.0,15.6
2024-07-03,Cuddalore,11.4725,79.4123,16.8,32.5,92.8,2.2
2024-07-03,Thanjavur,10.6715,79.3921,17.4,33.2,74.2,6.3
2024-07-04,Cuddalore,11.4725,79.4123,22.4,30.3,75.7,17.5
2024-07-04,Thanjavur,10.6715,79.3921,8.0,31.8,95.0,4.6
2024-07-05,Cuddalore,11.4725,79.4123,1.0,29.0,67.8,6.3
2024-07-05,Thanjavur,10.6715,79.3921,0.8,29.0,71.4,16.7
2024-07-06,Cuddalore,11.4725,79.4123,5.1,31.6,73.6,11.6
2024-07-06,Thanjavur,10.6715,79.3921,35.4,31.3,57.5,13.4
2024-07-07,Cuddalore,11.4725,79.4123,0.9,31.5,93.8,14.8
2024-07-07,Thanjavur,10.6715,79.3921,4.3,32.4,88.0,9.8
2024-07-08,Cuddalore,11.4725,79.4123,1.0,33.6,63.0,11.3
2024-07-08,Thanjavur,10.6715,79.3921,14.7,31.5,85.8,9.7
2024-07-09,Cuddalore,11.4725,79.4123,0.6,31.2,62.7,10.5
2024-07-09,Thanjavur,10.6715,79.3921,4.2,30.4,77.6,5.3
2024-07-10,Cuddalore,11.4725,79.4123,3.2,32.8,84.0,17.4
2024-07-10,Thanjavur,10.6715,79.3921,31.8,30.5,68.2,11.6
2024-07-11,Cuddalore,11.4725,79.4123,6.2,31.0,90.9,15.2
2024-07-11,Thanjavur,10.6715,79.3921,7.8,32.4,69.5,17.0
2024-07-12,Cuddalore,11.4725,79.4123,3.1,31.6,93.9,5.8
2024-07-12,Thanjavur,10.6715,79.3921,11.1,31.5,64.1,16.5
2024-07-13,Cuddalore,11.4725,79.4123,5.3,30.2,92.3,13.9
2024-07-13,Thanjavur,10.6715,79.3921,26.3,32.0,69.9,6.3
2024-07-14,Cuddalore,11.4725,79.4123,8.4,34.7,60.3,4.9
2024-07-14,Thanjavur,10.6715,79.3921,11.8,29.5,71.6,5.5
2024-07-15,Cuddalore,11.4725,79.4123,0.9,29.8,69.2,8.7
2024-07-15,Thanjavur,10.6715,79.3921,15.0,32.6,74.9,10.3
2024-07-16,Cuddalore,11.4725,79.4123,20.7,31.8,62.8,16.9
2024-07-16,Thanjavur,10.6715,79.3921,8.8,33.5,87.5,9.6
2024-07-17,Cuddalore,11.4725,79.4123,1.9,30.4,86.9,14.2
2024-07-17,Thanjavur,10.6715,79.3921,8.2,32.8,67.3,16.8
2024-07-18,Cuddalore,11.4725,79.4123,4.0,32.0,94.9,15.7
2024-07-18,Thanjavur,10.6715,79.3921,0.7,30.0,75.1,10.8
2024-07-19,Cuddalore,11.4725,79.4123,16.6,30.5,65.9,9.4
2024-07-19,Thanjavur,10.6715,79.3921,3.9,31.5,59.4,8.0
2024-07-20,Cuddalore,11.4725,79.4123,14.7,30.2,80.0,7.1
2024-07-20,Thanjavur,10.6715,79.3921,1.3,33.2,66.3,7.7
2024-07-21,Cuddalore,11.4725,79.4123,5.4,32.6,84.4,14.6
2024-07-21,Thanjavur,10.6715,79.3921,4.5,30.7,89.4,4.6
2024-07-22,Cuddalore,11.4725,79.4123,18.7,31.2,65.4,16.0
2024-07-22,Thanjavur,10.6715,79.3921,28.9,32.9,92.8,9.8
2024-07-23,Cuddalore,11.4725,79.4123,5.7,31.4,92.4,8.4
2024-07-23,Thanjavur,10.6715,79.3921,5.9,34.4,84.6,13.1
2024-07-24,Cuddalore,11.4725,79.4123,12.0,32.2,92.2,6.9
2024-07-24,Thanjavur,10.6715,79.3921,13.2,30.2,71.7,10.3
2024-07-25,Cuddalore,11.4725,79.4123,40.6,29.9,78.8,13.6
2024-07-25,Thanjavur,10.6715,79.3921,1.3,33.1,61.0,5.5
2024-07-26,Cuddalore,11.4725,79.4123,18.3,30.8,75.6,8.4
2024-07-26,Thanjavur,10.6715,79.3921,5.4,31.7,64.3,15.9
2024-07-27,Cuddalore,11.4725,79.4123,37.7,27.2,93.0,2.5
2024-07-27,Thanjavur,10.6715,79.3921,7.3,31.5,58.9,12.7
2024-07-28,Cuddalore,11.4725,79.4123,2.8,29.4,76.6,4.8
2024-07-28,Thanjavur,10.6715,79.3921,0.6,29.3,81.0,11.1
2024-07-29,Cuddalore,11.4725,79.4123,17.5,33.3,84.1,13.7
2024-07-29,Thanjavur,10.6715,79.3921,22.8,31.0,91.8,2.6
2024-07-30,Cuddalore,11.4725,79.4123,2.9,30.9,56.2,7.7
2024-07-30,Thanjavur,10.6715,79.3921,25.5,34.6,72.1,12.3
2024-07-31,Cuddalore,11.4725,79.4123,2.9,32.9,72.9,15.2
2024-07-31,Thanjavur,10.6715,79.3921,4.2,33.9,81.6,10.6
2024-08-01,Cuddalore,11.4725,79.4123,1.5,31.9,81.7,8.5
2024-08-01,Thanjavur,10.6715,79.3921,3.8,31.2,56.9,10.7
2024-08-02,Cuddalore,11.4725,79.4123,10.4,32.3,72.2,11.3
2024-08-02,Thanjavur,10.6715,79.3921,2.2,28.9,90.4,5.9
2024-08-03,Cuddalore,11.4725,79.4123,22.1,28.7,88.1,13.7
2024-08-03,Thanjavur,10.6715,79.3921,0.6,27.9,88.9,17.3
2024-08-04,Cuddalore,11.4725,79.4123,1.2,27.4,88.9,12.8
2024-08-04,Thanjavur,10.6715,79.3921,18.0,30.2,94.0,13.0
2024-08-05,Cuddalore,11.4725,79.4123,0.1,27.7,78.7,17.1
2024-08-05,Thanjavur,10.6715,79.3921,0.2,28.3,56.3,17.4
2024-08-06,Cuddalore,11.4725,79.4123,1.3,29.7,84.8,3.2
2024-08-06,Thanjavur,10.6715,79.3921,5.2,26.0,87.8,2.7
2024-08-07,Cuddalore,11.4725,79.4123,7.6,29.9,80.8,16.5
2024-08-07,Thanjavur,10.6715,79.3921,6.2,30.0,64.7,2.6
2024-08-08,Cuddalore,11.4725,79.4123,33.1,33.0,87.3,10.2
2024-08-08,Thanjavur,10.6715,79.3921,3.7,30.3,76.2,11.4
2024-08-09,Cuddalore,11.4725,79.4123,14.9,30.2,88.3,3.0
2024-08-09,Thanjavur,10.6715,79.3921,37.3,32.3,63.9,4.6
2024-08-10,Cuddalore,11.4725,79.4123,1.3,29.6,76.1,7.7
2024-08-10,Thanjavur,10.6715,79.3921,3.1,30.3,89.3,16.6
2024-08-11,Cuddalore,11.4725,79.4123,0.2,31.5,87.9,5.7
2024-08-11,Thanjavur,10.6715,79.3921,7.3,28.9,71.3,15.6
2024-08-12,Cuddalore,11.4725,79.4123,4.3,31.5,81.5,17.3
2024-08-12,Thanjavur,10.6715,79.3921,36.6,28.0,90.1,5.6
2024-08-13,Cuddalore,11.4725,79.4123,18.8,31.0,60.9,16.4
2024-08-13,Thanjavur,10.6715,79.3921,6.1,31.0,86.5,10.0
2024-08-14,Cuddalore,11.4725,79.4123,5.1,29.4,77.9,4.1
2024-08-14,Thanjavur,10.6715,79.3921,2.6,29.7,90.6,3.9
2024-08-15,Cuddalore,11.4725,79.4123,2.8,32.5,77.3,17.3
2024-08-15,Thanjavur,10.6715,79.3921,6.4,29.8,78.0,6.0
2024-08-16,Cuddalore,11.4725,79.4123,0.6,30.8,87.5,7.2
2024-08-16,Thanjavur,10.6715,79.3921,0.8,30.1,55.8,9.3
2024-08-17,Cuddalore,11.4725,79.4123,4.6,29.0,79.4,7.6
2024-08-17,Thanjavur,10.6715,79.3921,1.5,29.1,80.6,3.4
2024-08-18,Cuddalore,11.4725,79.4123,9.7,30.6,73.4,15.9
2024-08-18,Thanjavur,10.6715,79.3921,1.6,32.1,78.0,12.7
2024-08-19,Cuddalore,11.4725,79.4123,16.7,28.1,83.3,8.0
2024-08-19,Thanjavur,10.6715,79.3921,11.2,32.4,64.7,16.4
2024-08-20,Cuddalore,11.4725,79.4123,3.0,31.0,56.4,6.1
2024-08-20,Thanjavur,10.6715,79.3921,3.4,29.6,78.1,16.6
2024-08-21,Cuddalore,11.4725,79.4123,6.3,30.5,93.7,8.5
2024-08-21,Thanjavur,10.6715,79.3921,0.6,30.9,75.6,7.4
2024-08-22,Cuddalore,11.4725,79.4123,1.6,28.4,65.6,6.2
2024-08-22,Thanjavur,10.6715,79.3921,31.7,29.8,80.7,14.8
2024-08-23,Cuddalore,11.4725,79.4123,7.5,30.0,88.1,7.2
2024-08-23,Thanjavur,10.6715,79.3921,11.4,27.6,61.2,7.2
2024-08-24,Cuddalore,11.4725,79.4123,0.8,31.3,71.1,5.3
2024-08-24,Thanjavur,10.6715,79.3921,6.2,29.1,89.6,9.6
2024-08-25,Cuddalore,11.4725,79.4123,7.9,29.2,64.9,17.0
2024-08-25,Thanjavur,10.6715,79.3921,1.8,29.9,56.7,13.7
2024-08-26,Cuddalore,11.4725,79.4123,5.9,30.7,65.9,3.6
2024-08-26,Thanjavur,10.6715,79.3921,2.8,30.6,81.7,15.0
2024-08-27,Cuddalore,11.4725,79.4123,32.3,30.1,61.1,6.6
2024-08-27,Thanjavur,10.6715,79.3921,3.0,30.5,81.1,7.9
2024-08-28,Cuddalore,11.4725,79.4123,5.7,28.9,84.8,15.3
2024-08-28,Thanjavur,10.6715,79.3921,9.7,30.2,94.3,16.5
2024-08-29,Cuddalore,11.4725,79.4123,39.7,30.8,80.3,14.9
2024-08-29,Thanjavur,10.6715,79.3921,23.8,29.1,87.2,11.5
2024-08-30,Cuddalore,11.4725,79.4123,28.8,30.0,55.5,2.1
2024-08-30,Thanjavur,10.6715,79.3921,37.9,30.9,58.6,11.4
2024-08-31,Cuddalore,11.4725,79.4123,14.2,29.9,60.4,9.8
2024-08-31,Thanjavur,10.6715,79.3921,12.7,28.1,83.9,3.6
2024-09-01,Cuddalore,11.4725,79.4123,1.7,30.1,74.8,12.5
2024-09-01,Thanjavur,10.6715,79.3921,1.1,29.8,58.9,8.2
2024-09-02,Cuddalore,11.4725,79.4123,5.0,28.0,71.6,8.7
2024-09-02,Thanjavur,10.6715,79.3921,0.1,30.3,64.5,2.7
2024-09-03,Cuddalore,11.4725,79.4123,0.1,28.9,56.5,6.2
2024-09-03,Thanjavur,10.6715,79.3921,1.6,27.7,82.6,12.2
2024-09-04,Cuddalore,11.4725,79.4123,6.0,27.0,74.0,14.2
2024-09-04,Thanjavur,10.6715,79.3921,11.3,26.4,73.2,7.9
2024-09-05,Cuddalore,11.4725,79.4123,7.8,27.8,65.2,8.0
2024-09-05,Thanjavur,10.6715,79.3921,0.2,26.7,64.6,7.1
2024-09-06,Cuddalore,11.4725,79.4123,3.9,26.8,84.7,8.8
2024-09-06,Thanjavur,10.6715,79.3921,2.0,28.5,61.6,4.4
2024-09-07,Cuddalore,11.4725,79.4123,3.0,26.0,76.4,13.3
2024-09-07,Thanjavur,10.6715,79.3921,8.4,25.6,73.3,16.8
2024-09-08,Cuddalore,11.4725,79.4123,15.0,28.2,70.5,2.9
2024-09-08,Thanjavur,10.6715,79.3921,2.7,28.9,74.5,14.5
2024-09-09,Cuddalore,11.4725,79.4123,9.3,28.6,91.1,11.2
2024-09-09,Thanjavur,10.6715,79.3921,2.7,25.6,78.0,16.6
2024-09-10,Cuddalore,11.4725,79.4123,6.4,26.9,58.6,4.5
2024-09-10,Thanjavur,10.6715,79.3921,15.0,27.1,59.3,5.6
2024-09-11,Cuddalore,11.4725,79.4123,0.6,25.7,77.2,7.9
2024-09-11,Thanjavur,10.6715,79.3921,0.2,28.0,66.9,10.7
2024-09-12,Cuddalore,11.4725,79.4123,0.2,28.3,89.7,12.0
2024-09-12,Thanjavur,10.6715,79.3921,2.0,27.7,91.7,2.9
2024-09-13,Cuddalore,11.4725,79.4123,18.0,25.7,67.4,10.2
2024-09-13,Thanjavur,10.6715,79.3921,5.2,31.0,79.2,8.4
2024-09-14,Cuddalore,11.4725,79.4123,4.4,26.8,72.4,10.8
2024-09-14,Thanjavur,10.6715,79.3921,2.6,29.4,70.5,7.9
2024-09-15,Cuddalore,11.4725,79.4123,13.5,30.1,81.8,11.6
2024-09-15,Thanjavur,10.6715,79.3921,3.9,27.4,67.6,8.0
2024-09-16,Cuddalore,11.4725,79.4123,4.1,28.6,83.0,11.1
2024-09-16,Thanjavur,10.6715,79.3921,1.2,26.0,73.7,9.4
2024-09-17,Cuddalore,11.4725,79.4123,2.4,27.5,69.7,16.6
2024-09-17,Thanjavur,10.6715,79.3921,0.4,28.7,85.5,4.6
2024-09-18,Cuddalore,11.4725,79.4123,0.4,28.0,66.7,2.7
2024-09-18,Thanjavur,10.6715,79.3921,3.2,29.1,58.3,13.2
2024-09-19,Cuddalore,11.4725,79.4123,10.0,27.3,60.3,11.8
2024-09-19,Thanjavur,10.6715,79.3921,7.1,29.4,90.3,2.4
2024-09-20,Cuddalore,11.4725,79.4123,8.8,26.6,58.6,2.4
2024-09-20,Thanjavur,10.6715,79.3921,12.5,28.6,72.2,11.5
2024-09-21,Cuddalore,11.4725,79.4123,4.6,27.1,87.4,4.7
2024-09-21,Thanjavur,10.6715,79.3921,0.2,25.5,58.9,13.9
2024-09-22,Cuddalore,11.4725,79.4123,0.8,29.0,73.4,14.4
2024-09-22,Thanjavur,10.6715,79.3921,0.3,24.2,56.7,6.8
2024-09-23,Cuddalore,11.4725,79.4123,21.7,26.9,65.2,5.0
2024-09-23,Thanjavur,10.6715,79.3921,2.2,26.5,75.7,4.2
2024-09-24,Cuddalore,11.4725,79.4123,1.6,29.8,93.6,17.9
2024-09-24,Thanjavur,10.6715,79.3921,11.3,29.2,81.9,10.8
2024-09-25,Cuddalore,11.4725,79.4123,3.3,26.4,69.4,9.3
2024-09-25,Thanjavur,10.6715,79.3921,7.5,26.2,75.5,5.4
2024-09-26,Cuddalore,11.4725,79.4123,10.2,27.3,59.4,13.4
2024-09-26,Thanjavur,10.6715,79.3921,13.9,26.3,93.4,4.4
2024-09-27,Cuddalore,11.4725,79.4123,9.9,30.2,56.6,13.2
2024-09-27,Thanjavur,10.6715,79.3921,6.5,25.4,64.0,9.9
2024-09-28,Cuddalore,11.4725,79.4123,0.5,30.7,80.5,8.2
2024-09-28,Thanjavur,10.6715,79.3921,1.1,28.6,57.7,9.1
2024-09-29,Cuddalore,11.4725,79.4123,9.1,28.9,65.2,10.0
2024-09-29,Thanjavur,10.6715,79.3921,0.3,28.2,91.4,11.5
2024-09-30,Cuddalore,11.4725,79.4123,1.8,25.6,63.4,15.9
2024-09-30,Thanjavur,10.6715,79.3921,7.5,29.2,82.3,16.5
2024-10-01,Cuddalore,11.4725,79.4123,21.3,26.0,61.5,10.5
2024-10-01,Thanjavur,10.6715,79.3921,10.7,24.6,89.7,14.9
2024-10-02,Cuddalore,11.4725,79.4123,6.9,27.6,67.9,13.8
2024-10-02,Thanjavur,10.6715,79.3921,9.3,27.5,77.8,3.9
2024-10-03,Cuddalore,11.4725,79.4123,38.1,27.6,65.8,17.5
2024-10-03,Thanjavur,10.6715,79.3921,29.7,27.4,64.9,16.9
2024-10-04,Cuddalore,11.4725,79.4123,4.8,25.2,66.6,10.8
2024-10-04,Thanjavur,10.6715,79.3921,6.4,26.8,60.1,6.6
2024-10-05,Cuddalore,11.4725,79.4123,6.1,27.6,55.1,10.6
2024-10-05,Thanjavur,10.6715,79.3921,12.4,27.4,66.8,14.1
2024-10-06,Cuddalore,11.4725,79.4123,44.1,22.4,84.2,8.8
2024-10-06,Thanjavur,10.6715,79.3921,2.7,25.9,65.5,3.9
2024-10-07,Cuddalore,11.4725,79.4123,23.1,24.9,92.7,6.8
2024-10-07,Thanjavur,10.6715,79.3921,0.4,28.2,61.2,13.9
2024-10-08,Cuddalore,11.4725,79.4123,27.4,25.9,90.4,2.8
2024-10-08,Thanjavur,10.6715,79.3921,4.0,26.7,89.7,8.1
2024-10-09,Cuddalore,11.4725,79.4123,18.3,26.3,62.7,14.5
2024-10-09,Thanjavur,10.6715,79.3921,51.2,28.0,68.3,9.8
2024-10-10,Cuddalore,11.4725,79.4123,0.8,28.7,82.3,3.6
2024-10-10,Thanjavur,10.6715,79.3921,29.8,26.1,93.3,17.3
2024-10-11,Cuddalore,11.4725,79.4123,3.0,26.4,76.2,2.0
2024-10-11,Thanjavur,10.6715,79.3921,7.6,28.1,72.1,11.2
2024-10-12,Cuddalore,11.4725,79.4123,2.1,24.3,75.8,7.3
2024-10-12,Thanjavur,10.6715,79.3921,30.8,24.5,68.9,12.0
2024-10-13,Cuddalore,11.4725,79.4123,16.8,25.0,90.9,12.6
2024-10-13,Thanjavur,10.6715,79.3921,14.7,27.2,62.2,16.6
2024-10-14,Cuddalore,11.4725,79.4123,12.7,26.1,70.6,5.8
2024-10-14,Thanjavur,10.6715,79.3921,5.1,25.0,56.8,15.9
2024-10-15,Cuddalore,11.4725,79.4123,5.5,27.9,65.2,8.6
2024-10-15,Thanjavur,10.6715,79.3921,6.1,23.7,75.1,3.0
2024-10-16,Cuddalore,11.4725,79.4123,19.8,25.0,77.1,17.2
2024-10-16,Thanjavur,10.6715,79.3921,23.0,25.8,70.9,5.8
2024-10-17,Cuddalore,11.4725,79.4123,5.0,28.7,67.5,7.7
2024-10-17,Thanjavur,10.6715,79.3921,6.1,25.0,88.0,5.8
2024-10-18,Cuddalore,11.4725,79.4123,0.9,26.8,67.3,2.5
2024-10-18,Thanjavur,10.6715,79.3921,15.4,25.8,73.3,7.8
2024-10-19,Cuddalore,11.4725,79.4123,16.7,24.2,80.4,12.8
2024-10-19,Thanjavur,10.6715,79.3921,8.1,26.8,60.0,6.4
2024-10-20,Cuddalore,11.4725,79.4123,20.9,25.6,90.4,11.4
2024-10-20,Thanjavur,10.6715,79.3921,4.9,25.2,55.8,12.1
2024-10-21,Cuddalore,11.4725,79.4123,8.5,24.0,72.1,5.9
2024-10-21,Thanjavur,10.6715,79.3921,52.9,26.1,76.8,6.8
2024-10-22,Cuddalore,11.4725,79.4123,1.8,28.3,61.2,3.6
2024-10-22,Thanjavur,10.6715,79.3921,18.3,25.1,56.2,7.5
2024-10-23,Cuddalore,11.4725,79.4123,8.2,24.3,85.1,10.3
2024-10-23,Thanjavur,10.6715,79.3921,4.6,23.5,80.1,15.3
2024-10-24,Cuddalore,11.4725,79.4123,3.4,23.4,86.2,6.6
2024-10-24,Thanjavur,10.6715,79.3921,5.1,25.8,56.1,7.8
2024-10-25,Cuddalore,11.4725,79.4123,16.0,26.1,91.3,12.2
2024-10-25,Thanjavur,10.6715,79.3921,1.2,26.6,63.5,11.9
2024-10-26,Cuddalore,11.4725,79.4123,1.2,25.9,71.4,9.0
2024-10-26,Thanjavur,10.6715,79.3921,1.4,26.3,92.0,7.0
2024-10-27,Cuddalore,11.4725,79.4123,13.7,28.2,60.0,8.0
2024-10-27,Thanjavur,10.6715,79.3921,4.7,27.9,57.2,13.9
2024-10-28,Cuddalore,11.4725,79.4123,0.2,27.8,74.7,17.4
2024-10-28,Thanjavur,10.6715,79.3921,14.1,27.5,89.0,11.2
2024-10-29,Cuddalore,11.4725,79.4123,5.6,27.0,65.4,7.4
2024-10-29,Thanjavur,10.6715,79.3921,30.2,23.7,66.8,8.7
2024-10-30,Cuddalore,11.4725,79.4123,44.0,25.7,62.4,5.6
2024-10-30,Thanjavur,10.6715,79.3921,13.3,26.4,58.2,17.8
2024-10-31,Cuddalore,11.4725,79.4123,18.1,24.7,94.6,5.4
2024-10-31,Thanjavur,10.6715,79.3921,0.2,28.5,82.9,13.0
2024-11-01,Cuddalore,11.4725,79.4123,17.5,24.0,83.7,10.9
2024-11-01,Thanjavur,10.6715,79.3921,63.2,22.1,59.7,17.4
2024-11-02,Cuddalore,11.4725,79.4123,10.2,24.0,56.6,10.7
2024-11-02,Thanjavur,10.6715,79.3921,22.3,25.2,73.9,16.9
2024-11-03,Cuddalore,11.4725,79.4123,75.5,23.2,93.7,16.6
2024-11-03,Thanjavur,10.6715,79.3921,27.6,24.3,56.0,2.5
2024-11-04,Cuddalore,11.4725,79.4123,49.2,22.1,72.8,10.0
2024-11-04,Thanjavur,10.6715,79.3921,11.4,23.9,93.3,11.6
2024-11-05,Cuddalore,11.4725,79.4123,25.7,24.6,87.9,3.5
2024-11-05,Thanjavur,10.6715,79.3921,19.0,24.4,77.9,8.4
2024-11-06,Cuddalore,11.4725,79.4123,20.3,25.7,86.0,9.2
2024-11-06,Thanjavur,10.6715,79.3921,1.9,23.1,55.4,16.8
2024-11-07,Cuddalore,11.4725,79.4123,4.4,25.1,89.5,17.1
2024-11-07,Thanjavur,10.6715,79.3921,0.3,25.4,75.4,10.1
2024-11-08,Cuddalore,11.4725,79.4123,5.7,23.5,92.2,15.2
2024-11-08,Thanjavur,10.6715,79.3921,5.7,23.2,92.5,8.9
2024-11-09,Cuddalore,11.4725,79.4123,1.3,27.1,56.3,10.7
2024-11-09,Thanjavur,10.6715,79.3921,18.7,24.1,64.0,10.5
2024-11-10,Cuddalore,11.4725,79.4123,22.3,25.1,81.6,9.8
2024-11-10,Thanjavur,10.6715,79.3921,34.6,25.2,86.5,11.7
2024-11-11,Cuddalore,11.4725,79.4123,54.0,22.4,56.8,15.5
2024-11-11,Thanjavur,10.6715,79.3921,19.2,24.8,65.8,7.8
2024-11-12,Cuddalore,11.4725,79.4123,27.2,24.8,63.0,11.5
2024-11-12,Thanjavur,10.6715,79.3921,1.4,27.1,66.2,17.4
2024-11-13,Cuddalore,11.4725,79.4123,9.3,24.8,75.7,10.3
2024-11-13,Thanjavur,10.6715,79.3921,15.5,25.7,74.1,5.9
2024-11-14,Cuddalore,11.4725,79.4123,6.3,25.8,90.0,6.0
2024-11-14,Thanjavur,10.6715,79.3921,22.0,24.1,67.7,5.4
2024-11-15,Cuddalore,11.4725,79.4123,31.0,27.7,74.5,17.7
2024-11-15,Thanjavur,10.6715,79.3921,5.7,23.4,83.9,2.2
2024-11-16,Cuddalore,11.4725,79.4123,24.4,22.1,87.8,7.4
2024-11-16,Thanjavur,10.6715,79.3921,21.0,21.5,64.3,17.0
2024-11-17,Cuddalore,11.4725,79.4123,55.1,23.8,75.8,11.1
2024-11-17,Thanjavur,10.6715,79.3921,0.4,21.9,61.1,2.3
2024-11-18,Cuddalore,11.4725,79.4123,7.2,23.5,63.2,15.4
2024-11-18,Thanjavur,10.6715,79.3921,13.5,24.5,56.4,2.2
2024-11-19,Cuddalore,11.4725,79.4123,52.4,24.9,91.5,11.7
2024-11-19,Thanjavur,10.6715,79.3921,10.5,24.0,70.2,10.6
2024-11-20,Cuddalore,11.4725,79.4123,21.3,23.5,91.2,8.4
2024-11-20,Thanjavur,10.6715,79.3921,3.5,23.8,88.8,9.9
2024-11-21,Cuddalore,11.4725,79.4123,1.5,25.3,75.3,7.2
2024-11-21,Thanjavur,10.6715,79.3921,42.7,23.0,69.6,7.7
2024-11-22,Cuddalore,11.4725,79.4123,33.7,23.5,68.8,12.0
2024-11-22,Thanjavur,10.6715,79.3921,6.8,25.0,58.7,13.3
2024-11-23,Cuddalore,11.4725,79.4123,7.4,24.7,90.9,15.6
2024-11-23,Thanjavur,10.6715,79.3921,15.3,22.0,92.0,17.0
2024-11-24,Cuddalore,11.4725,79.4123,8.8,26.1,58.7,4.5
2024-11-24,Thanjavur,10.6715,79.3921,31.1,23.8,86.7,4.2
2024-11-25,Cuddalore,11.4725,79.4123,7.4,22.8,67.2,8.6
2024-11-25,Thanjavur,10.6715,79.3921,14.1,22.5,74.1,13.3
2024-11-26,Cuddalore,11.4725,79.4123,56.6,26.1,88.1,12.1
2024-11-26,Thanjavur,10.6715,79.3921,14.0,21.3,83.0,3.4
2024-11-27,Cuddalore,11.4725,79.4123,4.3,25.2,75.1,2.9
2024-11-27,Thanjavur,10.6715,79.3921,36.4,25.8,90.5,12.3
2024-11-28,Cuddalore,11.4725,79.4123,39.1,24.0,70.7,6.4
2024-11-28,Thanjavur,10.6715,79.3921,18.9,26.9,59.1,16.8
2024-11-29,Cuddalore,11.4725,79.4123,3.5,23.1,81.3,9.6
2024-11-29,Thanjavur,10.6715,79.3921,23.7,25.3,88.8,18.0
2024-11-30,Cuddalore,11.4725,79.4123,5.2,24.7,78.7,17.1
2024-11-30,Thanjavur,10.6715,79.3921,3.5,27.2,65.6,8.0
2024-12-01,Cuddalore,11.4725,79.4123,0.4,23.6,74.7,13.9
2024-12-01,Thanjavur,10.6715,79.3921,2.2,24.6,58.6,9.8
2024-12-02,Cuddalore,11.4725,79.4123,0.6,24.2,78.4,3.1
2024-12-02,Thanjavur,10.6715,79.3921,4.7,21.7,69.5,5.7
2024-12-03,Cuddalore,11.4725,79.4123,1.4,23.8,62.0,7.7
2024-12-03,Thanjavur,10.6715,79.3921,1.3,23.1,68.8,5.6
2024-12-04,Cuddalore,11.4725,79.4123,1.2,24.2,63.3,5.2
2024-12-04,Thanjavur,10.6715,79.3921,4.1,24.7,65.3,15.6
2024-12-05,Cuddalore,11.4725,79.4123,2.7,26.0,76.9,11.7
2024-12-05,Thanjavur,10.6715,79.3921,6.0,20.5,79.7,2.4
2024-12-06,Cuddalore,11.4725,79.4123,6.1,24.0,88.2,14.0
2024-12-06,Thanjavur,10.6715,79.3921,2.7,22.1,92.0,4.7
2024-12-07,Cuddalore,11.4725,79.4123,10.2,24.8,62.1,16.6
2024-12-07,Thanjavur,10.6715,79.3921,0.6,27.3,57.9,4.1
2024-12-08,Cuddalore,11.4725,79.4123,4.7,23.5,73.5,14.7
2024-12-08,Thanjavur,10.6715,79.3921,0.8,22.8,70.6,8.4
2024-12-09,Cuddalore,11.4725,79.4123,5.9,23.3,90.2,8.0
2024-12-09,Thanjavur,10.6715,79.3921,11.3,22.1,78.3,17.6
2024-12-10,Cuddalore,11.4725,79.4123,1.1,20.0,73.8,9.6
2024-12-10,Thanjavur,10.6715,79.3921,0.1,24.4,66.9,3.6
2024-12-11,Cuddalore,11.4725,79.4123,7.9,23.9,84.3,7.0
2024-12-11,Thanjavur,10.6715,79.3921,4.1,22.9,66.5,3.5
2024-12-12,Cuddalore,11.4725,79.4123,5.0,22.4,93.9,4.8
2024-12-12,Thanjavur,10.6715,79.3921,0.1,25.3,86.6,6.1
2024-12-13,Cuddalore,11.4725,79.4123,6.4,25.9,91.0,12.1
2024-12-13,Thanjavur,10.6715,79.3921,8.6,24.2,58.1,13.4
2024-12-14,Cuddalore,11.4725,79.4123,9.3,20.9,65.2,12.5
2024-12-14,Thanjavur,10.6715,79.3921,7.8,23.7,90.5,17.7
2024-12-15,Cuddalore,11.4725,79.4123,3.0,24.5,73.9,13.6
2024-12-15,Thanjavur,10.6715,79.3921,10.7,23.6,89.0,12.7
2024-12-16,Cuddalore,11.4725,79.4123,3.1,23.7,63.1,9.7
2024-12-16,Thanjavur,10.6715,79.3921,8.1,23.0,72.5,12.1
2024-12-17,Cuddalore,11.4725,79.4123,11.6,23.6,76.0,6.7
2024-12-17,Thanjavur,10.6715,79.3921,3.9,25.4,78.5,15.6
2024-12-18,Cuddalore,11.4725,79.4123,17.2,24.3,80.1,16.4
2024-12-18,Thanjavur,10.6715,79.3921,0.4,23.2,79.0,3.2
2024-12-19,Cuddalore,11.4725,79.4123,2.4,23.6,61.1,16.0
2024-12-19,Thanjavur,10.6715,79.3921,29.4,26.0,82.6,13.0
2024-12-20,Cuddalore,11.4725,79.4123,4.1,22.4,60.1,16.1
2024-12-20,Thanjavur,10.6715,79.3921,2.2,23.0,67.3,6.9
2024-12-21,Cuddalore,11.4725,79.4123,2.3,23.7,80.8,14.6
2024-12-21,Thanjavur,10.6715,79.3921,3.1,23.1,55.1,9.4
2024-12-22,Cuddalore,11.4725,79.4123,6.4,25.9,89.9,5.4
2024-12-22,Thanjavur,10.6715,79.3921,0.0,25.5,90.7,11.7
2024-12-23,Cuddalore,11.4725,79.4123,1.2,23.7,75.9,2.7
2024-12-23,Thanjavur,10.6715,79.3921,0.0,27.2,89.2,10.2
2024-12-24,Cuddalore,11.4725,79.4123,8.2,24.4,83.2,15.5
2024-12-24,Thanjavur,10.6715,79.3921,0.3,26.3,91.4,10.7
2024-12-25,Cuddalore,11.4725,79.4123,7.3,26.1,85.0,9.9
2024-12-25,Thanjavur,10.6715,79.3921,7.0,24.6,66.7,9.1
2024-12-26,Cuddalore,11.4725,79.4123,8.1,22.3,81.6,6.4
2024-12-26,Thanjavur,10.6715,79.3921,5.6,24.1,91.4,17.1
2024-12-27,Cuddalore,11.4725,79.4123,4.8,22.9,70.6,5.4
2024-12-27,Thanjavur,10.6715,79.3921,1.1,24.8,81.4,8.1
2024-12-28,Cuddalore,11.4725,79.4123,11.1,24.5,74.2,11.1
2024-12-28,Thanjavur,10.6715,79.3921,7.1,24.3,89.1,11.1
2024-12-29,Cuddalore,11.4725,79.4123,4.5,25.2,65.0,3.3
2024-12-29,Thanjavur,10.6715,79.3921,4.3,24.5,57.8,14.4
2024-12-30,Cuddalore,11.4725,79.4123,5.0,23.9,60.1,4.6
2024-12-30,Thanjavur,10.6715,79.3921,6.3,22.2,58.0,15.8
2024-12-31,Cuddalore,11.4725,79.4123,1.6,23.1,76.2,7.6
2024-12-31,Thanjavur,10.6715,79.3921,1.4,22.5,85.2,7.7
2025-01-01,Cuddalore,11.4725,79.4123,0.2,25.8,76.6,3.2
2025-01-01,Thanjavur,10.6715,79.3921,0.7,24.3,62.8,14.8
2025-01-02,Cuddalore,11.4725,79.4123,0.2,24.9,84.1,10.4
2025-01-02,Thanjavur,10.6715,79.3921,0.5,23.8,70.4,10.1
2025-01-03,Cuddalore,11.4725,79.4123,1.7,26.2,77.1,4.8
2025-01-03,Thanjavur,10.6715,79.3921,0.3,25.4,60.9,17.0
2025-01-04,Cuddalore,11.4725,79.4123,1.2,24.7,59.0,5.9
2025-01-04,Thanjavur,10.6715,79.3921,1.0,24.5,78.4,13.4
2025-01-05,Cuddalore,11.4725,79.4123,0.4,23.3,61.9,13.5
2025-01-05,Thanjavur,10.6715,79.3921,1.2,23.6,78.0,14.7
2025-01-06,Cuddalore,11.4725,79.4123,0.2,22.2,69.5,2.3
2025-01-06,Thanjavur,10.6715,79.3921,1.1,25.5,58.2,8.4
2025-01-07,Cuddalore,11.4725,79.4123,1.7,25.6,81.4,2.9
2025-01-07,Thanjavur,10.6715,79.3921,0.2,25.7,88.3,3.4
2025-01-08,Cuddalore,11.4725,79.4123,0.1,23.1,85.2,5.4
2025-01-08,Thanjavur,10.6715,79.3921,0.6,26.7,61.3,9.5
2025-01-09,Cuddalore,11.4725,79.4123,0.0,24.0,89.0,5.0
2025-01-09,Thanjavur,10.6715,79.3921,0.8,25.3,75.4,6.7
2025-01-10,Cuddalore,11.4725,79.4123,0.0,22.7,66.1,17.2
2025-01-10,Thanjavur,10.6715,79.3921,2.3,26.3,72.6,9.0
2025-01-11,Cuddalore,11.4725,79.4123,2.2,25.5,66.0,7.5
2025-01-11,Thanjavur,10.6715,79.3921,5.6,24.1,66.0,15.3
2025-01-12,Cuddalore,11.4725,79.4123,1.7,23.8,70.0,12.4
2025-01-12,Thanjavur,10.6715,79.3921,0.9,25.5,95.0,9.1
2025-01-13,Cuddalore,11.4725,79.4123,0.1,26.3,92.9,14.1
2025-01-13,Thanjavur,10.6715,79.3921,1.6,23.3,62.8,3.1
2025-01-14,Cuddalore,11.4725,79.4123,2.0,24.4,68.5,17.7
2025-01-14,Thanjavur,10.6715,79.3921,0.1,23.8,88.6,9.3
2025-01-15,Cuddalore,11.4725,79.4123,0.0,26.4,69.8,10.5
2025-01-15,Thanjavur,10.6715,79.3921,0.8,23.6,93.3,7.9
2025-01-16,Cuddalore,11.4725,79.4123,0.4,22.7,77.5,8.7
2025-01-16,Thanjavur,10.6715,79.3921,0.0,25.6,92.3,17.5
2025-01-17,Cuddalore,11.4725,79.4123,1.4,26.5,86.3,7.4
2025-01-17,Thanjavur,10.6715,79.3921,0.0,25.5,81.9,3.5
2025-01-18,Cuddalore,11.4725,79.4123,1.8,26.1,72.5,14.5
2025-01-18,Thanjavur,10.6715,79.3921,1.0,27.6,70.5,4.5
2025-01-19,Cuddalore,11.4725,79.4123,2.0,27.0,85.7,8.9
2025-01-19,Thanjavur,10.6715,79.3921,4.7,27.2,90.6,9.7
2025-01-20,Cuddalore,11.4725,79.4123,1.4,27.2,58.7,17.0
2025-01-20,Thanjavur,10.6715,79.3921,0.5,23.8,91.4,4.6
2025-01-21,Cuddalore,11.4725,79.4123,0.3,25.6,93.7,15.1
2025-01-21,Thanjavur,10.6715,79.3921,2.6,24.8,60.0,17.4
2025-01-22,Cuddalore,11.4725,79.4123,0.4,22.3,86.8,14.8
2025-01-22,Thanjavur,10.6715,79.3921,5.4,24.7,68.2,17.1
2025-01-23,Cuddalore,11.4725,79.4123,4.0,26.2,77.6,13.3
2025-01-23,Thanjavur,10.6715,79.3921,1.3,25.4,67.7,8.2
2025-01-24,Cuddalore,11.4725,79.4123,0.9,24.4,86.7,16.1
2025-01-24,Thanjavur,10.6715,79.3921,1.1,23.6,58.9,12.6
2025-01-25,Cuddalore,11.4725,79.4123,1.1,25.4,86.3,6.3
2025-01-25,Thanjavur,10.6715,79.3921,0.2,24.3,55.4,10.3
2025-01-26,Cuddalore,11.4725,79.4123,0.7,26.2,84.1,10.3
2025-01-26,Thanjavur,10.6715,79.3921,1.0,26.2,87.3,2.2
2025-01-27,Cuddalore,11.4725,79.4123,0.3,25.1,81.5,6.4
2025-01-27,Thanjavur,10.6715,79.3921,0.9,23.0,61.4,14.5
2025-01-28,Cuddalore,11.4725,79.4123,0.2,23.9,90.0,14.2
2025-01-28,Thanjavur,10.6715,79.3921,1.1,27.3,70.9,3.7
2025-01-29,Cuddalore,11.4725,79.4123,1.8,25.3,79.5,2.6
2025-01-29,Thanjavur,10.6715,79.3921,1.2,26.5,80.2,9.4
2025-01-30,Cuddalore,11.4725,79.4123,1.8,23.1,76.7,11.5
2025-01-30,Thanjavur,10.6715,79.3921,0.5,29.1,68.2,11.2
2025-01-31,Cuddalore,11.4725,79.4123,0.2,22.1,58.2,3.6
2025-01-31,Thanjavur,10.6715,79.3921,2.5,25.3,77.2,10.0
2025-02-01,Cuddalore,11.4725,79.4123,0.9,23.4,94.1,12.6
2025-02-01,Thanjavur,10.6715,79.3921,0.1,27.7,75.9,10.3
2025-02-02,Cuddalore,11.4725,79.4123,0.0,24.8,58.1,9.2
2025-02-02,Thanjavur,10.6715,79.3921,0.9,25.8,65.4,11.4
2025-02-03,Cuddalore,11.4725,79.4123,2.1,26.5,82.2,8.8
2025-02-03,Thanjavur,10.6715,79.3921,0.2,27.2,74.4,8.8
2025-02-04,Cuddalore,11.4725,79.4123,2.0,25.8,67.8,9.6
2025-02-04,Thanjavur,10.6715,79.3921,1.3,26.3,82.0,10.4
2025-02-05,Cuddalore,11.4725,79.4123,0.3,26.4,72.2,9.9
2025-02-05,Thanjavur,10.6715,79.3921,0.6,26.1,88.2,10.6
2025-02-06,Cuddalore,11.4725,79.4123,1.9,25.7,59.7,8.8
2025-02-06,Thanjavur,10.6715,79.3921,0.1,25.3,62.1,5.2
2025-02-07,Cuddalore,11.4725,79.4123,3.7,26.5,77.3,16.9
2025-02-07,Thanjavur,10.6715,79.3921,2.8,26.5,69.7,12.5
2025-02-08,Cuddalore,11.4725,79.4123,0.1,25.0,69.6,11.8
2025-02-08,Thanjavur,10.6715,79.3921,0.2,25.7,87.3,3.1
2025-02-09,Cuddalore,11.4725,79.4123,0.3,23.4,89.5,17.2
2025-02-09,Thanjavur,10.6715,79.3921,0.1,25.7,66.5,13.2
2025-02-10,Cuddalore,11.4725,79.4123,0.2,23.4,81.7,17.0
2025-02-10,Thanjavur,10.6715,79.3921,1.6,25.3,71.0,14.6
2025-02-11,Cuddalore,11.4725,79.4123,0.4,24.5,77.3,3.4
2025-02-11,Thanjavur,10.6715,79.3921,0.1,24.9,76.7,12.3
2025-02-12,Cuddalore,11.4725,79.4123,0.3,28.1,58.2,12.9
2025-02-12,Thanjavur,10.6715,79.3921,0.1,24.3,85.7,9.8
2025-02-13,Cuddalore,11.4725,79.4123,0.2,25.4,88.8,9.8
2025-02-13,Thanjavur,10.6715,79.3921,0.4,26.5,65.9,17.8
2025-02-14,Cuddalore,11.4725,79.4123,2.0,23.1,77.4,7.1
2025-02-14,Thanjavur,10.6715,79.3921,0.8,25.8,82.9,11.8
2025-02-15,Cuddalore,11.4725,79.4123,1.6,26.4,71.2,8.6
2025-02-15,Thanjavur,10.6715,79.3921,0.7,24.4,70.0,12.5
2025-02-16,Cuddalore,11.4725,79.4123,0.2,23.9,82.8,8.1
2025-02-16,Thanjavur,10.6715,79.3921,0.7,27.2,67.7,2.4
2025-02-17,Cuddalore,11.4725,79.4123,0.1,23.2,62.7,17.8
2025-02-17,Thanjavur,10.6715,79.3921,1.7,25.4,93.9,14.2
2025-02-18,Cuddalore,11.4725,79.4123,0.1,24.2,66.5,4.9
2025-02-18,Thanjavur,10.6715,79.3921,1.3,22.5,70.4,5.1
2025-02-19,Cuddalore,11.4725,79.4123,0.9,27.7,81.2,12.7
2025-02-19,Thanjavur,10.6715,79.3921,2.0,27.0,78.5,7.5
2025-02-20,Cuddalore,11.4725,79.4123,0.4,27.8,58.8,5.5
2025-02-20,Thanjavur,10.6715,79.3921,4.6,26.2,90.9,12.1
2025-02-21,Cuddalore,11.4725,79.4123,2.2,24.2,87.8,9.4
2025-02-21,Thanjavur,10.6715,79.3921,0.7,25.3,56.8,8.8
2025-02-22,Cuddalore,11.4725,79.4123,1.4,21.0,94.2,7.6
2025-02-22,Thanjavur,10.6715,79.3921,1.8,23.8,80.0,4.7
2025-02-23,Cuddalore,11.4725,79.4123,0.4,25.6,65.8,12.1
2025-02-23,Thanjavur,10.6715,79.3921,0.4,27.6,57.5,5.5
2025-02-24,Cuddalore,11.4725,79.4123,0.6,25.3,85.4,14.9
2025-02-24,Thanjavur,10.6715,79.3921,0.2,26.5,76.4,12.8
2025-02-25,Cuddalore,11.4725,79.4123,3.0,26.4,62.6,5.2
2025-02-25,Thanjavur,10.6715,79.3921,0.9,24.1,59.6,6.7
2025-02-26,Cuddalore,11.4725,79.4123,0.7,24.2,73.6,17.2
2025-02-26,Thanjavur,10.6715,79.3921,0.8,27.0,57.1,2.0
2025-02-27,Cuddalore,11.4725,79.4123,0.5,24.7,70.8,13.2
2025-02-27,Thanjavur,10.6715,79.3921,0.8,26.6,62.4,16.6
2025-02-28,Cuddalore,11.4725,79.4123,0.2,24.6,60.8,11.0
2025-02-28,Thanjavur,10.6715,79.3921,0.2,24.9,61.4,7.6
2025-03-01,Cuddalore,11.4725,79.4123,1.7,28.6,93.0,14.5
2025-03-01,Thanjavur,10.6715,79.3921,3.5,27.7,83.4,5.2
2025-03-02,Cuddalore,11.4725,79.4123,0.8,27.5,72.0,3.9
2025-03-02,Thanjavur,10.6715,79.3921,1.6,26.5,55.2,11.0
2025-03-03,Cuddalore,11.4725,79.4123,0.5,28.2,89.3,5.2
2025-03-03,Thanjavur,10.6715,79.3921,1.9,26.7,83.6,4.1
2025-03-04,Cuddalore,11.4725,79.4123,1.6,28.8,87.1,14.8
2025-03-04,Thanjavur,10.6715,79.3921,0.2,26.5,56.6,8.4
2025-03-05,Cuddalore,11.4725,79.4123,0.2,27.5,69.7,6.4
2025-03-05,Thanjavur,10.6715,79.3921,0.3,28.8,78.3,2.2
2025-03-06,Cuddalore,11.4725,79.4123,0.0,28.4,92.5,10.0
2025-03-06,Thanjavur,10.6715,79.3921,1.0,28.6,93.5,5.8
2025-03-07,Cuddalore,11.4725,79.4123,1.4,27.8,67.9,5.9
2025-03-07,Thanjavur,10.6715,79.3921,0.4,26.2,86.0,8.0
2025-03-08,Cuddalore,11.4725,79.4123,0.1,29.2,86.5,13.0
2025-03-08,Thanjavur,10.6715,79.3921,0.0,28.0,57.4,10.1
2025-03-09,Cuddalore,11.4725,79.4123,0.3,27.0,83.1,5.3
2025-03-09,Thanjavur,10.6715,79.3921,2.4,26.9,83.7,11.0
2025-03-10,Cuddalore,11.4725,79.4123,0.6,30.4,60.5,6.2
2025-03-10,Thanjavur,10.6715,79.3921,0.2,27.7,59.9,9.1
2025-03-11,Cuddalore,11.4725,79.4123,0.7,30.9,90.5,6.5
2025-03-11,Thanjavur,10.6715,79.3921,7.7,25.9,78.2,8.7
2025-03-12,Cuddalore,11.4725,79.4123,1.5,29.8,61.0,6.8
2025-03-12,Thanjavur,10.6715,79.3921,0.2,27.5,72.8,11.9
2025-03-13,Cuddalore,11.4725,79.4123,0.0,27.1,58.4,11.3
2025-03-13,Thanjavur,10.6715,79.3921,0.7,26.3,57.8,16.5
2025-03-14,Cuddalore,11.4725,79.4123,1.0,28.0,89.8,5.4
2025-03-14,Thanjavur,10.6715,79.3921,0.7,29.3,82.8,10.4
2025-03-15,Cuddalore,11.4725,79.4123,0.1,28.1,92.6,2.6
2025-03-15,Thanjavur,10.6715,79.3921,0.6,27.2,85.2,9.2
2025-03-16,Cuddalore,11.4725,79.4123,1.8,25.7,55.1,13.1
2025-03-16,Thanjavur,10.6715,79.3921,0.1,27.5,76.2,10.6
2025-03-17,Cuddalore,11.4725,79.4123,1.3,28.4,83.4,17.8
2025-03-17,Thanjavur,10.6715,79.3921,0.3,26.7,78.1,11.0
2025-03-18,Cuddalore,11.4725,79.4123,0.2,29.8,89.6,9.8
2025-03-18,Thanjavur,10.6715,79.3921,0.5,27.3,85.7,17.1
2025-03-19,Cuddalore,11.4725,79.4123,1.4,28.5,72.6,2.6
2025-03-19,Thanjavur,10.6715,79.3921,0.3,27.3,57.8,12.7
2025-03-20,Cuddalore,11.4725,79.4123,1.1,29.1,90.7,6.8
2025-03-20,Thanjavur,10.6715,79.3921,0.5,28.2,61.9,6.3
2025-03-21,Cuddalore,11.4725,79.4123,0.1,30.3,64.9,2.7
2025-03-21,Thanjavur,10.6715,79.3921,0.3,28.2,93.2,11.9
2025-03-22,Cuddalore,11.4725,79.4123,0.4,28.8,63.7,4.3
2025-03-22,Thanjavur,10.6715,79.3921,0.3,28.3,55.9,5.4
2025-03-23,Cuddalore,11.4725,79.4123,0.9,26.2,71.2,12.5
2025-03-23,Thanjavur,10.6715,79.3921,1.9,29.7,65.6,2.6
2025-03-24,Cuddalore,11.4725,79.4123,2.9,28.5,78.5,18.0
2025-03-24,Thanjavur,10.6715,79.3921,0.3,28.8,68.6,14.4
2025-03-25,Cuddalore,11.4725,79.4123,0.3,29.5,84.3,4.4
2025-03-25,Thanjavur,10.6715,79.3921,1.0,29.6,56.0,11.4
2025-03-26,Cuddalore,11.4725,79.4123,4.6,26.4,63.6,13.1
2025-03-26,Thanjavur,10.6715,79.3921,0.1,26.1,75.6,4.0
2025-03-27,Cuddalore,11.4725,79.4123,0.6,26.8,76.8,5.8
2025-03-27,Thanjavur,10.6715,79.3921,1.8,26.1,66.1,2.5
2025-03-28,Cuddalore,11.4725,79.4123,2.7,27.3,73.3,6.8
2025-03-28,Thanjavur,10.6715,79.3921,2.6,26.3,76.6,10.8
2025-03-29,Cuddalore,11.4725,79.4123,0.1,26.4,63.7,2.7
2025-03-29,Thanjavur,10.6715,79.3921,3.4,28.4,68.2,17.9
2025-03-30,Cuddalore,11.4725,79.4123,0.6,25.5,68.8,14.6
2025-03-30,Thanjavur,10.6715,79.3921,0.6,28.0,86.6,4.1
2025-03-31,Cuddalore,11.4725,79.4123,1.1,29.2,74.8,7.7
2025-03-31,Thanjavur,10.6715,79.3921,0.9,29.2,90.5,10.7
2025-04-01,Cuddalore,11.4725,79.4123,2.3,30.8,83.4,10.3
2025-04-01,Thanjavur,10.6715,79.3921,0.1,31.0,95.0,3.5
2025-04-02,Cuddalore,11.4725,79.4123,0.0,31.0,93.4,6.5
2025-04-02,Thanjavur,10.6715,79.3921,0.5,28.3,77.1,13.2
2025-04-03,Cuddalore,11.4725,79.4123,0.5,29.6,67.0,12.5
2025-04-03,Thanjavur,10.6715,79.3921,1.2,30.9,65.3,16.1
2025-04-04,Cuddalore,11.4725,79.4123,0.3,29.2,61.8,4.7
2025-04-04,Thanjavur,10.6715,79.3921,0.4,29.3,76.5,17.5
2025-04-05,Cuddalore,11.4725,79.4123,0.6,30.3,65.2,15.1
2025-04-05,Thanjavur,10.6715,79.3921,0.3,32.6,55.3,8.5
2025-04-06,Cuddalore,11.4725,79.4123,0.7,31.2,93.4,3.5
2025-04-06,Thanjavur,10.6715,79.3921,0.6,27.6,82.9,15.5
2025-04-07,Cuddalore,11.4725,79.4123,0.2,30.2,83.0,9.8
2025-04-07,Thanjavur,10.6715,79.3921,2.3,28.5,60.5,7.8
2025-04-08,Cuddalore,11.4725,79.4123,0.4,31.3,87.7,10.7
2025-04-08,Thanjavur,10.6715,79.3921,2.7,31.9,87.0,16.6
2025-04-09,Cuddalore,11.4725,79.4123,1.7,32.9,93.7,8.5
2025-04-09,Thanjavur,10.6715,79.3921,2.3,31.2,86.7,16.6
2025-04-10,Cuddalore,11.4725,79.4123,0.5,30.7,65.8,2.4
2025-04-10,Thanjavur,10.6715,79.3921,0.1,30.8,57.8,12.7
2025-04-11,Cuddalore,11.4725,79.4123,0.9,28.5,87.4,4.5
2025-04-11,Thanjavur,10.6715,79.3921,3.9,29.9,80.5,13.3
2025-04-12,Cuddalore,11.4725,79.4123,0.2,30.2,94.7,15.3
2025-04-12,Thanjavur,10.6715,79.3921,1.3,29.0,59.2,13.1
2025-04-13,Cuddalore,11.4725,79.4123,0.0,30.6,57.1,8.4
2025-04-13,Thanjavur,10.6715,79.3921,0.1,33.1,84.6,2.4
2025-04-14,Cuddalore,11.4725,79.4123,0.2,27.4,92.5,8.4
2025-04-14,Thanjavur,10.6715,79.3921,2.8,30.9,81.0,13.5
2025-04-15,Cuddalore,11.4725,79.4123,1.7,29.9,71.3,4.9
2025-04-15,Thanjavur,10.6715,79.3921,0.4,30.7,70.1,6.3
2025-04-16,Cuddalore,11.4725,79.4123,0.1,30.2,62.2,2.3
2025-04-16,Thanjavur,10.6715,79.3921,0.6,29.5,56.9,5.1
2025-04-17,Cuddalore,11.4725,79.4123,0.3,27.9,86.3,3.1
2025-04-17,Thanjavur,10.6715,79.3921,0.9,31.0,56.4,11.5
2025-04-18,Cuddalore,11.4725,79.4123,0.4,30.6,66.2,5.4
2025-04-18,Thanjavur,10.6715,79.3921,0.6,30.7,78.4,14.0
2025-04-19,Cuddalore,11.4725,79.4123,0.4,31.7,94.7,2.1
2025-04-19,Thanjavur,10.6715,79.3921,0.4,29.2,68.8,9.0
2025-04-20,Cuddalore,11.4725,79.4123,0.2,29.9,76.2,8.2
2025-04-20,Thanjavur,10.6715,79.3921,0.7,28.7,60.9,11.2
2025-04-21,Cuddalore,11.4725,79.4123,1.8,29.2,70.8,4.0
2025-04-21,Thanjavur,10.6715,79.3921,1.7,28.0,92.0,4.8
2025-04-22,Cuddalore,11.4725,79.4123,1.7,28.8,66.1,18.0
2025-04-22,Thanjavur,10.6715,79.3921,0.4,26.6,73.3,14.5
2025-04-23,Cuddalore,11.4725,79.4123,2.7,30.5,87.2,12.8
2025-04-23,Thanjavur,10.6715,79.3921,0.0,32.9,57.7,15.8
2025-04-24,Cuddalore,11.4725,79.4123,0.6,28.3,77.8,2.6
2025-04-24,Thanjavur,10.6715,79.3921,1.1,29.5,91.6,6.9
2025-04-25,Cuddalore,11.4725,79.4123,3.5,32.6,70.6,2.3
2025-04-25,Thanjavur,10.6715,79.3921,0.1,30.7,72.7,16.9
2025-04-26,Cuddalore,11.4725,79.4123,0.5,30.4,84.3,9.6
2025-04-26,Thanjavur,10.6715,79.3921,2.8,28.6,78.1,3.2
2025-04-27,Cuddalore,11.4725,79.4123,1.1,29.7,72.5,9.6
2025-04-27,Thanjavur,10.6715,79.3921,0.8,29.1,66.3,4.4
2025-04-28,Cuddalore,11.4725,79.4123,0.5,30.6,80.1,6.1
2025-04-28,Thanjavur,10.6715,79.3921,0.9,30.6,93.1,3.6
2025-04-29,Cuddalore,11.4725,79.4123,0.5,29.3,56.0,12.5
2025-04-29,Thanjavur,10.6715,79.3921,0.4,29.6,85.9,15.8
2025-04-30,Cuddalore,11.4725,79.4123,0.5,31.7,93.6,12.6
2025-04-30,Thanjavur,10.6715,79.3921,0.1,31.9,87.9,11.6
2025-05-01,Cuddalore,11.4725,79.4123,0.5,30.9,88.0,2.2
2025-05-01,Thanjavur,10.6715,79.3921,1.8,30.9,57.3,10.3
2025-05-02,Cuddalore,11.4725,79.4123,0.0,29.7,63.9,11.0
2025-05-02,Thanjavur,10.6715,79.3921,2.1,31.0,61.9,3.8
2025-05-03,Cuddalore,11.4725,79.4123,0.8,31.5,84.9,13.6
2025-05-03,Thanjavur,10.6715,79.3921,1.3,29.1,60.7,9.8
2025-05-04,Cuddalore,11.4725,79.4123,3.2,32.0,71.6,16.4
2025-05-04,Thanjavur,10.6715,79.3921,2.7,31.1,81.6,11.1
2025-05-05,Cuddalore,11.4725,79.4123,2.5,33.5,60.1,4.0
2025-05-05,Thanjavur,10.6715,79.3921,0.5,33.6,82.8,14.8
2025-05-06,Cuddalore,11.4725,79.4123,1.4,34.4,85.4,8.7
2025-05-06,Thanjavur,10.6715,79.3921,0.6,32.0,90.3,2.8
2025-05-07,Cuddalore,11.4725,79.4123,1.3,31.0,56.1,15.6
2025-05-07,Thanjavur,10.6715,79.3921,1.8,31.9,91.2,13.3
2025-05-08,Cuddalore,11.4725,79.4123,0.8,31.1,69.4,4.6
2025-05-08,Thanjavur,10.6715,79.3921,0.5,33.2,59.7,5.6
2025-05-09,Cuddalore,11.4725,79.4123,2.5,32.4,66.2,15.3
2025-05-09,Thanjavur,10.6715,79.3921,0.7,30.8,83.1,13.1
2025-05-10,Cuddalore,11.4725,79.4123,0.7,32.5,72.2,8.5
2025-05-10,Thanjavur,10.6715,79.3921,0.4,28.8,70.8,11.7
2025-05-11,Cuddalore,11.4725,79.4123,0.0,33.7,58.2,10.0
2025-05-11,Thanjavur,10.6715,79.3921,0.4,30.4,88.6,4.2
2025-05-12,Cuddalore,11.4725,79.4123,1.1,33.5,91.8,8.2
2025-05-12,Thanjavur,10.6715,79.3921,0.3,30.8,64.6,16.9
2025-05-13,Cuddalore,11.4725,79.4123,4.6,31.6,74.8,12.2
2025-05-13,Thanjavur,10.6715,79.3921,1.1,31.0,79.5,9.6
2025-05-14,Cuddalore,11.4725,79.4123,1.2,32.1,65.9,9.5
2025-05-14,Thanjavur,10.6715,79.3921,0.3,29.7,90.8,9.4
2025-05-15,Cuddalore,11.4725,79.4123,0.4,28.1,71.7,8.1
2025-05-15,Thanjavur,10.6715,79.3921,0.2,33.4,71.9,8.0
2025-05-16,Cuddalore,11.4725,79.4123,0.2,33.7,92.4,14.9
2025-05-16,Thanjavur,10.6715,79.3921,2.3,30.8,93.6,13.4
2025-05-17,Cuddalore,11.4725,79.4123,0.1,30.2,63.8,13.2
2025-05-17,Thanjavur,10.6715,79.3921,0.0,31.1,59.1,16.7
2025-05-18,Cuddalore,11.4725,79.4123,1.1,29.8,85.6,14.6
2025-05-18,Thanjavur,10.6715,79.3921,0.3,32.0,93.2,16.6
2025-05-19,Cuddalore,11.4725,79.4123,0.0,30.9,63.5,6.8
2025-05-19,Thanjavur,10.6715,79.3921,2.0,30.7,60.7,3.8
2025-05-20,Cuddalore,11.4725,79.4123,2.6,30.6,94.7,6.1
2025-05-20,Thanjavur,10.6715,79.3921,0.0,31.3,69.1,13.2
2025-05-21,Cuddalore,11.4725,79.4123,0.9,30.9,89.9,6.5
2025-05-21,Thanjavur,10.6715,79.3921,0.9,31.3,94.9,13.1
2025-05-22,Cuddalore,11.4725,79.4123,0.0,30.4,60.3,6.9
2025-05-22,Thanjavur,10.6715,79.3921,0.0,33.0,58.8,2.3
2025-05-23,Cuddalore,11.4725,79.4123,0.9,32.0,77.9,5.1
2025-05-23,Thanjavur,10.6715,79.3921,0.8,31.4,92.8,2.7
2025-05-24,Cuddalore,11.4725,79.4123,0.3,29.9,57.1,15.5
2025-05-24,Thanjavur,10.6715,79.3921,2.3,32.9,59.0,11.9
2025-05-25,Cuddalore,11.4725,79.4123,0.5,30.5,77.4,8.8
2025-05-25,Thanjavur,10.6715,79.3921,0.6,31.6,58.0,6.7
2025-05-26,Cuddalore,11.4725,79.4123,1.8,30.6,78.3,7.2
2025-05-26,Thanjavur,10.6715,79.3921,0.3,32.4,81.6,10.6
2025-05-27,Cuddalore,11.4725,79.4123,1.7,28.5,64.1,8.6
2025-05-27,Thanjavur,10.6715,79.3921,2.0,30.5,63.2,9.3
2025-05-28,Cuddalore,11.4725,79.4123,0.1,32.5,85.1,2.6
2025-05-28,Thanjavur,10.6715,79.3921,0.1,30.3,73.4,10.6
2025-05-29,Cuddalore,11.4725,79.4123,0.7,28.6,85.6,3.5
2025-05-29,Thanjavur,10.6715,79.3921,0.5,30.5,76.7,10.0
2025-05-30,Cuddalore,11.4725,79.4123,0.8,31.8,56.4,16.4
2025-05-30,Thanjavur,10.6715,79.3921,1.6,29.7,68.3,12.5
2025-05-31,Cuddalore,11.4725,79.4123,1.4,31.2,93.3,18.0
2025-05-31,Thanjavur,10.6715,79.3921,0.3,31.2,65.9,17.4
2025-06-01,Cuddalore,11.4725,79.4123,3.6,34.5,59.5,16.6
2025-06-01,Thanjavur,10.6715,79.3921,0.5,30.7,94.1,2.6
2025-06-02,Cuddalore,11.4725,79.4123,0.3,34.4,84.0,11.7
2025-06-02,Thanjavur,10.6715,79.3921,1.7,30.7,66.9,17.5
2025-06-03,Cuddalore,11.4725,79.4123,8.2,32.8,61.0,15.1
2025-06-03,Thanjavur,10.6715,79.3921,18.1,31.5,81.6,11.0
2025-06-04,Cuddalore,11.4725,79.4123,2.8,31.3,78.4,2.0
2025-06-04,Thanjavur,10.6715,79.3921,2.2,29.9,62.6,14.7
2025-06-05,Cuddalore,11.4725,79.4123,8.9,32.8,60.8,14.1
2025-06-05,Thanjavur,10.6715,79.3921,13.9,33.5,88.5,7.8
2025-06-06,Cuddalore,11.4725,79.4123,4.0,32.7,91.4,7.7
2025-06-06,Thanjavur,10.6715,79.3921,3.6,31.0,79.6,16.6
2025-06-07,Cuddalore,11.4725,79.4123,8.9,31.4,69.7,14.4
2025-06-07,Thanjavur,10.6715,79.3921,39.2,31.7,91.5,3.1
2025-06-08,Cuddalore,11.4725,79.4123,1.4,32.9,82.8,3.8
2025-06-08,Thanjavur,10.6715,79.3921,6.9,33.7,70.7,7.2
2025-06-09,Cuddalore,11.4725,79.4123,16.1,31.6,87.1,8.1
2025-06-09,Thanjavur,10.6715,79.3921,7.7,29.3,56.8,10.7
2025-06-10,Cuddalore,11.4725,79.4123,4.2,29.2,59.4,9.5
2025-06-10,Thanjavur,10.6715,79.3921,6.6,30.8,55.0,4.1
2025-06-11,Cuddalore,11.4725,79.4123,15.2,33.4,56.8,6.0
2025-06-11,Thanjavur,10.6715,79.3921,6.5,32.8,82.8,5.2
2025-06-12,Cuddalore,11.4725,79.4123,12.1,33.0,63.0,3.1
2025-06-12,Thanjavur,10.6715,79.3921,2.3,30.9,66.5,17.6
2025-06-13,Cuddalore,11.4725,79.4123,16.1,31.3,82.8,12.0
2025-06-13,Thanjavur,10.6715,79.3921,9.0,33.3,73.8,4.5
2025-06-14,Cuddalore,11.4725,79.4123,7.2,34.4,57.8,8.7
2025-06-14,Thanjavur,10.6715,79.3921,6.9,33.4,57.9,15.3
2025-06-15,Cuddalore,11.4725,79.4123,4.5,33.4,94.5,3.9
2025-06-15,Thanjavur,10.6715,79.3921,2.1,30.9,57.5,15.8
2025-06-16,Cuddalore,11.4725,79.4123,9.4,32.9,89.4,16.4
2025-06-16,Thanjavur,10.6715,79.3921,11.0,30.0,71.3,10.0
2025-06-17,Cuddalore,11.4725,79.4123,2.0,33.6,62.1,3.8
2025-06-17,Thanjavur,10.6715,79.3921,0.4,32.5,74.7,9.7
2025-06-18,Cuddalore,11.4725,79.4123,10.6,31.6,61.9,8.0
2025-06-18,Thanjavur,10.6715,79.3921,21.1,28.8,76.8,14.2
2025-06-19,Cuddalore,11.4725,79.4123,3.2,31.5,65.3,2.7
2025-06-19,Thanjavur,10.6715,79.3921,0.7,32.0,63.2,7.2
2025-06-20,Cuddalore,11.4725,79.4123,2.4,32.1,78.4,8.4
2025-06-20,Thanjavur,10.6715,79.3921,4.4,31.6,73.5,3.4
2025-06-21,Cuddalore,11.4725,79.4123,6.4,31.2,81.6,4.4
2025-06-21,Thanjavur,10.6715,79.3921,8.7,30.7,63.1,15.8
2025-06-22,Cuddalore,11.4725,79.4123,26.9,34.4,86.1,17.5
2025-06-22,Thanjavur,10.6715,79.3921,5.5,34.9,90.9,5.0
2025-06-23,Cuddalore,11.4725,79.4123,0.6,32.3,62.9,13.3
2025-06-23,Thanjavur,10.6715,79.3921,3.3,30.8,70.2,13.2
2025-06-24,Cuddalore,11.4725,79.4123,19.9,30.4,60.1,11.7
2025-06-24,Thanjavur,10.6715,79.3921,10.0,31.6,93.4,16.8
2025-06-25,Cuddalore,11.4725,79.4123,2.8,34.9,87.2,17.6
2025-06-25,Thanjavur,10.6715,79.3921,18.4,32.4,58.1,5.6
2025-06-26,Cuddalore,11.4725,79.4123,12.6,33.8,66.0,15.8
2025-06-26,Thanjavur,10.6715,79.3921,23.3,33.7,55.6,8.1
2025-06-27,Cuddalore,11.4725,79.4123,2.8,33.0,58.1,17.2
2025-06-27,Thanjavur,10.6715,79.3921,8.0,30.3,71.8,3.8
2025-06-28,Cuddalore,11.4725,79.4123,7.2,33.7,60.2,7.5
2025-06-28,Thanjavur,10.6715,79.3921,6.5,30.1,94.4,6.4
2025-06-29,Cuddalore,11.4725,79.4123,3.4,30.9,77.3,6.1
2025-06-29,Thanjavur,10.6715,79.3921,4.1,32.4,73.1,5.5
2025-06-30,Cuddalore,11.4725,79.4123,10.4,31.4,63.0,16.5
2025-06-30,Thanjavur,10.6715,79.3921,0.0,32.4,56.1,6.7
