intent_signature,intent,intent_tamil,crop,crop_tamil,soil_type,soil_tamil,required_entities,response_policy
AGR|CROP_SELECTION|CROP=rice|SOIL=red,crop_selection,பயிர் தேர்வு,rice,நெல்,red,செம்மண்,"crop,soil; add district/season/stage when present",retrieve canonical answer; live lookup for price/weather/schemes
AGR|CROP_SELECTION|CROP=rice|SOIL=black,crop_selection,பயிர் தேர்வு,rice,நெல்,black,கரிசல் மண்,"crop,soil; add district/season/stage when present",retrieve canonical answer; live lookup for price/weather/schemes
AGR|CROP_SELECTION|CROP=rice|SOIL=alluvial,crop_selection,பயிர் தேர்வு,rice,நெல்,alluvial,வண்டல் மண்,"crop,soil; add district/season/stage when present",retrieve canonical answer; live lookup for price/weather/schemes
AGR|CROP_SELECTION|CROP=rice|SOIL=sandy,crop_selection,பயிர் தேர்வு,rice,நெல்,sandy,மணல் மண்,"crop,soil; add district/season/stage when present",retrieve canonical answer; live lookup for price/weather/schemes
AGR|CROP_SELECTION|CROP=rice|SOIL=clay,crop_selection,பயிர் தேர்வு,rice,நெல்,clay,களிமண்,"crop,soil; add district/season/stage when present",retrieve canonical answer; live lookup for price/weather/schemes
AGR|CROP_SELECTION|CROP=rice|SOIL=loamy,crop_selection,பயிர் தேர்வு,rice,நெல்,loamy,கலப்பு மண்,"crop,soil; add district/season/stage when present",retrieve canonical answer; live lookup for price/weather/schemes
AGR|CROP_SELECTION|CROP=rice|SOIL=laterite,crop_selection,பயிர் தேர்வு,rice,நெல்,laterite,சரளை மண்,"crop,soil; add district/season/stage when present",retrieve canonical answer; live lookup for price/weather/schemes
AGR|CROP_SELECTION|CROP=banana|SOIL=red,crop_selection,பயிர் தேர்வு,banana,வாழை,red,செம்மண்,"crop,soil; add district/season/stage when present",retrieve canonical answer; live lookup for price/weather/schemes
AGR|CROP_SELECTION|CROP=banana|SOIL=black,crop_selection,பயிர் தேர்வு,banana,வாழை,black,கரிசல் மண்,"crop,soil; add district/season/stage when present",retrieve canonical answer; live lookup for price/weather/schemes
AGR|CROP_SELECTION|CROP=banana|SOIL=alluvial,crop_selection,பயிர் தேர்வு,banana,வாழை,alluvial,வண்டல் மண்,"crop,soil; add district/season/stage when present",retrieve canonical answer; live lookup for price/weather/schemes
AGR|CROP_SELECTION|CROP=banana|SOIL=sandy,crop_selection,பயிர் தேர்வு,banana,வாழை,sandy,மணல் மண்,"crop,soil; add district/season/stage when present",retrieve canonical answer; live lookup for price/weather/schemes
AGR|CROP_SELECTION|CROP=banana|SOIL=clay,crop_selection,பயிர் தேர்வு,banana,வாழை,clay,களிமண்,"crop,soil; add district/season/stage when present",retrieve canonical answer; live lookup for price/weather/schemes
AGR|CROP_SELECTION|CROP=banana|SOIL=loamy,crop_selection,பயிர் தேர்வு,banana,வாழை,loamy,கலப்பு மண்,"crop,soil; add district/season/stage when present",retrieve canonical answer; live lookup for price/weather/schemes
AGR|CROP_SELECTION|CROP=banana|SOIL=laterite,crop_selection,பயிர் தேர்வு,banana,வாழை,laterite,சரளை மண்,"crop,soil; add district/season/stage when present",retrieve canonical answer; live lookup for price/weather/schemes
AGR|CROP_SELECTION|CROP=sugarcane|SOIL=red,crop_selection,பயிர் தேர்வு,sugarcane,கரும்பு,red,செம்மண்,"crop,soil; add district/season/stage when present",retrieve canonical answer; live lookup for price/weather/schemes
AGR|CROP_SELECTION|CROP=sugarcane|SOIL=black,crop_selection,பயிர் தேர்வு,sugarcane,கரும்பு,black,கரிசல் மண்,"crop,soil; add district/season/stage when present",retrieve canonical answer; live lookup for price/weather/schemes
AGR|CROP_SELECTION|CROP=sugarcane|SOIL=alluvial,crop_selection,பயிர் தேர்வு,sugarcane,கரும்பு,alluvial,வண்டல் மண்,"crop,soil; add district/season/stage when present",retrieve canonical answer; live lookup for price/weather/schemes
AGR|CROP_SELECTION|CROP=sugarcane|SOIL=sandy,crop_selection,பயிர் தேர்வு,sugarcane,கரும்பு,sandy,மணல் மண்,"crop,soil; add district/season/stage when present",retrieve canonical answer; live lookup for price/weather/schemes
AGR|CROP_SELECTION|CROP=sugarcane|SOIL=clay,crop_selection,பயிர் தேர்வு,sugarcane,கரும்பு,clay,களிமண்,"crop,soil; add district/season/stage when present",retrieve canonical answer; live lookup for price/weather/schemes
AGR|CROP_SELECTION|CROP=sugarcane|SOIL=loamy,crop_selection,பயிர் தேர்வு,sugarcane,கரும்பு,loamy,கலப்பு மண்,"crop,soil; add district/season/stage when present",retrieve canonical answer; live lookup for price/weather/schemes
AGR|CROP_SELECTION|CROP=sugarcane|SOIL=laterite,crop_selection,பயிர் தேர்வு,sugarcane,கரும்பு,laterite,சரளை மண்,"crop,soil; add district/season/stage when present",retrieve canonical answer; live lookup for price/weather/schemes
AGR|CROP_SELECTION|CROP=cotton|SOIL=red,crop_selection,பயிர் தேர்வு,cotton,பருத்தி,red,செம்மண்,"crop,soil; add district/season/stage when present",retrieve canonical answer; live lookup for price/weather/schemes
AGR|CROP_SELECTION|CROP=cotton|SOIL=black,crop_selection,பயிர் தேர்வு,cotton,பருத்தி,black,கரிசல் மண்,"crop,soil; add district/season/stage when present",retrieve canonical answer; live lookup for price/weather/schemes
AGR|CROP_SELECTION|CROP=cotton|SOIL=alluvial,crop_selection,பயிர் தேர்வு,cotton,பருத்தி,alluvial,வண்டல் மண்,"crop,soil; add district/season/stage when present",retrieve canonical answer; live lookup for price/weather/schemes
AGR|CROP_SELECTION|CROP=cotton|SOIL=sandy,crop_selection,பயிர் தேர்வு,cotton,பருத்தி,sandy,மணல் மண்,"crop,soil; add district/season/stage when present",retrieve canonical answer; live lookup for price/weather/schemes
AGR|CROP_SELECTION|CROP=cotton|SOIL=clay,crop_selection,பயிர் தேர்வு,cotton,பருத்தி,clay,களிமண்,"crop,soil; add district/season/stage when present",retrieve canonical answer; live lookup for price/weather/schemes
AGR|CROP_SELECTION|CROP=cotton|SOIL=loamy,crop_selection,பயிர் தேர்வு,cotton,பருத்தி,loamy,கலப்பு மண்,"crop,soil; add district/season/stage when present",retrieve canonical answer; live lookup for price/weather/schemes
AGR|CROP_SELECTION|CROP=cotton|SOIL=laterite,crop_selection,பயிர் தேர்வு,cotton,பருத்தி,laterite,சரளை மண்,"crop,soil; add district/season/stage when present",retrieve canonical answer; live lookup for price/weather/schemes
AGR|CROP_SELECTION|CROP=groundnut|SOIL=red,crop_selection,பயிர் தேர்வு,groundnut,நிலக்கடலை,red,செம்மண்,"crop,soil; add district/season/stage when present",retrieve canonical answer; live lookup for price/weather/schemes
AGR|CROP_SELECTION|CROP=groundnut|SOIL=black,crop_selection,பயிர் தேர்வு,groundnut,நிலக்கடலை,black,கரிசல் மண்,"crop,soil; add district/season/stage when present",retrieve canonical answer; live lookup for price/weather/schemes
AGR|CROP_SELECTION|CROP=groundnut|SOIL=alluvial,crop_selection,பயிர் தேர்வு,groundnut,நிலக்கடலை,alluvial,வண்டல் மண்,"crop,soil; add district/season/stage when present",retrieve canonical answer; live lookup for price/weather/schemes
AGR|CROP_SELECTION|CROP=groundnut|SOIL=sandy,crop_selection,பயிர் தேர்வு,groundnut,நிலக்கடலை,sandy,மணல் மண்,"crop,soil; add district/season/stage when present",retrieve canonical answer; live lookup for price/weather/schemes
AGR|CROP_SELECTION|CROP=groundnut|SOIL=clay,crop_selection,பயிர் தேர்வு,groundnut,நிலக்கடலை,clay,களிமண்,"crop,soil; add district/season/stage when present",retrieve canonical answer; live lookup for price/weather/schemes
AGR|CROP_SELECTION|CROP=groundnut|SOIL=loamy,crop_selection,பயிர் தேர்வு,groundnut,நிலக்கடலை,loamy,கலப்பு மண்,"crop,soil; add district/season/stage when present",retrieve canonical answer; live lookup for price/weather/schemes
AGR|CROP_SELECTION|CROP=groundnut|SOIL=laterite,crop_selection,பயிர் தேர்வு,groundnut,நிலக்கடலை,laterite,சரளை மண்,"crop,soil; add district/season/stage when present",retrieve canonical answer; live lookup for price/weather/schemes
AGR|CROP_SELECTION|CROP=maize|SOIL=red,crop_selection,பயிர் தேர்வு,maize,மக்காச்சோளம்,red,செம்மண்,"crop,soil; add district/season/stage when present",retrieve canonical answer; live lookup for price/weather/schemes
AGR|CROP_SELECTION|CROP=maize|SOIL=black,crop_selection,பயிர் தேர்வு,maize,மக்காச்சோளம்,black,கரிசல் மண்,"crop,soil; add district/season/stage when present",retrieve canonical answer; live lookup for price/weather/schemes
AGR|CROP_SELECTION|CROP=maize|SOIL=alluvial,crop_selection,பயிர் தேர்வு,maize,மக்காச்சோளம்,alluvial,வண்டல் மண்,"crop,soil; add district/season/stage when present",retrieve canonical answer; live lookup for price/weather/schemes
AGR|CROP_SELECTION|CROP=maize|SOIL=sandy,crop_selection,பயிர் தேர்வு,maize,மக்காச்சோளம்,sandy,மணல் மண்,"crop,soil; add district/season/stage when present",retrieve canonical answer; live lookup for price/weather/schemes
AGR|CROP_SELECTION|CROP=maize|SOIL=clay,crop_selection,பயிர் தேர்வு,maize,மக்காச்சோளம்,clay,களிமண்,"crop,soil; add district/season/stage when present",retrieve canonical answer; live lookup for price/weather/schemes
AGR|CROP_SELECTION|CROP=maize|SOIL=loamy,crop_selection,பயிர் தேர்வு,maize,மக்காச்சோளம்,loamy,கலப்பு மண்,"crop,soil; add district/season/stage when present",retrieve canonical answer; live lookup for price/weather/schemes
AGR|CROP_SELECTION|CROP=maize|SOIL=laterite,crop_selection,பயிர் தேர்வு,maize,மக்காச்சோளம்,laterite,சரளை மண்,"crop,soil; add district/season/stage when present",retrieve canonical answer; live lookup for price/weather/schemes
AGR|CROP_SELECTION|CROP=millet|SOIL=red,crop_selection,பயிர் தேர்வு,millet,கம்பு,red,செம்மண்,"crop,soil; add district/season/stage when present",retrieve canonical answer; live lookup for price/weather/schemes
AGR|CROP_SELECTION|CROP=millet|SOIL=black,crop_selection,பயிர் தேர்வு,millet,கம்பு,black,கரிசல் மண்,"crop,soil; add district/season/stage when present",retrieve canonical answer; live lookup for price/weather/schemes
AGR|CROP_SELECTION|CROP=millet|SOIL=alluvial,crop_selection,பயிர் தேர்வு,millet,கம்பு,alluvial,வண்டல் மண்,"crop,soil; add district/season/stage when present",retrieve canonical answer; live lookup for price/weather/schemes
AGR|CROP_SELECTION|CROP=millet|SOIL=sandy,crop_selection,பயிர் தேர்வு,millet,கம்பு,sandy,மணல் மண்,"crop,soil; add district/season/stage when present",retrieve canonical answer; live lookup for price/weather/schemes
AGR|CROP_SELECTION|CROP=millet|SOIL=clay,crop_selection,பயிர் தேர்வு,millet,கம்பு,clay,களிமண்,"crop,soil; add district/season/stage when present",retrieve canonical answer; live lookup for price/weather/schemes
AGR|CROP_SELECTION|CROP=millet|SOIL=loamy,crop_selection,பயிர் தேர்வு,millet,கம்பு,loamy,கலப்பு மண்,"crop,soil; add district/season/stage when present",retrieve canonical answer; live lookup for price/weather/schemes
AGR|CROP_SELECTION|CROP=millet|SOIL=laterite,crop_selection,பயிர் தேர்வு,millet,கம்பு,laterite,சரளை மண்,"crop,soil; add district/season/stage when present",retrieve canonical answer; live lookup for price/weather/schemes
AGR|CROP_SELECTION|CROP=tomato|SOIL=red,crop_selection,பயிர் தேர்வு,tomato,தக்காளி,red,செம்மண்,"crop,soil; add district/season/stage when present",retrieve canonical answer; live lookup for price/weather/schemes
AGR|CROP_SELECTION|CROP=tomato|SOIL=black,crop_selection,பயிர் தேர்வு,tomato,தக்காளி,black,கரிசல் மண்,"crop,soil; add district/season/stage when present",retrieve canonical answer; live lookup for price/weather/schemes
AGR|CROP_SELECTION|CROP=tomato|SOIL=alluvial,crop_selection,பயிர் தேர்வு,tomato,தக்காளி,alluvial,வண்டல் மண்,"crop,soil; add district/season/stage when present",retrieve canonical answer; live lookup for price/weather/schemes
AGR|CROP_SELECTION|CROP=tomato|SOIL=sandy,crop_selection,பயிர் தேர்வு,tomato,தக்காளி,sandy,மணல் மண்,"crop,soil; add district/season/stage when present",retrieve canonical answer; live lookup for price/weather/schemes
AGR|CROP_SELECTION|CROP=tomato|SOIL=clay,crop_selection,பயிர் தேர்வு,tomato,தக்காளி,clay,களிமண்,"crop,soil; add district/season/stage when present",retrieve canonical answer; live lookup for price/weather/schemes
AGR|CROP_SELECTION|CROP=tomato|SOIL=loamy,crop_selection,பயிர் தேர்வு,tomato,தக்காளி,loamy,கலப்பு மண்,"crop,soil; add district/season/stage when present",retrieve canonical answer; live lookup for price/weather/schemes
AGR|CROP_SELECTION|CROP=tomato|SOIL=laterite,crop_selection,பயிர் தேர்வு,tomato,தக்காளி,laterite,சரளை மண்,"crop,soil; add district/season/stage when present",retrieve canonical answer; live lookup for price/weather/schemes
AGR|CROP_SELECTION|CROP=chilli|SOIL=red,crop_selection,பயிர் தேர்வு,chilli,மிளகாய்,red,செம்மண்,"crop,soil; add district/season/stage when present",retrieve canonical answer; live lookup for price/weather/schemes
AGR|CROP_SELECTION|CROP=chilli|SOIL=black,crop_selection,பயிர் தேர்வு,chilli,மிளகாய்,black,கரிசல் மண்,"crop,soil; add district/season/stage when present",retrieve canonical answer; live lookup for price/weather/schemes
AGR|CROP_SELECTION|CROP=chilli|SOIL=alluvial,crop_selection,பயிர் தேர்வு,chilli,மிளகாய்,alluvial,வண்டல் மண்,"crop,soil; add district/season/stage when present",retrieve canonical answer; live lookup for price/weather/schemes
AGR|CROP_SELECTION|CROP=chilli|SOIL=sandy,crop_selection,பயிர் தேர்வு,chilli,மிளகாய்,sandy,மணல் மண்,"crop,soil; add district/season/stage when present",retrieve canonical answer; live lookup for price/weather/schemes
AGR|CROP_SELECTION|CROP=chilli|SOIL=clay,crop_selection,பயிர் தேர்வு,chilli,மிளகாய்,clay,களிமண்,"crop,soil; add district/season/stage when present",retrieve canonical answer; live lookup for price/weather/schemes
AGR|CROP_SELECTION|CROP=chilli|SOIL=loamy,crop_selection,பயிர் தேர்வு,chilli,மிளகாய்,loamy,கலப்பு மண்,"crop,soil; add district/season/stage when present",retrieve canonical answer; live lookup for price/weather/schemes
AGR|CROP_SELECTION|CROP=chilli|SOIL=laterite,crop_selection,பயிர் தேர்வு,chilli,மிளகாய்,laterite,சரளை மண்,"crop,soil; add district/season/stage when present",retrieve canonical answer; live lookup for price/weather/schemes
AGR|CROP_SELECTION|CROP=onion|SOIL=red,crop_selection,பயிர் தேர்வு,onion,வெங்காயம்,red,செம்மண்,"crop,soil; add district/season/stage when present",retrieve canonical answer; live lookup for price/weather/schemes
AGR|CROP_SELECTION|CROP=onion|SOIL=black,crop_selection,பயிர் தேர்வு,onion,வெங்காயம்,black,கரிசல் மண்,"crop,soil; add district/season/stage when present",retrieve canonical answer; live lookup for price/weather/schemes
AGR|CROP_SELECTION|CROP=onion|SOIL=alluvial,crop_selection,பயிர் தேர்வு,onion,வெங்காயம்,alluvial,வண்டல் மண்,"crop,soil; add district/season/stage when present",retrieve canonical answer; live lookup for price/weather/schemes
AGR|CROP_SELECTION|CROP=onion|SOIL=sandy,crop_selection,பயிர் தேர்வு,onion,வெங்காயம்,sandy,மணல் மண்,"crop,soil; add district/season/stage when present",retrieve canonical answer; live lookup for price/weather/schemes
AGR|CROP_SELECTION|CROP=onion|SOIL=clay,crop_selection,பயிர் தேர்வு,onion,வெங்காயம்,clay,களிமண்,"crop,soil; add district/season/stage when present",retrieve canonical answer; live lookup for price/weather/schemes
AGR|CROP_SELECTION|CROP=onion|SOIL=loamy,crop_selection,பயிர் தேர்வு,onion,வெங்காயம்,loamy,கலப்பு மண்,"crop,soil; add district/season/stage when present",retrieve canonical answer; live lookup for price/weather/schemes
AGR|CROP_SELECTION|CROP=onion|SOIL=laterite,crop_selection,பயிர் தேர்வு,onion,வெங்காயம்,laterite,சரளை மண்,"crop,soil; add district/season/stage when present",retrieve canonical answer; live lookup for price/weather/schemes
AGR|CROP_SELECTION|CROP=turmeric|SOIL=red,crop_selection,பயிர் தேர்வு,turmeric,மஞ்சள்,red,செம்மண்,"crop,soil; add district/season/stage when present",retrieve canonical answer; live lookup for price/weather/schemes
AGR|CROP_SELECTION|CROP=turmeric|SOIL=black,crop_selection,பயிர் தேர்வு,turmeric,மஞ்சள்,black,கரிசல் மண்,"crop,soil; add district/season/stage when present",retrieve canonical answer; live lookup for price/weather/schemes
AGR|CROP_SELECTION|CROP=turmeric|SOIL=alluvial,crop_selection,பயிர் தேர்வு,turmeric,மஞ்சள்,alluvial,வண்டல் மண்,"crop,soil; add district/season/stage when present",retrieve canonical answer; live lookup for price/weather/schemes
AGR|CROP_SELECTION|CROP=turmeric|SOIL=sandy,crop_selection,பயிர் தேர்வு,turmeric,மஞ்சள்,sandy,மணல் மண்,"crop,soil; add district/season/stage when present",retrieve canonical answer; live lookup for price/weather/schemes
AGR|CROP_SELECTION|CROP=turmeric|SOIL=clay,crop_selection,பயிர் தேர்வு,turmeric,மஞ்சள்,clay,களிமண்,"crop,soil; add district/season/stage when present",retrieve canonical answer; live lookup for price/weather/schemes
AGR|CROP_SELECTION|CROP=turmeric|SOIL=loamy,crop_selection,பயிர் தேர்வு,turmeric,மஞ்சள்,loamy,கலப்பு மண்,"crop,soil; add district/season/stage when present",retrieve canonical answer; live lookup for price/weather/schemes
AGR|CROP_SELECTION|CROP=turmeric|SOIL=laterite,crop_selection,பயிர் தேர்வு,turmeric,மஞ்சள்,laterite,சரளை மண்,"crop,soil; add district/season/stage when present",retrieve canonical answer; live lookup for price/weather/schemes
AGR|CROP_SELECTION|CROP=brinjal|SOIL=red,crop_selection,பயிர் தேர்வு,brinjal,கத்தரிக்காய்,red,செம்மண்,"crop,soil; add district/season/stage when present",retrieve canonical answer; live lookup for price/weather/schemes
AGR|CROP_SELECTION|CROP=brinjal|SOIL=black,crop_selection,பயிர் தேர்வு,brinjal,கத்தரிக்காய்,black,கரிசல் மண்,"crop,soil; add district/season/stage when present",retrieve canonical answer; live lookup for price/weather/schemes
AGR|CROP_SELECTION|CROP=brinjal|SOIL=alluvial,crop_selection,பயிர் தேர்வு,brinjal,கத்தரிக்காய்,alluvial,வண்டல் மண்,"crop,soil; add district/season/stage when present",retrieve canonical answer; live lookup for price/weather/schemes
AGR|CROP_SELECTION|CROP=brinjal|SOIL=sandy,crop_selection,பயிர் தேர்வு,brinjal,கத்தரிக்காய்,sandy,மணல் மண்,"crop,soil; add district/season/stage when present",retrieve canonical answer; live lookup for price/weather/schemes
AGR|CROP_SELECTION|CROP=brinjal|SOIL=clay,crop_selection,பயிர் தேர்வு,brinjal,கத்தரிக்காய்,clay,களிமண்,"crop,soil; add district/season/stage when present",retrieve canonical answer; live lookup for price/weather/schemes
AGR|CROP_SELECTION|CROP=brinjal|SOIL=loamy,crop_selection,பயிர் தேர்வு,brinjal,கத்தரிக்காய்,loamy,கலப்பு மண்,"crop,soil; add district/season/stage when present",retrieve canonical answer; live lookup for price/weather/schemes
AGR|CROP_SELECTION|CROP=brinjal|SOIL=laterite,crop_selection,பயிர் தேர்வு,brinjal,கத்தரிக்காய்,laterite,சரளை மண்,"crop,soil; add district/season/stage when present",retrieve canonical answer; live lookup for price/weather/schemes
AGR|CROP_SELECTION|CROP=okra|SOIL=red,crop_selection,பயிர் தேர்வு,okra,வெண்டைக்காய்,red,செம்மண்,"crop,soil; add district/season/stage when present",retrieve canonical answer; live lookup for price/weather/schemes
AGR|CROP_SELECTION|CROP=okra|SOIL=black,crop_selection,பயிர் தேர்வு,okra,வெண்டைக்காய்,black,கரிசல் மண்,"crop,soil; add district/season/stage when present",retrieve canonical answer; live lookup for price/weather/schemes
AGR|CROP_SELECTION|CROP=okra|SOIL=alluvial,crop_selection,பயிர் தேர்வு,okra,வெண்டைக்காய்,alluvial,வண்டல் மண்,"crop,soil; add district/season/stage when present",retrieve canonical answer; live lookup for price/weather/schemes
AGR|CROP_SELECTION|CROP=okra|SOIL=sandy,crop_selection,பயிர் தேர்வு,okra,வெண்டைக்காய்,sandy,மணல் மண்,"crop,soil; add district/season/stage when present",retrieve canonical answer; live lookup for price/weather/schemes
AGR|CROP_SELECTION|CROP=okra|SOIL=clay,crop_selection,பயிர் தேர்வு,okra,வெண்டைக்காய்,clay,களிமண்,"crop,soil; add district/season/stage when present",retrieve canonical answer; live lookup for price/weather/schemes
AGR|CROP_SELECTION|CROP=okra|SOIL=loamy,crop_selection,பயிர் தேர்வு,okra,வெண்டைக்காய்,loamy,கலப்பு மண்,"crop,soil; add district/season/stage when present",retrieve canonical answer; live lookup for price/weather/schemes
AGR|CROP_SELECTION|CROP=okra|SOIL=laterite,crop_selection,பயிர் தேர்வு,okra,வெண்டைக்காய்,laterite,சரளை மண்,"crop,soil; add district/season/stage when present",retrieve canonical answer; live lookup for price/weather/schemes
AGR|CROP_SELECTION|CROP=coconut|SOIL=red,crop_selection,பயிர் தேர்வு,coconut,தென்னை,red,செம்மண்,"crop,soil; add district/season/stage when present",retrieve canonical answer; live lookup for price/weather/schemes
AGR|CROP_SELECTION|CROP=coconut|SOIL=black,crop_selection,பயிர் தேர்வு,coconut,தென்னை,black,கரிசல் மண்,"crop,soil; add district/season/stage when present",retrieve canonical answer; live lookup for price/weather/schemes
AGR|CROP_SELECTION|CROP=coconut|SOIL=alluvial,crop_selection,பயிர் தேர்வு,coconut,தென்னை,alluvial,வண்டல் மண்,"crop,soil; add district/season/stage when present",retrieve canonical answer; live lookup for price/weather/schemes
AGR|CROP_SELECTION|CROP=coconut|SOIL=sandy,crop_selection,பயிர் தேர்வு,coconut,தென்னை,sandy,மணல் மண்,"crop,soil; add district/season/stage when present",retrieve canonical answer; live lookup for price/weather/schemes
AGR|CROP_SELECTION|CROP=coconut|SOIL=clay,crop_selection,பயிர் தேர்வு,coconut,தென்னை,clay,களிமண்,"crop,soil; add district/season/stage when present",retrieve canonical answer; live lookup for price/weather/schemes
AGR|CROP_SELECTION|CROP=coconut|SOIL=loamy,crop_selection,பயிர் தேர்வு,coconut,தென்னை,loamy,கலப்பு மண்,"crop,soil; add district/season/stage when present",retrieve canonical answer; live lookup for price/weather/schemes
AGR|CROP_SELECTION|CROP=coconut|SOIL=laterite,crop_selection,பயிர் தேர்வு,coconut,தென்னை,laterite,சரளை மண்,"crop,soil; add district/season/stage when present",retrieve canonical answer; live lookup for price/weather/schemes
AGR|CROP_SELECTION|CROP=pulses|SOIL=red,crop_selection,பயிர் தேர்வு,pulses,பயறு,red,செம்மண்,"crop,soil; add district/season/stage when present",retrieve canonical answer; live lookup for price/weather/schemes
AGR|CROP_SELECTION|CROP=pulses|SOIL=black,crop_selection,பயிர் தேர்வு,pulses,பயறு,black,கரிசல் மண்,"crop,soil; add district/season/stage when present",retrieve canonical answer; live lookup for price/weather/schemes
AGR|CROP_SELECTION|CROP=pulses|SOIL=alluvial,crop_selection,பயிர் தேர்வு,pulses,பயறு,alluvial,வண்டல் மண்,"crop,soil; add district/season/stage when present",retrieve canonical answer; live lookup for price/weather/schemes
AGR|CROP_SELECTION|CROP=pulses|SOIL=sandy,crop_selection,பயிர் தேர்வு,pulses,பயறு,sandy,மணல் மண்,"crop,soil; add district/season/stage when present",retrieve canonical answer; live lookup for price/weather/schemes
AGR|CROP_SELECTION|CROP=pulses|SOIL=clay,crop_selection,பயிர் தேர்வு,pulses,பயறு,clay,களிமண்,"crop,soil; add district/season/stage when present",retrieve canonical answer; live lookup for price/weather/schemes
AGR|CROP_SELECTION|CROP=pulses|SOIL=loamy,crop_selection,பயிர் தேர்வு,pulses,பயறு,loamy,கலப்பு மண்,"crop,soil; add district/season/stage when present",retrieve canonical answer; live lookup for price/weather/schemes
AGR|CROP_SELECTION|CROP=pulses|SOIL=laterite,crop_selection,பயிர் தேர்வு,pulses,பயறு,laterite,சரளை மண்,"crop,soil; add district/season/stage when present",retrieve canonical answer; live lookup for price/weather/schemes
AGR|CROP_SELECTION|CROP=sesame|SOIL=red,crop_selection,பயிர் தேர்வு,sesame,எள்,red,செம்மண்,"crop,soil; add district/season/stage when present",retrieve canonical answer; live lookup for price/weather/schemes
AGR|CROP_SELECTION|CROP=sesame|SOIL=black,crop_selection,பயிர் தேர்வு,sesame,எள்,black,கரிசல் மண்,"crop,soil; add district/season/stage when present",retrieve canonical answer; live lookup for price/weather/schemes
AGR|CROP_SELECTION|CROP=sesame|SOIL=alluvial,crop_selection,பயிர் தேர்வு,sesame,எள்,alluvial,வண்டல் மண்,"crop,soil; add district/season/stage when present",retrieve canonical answer; live lookup for price/weather/schemes
AGR|CROP_SELECTION|CROP=sesame|SOIL=sandy,crop_selection,பயிர் தேர்வு,sesame,எள்,sandy,மணல் மண்,"crop,soil; add district/season/stage when present",retrieve canonical answer; live lookup for price/weather/schemes
AGR|CROP_SELECTION|CROP=sesame|SOIL=clay,crop_selection,பயிர் தேர்வு,sesame,எள்,clay,களிமண்,"crop,soil; add district/season/stage when present",retrieve canonical answer; live lookup for price/weather/schemes
AGR|CROP_SELECTION|CROP=sesame|SOIL=loamy,crop_selection,பயிர் தேர்வு,sesame,எள்,loamy,கலப்பு மண்,"crop,soil; add district/season/stage when present",retrieve canonical answer; live lookup for price/weather/schemes
AGR|CROP_SELECTION|CROP=sesame|SOIL=laterite,crop_selection,பயிர் தேர்வு,sesame,எள்,laterite,சரளை மண்,"crop,soil; add district/season/stage when present",retrieve canonical answer; live lookup for price/weather/schemes
AGR|CROP_SELECTION|CROP=tapioca|SOIL=red,crop_selection,பயிர் தேர்வு,tapioca,மரவள்ளி,red,செம்மண்,"crop,soil; add district/season/stage when present",retrieve canonical answer; live lookup for price/weather/schemes
AGR|CROP_SELECTION|CROP=tapioca|SOIL=black,crop_selection,பயிர் தேர்வு,tapioca,மரவள்ளி,black,கரிசல் மண்,"crop,soil; add district/season/stage when present",retrieve canonical answer; live lookup for price/weather/schemes
AGR|CROP_SELECTION|CROP=tapioca|SOIL=alluvial,crop_selection,பயிர் தேர்வு,tapioca,மரவள்ளி,alluvial,வண்டல் மண்,"crop,soil; add district/season/stage when present",retrieve canonical answer; live lookup for price/weather/schemes
AGR|CROP_SELECTION|CROP=tapioca|SOIL=sandy,crop_selection,பயிர் தேர்வு,tapioca,மரவள்ளி,sandy,மணல் மண்,"crop,soil; add district/season/stage when present",retrieve canonical answer; live lookup for price/weather/schemes
AGR|CROP_SELECTION|CROP=tapioca|SOIL=clay,crop_selection,பயிர் தேர்வு,tapioca,மரவள்ளி,clay,களிமண்,"crop,soil; add district/season/stage when present",retrieve canonical answer; live lookup for price/weather/schemes
AGR|CROP_SELECTION|CROP=tapioca|SOIL=loamy,crop_selection,பயிர் தேர்வு,tapioca,மரவள்ளி,loamy,கலப்பு மண்,"crop,soil; add district/season/stage when present",retrieve canonical answer; live lookup for price/weather/schemes
AGR|CROP_SELECTION|CROP=tapioca|SOIL=laterite,crop_selection,பயிர் தேர்வு,tapioca,மரவள்ளி,laterite,சரளை மண்,"crop,soil; add district/season/stage when present",retrieve canonical answer; live lookup for price/weather/schemes
AGR|CROP_SELECTION|CROP=drumstick|SOIL=red,crop_selection,பயிர் தேர்வு,drumstick,முருங்கை,red,செம்மண்,"crop,soil; add district/season/stage when present",retrieve canonical answer; live lookup for price/weather/schemes
AGR|CROP_SELECTION|CROP=drumstick|SOIL=black,crop_selection,பயிர் தேர்வு,drumstick,முருங்கை,black,கரிசல் மண்,"crop,soil; add district/season/stage when present",retrieve canonical answer; live lookup for price/weather/schemes
AGR|CROP_SELECTION|CROP=drumstick|SOIL=alluvial,crop_selection,பயிர் தேர்வு,drumstick,முருங்கை,alluvial,வண்டல் மண்,"crop,soil; add district/season/stage when present",retrieve canonical answer; live lookup for price/weather/schemes
AGR|CROP_SELECTION|CROP=drumstick|SOIL=sandy,crop_selection,பயிர் தேர்வு,drumstick,முருங்கை,sandy,மணல் மண்,"crop,soil; add district/season/stage when present",retrieve canonical answer; live lookup for price/weather/schemes
AGR|CROP_SELECTION|CROP=drumstick|SOIL=clay,crop_selection,பயிர் தேர்வு,drumstick,முருங்கை,clay,களிமண்,"crop,soil; add district/season/stage when present",retrieve canonical answer; live lookup for price/weather/schemes
AGR|CROP_SELECTION|CROP=drumstick|SOIL=loamy,crop_selection,பயிர் தேர்வு,drumstick,முருங்கை,loamy,கலப்பு மண்,"crop,soil; add district/season/stage when present",retrieve canonical answer; live lookup for price/weather/schemes
AGR|CROP_SELECTION|CROP=drumstick|SOIL=laterite,crop_selection,பயிர் தேர்வு,drumstick,முருங்கை,laterite,சரளை மண்,"crop,soil; add district/season/stage when present",retrieve canonical answer; live lookup for price/weather/schemes
AGR|SOIL_SUITABILITY|CROP=rice|SOIL=red,soil_suitability,மண் பொருத்தம்,rice,நெல்,red,செம்மண்,"crop,soil; add district/season/stage when present",retrieve canonical answer; live lookup for price/weather/schemes
AGR|SOIL_SUITABILITY|CROP=rice|SOIL=black,soil_suitability,மண் பொருத்தம்,rice,நெல்,black,கரிசல் மண்,"crop,soil; add district/season/stage when present",retrieve canonical answer; live lookup for price/weather/schemes
AGR|SOIL_SUITABILITY|CROP=rice|SOIL=alluvial,soil_suitability,மண் பொருத்தம்,rice,நெல்,alluvial,வண்டல் மண்,"crop,soil; add district/season/stage when present",retrieve canonical answer; live lookup for price/weather/schemes
AGR|SOIL_SUITABILITY|CROP=rice|SOIL=sandy,soil_suitability,மண் பொருத்தம்,rice,நெல்,sandy,மணல் மண்,"crop,soil; add district/season/stage when present",retrieve canonical answer; live lookup for price/weather/schemes
AGR|SOIL_SUITABILITY|CROP=rice|SOIL=clay,soil_suitability,மண் பொருத்தம்,rice,நெல்,clay,களிமண்,"crop,soil; add district/season/stage when present",retrieve canonical answer; live lookup for price/weather/schemes
AGR|SOIL_SUITABILITY|CROP=rice|SOIL=loamy,soil_suitability,மண் பொருத்தம்,rice,நெல்,loamy,கலப்பு மண்,"crop,soil; add district/season/stage when present",retrieve canonical answer; live lookup for price/weather/schemes
AGR|SOIL_SUITABILITY|CROP=rice|SOIL=laterite,soil_suitability,மண் பொருத்தம்,rice,நெல்,laterite,சரளை மண்,"crop,soil; add district/season/stage when present",retrieve canonical answer; live lookup for price/weather/schemes
AGR|SOIL_SUITABILITY|CROP=banana|SOIL=red,soil_suitability,மண் பொருத்தம்,banana,வாழை,red,செம்மண்,"crop,soil; add district/season/stage when present",retrieve canonical answer; live lookup for price/weather/schemes
AGR|SOIL_SUITABILITY|CROP=banana|SOIL=black,soil_suitability,மண் பொருத்தம்,banana,வாழை,black,கரிசல் மண்,"crop,soil; add district/season/stage when present",retrieve canonical answer; live lookup for price/weather/schemes
AGR|SOIL_SUITABILITY|CROP=banana|SOIL=alluvial,soil_suitability,மண் பொருத்தம்,banana,வாழை,alluvial,வண்டல் மண்,"crop,soil; add district/season/stage when present",retrieve canonical answer; live lookup for price/weather/schemes
AGR|SOIL_SUITABILITY|CROP=banana|SOIL=sandy,soil_suitability,மண் பொருத்தம்,banana,வாழை,sandy,மணல் மண்,"crop,soil; add district/season/stage when present",retrieve canonical answer; live lookup for price/weather/schemes
AGR|SOIL_SUITABILITY|CROP=banana|SOIL=clay,soil_suitability,மண் பொருத்தம்,banana,வாழை,clay,களிமண்,"crop,soil; add district/season/stage when present",retrieve canonical answer; live lookup for price/weather/schemes
AGR|SOIL_SUITABILITY|CROP=banana|SOIL=loamy,soil_suitability,மண் பொருத்தம்,banana,வாழை,loamy,கலப்பு மண்,"crop,soil; add district/season/stage when present",retrieve canonical answer; live lookup for price/weather/schemes
AGR|SOIL_SUITABILITY|CROP=banana|SOIL=laterite,soil_suitability,மண் பொருத்தம்,banana,வாழை,laterite,சரளை மண்,"crop,soil; add district/season/stage when present",retrieve canonical answer; live lookup for price/weather/schemes
AGR|SOIL_SUITABILITY|CROP=sugarcane|SOIL=red,soil_suitability,மண் பொருத்தம்,sugarcane,கரும்பு,red,செம்மண்,"crop,soil; add district/season/stage when present",retrieve canonical answer; live lookup for price/weather/schemes
AGR|SOIL_SUITABILITY|CROP=sugarcane|SOIL=black,soil_suitability,மண் பொருத்தம்,sugarcane,கரும்பு,black,கரிசல் மண்,"crop,soil; add district/season/stage when present",retrieve canonical answer; live lookup for price/weather/schemes
AGR|SOIL_SUITABILITY|CROP=sugarcane|SOIL=alluvial,soil_suitability,மண் பொருத்தம்,sugarcane,கரும்பு,alluvial,வண்டல் மண்,"crop,soil; add district/season/stage when present",retrieve canonical answer; live lookup for price/weather/schemes
AGR|SOIL_SUITABILITY|CROP=sugarcane|SOIL=sandy,soil_suitability,மண் பொருத்தம்,sugarcane,கரும்பு,sandy,மணல் மண்,"crop,soil; add district/season/stage when present",retrieve canonical answer; live lookup for price/weather/schemes
AGR|SOIL_SUITABILITY|CROP=sugarcane|SOIL=clay,soil_suitability,மண் பொருத்தம்,sugarcane,கரும்பு,clay,களிமண்,"crop,soil; add district/season/stage when present",retrieve canonical answer; live lookup for price/weather/schemes
AGR|SOIL_SUITABILITY|CROP=sugarcane|SOIL=loamy,soil_suitability,மண் பொருத்தம்,sugarcane,கரும்பு,loamy,கலப்பு மண்,"crop,soil; add district/season/stage when present",retrieve canonical answer; live lookup for price/weather/schemes
AGR|SOIL_SUITABILITY|CROP=sugarcane|SOIL=laterite,soil_suitability,மண் பொருத்தம்,sugarcane,கரும்பு,laterite,சரளை மண்,"crop,soil; add district/season/stage when present",retrieve canonical answer; live lookup for price/weather/schemes
AGR|SOIL_SUITABILITY|CROP=cotton|SOIL=red,soil_suitability,மண் பொருத்தம்,cotton,பருத்தி,red,செம்மண்,"crop,soil; add district/season/stage when present",retrieve canonical answer; live lookup for price/weather/schemes
AGR|SOIL_SUITABILITY|CROP=cotton|SOIL=black,soil_suitability,மண் பொருத்தம்,cotton,பருத்தி,black,கரிசல் மண்,"crop,soil; add district/season/stage when present",retrieve canonical answer; live lookup for price/weather/schemes
AGR|SOIL_SUITABILITY|CROP=cotton|SOIL=alluvial,soil_suitability,மண் பொருத்தம்,cotton,பருத்தி,alluvial,வண்டல் மண்,"crop,soil; add district/season/stage when present",retrieve canonical answer; live lookup for price/weather/schemes
AGR|SOIL_SUITABILITY|CROP=cotton|SOIL=sandy,soil_suitability,மண் பொருத்தம்,cotton,பருத்தி,sandy,மணல் மண்,"crop,soil; add district/season/stage when present",retrieve canonical answer; live lookup for price/weather/schemes
AGR|SOIL_SUITABILITY|CROP=cotton|SOIL=clay,soil_suitability,மண் பொருத்தம்,cotton,பருத்தி,clay,களிமண்,"crop,soil; add district/season/stage when present",retrieve canonical answer; live lookup for price/weather/schemes
AGR|SOIL_SUITABILITY|CROP=cotton|SOIL=loamy,soil_suitability,மண் பொருத்தம்,cotton,பருத்தி,loamy,கலப்பு மண்,"crop,soil; add district/season/stage when present",retrieve canonical answer; live lookup for price/weather/schemes
AGR|SOIL_SUITABILITY|CROP=cotton|SOIL=laterite,soil_suitability,மண் பொருத்தம்,cotton,பருத்தி,laterite,சரளை மண்,"crop,soil; add district/season/stage when present",retrieve canonical answer; live lookup for price/weather/schemes
AGR|SOIL_SUITABILITY|CROP=groundnut|SOIL=red,soil_suitability,மண் பொருத்தம்,groundnut,நிலக்கடலை,red,செம்மண்,"crop,soil; add district/season/stage when present",retrieve canonical answer; live lookup for price/weather/schemes
AGR|SOIL_SUITABILITY|CROP=groundnut|SOIL=black,soil_suitability,மண் பொருத்தம்,groundnut,நிலக்கடலை,black,கரிசல் மண்,"crop,soil; add district/season/stage when present",retrieve canonical answer; live lookup for price/weather/schemes
AGR|SOIL_SUITABILITY|CROP=groundnut|SOIL=alluvial,soil_suitability,மண் பொருத்தம்,groundnut,நிலக்கடலை,alluvial,வண்டல் மண்,"crop,soil; add district/season/stage when present",retrieve canonical answer; live lookup for price/weather/schemes
AGR|SOIL_SUITABILITY|CROP=groundnut|SOIL=sandy,soil_suitability,மண் பொருத்தம்,groundnut,நிலக்கடலை,sandy,மணல் மண்,"crop,soil; add district/season/stage when present",retrieve canonical answer; live lookup for price/weather/schemes
AGR|SOIL_SUITABILITY|CROP=groundnut|SOIL=clay,soil_suitability,மண் பொருத்தம்,groundnut,நிலக்கடலை,clay,களிமண்,"crop,soil; add district/season/stage when present",retrieve canonical answer; live lookup for price/weather/schemes
AGR|SOIL_SUITABILITY|CROP=groundnut|SOIL=loamy,soil_suitability,மண் பொருத்தம்,groundnut,நிலக்கடலை,loamy,கலப்பு மண்,"crop,soil; add district/season/stage when present",retrieve canonical answer; live lookup for price/weather/schemes
AGR|SOIL_SUITABILITY|CROP=groundnut|SOIL=laterite,soil_suitability,மண் பொருத்தம்,groundnut,நிலக்கடலை,laterite,சரளை மண்,"crop,soil; add district/season/stage when present",retrieve canonical answer; live lookup for price/weather/schemes
AGR|SOIL_SUITABILITY|CROP=maize|SOIL=red,soil_suitability,மண் பொருத்தம்,maize,மக்காச்சோளம்,red,செம்மண்,"crop,soil; add district/season/stage when present",retrieve canonical answer; live lookup for price/weather/schemes
AGR|SOIL_SUITABILITY|CROP=maize|SOIL=black,soil_suitability,மண் பொருத்தம்,maize,மக்காச்சோளம்,black,கரிசல் மண்,"crop,soil; add district/season/stage when present",retrieve canonical answer; live lookup for price/weather/schemes
AGR|SOIL_SUITABILITY|CROP=maize|SOIL=alluvial,soil_suitability,மண் பொருத்தம்,maize,மக்காச்சோளம்,alluvial,வண்டல் மண்,"crop,soil; add district/season/stage when present",retrieve canonical answer; live lookup for price/weather/schemes
AGR|SOIL_SUITABILITY|CROP=maize|SOIL=sandy,soil_suitability,மண் பொருத்தம்,maize,மக்காச்சோளம்,sandy,மணல் மண்,"crop,soil; add district/season/stage when present",retrieve canonical answer; live lookup for price/weather/schemes
AGR|SOIL_SUITABILITY|CROP=maize|SOIL=clay,soil_suitability,மண் பொருத்தம்,maize,மக்காச்சோளம்,clay,களிமண்,"crop,soil; add district/season/stage when present",retrieve canonical answer; live lookup for price/weather/schemes
AGR|SOIL_SUITABILITY|CROP=maize|SOIL=loamy,soil_suitability,மண் பொருத்தம்,maize,மக்காச்சோளம்,loamy,கலப்பு மண்,"crop,soil; add district/season/stage when present",retrieve canonical answer; live lookup for price/weather/schemes
AGR|SOIL_SUITABILITY|CROP=maize|SOIL=laterite,soil_suitability,மண் பொருத்தம்,maize,மக்காச்சோளம்,laterite,சரளை மண்,"crop,soil; add district/season/stage when present",retrieve canonical answer; live lookup for price/weather/schemes
AGR|SOIL_SUITABILITY|CROP=millet|SOIL=red,soil_suitability,மண் பொருத்தம்,millet,கம்பு,red,செம்மண்,"crop,soil; add district/season/stage when present",retrieve canonical answer; live lookup for price/weather/schemes
AGR|SOIL_SUITABILITY|CROP=millet|SOIL=black,soil_suitability,மண் பொருத்தம்,millet,கம்பு,black,கரிசல் மண்,"crop,soil; add district/season/stage when present",retrieve canonical answer; live lookup for price/weather/schemes
AGR|SOIL_SUITABILITY|CROP=millet|SOIL=alluvial,soil_suitability,மண் பொருத்தம்,millet,கம்பு,alluvial,வண்டல் மண்,"crop,soil; add district/season/stage when present",retrieve canonical answer; live lookup for price/weather/schemes
AGR|SOIL_SUITABILITY|CROP=millet|SOIL=sandy,soil_suitability,மண் பொருத்தம்,millet,கம்பு,sandy,மணல் மண்,"crop,soil; add district/season/stage when present",retrieve canonical answer; live lookup for price/weather/schemes
AGR|SOIL_SUITABILITY|CROP=millet|SOIL=clay,soil_suitability,மண் பொருத்தம்,millet,கம்பு,clay,களிமண்,"crop,soil; add district/season/stage when present",retrieve canonical answer; live lookup for price/weather/schemes
AGR|SOIL_SUITABILITY|CROP=millet|SOIL=loamy,soil_suitability,மண் பொருத்தம்,millet,கம்பு,loamy,கலப்பு மண்,"crop,soil; add district/season/stage when present",retrieve canonical answer; live lookup for price/weather/schemes
AGR|SOIL_SUITABILITY|CROP=millet|SOIL=laterite,soil_suitability,மண் பொருத்தம்,millet,கம்பு,laterite,சரளை மண்,"crop,soil; add district/season/stage when present",retrieve canonical answer; live lookup for price/weather/schemes
AGR|SOIL_SUITABILITY|CROP=tomato|SOIL=red,soil_suitability,மண் பொருத்தம்,tomato,தக்காளி,red,செம்மண்,"crop,soil; add district/season/stage when present",retrieve canonical answer; live lookup for price/weather/schemes
AGR|SOIL_SUITABILITY|CROP=tomato|SOIL=black,soil_suitability,மண் பொருத்தம்,tomato,தக்காளி,black,கரிசல் மண்,"crop,soil; add district/season/stage when present",retrieve canonical answer; live lookup for price/weather/schemes
AGR|SOIL_SUITABILITY|CROP=tomato|SOIL=alluvial,soil_suitability,மண் பொருத்தம்,tomato,தக்காளி,alluvial,வண்டல் மண்,"crop,soil; add district/season/stage when present",retrieve canonical answer; live lookup for price/weather/schemes
AGR|SOIL_SUITABILITY|CROP=tomato|SOIL=sandy,soil_suitability,மண் பொருத்தம்,tomato,தக்காளி,sandy,மணல் மண்,"crop,soil; add district/season/stage when present",retrieve canonical answer; live lookup for price/weather/schemes
AGR|SOIL_SUITABILITY|CROP=tomato|SOIL=clay,soil_suitability,மண் பொருத்தம்,tomato,தக்காளி,clay,களிமண்,"crop,soil; add district/season/stage when present",retrieve canonical answer; live lookup for price/weather/schemes
AGR|SOIL_SUITABILITY|CROP=tomato|SOIL=loamy,soil_suitability,மண் பொருத்தம்,tomato,தக்காளி,loamy,கலப்பு மண்,"crop,soil; add district/season/stage when present",retrieve canonical answer; live lookup for price/weather/schemes
AGR|SOIL_SUITABILITY|CROP=tomato|SOIL=laterite,soil_suitability,மண் பொருத்தம்,tomato,தக்காளி,laterite,சரளை மண்,"crop,soil; add district/season/stage when present",retrieve canonical answer; live lookup for price/weather/schemes
AGR|SOIL_SUITABILITY|CROP=chilli|SOIL=red,soil_suitability,மண் பொருத்தம்,chilli,மிளகாய்,red,செம்மண்,"crop,soil; add district/season/stage when present",retrieve canonical answer; live lookup for price/weather/schemes
AGR|SOIL_SUITABILITY|CROP=chilli|SOIL=black,soil_suitability,மண் பொருத்தம்,chilli,மிளகாய்,black,கரிசல் மண்,"crop,soil; add district/season/stage when present",retrieve canonical answer; live lookup for price/weather/schemes
AGR|SOIL_SUITABILITY|CROP=chilli|SOIL=alluvial,soil_suitability,மண் பொருத்தம்,chilli,மிளகாய்,alluvial,வண்டல் மண்,"crop,soil; add district/season/stage when present",retrieve canonical answer; live lookup for price/weather/schemes
AGR|SOIL_SUITABILITY|CROP=chilli|SOIL=sandy,soil_suitability,மண் பொருத்தம்,chilli,மிளகாய்,sandy,மணல் மண்,"crop,soil; add district/season/stage when present",retrieve canonical answer; live lookup for price/weather/schemes
AGR|SOIL_SUITABILITY|CROP=chilli|SOIL=clay,soil_suitability,மண் பொருத்தம்,chilli,மிளகாய்,clay,களிமண்,"crop,soil; add district/season/stage when present",retrieve canonical answer; live lookup for price/weather/schemes
AGR|SOIL_SUITABILITY|CROP=chilli|SOIL=loamy,soil_suitability,மண் பொருத்தம்,chilli,மிளகாய்,loamy,கலப்பு மண்,"crop,soil; add district/season/stage when present",retrieve canonical answer; live lookup for price/weather/schemes
AGR|SOIL_SUITABILITY|CROP=chilli|SOIL=laterite,soil_suitability,மண் பொருத்தம்,chilli,மிளகாய்,laterite,சரளை மண்,"crop,soil; add district/season/stage when present",retrieve canonical answer; live lookup for price/weather/schemes
AGR|SOIL_SUITABILITY|CROP=onion|SOIL=red,soil_suitability,மண் பொருத்தம்,onion,வெங்காயம்,red,செம்மண்,"crop,soil; add district/season/stage when present",retrieve canonical answer; live lookup for price/weather/schemes
AGR|SOIL_SUITABILITY|CROP=onion|SOIL=black,soil_suitability,மண் பொருத்தம்,onion,வெங்காயம்,black,கரிசல் மண்,"crop,soil; add district/season/stage when present",retrieve canonical answer; live lookup for price/weather/schemes
AGR|SOIL_SUITABILITY|CROP=onion|SOIL=alluvial,soil_suitability,மண் பொருத்தம்,onion,வெங்காயம்,alluvial,வண்டல் மண்,"crop,soil; add district/season/stage when present",retrieve canonical answer; live lookup for price/weather/schemes
AGR|SOIL_SUITABILITY|CROP=onion|SOIL=sandy,soil_suitability,மண் பொருத்தம்,onion,வெங்காயம்,sandy,மணல் மண்,"crop,soil; add district/season/stage when present",retrieve canonical answer; live lookup for price/weather/schemes
AGR|SOIL_SUITABILITY|CROP=onion|SOIL=clay,soil_suitability,மண் பொருத்தம்,onion,வெங்காயம்,clay,களிமண்,"crop,soil; add district/season/stage when present",retrieve canonical answer; live lookup for price/weather/schemes
AGR|SOIL_SUITABILITY|CROP=onion|SOIL=loamy,soil_suitability,மண் பொருத்தம்,onion,வெங்காயம்,loamy,கலப்பு மண்,"crop,soil; add district/season/stage when present",retrieve canonical answer; live lookup for price/weather/schemes
AGR|SOIL_SUITABILITY|CROP=onion|SOIL=laterite,soil_suitability,மண் பொருத்தம்,onion,வெங்காயம்,laterite,சரளை மண்,"crop,soil; add district/season/stage when present",retrieve canonical answer; live lookup for price/weather/schemes
AGR|SOIL_SUITABILITY|CROP=turmeric|SOIL=red,soil_suitability,மண் பொருத்தம்,turmeric,மஞ்சள்,red,செம்மண்,"crop,soil; add district/season/stage when present",retrieve canonical answer; live lookup for price/weather/schemes
AGR|SOIL_SUITABILITY|CROP=turmeric|SOIL=black,soil_suitability,மண் பொருத்தம்,turmeric,மஞ்சள்,black,கரிசல் மண்,"crop,soil; add district/season/stage when present",retrieve canonical answer; live lookup for price/weather/schemes
AGR|SOIL_SUITABILITY|CROP=turmeric|SOIL=alluvial,soil_suitability,மண் பொருத்தம்,turmeric,மஞ்சள்,alluvial,வண்டல் மண்,"crop,soil; add district/season/stage when present",retrieve canonical answer; live lookup for price/weather/schemes
AGR|SOIL_SUITABILITY|CROP=turmeric|SOIL=sandy,soil_suitability,மண் பொருத்தம்,turmeric,மஞ்சள்,sandy,மணல் மண்,"crop,soil; add district/season/stage when present",retrieve canonical answer; live lookup for price/weather/schemes
AGR|SOIL_SUITABILITY|CROP=turmeric|SOIL=clay,soil_suitability,மண் பொருத்தம்,turmeric,மஞ்சள்,clay,களிமண்,"crop,soil; add district/season/stage when present",retrieve canonical answer; live lookup for price/weather/schemes
AGR|SOIL_SUITABILITY|CROP=turmeric|SOIL=loamy,soil_suitability,மண் பொருத்தம்,turmeric,மஞ்சள்,loamy,கலப்பு மண்,"crop,soil; add district/season/stage when present",retrieve canonical answer; live lookup for price/weather/schemes
AGR|SOIL_SUITABILITY|CROP=turmeric|SOIL=laterite,soil_suitability,மண் பொருத்தம்,turmeric,மஞ்சள்,laterite,சரளை மண்,"crop,soil; add district/season/stage when present",retrieve canonical answer; live lookup for price/weather/schemes
AGR|SOIL_SUITABILITY|CROP=brinjal|SOIL=red,soil_suitability,மண் பொருத்தம்,brinjal,கத்தரிக்காய்,red,செம்மண்,"crop,soil; add district/season/stage when present",retrieve canonical answer; live lookup for price/weather/schemes
AGR|SOIL_SUITABILITY|CROP=brinjal|SOIL=black,soil_suitability,மண் பொருத்தம்,brinjal,கத்தரிக்காய்,black,கரிசல் மண்,"crop,soil; add district/season/stage when present",retrieve canonical answer; live lookup for price/weather/schemes
AGR|SOIL_SUITABILITY|CROP=brinjal|SOIL=alluvial,soil_suitability,மண் பொருத்தம்,brinjal,கத்தரிக்காய்,alluvial,வண்டல் மண்,"crop,soil; add district/season/stage when present",retrieve canonical answer; live lookup for price/weather/schemes
AGR|SOIL_SUITABILITY|CROP=brinjal|SOIL=sandy,soil_suitability,மண் பொருத்தம்,brinjal,கத்தரிக்காய்,sandy,மணல் மண்,"crop,soil; add district/season/stage when present",retrieve canonical answer; live lookup for price/weather/schemes
AGR|SOIL_SUITABILITY|CROP=brinjal|SOIL=clay,soil_suitability,மண் பொருத்தம்,brinjal,கத்தரிக்காய்,clay,களிமண்,"crop,soil; add district/season/stage when present",retrieve canonical answer; live lookup for price/weather/schemes
AGR|SOIL_SUITABILITY|CROP=brinjal|SOIL=loamy,soil_suitability,மண் பொருத்தம்,brinjal,கத்தரிக்காய்,loamy,கலப்பு மண்,"crop,soil; add district/season/stage when present",retrieve canonical answer; live lookup for price/weather/schemes
AGR|SOIL_SUITABILITY|CROP=brinjal|SOIL=laterite,soil_suitability,மண் பொருத்தம்,brinjal,கத்தரிக்காய்,laterite,சரளை மண்,"crop,soil; add district/season/stage when present",retrieve canonical answer; live lookup for price/weather/schemes
AGR|SOIL_SUITABILITY|CROP=okra|SOIL=red,soil_suitability,மண் பொருத்தம்,okra,வெண்டைக்காய்,red,செம்மண்,"crop,soil; add district/season/stage when present",retrieve canonical answer; live lookup for price/weather/schemes
AGR|SOIL_SUITABILITY|CROP=okra|SOIL=black,soil_suitability,மண் பொருத்தம்,okra,வெண்டைக்காய்,black,கரிசல் மண்,"crop,soil; add district/season/stage when present",retrieve canonical answer; live lookup for price/weather/schemes
AGR|SOIL_SUITABILITY|CROP=okra|SOIL=alluvial,soil_suitability,மண் பொருத்தம்,okra,வெண்டைக்காய்,alluvial,வண்டல் மண்,"crop,soil; add district/season/stage when present",retrieve canonical answer; live lookup for price/weather/schemes
AGR|SOIL_SUITABILITY|CROP=okra|SOIL=sandy,soil_suitability,மண் பொருத்தம்,okra,வெண்டைக்காய்,sandy,மணல் மண்,"crop,soil; add district/season/stage when present",retrieve canonical answer; live lookup for price/weather/schemes
AGR|SOIL_SUITABILITY|CROP=okra|SOIL=clay,soil_suitability,மண் பொருத்தம்,okra,வெண்டைக்காய்,clay,களிமண்,"crop,soil; add district/season/stage when present",retrieve canonical answer; live lookup for price/weather/schemes
AGR|SOIL_SUITABILITY|CROP=okra|SOIL=loamy,soil_suitability,மண் பொருத்தம்,okra,வெண்டைக்காய்,loamy,கலப்பு மண்,"crop,soil; add district/season/stage when present",retrieve canonical answer; live lookup for price/weather/schemes
AGR|SOIL_SUITABILITY|CROP=okra|SOIL=laterite,soil_suitability,மண் பொருத்தம்,okra,வெண்டைக்காய்,laterite,சரளை மண்,"crop,soil; add district/season/stage when present",retrieve canonical answer; live lookup for price/weather/schemes
AGR|SOIL_SUITABILITY|CROP=coconut|SOIL=red,soil_suitability,மண் பொருத்தம்,coconut,தென்னை,red,செம்மண்,"crop,soil; add district/season/stage when present",retrieve canonical answer; live lookup for price/weather/schemes
AGR|SOIL_SUITABILITY|CROP=coconut|SOIL=black,soil_suitability,மண் பொருத்தம்,coconut,தென்னை,black,கரிசல் மண்,"crop,soil; add district/season/stage when present",retrieve canonical answer; live lookup for price/weather/schemes
AGR|SOIL_SUITABILITY|CROP=coconut|SOIL=alluvial,soil_suitability,மண் பொருத்தம்,coconut,தென்னை,alluvial,வண்டல் மண்,"crop,soil; add district/season/stage when present",retrieve canonical answer; live lookup for price/weather/schemes
AGR|SOIL_SUITABILITY|CROP=coconut|SOIL=sandy,soil_suitability,மண் பொருத்தம்,coconut,தென்னை,sandy,மணல் மண்,"crop,soil; add district/season/stage when present",retrieve canonical answer; live lookup for price/weather/schemes
AGR|SOIL_SUITABILITY|CROP=coconut|SOIL=clay,soil_suitability,மண் பொருத்தம்,coconut,தென்னை,clay,களிமண்,"crop,soil; add district/season/stage when present",retrieve canonical answer; live lookup for price/weather/schemes
AGR|SOIL_SUITABILITY|CROP=coconut|SOIL=loamy,soil_suitability,மண் பொருத்தம்,coconut,தென்னை,loamy,கலப்பு மண்,"crop,soil; add district/season/stage when present",retrieve canonical answer; live lookup for price/weather/schemes
AGR|SOIL_SUITABILITY|CROP=coconut|SOIL=laterite,soil_suitability,மண் பொருத்தம்,coconut,தென்னை,laterite,சரளை மண்,"crop,soil; add district/season/stage when present",retrieve canonical answer; live lookup for price/weather/schemes
AGR|SOIL_SUITABILITY|CROP=pulses|SOIL=red,soil_suitability,மண் பொருத்தம்,pulses,பயறு,red,செம்மண்,"crop,soil; add district/season/stage when present",retrieve canonical answer; live lookup for price/weather/schemes
AGR|SOIL_SUITABILITY|CROP=pulses|SOIL=black,soil_suitability,மண் பொருத்தம்,pulses,பயறு,black,கரிசல் மண்,"crop,soil; add district/season/stage when present",retrieve canonical answer; live lookup for price/weather/schemes
AGR|SOIL_SUITABILITY|CROP=pulses|SOIL=alluvial,soil_suitability,மண் பொருத்தம்,pulses,பயறு,alluvial,வண்டல் மண்,"crop,soil; add district/season/stage when present",retrieve canonical answer; live lookup for price/weather/schemes
AGR|SOIL_SUITABILITY|CROP=pulses|SOIL=sandy,soil_suitability,மண் பொருத்தம்,pulses,பயறு,sandy,மணல் மண்,"crop,soil; add district/season/stage when present",retrieve canonical answer; live lookup for price/weather/schemes
AGR|SOIL_SUITABILITY|CROP=pulses|SOIL=clay,soil_suitability,மண் பொருத்தம்,pulses,பயறு,clay,களிமண்,"crop,soil; add district/season/stage when present",retrieve canonical answer; live lookup for price/weather/schemes
AGR|SOIL_SUITABILITY|CROP=pulses|SOIL=loamy,soil_suitability,மண் பொருத்தம்,pulses,பயறு,loamy,கலப்பு மண்,"crop,soil; add district/season/stage when present",retrieve canonical answer; live lookup for price/weather/schemes
AGR|SOIL_SUITABILITY|CROP=pulses|SOIL=laterite,soil_suitability,மண் பொருத்தம்,pulses,பயறு,laterite,சரளை மண்,"crop,soil; add district/season/stage when present",retrieve canonical answer; live lookup for price/weather/schemes
AGR|SOIL_SUITABILITY|CROP=sesame|SOIL=red,soil_suitability,மண் பொருத்தம்,sesame,எள்,red,செம்மண்,"crop,soil; add district/season/stage when present",retrieve canonical answer; live lookup for price/weather/schemes
AGR|SOIL_SUITABILITY|CROP=sesame|SOIL=black,soil_suitability,மண் பொருத்தம்,sesame,எள்,black,கரிசல் மண்,"crop,soil; add district/season/stage when present",retrieve canonical answer; live lookup for price/weather/schemes
AGR|SOIL_SUITABILITY|CROP=sesame|SOIL=alluvial,soil_suitability,மண் பொருத்தம்,sesame,எள்,alluvial,வண்டல் மண்,"crop,soil; add district/season/stage when present",retrieve canonical answer; live lookup for price/weather/schemes
AGR|SOIL_SUITABILITY|CROP=sesame|SOIL=sandy,soil_suitability,மண் பொருத்தம்,sesame,எள்,sandy,மணல் மண்,"crop,soil; add district/season/stage when present",retrieve canonical answer; live lookup for price/weather/schemes
AGR|SOIL_SUITABILITY|CROP=sesame|SOIL=clay,soil_suitability,மண் பொருத்தம்,sesame,எள்,clay,களிமண்,"crop,soil; add district/season/stage when present",retrieve canonical answer; live lookup for price/weather/schemes
AGR|SOIL_SUITABILITY|CROP=sesame|SOIL=loamy,soil_suitability,மண் பொருத்தம்,sesame,எள்,loamy,கலப்பு மண்,"crop,soil; add district/season/stage when present",retrieve canonical answer; live lookup for price/weather/schemes
AGR|SOIL_SUITABILITY|CROP=sesame|SOIL=laterite,soil_suitability,மண் பொருத்தம்,sesame,எள்,laterite,சரளை மண்,"crop,soil; add district/season/stage when present",retrieve canonical answer; live lookup for price/weather/schemes
AGR|SOIL_SUITABILITY|CROP=tapioca|SOIL=red,soil_suitability,மண் பொருத்தம்,tapioca,மரவள்ளி,red,செம்மண்,"crop,soil; add district/season/stage when present",retrieve canonical answer; live lookup for price/weather/schemes
AGR|SOIL_SUITABILITY|CROP=tapioca|SOIL=black,soil_suitability,மண் பொருத்தம்,tapioca,மரவள்ளி,black,கரிசல் மண்,"crop,soil; add district/season/stage when present",retrieve canonical answer; live lookup for price/weather/schemes
AGR|SOIL_SUITABILITY|CROP=tapioca|SOIL=alluvial,soil_suitability,மண் பொருத்தம்,tapioca,மரவள்ளி,alluvial,வண்டல் மண்,"crop,soil; add district/season/stage when present",retrieve canonical answer; live lookup for price/weather/schemes
AGR|SOIL_SUITABILITY|CROP=tapioca|SOIL=sandy,soil_suitability,மண் பொருத்தம்,tapioca,மரவள்ளி,sandy,மணல் மண்,"crop,soil; add district/season/stage when present",retrieve canonical answer; live lookup for price/weather/schemes
AGR|SOIL_SUITABILITY|CROP=tapioca|SOIL=clay,soil_suitability,மண் பொருத்தம்,tapioca,மரவள்ளி,clay,களிமண்,"crop,soil; add district/season/stage when present",retrieve canonical answer; live lookup for price/weather/schemes
AGR|SOIL_SUITABILITY|CROP=tapioca|SOIL=loamy,soil_suitability,மண் பொருத்தம்,tapioca,மரவள்ளி,loamy,கலப்பு மண்,"crop,soil; add district/season/stage when present",retrieve canonical answer; live lookup for price/weather/schemes
AGR|SOIL_SUITABILITY|CROP=tapioca|SOIL=laterite,soil_suitability,மண் பொருத்தம்,tapioca,மரவள்ளி,laterite,சரளை மண்,"crop,soil; add district/season/stage when present",retrieve canonical answer; live lookup for price/weather/schemes
AGR|SOIL_SUITABILITY|CROP=drumstick|SOIL=red,soil_suitability,மண் பொருத்தம்,drumstick,முருங்கை,red,செம்மண்,"crop,soil; add district/season/stage when present",retrieve canonical answer; live lookup for price/weather/schemes
AGR|SOIL_SUITABILITY|CROP=drumstick|SOIL=black,soil_suitability,மண் பொருத்தம்,drumstick,முருங்கை,black,கரிசல் மண்,"crop,soil; add district/season/stage when present",retrieve canonical answer; live lookup for price/weather/schemes
AGR|SOIL_SUITABILITY|CROP=drumstick|SOIL=alluvial,soil_suitability,மண் பொருத்தம்,drumstick,முருங்கை,alluvial,வண்டல் மண்,"crop,soil; add district/season/stage when present",retrieve canonical answer; live lookup for price/weather/schemes
AGR|SOIL_SUITABILITY|CROP=drumstick|SOIL=sandy,soil_suitability,மண் பொருத்தம்,drumstick,முருங்கை,sandy,மணல் மண்,"crop,soil; add district/season/stage when present",retrieve canonical answer; live lookup for price/weather/schemes
AGR|SOIL_SUITABILITY|CROP=drumstick|SOIL=clay,soil_suitability,மண் பொருத்தம்,drumstick,முருங்கை,clay,களிமண்,"crop,soil; add district/season/stage when present",retrieve canonical answer; live lookup for price/weather/schemes
AGR|SOIL_SUITABILITY|CROP=drumstick|SOIL=loamy,soil_suitability,மண் பொருத்தம்,drumstick,முருங்கை,loamy,கலப்பு மண்,"crop,soil; add district/season/stage when present",retrieve canonical answer; live lookup for price/weather/schemes
AGR|SOIL_SUITABILITY|CROP=drumstick|SOIL=laterite,soil_suitability,மண் பொருத்தம்,drumstick,முருங்கை,laterite,சரளை மண்,"crop,soil; add district/season/stage when present",retrieve canonical answer; live lookup for price/weather/schemes
AGR|LAND_PREPARATION|CROP=rice|SOIL=red,land_preparation,நிலத் தயாரிப்பு,rice,நெல்,red,செம்மண்,"crop,soil; add district/season/stage when present",retrieve canonical answer; live lookup for price/weather/schemes
AGR|LAND_PREPARATION|CROP=rice|SOIL=black,land_preparation,நிலத் தயாரிப்பு,rice,நெல்,black,கரிசல் மண்,"crop,soil; add district/season/stage when present",retrieve canonical answer; live lookup for price/weather/schemes
AGR|LAND_PREPARATION|CROP=rice|SOIL=alluvial,land_preparation,நிலத் தயாரிப்பு,rice,நெல்,alluvial,வண்டல் மண்,"crop,soil; add district/season/stage when present",retrieve canonical answer; live lookup for price/weather/schemes
AGR|LAND_PREPARATION|CROP=rice|SOIL=sandy,land_preparation,நிலத் தயாரிப்பு,rice,நெல்,sandy,மணல் மண்,"crop,soil; add district/season/stage when present",retrieve canonical answer; live lookup for price/weather/schemes
AGR|LAND_PREPARATION|CROP=rice|SOIL=clay,land_preparation,நிலத் தயாரிப்பு,rice,நெல்,clay,களிமண்,"crop,soil; add district/season/stage when present",retrieve canonical answer; live lookup for price/weather/schemes
AGR|LAND_PREPARATION|CROP=rice|SOIL=loamy,land_preparation,நிலத் தயாரிப்பு,rice,நெல்,loamy,கலப்பு மண்,"crop,soil; add district/season/stage when present",retrieve canonical answer; live lookup for price/weather/schemes
AGR|LAND_PREPARATION|CROP=rice|SOIL=laterite,land_preparation,நிலத் தயாரிப்பு,rice,நெல்,laterite,சரளை மண்,"crop,soil; add district/season/stage when present",retrieve canonical answer; live lookup for price/weather/schemes
AGR|LAND_PREPARATION|CROP=banana|SOIL=red,land_preparation,நிலத் தயாரிப்பு,banana,வாழை,red,செம்மண்,"crop,soil; add district/season/stage when present",retrieve canonical answer; live lookup for price/weather/schemes
AGR|LAND_PREPARATION|CROP=banana|SOIL=black,land_preparation,நிலத் தயாரிப்பு,banana,வாழை,black,கரிசல் மண்,"crop,soil; add district/season/stage when present",retrieve canonical answer; live lookup for price/weather/schemes
AGR|LAND_PREPARATION|CROP=banana|SOIL=alluvial,land_preparation,நிலத் தயாரிப்பு,banana,வாழை,alluvial,வண்டல் மண்,"crop,soil; add district/season/stage when present",retrieve canonical answer; live lookup for price/weather/schemes
AGR|LAND_PREPARATION|CROP=banana|SOIL=sandy,land_preparation,நிலத் தயாரிப்பு,banana,வாழை,sandy,மணல் மண்,"crop,soil; add district/season/stage when present",retrieve canonical answer; live lookup for price/weather/schemes
AGR|LAND_PREPARATION|CROP=banana|SOIL=clay,land_preparation,நிலத் தயாரிப்பு,banana,வாழை,clay,களிமண்,"crop,soil; add district/season/stage when present",retrieve canonical answer; live lookup for price/weather/schemes
AGR|LAND_PREPARATION|CROP=banana|SOIL=loamy,land_preparation,நிலத் தயாரிப்பு,banana,வாழை,loamy,கலப்பு மண்,"crop,soil; add district/season/stage when present",retrieve canonical answer; live lookup for price/weather/schemes
AGR|LAND_PREPARATION|CROP=banana|SOIL=laterite,land_preparation,நிலத் தயாரிப்பு,banana,வாழை,laterite,சரளை மண்,"crop,soil; add district/season/stage when present",retrieve canonical answer; live lookup for price/weather/schemes
AGR|LAND_PREPARATION|CROP=sugarcane|SOIL=red,land_preparation,நிலத் தயாரிப்பு,sugarcane,கரும்பு,red,செம்மண்,"crop,soil; add district/season/stage when present",retrieve canonical answer; live lookup for price/weather/schemes
AGR|LAND_PREPARATION|CROP=sugarcane|SOIL=black,land_preparation,நிலத் தயாரிப்பு,sugarcane,கரும்பு,black,கரிசல் மண்,"crop,soil; add district/season/stage when present",retrieve canonical answer; live lookup for price/weather/schemes
AGR|LAND_PREPARATION|CROP=sugarcane|SOIL=alluvial,land_preparation,நிலத் தயாரிப்பு,sugarcane,கரும்பு,alluvial,வண்டல் மண்,"crop,soil; add district/season/stage when present",retrieve canonical answer; live lookup for price/weather/schemes
AGR|LAND_PREPARATION|CROP=sugarcane|SOIL=sandy,land_preparation,நிலத் தயாரிப்பு,sugarcane,கரும்பு,sandy,மணல் மண்,"crop,soil; add district/season/stage when present",retrieve canonical answer; live lookup for price/weather/schemes
AGR|LAND_PREPARATION|CROP=sugarcane|SOIL=clay,land_preparation,நிலத் தயாரிப்பு,sugarcane,கரும்பு,clay,களிமண்,"crop,soil; add district/season/stage when present",retrieve canonical answer; live lookup for price/weather/schemes
AGR|LAND_PREPARATION|CROP=sugarcane|SOIL=loamy,land_preparation,நிலத் தயாரிப்பு,sugarcane,கரும்பு,loamy,கலப்பு மண்,"crop,soil; add district/season/stage when present",retrieve canonical answer; live lookup for price/weather/schemes
AGR|LAND_PREPARATION|CROP=sugarcane|SOIL=laterite,land_preparation,நிலத் தயாரிப்பு,sugarcane,கரும்பு,laterite,சரளை மண்,"crop,soil; add district/season/stage when present",retrieve canonical answer; live lookup for price/weather/schemes
AGR|LAND_PREPARATION|CROP=cotton|SOIL=red,land_preparation,நிலத் தயாரிப்பு,cotton,பருத்தி,red,செம்மண்,"crop,soil; add district/season/stage when present",retrieve canonical answer; live lookup for price/weather/schemes
AGR|LAND_PREPARATION|CROP=cotton|SOIL=black,land_preparation,நிலத் தயாரிப்பு,cotton,பருத்தி,black,கரிசல் மண்,"crop,soil; add district/season/stage when present",retrieve canonical answer; live lookup for price/weather/schemes
AGR|LAND_PREPARATION|CROP=cotton|SOIL=alluvial,land_preparation,நிலத் தயாரிப்பு,cotton,பருத்தி,alluvial,வண்டல் மண்,"crop,soil; add district/season/stage when present",retrieve canonical answer; live lookup for price/weather/schemes
AGR|LAND_PREPARATION|CROP=cotton|SOIL=sandy,land_preparation,நிலத் தயாரிப்பு,cotton,பருத்தி,sandy,மணல் மண்,"crop,soil; add district/season/stage when present",retrieve canonical answer; live lookup for price/weather/schemes
AGR|LAND_PREPARATION|CROP=cotton|SOIL=clay,land_preparation,நிலத் தயாரிப்பு,cotton,பருத்தி,clay,களிமண்,"crop,soil; add district/season/stage when present",retrieve canonical answer; live lookup for price/weather/schemes
AGR|LAND_PREPARATION|CROP=cotton|SOIL=loamy,land_preparation,நிலத் தயாரிப்பு,cotton,பருத்தி,loamy,கலப்பு மண்,"crop,soil; add district/season/stage when present",retrieve canonical answer; live lookup for price/weather/schemes
AGR|LAND_PREPARATION|CROP=cotton|SOIL=laterite,land_preparation,நிலத் தயாரிப்பு,cotton,பருத்தி,laterite,சரளை மண்,"crop,soil; add district/season/stage when present",retrieve canonical answer; live lookup for price/weather/schemes
AGR|LAND_PREPARATION|CROP=groundnut|SOIL=red,land_preparation,நிலத் தயாரிப்பு,groundnut,நிலக்கடலை,red,செம்மண்,"crop,soil; add district/season/stage when present",retrieve canonical answer; live lookup for price/weather/schemes
AGR|LAND_PREPARATION|CROP=groundnut|SOIL=black,land_preparation,நிலத் தயாரிப்பு,groundnut,நிலக்கடலை,black,கரிசல் மண்,"crop,soil; add district/season/stage when present",retrieve canonical answer; live lookup for price/weather/schemes
AGR|LAND_PREPARATION|CROP=groundnut|SOIL=alluvial,land_preparation,நிலத் தயாரிப்பு,groundnut,நிலக்கடலை,alluvial,வண்டல் மண்,"crop,soil; add district/season/stage when present",retrieve canonical answer; live lookup for price/weather/schemes
AGR|LAND_PREPARATION|CROP=groundnut|SOIL=sandy,land_preparation,நிலத் தயாரிப்பு,groundnut,நிலக்கடலை,sandy,மணல் மண்,"crop,soil; add district/season/stage when present",retrieve canonical answer; live lookup for price/weather/schemes
AGR|LAND_PREPARATION|CROP=groundnut|SOIL=clay,land_preparation,நிலத் தயாரிப்பு,groundnut,நிலக்கடலை,clay,களிமண்,"crop,soil; add district/season/stage when present",retrieve canonical answer; live lookup for price/weather/schemes
AGR|LAND_PREPARATION|CROP=groundnut|SOIL=loamy,land_preparation,நிலத் தயாரிப்பு,groundnut,நிலக்கடலை,loamy,கலப்பு மண்,"crop,soil; add district/season/stage when present",retrieve canonical answer; live lookup for price/weather/schemes
AGR|LAND_PREPARATION|CROP=groundnut|SOIL=laterite,land_preparation,நிலத் தயாரிப்பு,groundnut,நிலக்கடலை,laterite,சரளை மண்,"crop,soil; add district/season/stage when present",retrieve canonical answer; live lookup for price/weather/schemes
AGR|LAND_PREPARATION|CROP=maize|SOIL=red,land_preparation,நிலத் தயாரிப்பு,maize,மக்காச்சோளம்,red,செம்மண்,"crop,soil; add district/season/stage when present",retrieve canonical answer; live lookup for price/weather/schemes
AGR|LAND_PREPARATION|CROP=maize|SOIL=black,land_preparation,நிலத் தயாரிப்பு,maize,மக்காச்சோளம்,black,கரிசல் மண்,"crop,soil; add district/season/stage when present",retrieve canonical answer; live lookup for price/weather/schemes
AGR|LAND_PREPARATION|CROP=maize|SOIL=alluvial,land_preparation,நிலத் தயாரிப்பு,maize,மக்காச்சோளம்,alluvial,வண்டல் மண்,"crop,soil; add district/season/stage when present",retrieve canonical answer; live lookup for price/weather/schemes
AGR|LAND_PREPARATION|CROP=maize|SOIL=sandy,land_preparation,நிலத் தயாரிப்பு,maize,மக்காச்சோளம்,sandy,மணல் மண்,"crop,soil; add district/season/stage when present",retrieve canonical answer; live lookup for price/weather/schemes
AGR|LAND_PREPARATION|CROP=maize|SOIL=clay,land_preparation,நிலத் தயாரிப்பு,maize,மக்காச்சோளம்,clay,களிமண்,"crop,soil; add district/season/stage when present",retrieve canonical answer; live lookup for price/weather/schemes
AGR|LAND_PREPARATION|CROP=maize|SOIL=loamy,land_preparation,நிலத் தயாரிப்பு,maize,மக்காச்சோளம்,loamy,கலப்பு மண்,"crop,soil; add district/season/stage when present",retrieve canonical answer; live lookup for price/weather/schemes
AGR|LAND_PREPARATION|CROP=maize|SOIL=laterite,land_preparation,நிலத் தயாரிப்பு,maize,மக்காச்சோளம்,laterite,சரளை மண்,"crop,soil; add district/season/stage when present",retrieve canonical answer; live lookup for price/weather/schemes
AGR|LAND_PREPARATION|CROP=millet|SOIL=red,land_preparation,நிலத் தயாரிப்பு,millet,கம்பு,red,செம்மண்,"crop,soil; add district/season/stage when present",retrieve canonical answer; live lookup for price/weather/schemes
AGR|LAND_PREPARATION|CROP=millet|SOIL=black,land_preparation,நிலத் தயாரிப்பு,millet,கம்பு,black,கரிசல் மண்,"crop,soil; add district/season/stage when present",retrieve canonical answer; live lookup for price/weather/schemes
AGR|LAND_PREPARATION|CROP=millet|SOIL=alluvial,land_preparation,நிலத் தயாரிப்பு,millet,கம்பு,alluvial,வண்டல் மண்,"crop,soil; add district/season/stage when present",retrieve canonical answer; live lookup for price/weather/schemes
AGR|LAND_PREPARATION|CROP=millet|SOIL=sandy,land_preparation,நிலத் தயாரிப்பு,millet,கம்பு,sandy,மணல் மண்,"crop,soil; add district/season/stage when present",retrieve canonical answer; live lookup for price/weather/schemes
AGR|LAND_PREPARATION|CROP=millet|SOIL=clay,land_preparation,நிலத் தயாரிப்பு,millet,கம்பு,clay,களிமண்,"crop,soil; add district/season/stage when present",retrieve canonical answer; live lookup for price/weather/schemes
AGR|LAND_PREPARATION|CROP=millet|SOIL=loamy,land_preparation,நிலத் தயாரிப்பு,millet,கம்பு,loamy,கலப்பு மண்,"crop,soil; add district/season/stage when present",retrieve canonical answer; live lookup for price/weather/schemes
AGR|LAND_PREPARATION|CROP=millet|SOIL=laterite,land_preparation,நிலத் தயாரிப்பு,millet,கம்பு,laterite,சரளை மண்,"crop,soil; add district/season/stage when present",retrieve canonical answer; live lookup for price/weather/schemes
AGR|LAND_PREPARATION|CROP=tomato|SOIL=red,land_preparation,நிலத் தயாரிப்பு,tomato,தக்காளி,red,செம்மண்,"crop,soil; add district/season/stage when present",retrieve canonical answer; live lookup for price/weather/schemes
AGR|LAND_PREPARATION|CROP=tomato|SOIL=black,land_preparation,நிலத் தயாரிப்பு,tomato,தக்காளி,black,கரிசல் மண்,"crop,soil; add district/season/stage when present",retrieve canonical answer; live lookup for price/weather/schemes
AGR|LAND_PREPARATION|CROP=tomato|SOIL=alluvial,land_preparation,நிலத் தயாரிப்பு,tomato,தக்காளி,alluvial,வண்டல் மண்,"crop,soil; add district/season/stage when present",retrieve canonical answer; live lookup for price/weather/schemes
AGR|LAND_PREPARATION|CROP=tomato|SOIL=sandy,land_preparation,நிலத் தயாரிப்பு,tomato,தக்காளி,sandy,மணல் மண்,"crop,soil; add district/season/stage when present",retrieve canonical answer; live lookup for price/weather/schemes
AGR|LAND_PREPARATION|CROP=tomato|SOIL=clay,land_preparation,நிலத் தயாரிப்பு,tomato,தக்காளி,clay,களிமண்,"crop,soil; add district/season/stage when present",retrieve canonical answer; live lookup for price/weather/schemes
AGR|LAND_PREPARATION|CROP=tomato|SOIL=loamy,land_preparation,நிலத் தயாரிப்பு,tomato,தக்காளி,loamy,கலப்பு மண்,"crop,soil; add district/season/stage when present",retrieve canonical answer; live lookup for price/weather/schemes
AGR|LAND_PREPARATION|CROP=tomato|SOIL=laterite,land_preparation,நிலத் தயாரிப்பு,tomato,தக்காளி,laterite,சரளை மண்,"crop,soil; add district/season/stage when present",retrieve canonical answer; live lookup for price/weather/schemes
AGR|LAND_PREPARATION|CROP=chilli|SOIL=red,land_preparation,நிலத் தயாரிப்பு,chilli,மிளகாய்,red,செம்மண்,"crop,soil; add district/season/stage when present",retrieve canonical answer; live lookup for price/weather/schemes
AGR|LAND_PREPARATION|CROP=chilli|SOIL=black,land_preparation,நிலத் தயாரிப்பு,chilli,மிளகாய்,black,கரிசல் மண்,"crop,soil; add district/season/stage when present",retrieve canonical answer; live lookup for price/weather/schemes
AGR|LAND_PREPARATION|CROP=chilli|SOIL=alluvial,land_preparation,நிலத் தயாரிப்பு,chilli,மிளகாய்,alluvial,வண்டல் மண்,"crop,soil; add district/season/stage when present",retrieve canonical answer; live lookup for price/weather/schemes
AGR|LAND_PREPARATION|CROP=chilli|SOIL=sandy,land_preparation,நிலத் தயாரிப்பு,chilli,மிளகாய்,sandy,மணல் மண்,"crop,soil; add district/season/stage when present",retrieve canonical answer; live lookup for price/weather/schemes
AGR|LAND_PREPARATION|CROP=chilli|SOIL=clay,land_preparation,நிலத் தயாரிப்பு,chilli,மிளகாய்,clay,களிமண்,"crop,soil; add district/season/stage when present",retrieve canonical answer; live lookup for price/weather/schemes
AGR|LAND_PREPARATION|CROP=chilli|SOIL=loamy,land_preparation,நிலத் தயாரிப்பு,chilli,மிளகாய்,loamy,கலப்பு மண்,"crop,soil; add district/season/stage when present",retrieve canonical answer; live lookup for price/weather/schemes
AGR|LAND_PREPARATION|CROP=chilli|SOIL=laterite,land_preparation,நிலத் தயாரிப்பு,chilli,மிளகாய்,laterite,சரளை மண்,"crop,soil; add district/season/stage when present",retrieve canonical answer; live lookup for price/weather/schemes
AGR|LAND_PREPARATION|CROP=onion|SOIL=red,land_preparation,நிலத் தயாரிப்பு,onion,வெங்காயம்,red,செம்மண்,"crop,soil; add district/season/stage when present",retrieve canonical answer; live lookup for price/weather/schemes
AGR|LAND_PREPARATION|CROP=onion|SOIL=black,land_preparation,நிலத் தயாரிப்பு,onion,வெங்காயம்,black,கரிசல் மண்,"crop,soil; add district/season/stage when present",retrieve canonical answer; live lookup for price/weather/schemes
AGR|LAND_PREPARATION|CROP=onion|SOIL=alluvial,land_preparation,நிலத் தயாரிப்பு,onion,வெங்காயம்,alluvial,வண்டல் மண்,"crop,soil; add district/season/stage when present",retrieve canonical answer; live lookup for price/weather/schemes
AGR|LAND_PREPARATION|CROP=onion|SOIL=sandy,land_preparation,நிலத் தயாரிப்பு,onion,வெங்காயம்,sandy,மணல் மண்,"crop,soil; add district/season/stage when present",retrieve canonical answer; live lookup for price/weather/schemes
AGR|LAND_PREPARATION|CROP=onion|SOIL=clay,land_preparation,நிலத் தயாரிப்பு,onion,வெங்காயம்,clay,களிமண்,"crop,soil; add district/season/stage when present",retrieve canonical answer; live lookup for price/weather/schemes
AGR|LAND_PREPARATION|CROP=onion|SOIL=loamy,land_preparation,நிலத் தயாரிப்பு,onion,வெங்காயம்,loamy,கலப்பு மண்,"crop,soil; add district/season/stage when present",retrieve canonical answer; live lookup for price/weather/schemes
AGR|LAND_PREPARATION|CROP=onion|SOIL=laterite,land_preparation,நிலத் தயாரிப்பு,onion,வெங்காயம்,laterite,சரளை மண்,"crop,soil; add district/season/stage when present",retrieve canonical answer; live lookup for price/weather/schemes
AGR|LAND_PREPARATION|CROP=turmeric|SOIL=red,land_preparation,நிலத் தயாரிப்பு,turmeric,மஞ்சள்,red,செம்மண்,"crop,soil; add district/season/stage when present",retrieve canonical answer; live lookup for price/weather/schemes
AGR|LAND_PREPARATION|CROP=turmeric|SOIL=black,land_preparation,நிலத் தயாரிப்பு,turmeric,மஞ்சள்,black,கரிசல் மண்,"crop,soil; add district/season/stage when present",retrieve canonical answer; live lookup for price/weather/schemes
AGR|LAND_PREPARATION|CROP=turmeric|SOIL=alluvial,land_preparation,நிலத் தயாரிப்பு,turmeric,மஞ்சள்,alluvial,வண்டல் மண்,"crop,soil; add district/season/stage when present",retrieve canonical answer; live lookup for price/weather/schemes
AGR|LAND_PREPARATION|CROP=turmeric|SOIL=sandy,land_preparation,நிலத் தயாரிப்பு,turmeric,மஞ்சள்,sandy,மணல் மண்,"crop,soil; add district/season/stage when present",retrieve canonical answer; live lookup for price/weather/schemes
AGR|LAND_PREPARATION|CROP=turmeric|SOIL=clay,land_preparation,நிலத் தயாரிப்பு,turmeric,மஞ்சள்,clay,களிமண்,"crop,soil; add district/season/stage when present",retrieve canonical answer; live lookup for price/weather/schemes
AGR|LAND_PREPARATION|CROP=turmeric|SOIL=loamy,land_preparation,நிலத் தயாரிப்பு,turmeric,மஞ்சள்,loamy,கலப்பு மண்,"crop,soil; add district/season/stage when present",retrieve canonical answer; live lookup for price/weather/schemes
AGR|LAND_PREPARATION|CROP=turmeric|SOIL=laterite,land_preparation,நிலத் தயாரிப்பு,turmeric,மஞ்சள்,laterite,சரளை மண்,"crop,soil; add district/season/stage when present",retrieve canonical answer; live lookup for price/weather/schemes
AGR|LAND_PREPARATION|CROP=brinjal|SOIL=red,land_preparation,நிலத் தயாரிப்பு,brinjal,கத்தரிக்காய்,red,செம்மண்,"crop,soil; add district/season/stage when present",retrieve canonical answer; live lookup for price/weather/schemes
AGR|LAND_PREPARATION|CROP=brinjal|SOIL=black,land_preparation,நிலத் தயாரிப்பு,brinjal,கத்தரிக்காய்,black,கரிசல் மண்,"crop,soil; add district/season/stage when present",retrieve canonical answer; live lookup for price/weather/schemes
AGR|LAND_PREPARATION|CROP=brinjal|SOIL=alluvial,land_preparation,நிலத் தயாரிப்பு,brinjal,கத்தரிக்காய்,alluvial,வண்டல் மண்,"crop,soil; add district/season/stage when present",retrieve canonical answer; live lookup for price/weather/schemes
AGR|LAND_PREPARATION|CROP=brinjal|SOIL=sandy,land_preparation,நிலத் தயாரிப்பு,brinjal,கத்தரிக்காய்,sandy,மணல் மண்,"crop,soil; add district/season/stage when present",retrieve canonical answer; live lookup for price/weather/schemes
AGR|LAND_PREPARATION|CROP=brinjal|SOIL=clay,land_preparation,நிலத் தயாரிப்பு,brinjal,கத்தரிக்காய்,clay,களிமண்,"crop,soil; add district/season/stage when present",retrieve canonical answer; live lookup for price/weather/schemes
AGR|LAND_PREPARATION|CROP=brinjal|SOIL=loamy,land_preparation,நிலத் தயாரிப்பு,brinjal,கத்தரிக்காய்,loamy,கலப்பு மண்,"crop,soil; add district/season/stage when present",retrieve canonical answer; live lookup for price/weather/schemes
AGR|LAND_PREPARATION|CROP=brinjal|SOIL=laterite,land_preparation,நிலத் தயாரிப்பு,brinjal,கத்தரிக்காய்,laterite,சரளை மண்,"crop,soil; add district/season/stage when present",retrieve canonical answer; live lookup for price/weather/schemes
AGR|LAND_PREPARATION|CROP=okra|SOIL=red,land_preparation,நிலத் தயாரிப்பு,okra,வெண்டைக்காய்,red,செம்மண்,"crop,soil; add district/season/stage when present",retrieve canonical answer; live lookup for price/weather/schemes
AGR|LAND_PREPARATION|CROP=okra|SOIL=black,land_preparation,நிலத் தயாரிப்பு,okra,வெண்டைக்காய்,black,கரிசல் மண்,"crop,soil; add district/season/stage when present",retrieve canonical answer; live lookup for price/weather/schemes
AGR|LAND_PREPARATION|CROP=okra|SOIL=alluvial,land_preparation,நிலத் தயாரிப்பு,okra,வெண்டைக்காய்,alluvial,வண்டல் மண்,"crop,soil; add district/season/stage when present",retrieve canonical answer; live lookup for price/weather/schemes
AGR|LAND_PREPARATION|CROP=okra|SOIL=sandy,land_preparation,நிலத் தயாரிப்பு,okra,வெண்டைக்காய்,sandy,மணல் மண்,"crop,soil; add district/season/stage when present",retrieve canonical answer; live lookup for price/weather/schemes
AGR|LAND_PREPARATION|CROP=okra|SOIL=clay,land_preparation,நிலத் தயாரிப்பு,okra,வெண்டைக்காய்,clay,களிமண்,"crop,soil; add district/season/stage when present",retrieve canonical answer; live lookup for price/weather/schemes
AGR|LAND_PREPARATION|CROP=okra|SOIL=loamy,land_preparation,நிலத் தயாரிப்பு,okra,வெண்டைக்காய்,loamy,கலப்பு மண்,"crop,soil; add district/season/stage when present",retrieve canonical answer; live lookup for price/weather/schemes
AGR|LAND_PREPARATION|CROP=okra|SOIL=laterite,land_preparation,நிலத் தயாரிப்பு,okra,வெண்டைக்காய்,laterite,சரளை மண்,"crop,soil; add district/season/stage when present",retrieve canonical answer; live lookup for price/weather/schemes
AGR|LAND_PREPARATION|CROP=coconut|SOIL=red,land_preparation,நிலத் தயாரிப்பு,coconut,தென்னை,red,செம்மண்,"crop,soil; add district/season/stage when present",retrieve canonical answer; live lookup for price/weather/schemes
AGR|LAND_PREPARATION|CROP=coconut|SOIL=black,land_preparation,நிலத் தயாரிப்பு,coconut,தென்னை,black,கரிசல் மண்,"crop,soil; add district/season/stage when present",retrieve canonical answer; live lookup for price/weather/schemes
AGR|LAND_PREPARATION|CROP=coconut|SOIL=alluvial,land_preparation,நிலத் தயாரிப்பு,coconut,தென்னை,alluvial,வண்டல் மண்,"crop,soil; add district/season/stage when present",retrieve canonical answer; live lookup for price/weather/schemes
AGR|LAND_PREPARATION|CROP=coconut|SOIL=sandy,land_preparation,நிலத் தயாரிப்பு,coconut,தென்னை,sandy,மணல் மண்,"crop,soil; add district/season/stage when present",retrieve canonical answer; live lookup for price/weather/schemes
AGR|LAND_PREPARATION|CROP=coconut|SOIL=clay,land_preparation,நிலத் தயாரிப்பு,coconut,தென்னை,clay,களிமண்,"crop,soil; add district/season/stage when present",retrieve canonical answer; live lookup for price/weather/schemes
AGR|LAND_PREPARATION|CROP=coconut|SOIL=loamy,land_preparation,நிலத் தயாரிப்பு,coconut,தென்னை,loamy,கலப்பு மண்,"crop,soil; add district/season/stage when present",retrieve canonical answer; live lookup for price/weather/schemes
AGR|LAND_PREPARATION|CROP=coconut|SOIL=laterite,land_preparation,நிலத் தயாரிப்பு,coconut,தென்னை,laterite,சரளை மண்,"crop,soil; add district/season/stage when present",retrieve canonical answer; live lookup for price/weather/schemes
AGR|LAND_PREPARATION|CROP=pulses|SOIL=red,land_preparation,நிலத் தயாரிப்பு,pulses,பயறு,red,செம்மண்,"crop,soil; add district/season/stage when present",retrieve canonical answer; live lookup for price/weather/schemes
AGR|LAND_PREPARATION|CROP=pulses|SOIL=black,land_preparation,நிலத் தயாரிப்பு,pulses,பயறு,black,கரிசல் மண்,"crop,soil; add district/season/stage when present",retrieve canonical answer; live lookup for price/weather/schemes
AGR|LAND_PREPARATION|CROP=pulses|SOIL=alluvial,land_preparation,நிலத் தயாரிப்பு,pulses,பயறு,alluvial,வண்டல் மண்,"crop,soil; add district/season/stage when present",retrieve canonical answer; live lookup for price/weather/schemes
AGR|LAND_PREPARATION|CROP=pulses|SOIL=sandy,land_preparation,நிலத் தயாரிப்பு,pulses,பயறு,sandy,மணல் மண்,"crop,soil; add district/season/stage when present",retrieve canonical answer; live lookup for price/weather/schemes
AGR|LAND_PREPARATION|CROP=pulses|SOIL=clay,land_preparation,நிலத் தயாரிப்பு,pulses,பயறு,clay,களிமண்,"crop,soil; add district/season/stage when present",retrieve canonical answer; live lookup for price/weather/schemes
AGR|LAND_PREPARATION|CROP=pulses|SOIL=loamy,land_preparation,நிலத் தயாரிப்பு,pulses,பயறு,loamy,கலப்பு மண்,"crop,soil; add district/season/stage when present",retrieve canonical answer; live lookup for price/weather/schemes
AGR|LAND_PREPARATION|CROP=pulses|SOIL=laterite,land_preparation,நிலத் தயாரிப்பு,pulses,பயறு,laterite,சரளை மண்,"crop,soil; add district/season/stage when present",retrieve canonical answer; live lookup for price/weather/schemes
AGR|LAND_PREPARATION|CROP=sesame|SOIL=red,land_preparation,நிலத் தயாரிப்பு,sesame,எள்,red,செம்மண்,"crop,soil; add district/season/stage when present",retrieve canonical answer; live lookup for price/weather/schemes
AGR|LAND_PREPARATION|CROP=sesame|SOIL=black,land_preparation,நிலத் தயாரிப்பு,sesame,எள்,black,கரிசல் மண்,"crop,soil; add district/season/stage when present",retrieve canonical answer; live lookup for price/weather/schemes
AGR|LAND_PREPARATION|CROP=sesame|SOIL=alluvial,land_preparation,நிலத் தயாரிப்பு,sesame,எள்,alluvial,வண்டல் மண்,"crop,soil; add district/season/stage when present",retrieve canonical answer; live lookup for price/weather/schemes
AGR|LAND_PREPARATION|CROP=sesame|SOIL=sandy,land_preparation,நிலத் தயாரிப்பு,sesame,எள்,sandy,மணல் மண்,"crop,soil; add district/season/stage when present",retrieve canonical answer; live lookup for price/weather/schemes
AGR|LAND_PREPARATION|CROP=sesame|SOIL=clay,land_preparation,நிலத் தயாரிப்பு,sesame,எள்,clay,களிமண்,"crop,soil; add district/season/stage when present",retrieve canonical answer; live lookup for price/weather/schemes
AGR|LAND_PREPARATION|CROP=sesame|SOIL=loamy,land_preparation,நிலத் தயாரிப்பு,sesame,எள்,loamy,கலப்பு மண்,"crop,soil; add district/season/stage when present",retrieve canonical answer; live lookup for price/weather/schemes
AGR|LAND_PREPARATION|CROP=sesame|SOIL=laterite,land_preparation,நிலத் தயாரிப்பு,sesame,எள்,laterite,சரளை மண்,"crop,soil; add district/season/stage when present",retrieve canonical answer; live lookup for price/weather/schemes
AGR|LAND_PREPARATION|CROP=tapioca|SOIL=red,land_preparation,நிலத் தயாரிப்பு,tapioca,மரவள்ளி,red,செம்மண்,"crop,soil; add district/season/stage when present",retrieve canonical answer; live lookup for price/weather/schemes
AGR|LAND_PREPARATION|CROP=tapioca|SOIL=black,land_preparation,நிலத் தயாரிப்பு,tapioca,மரவள்ளி,black,கரிசல் மண்,"crop,soil; add district/season/stage when present",retrieve canonical answer; live lookup for price/weather/schemes
AGR|LAND_PREPARATION|CROP=tapioca|SOIL=alluvial,land_preparation,நிலத் தயாரிப்பு,tapioca,மரவள்ளி,alluvial,வண்டல் மண்,"crop,soil; add district/season/stage when present",retrieve canonical answer; live lookup for price/weather/schemes
AGR|LAND_PREPARATION|CROP=tapioca|SOIL=sandy,land_preparation,நிலத் தயாரிப்பு,tapioca,மரவள்ளி,sandy,மணல் மண்,"crop,soil; add district/season/stage when present",retrieve canonical answer; live lookup for price/weather/schemes
AGR|LAND_PREPARATION|CROP=tapioca|SOIL=clay,land_preparation,நிலத் தயாரிப்பு,tapioca,மரவள்ளி,clay,களிமண்,"crop,soil; add district/season/stage when present",retrieve canonical answer; live lookup for price/weather/schemes
AGR|LAND_PREPARATION|CROP=tapioca|SOIL=loamy,land_preparation,நிலத் தயாரிப்பு,tapioca,மரவள்ளி,loamy,கலப்பு மண்,"crop,soil; add district/season/stage when present",retrieve canonical answer; live lookup for price/weather/schemes
AGR|LAND_PREPARATION|CROP=tapioca|SOIL=laterite,land_preparation,நிலத் தயாரிப்பு,tapioca,மரவள்ளி,laterite,சரளை மண்,"crop,soil; add district/season/stage when present",retrieve canonical answer; live lookup for price/weather/schemes
AGR|LAND_PREPARATION|CROP=drumstick|SOIL=red,land_preparation,நிலத் தயாரிப்பு,drumstick,முருங்கை,red,செம்மண்,"crop,soil; add district/season/stage when present",retrieve canonical answer; live lookup for price/weather/schemes
AGR|LAND_PREPARATION|CROP=drumstick|SOIL=black,land_preparation,நிலத் தயாரிப்பு,drumstick,முருங்கை,black,கரிசல் மண்,"crop,soil; add district/season/stage when present",retrieve canonical answer; live lookup for price/weather/schemes
AGR|LAND_PREPARATION|CROP=drumstick|SOIL=alluvial,land_preparation,நிலத் தயாரிப்பு,drumstick,முருங்கை,alluvial,வண்டல் மண்,"crop,soil; add district/season/stage when present",retrieve canonical answer; live lookup for price/weather/schemes
AGR|LAND_PREPARATION|CROP=drumstick|SOIL=sandy,land_preparation,நிலத் தயாரிப்பு,drumstick,முருங்கை,sandy,மணல் மண்,"crop,soil; add district/season/stage when present",retrieve canonical answer; live lookup for price/weather/schemes
AGR|LAND_PREPARATION|CROP=drumstick|SOIL=clay,land_preparation,நிலத் தயாரிப்பு,drumstick,முருங்கை,clay,களிமண்,"crop,soil; add district/season/stage when present",retrieve canonical answer; live lookup for price/weather/schemes
AGR|LAND_PREPARATION|CROP=drumstick|SOIL=loamy,land_preparation,நிலத் தயாரிப்பு,drumstick,முருங்கை,loamy,கலப்பு மண்,"crop,soil; add district/season/stage when present",retrieve canonical answer; live lookup for price/weather/schemes
AGR|LAND_PREPARATION|CROP=drumstick|SOIL=laterite,land_preparation,நிலத் தயாரிப்பு,drumstick,முருங்கை,laterite,சரளை மண்,"crop,soil; add district/season/stage when present",retrieve canonical answer; live lookup for price/weather/schemes
AGR|SEED_VARIETY|CROP=rice|SOIL=red,seed_variety,விதை ரகம்,rice,நெல்,red,செம்மண்,"crop,soil; add district/season/stage when present",retrieve canonical answer; live lookup for price/weather/schemes
AGR|SEED_VARIETY|CROP=rice|SOIL=black,seed_variety,விதை ரகம்,rice,நெல்,black,கரிசல் மண்,"crop,soil; add district/season/stage when present",retrieve canonical answer; live lookup for price/weather/schemes
AGR|SEED_VARIETY|CROP=rice|SOIL=alluvial,seed_variety,விதை ரகம்,rice,நெல்,alluvial,வண்டல் மண்,"crop,soil; add district/season/stage when present",retrieve canonical answer; live lookup for price/weather/schemes
AGR|SEED_VARIETY|CROP=rice|SOIL=sandy,seed_variety,விதை ரகம்,rice,நெல்,sandy,மணல் மண்,"crop,soil; add district/season/stage when present",retrieve canonical answer; live lookup for price/weather/schemes
AGR|SEED_VARIETY|CROP=rice|SOIL=clay,seed_variety,விதை ரகம்,rice,நெல்,clay,களிமண்,"crop,soil; add district/season/stage when present",retrieve canonical answer; live lookup for price/weather/schemes
AGR|SEED_VARIETY|CROP=rice|SOIL=loamy,seed_variety,விதை ரகம்,rice,நெல்,loamy,கலப்பு மண்,"crop,soil; add district/season/stage when present",retrieve canonical answer; live lookup for price/weather/schemes
AGR|SEED_VARIETY|CROP=rice|SOIL=laterite,seed_variety,விதை ரகம்,rice,நெல்,laterite,சரளை மண்,"crop,soil; add district/season/stage when present",retrieve canonical answer; live lookup for price/weather/schemes
AGR|SEED_VARIETY|CROP=banana|SOIL=red,seed_variety,விதை ரகம்,banana,வாழை,red,செம்மண்,"crop,soil; add district/season/stage when present",retrieve canonical answer; live lookup for price/weather/schemes
AGR|SEED_VARIETY|CROP=banana|SOIL=black,seed_variety,விதை ரகம்,banana,வாழை,black,கரிசல் மண்,"crop,soil; add district/season/stage when present",retrieve canonical answer; live lookup for price/weather/schemes
AGR|SEED_VARIETY|CROP=banana|SOIL=alluvial,seed_variety,விதை ரகம்,banana,வாழை,alluvial,வண்டல் மண்,"crop,soil; add district/season/stage when present",retrieve canonical answer; live lookup for price/weather/schemes
AGR|SEED_VARIETY|CROP=banana|SOIL=sandy,seed_variety,விதை ரகம்,banana,வாழை,sandy,மணல் மண்,"crop,soil; add district/season/stage when present",retrieve canonical answer; live lookup for price/weather/schemes
AGR|SEED_VARIETY|CROP=banana|SOIL=clay,seed_variety,விதை ரகம்,banana,வாழை,clay,களிமண்,"crop,soil; add district/season/stage when present",retrieve canonical answer; live lookup for price/weather/schemes
AGR|SEED_VARIETY|CROP=banana|SOIL=loamy,seed_variety,விதை ரகம்,banana,வாழை,loamy,கலப்பு மண்,"crop,soil; add district/season/stage when present",retrieve canonical answer; live lookup for price/weather/schemes
AGR|SEED_VARIETY|CROP=banana|SOIL=laterite,seed_variety,விதை ரகம்,banana,வாழை,laterite,சரளை மண்,"crop,soil; add district/season/stage when present",retrieve canonical answer; live lookup for price/weather/schemes
AGR|SEED_VARIETY|CROP=sugarcane|SOIL=red,seed_variety,விதை ரகம்,sugarcane,கரும்பு,red,செம்மண்,"crop,soil; add district/season/stage when present",retrieve canonical answer; live lookup for price/weather/schemes
AGR|SEED_VARIETY|CROP=sugarcane|SOIL=black,seed_variety,விதை ரகம்,sugarcane,கரும்பு,black,கரிசல் மண்,"crop,soil; add district/season/stage when present",retrieve canonical answer; live lookup for price/weather/schemes
AGR|SEED_VARIETY|CROP=sugarcane|SOIL=alluvial,seed_variety,விதை ரகம்,sugarcane,கரும்பு,alluvial,வண்டல் மண்,"crop,soil; add district/season/stage when present",retrieve canonical answer; live lookup for price/weather/schemes
AGR|SEED_VARIETY|CROP=sugarcane|SOIL=sandy,seed_variety,விதை ரகம்,sugarcane,கரும்பு,sandy,மணல் மண்,"crop,soil; add district/season/stage when present",retrieve canonical answer; live lookup for price/weather/schemes
AGR|SEED_VARIETY|CROP=sugarcane|SOIL=clay,seed_variety,விதை ரகம்,sugarcane,கரும்பு,clay,களிமண்,"crop,soil; add district/season/stage when present",retrieve canonical answer; live lookup for price/weather/schemes
AGR|SEED_VARIETY|CROP=sugarcane|SOIL=loamy,seed_variety,விதை ரகம்,sugarcane,கரும்பு,loamy,கலப்பு மண்,"crop,soil; add district/season/stage when present",retrieve canonical answer; live lookup for price/weather/schemes
AGR|SEED_VARIETY|CROP=sugarcane|SOIL=laterite,seed_variety,விதை ரகம்,sugarcane,கரும்பு,laterite,சரளை மண்,"crop,soil; add district/season/stage when present",retrieve canonical answer; live lookup for price/weather/schemes
AGR|SEED_VARIETY|CROP=cotton|SOIL=red,seed_variety,விதை ரகம்,cotton,பருத்தி,red,செம்மண்,"crop,soil; add district/season/stage when present",retrieve canonical answer; live lookup for price/weather/schemes
AGR|SEED_VARIETY|CROP=cotton|SOIL=black,seed_variety,விதை ரகம்,cotton,பருத்தி,black,கரிசல் மண்,"crop,soil; add district/season/stage when present",retrieve canonical answer; live lookup for price/weather/schemes
AGR|SEED_VARIETY|CROP=cotton|SOIL=alluvial,seed_variety,விதை ரகம்,cotton,பருத்தி,alluvial,வண்டல் மண்,"crop,soil; add district/season/stage when present",retrieve canonical answer; live lookup for price/weather/schemes
AGR|SEED_VARIETY|CROP=cotton|SOIL=sandy,seed_variety,விதை ரகம்,cotton,பருத்தி,sandy,மணல் மண்,"crop,soil; add district/season/stage when present",retrieve canonical answer; live lookup for price/weather/schemes
AGR|SEED_VARIETY|CROP=cotton|SOIL=clay,seed_variety,விதை ரகம்,cotton,பருத்தி,clay,களிமண்,"crop,soil; add district/season/stage when present",retrieve canonical answer; live lookup for price/weather/schemes
AGR|SEED_VARIETY|CROP=cotton|SOIL=loamy,seed_variety,விதை ரகம்,cotton,பருத்தி,loamy,கலப்பு மண்,"crop,soil; add district/season/stage when present",retrieve canonical answer; live lookup for price/weather/schemes
AGR|SEED_VARIETY|CROP=cotton|SOIL=laterite,seed_variety,விதை ரகம்,cotton,பருத்தி,laterite,சரளை மண்,"crop,soil; add district/season/stage when present",retrieve canonical answer; live lookup for price/weather/schemes
AGR|SEED_VARIETY|CROP=groundnut|SOIL=red,seed_variety,விதை ரகம்,groundnut,நிலக்கடலை,red,செம்மண்,"crop,soil; add district/season/stage when present",retrieve canonical answer; live lookup for price/weather/schemes
AGR|SEED_VARIETY|CROP=groundnut|SOIL=black,seed_variety,விதை ரகம்,groundnut,நிலக்கடலை,black,கரிசல் மண்,"crop,soil; add district/season/stage when present",retrieve canonical answer; live lookup for price/weather/schemes
AGR|SEED_VARIETY|CROP=groundnut|SOIL=alluvial,seed_variety,விதை ரகம்,groundnut,நிலக்கடலை,alluvial,வண்டல் மண்,"crop,soil; add district/season/stage when present",retrieve canonical answer; live lookup for price/weather/schemes
AGR|SEED_VARIETY|CROP=groundnut|SOIL=sandy,seed_variety,விதை ரகம்,groundnut,நிலக்கடலை,sandy,மணல் மண்,"crop,soil; add district/season/stage when present",retrieve canonical answer; live lookup for price/weather/schemes
AGR|SEED_VARIETY|CROP=groundnut|SOIL=clay,seed_variety,விதை ரகம்,groundnut,நிலக்கடலை,clay,களிமண்,"crop,soil; add district/season/stage when present",retrieve canonical answer; live lookup for price/weather/schemes
AGR|SEED_VARIETY|CROP=groundnut|SOIL=loamy,seed_variety,விதை ரகம்,groundnut,நிலக்கடலை,loamy,கலப்பு மண்,"crop,soil; add district/season/stage when present",retrieve canonical answer; live lookup for price/weather/schemes
AGR|SEED_VARIETY|CROP=groundnut|SOIL=laterite,seed_variety,விதை ரகம்,groundnut,நிலக்கடலை,laterite,சரளை மண்,"crop,soil; add district/season/stage when present",retrieve canonical answer; live lookup for price/weather/schemes
AGR|SEED_VARIETY|CROP=maize|SOIL=red,seed_variety,விதை ரகம்,maize,மக்காச்சோளம்,red,செம்மண்,"crop,soil; add district/season/stage when present",retrieve canonical answer; live lookup for price/weather/schemes
AGR|SEED_VARIETY|CROP=maize|SOIL=black,seed_variety,விதை ரகம்,maize,மக்காச்சோளம்,black,கரிசல் மண்,"crop,soil; add district/season/stage when present",retrieve canonical answer; live lookup for price/weather/schemes
AGR|SEED_VARIETY|CROP=maize|SOIL=alluvial,seed_variety,விதை ரகம்,maize,மக்காச்சோளம்,alluvial,வண்டல் மண்,"crop,soil; add district/season/stage when present",retrieve canonical answer; live lookup for price/weather/schemes
AGR|SEED_VARIETY|CROP=maize|SOIL=sandy,seed_variety,விதை ரகம்,maize,மக்காச்சோளம்,sandy,மணல் மண்,"crop,soil; add district/season/stage when present",retrieve canonical answer; live lookup for price/weather/schemes
AGR|SEED_VARIETY|CROP=maize|SOIL=clay,seed_variety,விதை ரகம்,maize,மக்காச்சோளம்,clay,களிமண்,"crop,soil; add district/season/stage when present",retrieve canonical answer; live lookup for price/weather/schemes
AGR|SEED_VARIETY|CROP=maize|SOIL=loamy,seed_variety,விதை ரகம்,maize,மக்காச்சோளம்,loamy,கலப்பு மண்,"crop,soil; add district/season/stage when present",retrieve canonical answer; live lookup for price/weather/schemes
AGR|SEED_VARIETY|CROP=maize|SOIL=laterite,seed_variety,விதை ரகம்,maize,மக்காச்சோளம்,laterite,சரளை மண்,"crop,soil; add district/season/stage when present",retrieve canonical answer; live lookup for price/weather/schemes
AGR|SEED_VARIETY|CROP=millet|SOIL=red,seed_variety,விதை ரகம்,millet,கம்பு,red,செம்மண்,"crop,soil; add district/season/stage when present",retrieve canonical answer; live lookup for price/weather/schemes
AGR|SEED_VARIETY|CROP=millet|SOIL=black,seed_variety,விதை ரகம்,millet,கம்பு,black,கரிசல் மண்,"crop,soil; add district/season/stage when present",retrieve canonical answer; live lookup for price/weather/schemes
AGR|SEED_VARIETY|CROP=millet|SOIL=alluvial,seed_variety,விதை ரகம்,millet,கம்பு,alluvial,வண்டல் மண்,"crop,soil; add district/season/stage when present",retrieve canonical answer; live lookup for price/weather/schemes
AGR|SEED_VARIETY|CROP=millet|SOIL=sandy,seed_variety,விதை ரகம்,millet,கம்பு,sandy,மணல் மண்,"crop,soil; add district/season/stage when present",retrieve canonical answer; live lookup for price/weather/schemes
AGR|SEED_VARIETY|CROP=millet|SOIL=clay,seed_variety,விதை ரகம்,millet,கம்பு,clay,களிமண்,"crop,soil; add district/season/stage when present",retrieve canonical answer; live lookup for price/weather/schemes
AGR|SEED_VARIETY|CROP=millet|SOIL=loamy,seed_variety,விதை ரகம்,millet,கம்பு,loamy,கலப்பு மண்,"crop,soil; add district/season/stage when present",retrieve canonical answer; live lookup for price/weather/schemes
AGR|SEED_VARIETY|CROP=millet|SOIL=laterite,seed_variety,விதை ரகம்,millet,கம்பு,laterite,சரளை மண்,"crop,soil; add district/season/stage when present",retrieve canonical answer; live lookup for price/weather/schemes
AGR|SEED_VARIETY|CROP=tomato|SOIL=red,seed_variety,விதை ரகம்,tomato,தக்காளி,red,செம்மண்,"crop,soil; add district/season/stage when present",retrieve canonical answer; live lookup for price/weather/schemes
AGR|SEED_VARIETY|CROP=tomato|SOIL=black,seed_variety,விதை ரகம்,tomato,தக்காளி,black,கரிசல் மண்,"crop,soil; add district/season/stage when present",retrieve canonical answer; live lookup for price/weather/schemes
AGR|SEED_VARIETY|CROP=tomato|SOIL=alluvial,seed_variety,விதை ரகம்,tomato,தக்காளி,alluvial,வண்டல் மண்,"crop,soil; add district/season/stage when present",retrieve canonical answer; live lookup for price/weather/schemes
AGR|SEED_VARIETY|CROP=tomato|SOIL=sandy,seed_variety,விதை ரகம்,tomato,தக்காளி,sandy,மணல் மண்,"crop,soil; add district/season/stage when present",retrieve canonical answer; live lookup for price/weather/schemes
AGR|SEED_VARIETY|CROP=tomato|SOIL=clay,seed_variety,விதை ரகம்,tomato,தக்காளி,clay,களிமண்,"crop,soil; add district/season/stage when present",retrieve canonical answer; live lookup for price/weather/schemes
AGR|SEED_VARIETY|CROP=tomato|SOIL=loamy,seed_variety,விதை ரகம்,tomato,தக்காளி,loamy,கலப்பு மண்,"crop,soil; add district/season/stage when present",retrieve canonical answer; live lookup for price/weather/schemes
AGR|SEED_VARIETY|CROP=tomato|SOIL=laterite,seed_variety,விதை ரகம்,tomato,தக்காளி,laterite,சரளை மண்,"crop,soil; add district/season/stage when present",retrieve canonical answer; live lookup for price/weather/schemes
AGR|SEED_VARIETY|CROP=chilli|SOIL=red,seed_variety,விதை ரகம்,chilli,மிளகாய்,red,செம்மண்,"crop,soil; add district/season/stage when present",retrieve canonical answer; live lookup for price/weather/schemes
AGR|SEED_VARIETY|CROP=chilli|SOIL=black,seed_variety,விதை ரகம்,chilli,மிளகாய்,black,கரிசல் மண்,"crop,soil; add district/season/stage when present",retrieve canonical answer; live lookup for price/weather/schemes
AGR|SEED_VARIETY|CROP=chilli|SOIL=alluvial,seed_variety,விதை ரகம்,chilli,மிளகாய்,alluvial,வண்டல் மண்,"crop,soil; add district/season/stage when present",retrieve canonical answer; live lookup for price/weather/schemes
AGR|SEED_VARIETY|CROP=chilli|SOIL=sandy,seed_variety,விதை ரகம்,chilli,மிளகாய்,sandy,மணல் மண்,"crop,soil; add district/season/stage when present",retrieve canonical answer; live lookup for price/weather/schemes
AGR|SEED_VARIETY|CROP=chilli|SOIL=clay,seed_variety,விதை ரகம்,chilli,மிளகாய்,clay,களிமண்,"crop,soil; add district/season/stage when present",retrieve canonical answer; live lookup for price/weather/schemes
AGR|SEED_VARIETY|CROP=chilli|SOIL=loamy,seed_variety,விதை ரகம்,chilli,மிளகாய்,loamy,கலப்பு மண்,"crop,soil; add district/season/stage when present",retrieve canonical answer; live lookup for price/weather/schemes
AGR|SEED_VARIETY|CROP=chilli|SOIL=laterite,seed_variety,விதை ரகம்,chilli,மிளகாய்,laterite,சரளை மண்,"crop,soil; add district/season/stage when present",retrieve canonical answer; live lookup for price/weather/schemes
AGR|SEED_VARIETY|CROP=onion|SOIL=red,seed_variety,விதை ரகம்,onion,வெங்காயம்,red,செம்மண்,"crop,soil; add district/season/stage when present",retrieve canonical answer; live lookup for price/weather/schemes
AGR|SEED_VARIETY|CROP=onion|SOIL=black,seed_variety,விதை ரகம்,onion,வெங்காயம்,black,கரிசல் மண்,"crop,soil; add district/season/stage when present",retrieve canonical answer; live lookup for price/weather/schemes
AGR|SEED_VARIETY|CROP=onion|SOIL=alluvial,seed_variety,விதை ரகம்,onion,வெங்காயம்,alluvial,வண்டல் மண்,"crop,soil; add district/season/stage when present",retrieve canonical answer; live lookup for price/weather/schemes
AGR|SEED_VARIETY|CROP=onion|SOIL=sandy,seed_variety,விதை ரகம்,onion,வெங்காயம்,sandy,மணல் மண்,"crop,soil; add district/season/stage when present",retrieve canonical answer; live lookup for price/weather/schemes
AGR|SEED_VARIETY|CROP=onion|SOIL=clay,seed_variety,விதை ரகம்,onion,வெங்காயம்,clay,களிமண்,"crop,soil; add district/season/stage when present",retrieve canonical answer; live lookup for price/weather/schemes
AGR|SEED_VARIETY|CROP=onion|SOIL=loamy,seed_variety,விதை ரகம்,onion,வெங்காயம்,loamy,கலப்பு மண்,"crop,soil; add district/season/stage when present",retrieve canonical answer; live lookup for price/weather/schemes
AGR|SEED_VARIETY|CROP=onion|SOIL=laterite,seed_variety,விதை ரகம்,onion,வெங்காயம்,laterite,சரளை மண்,"crop,soil; add district/season/stage when present",retrieve canonical answer; live lookup for price/weather/schemes
AGR|SEED_VARIETY|CROP=turmeric|SOIL=red,seed_variety,விதை ரகம்,turmeric,மஞ்சள்,red,செம்மண்,"crop,soil; add district/season/stage when present",retrieve canonical answer; live lookup for price/weather/schemes
AGR|SEED_VARIETY|CROP=turmeric|SOIL=black,seed_variety,விதை ரகம்,turmeric,மஞ்சள்,black,கரிசல் மண்,"crop,soil; add district/season/stage when present",retrieve canonical answer; live lookup for price/weather/schemes
AGR|SEED_VARIETY|CROP=turmeric|SOIL=alluvial,seed_variety,விதை ரகம்,turmeric,மஞ்சள்,alluvial,வண்டல் மண்,"crop,soil; add district/season/stage when present",retrieve canonical answer; live lookup for price/weather/schemes
AGR|SEED_VARIETY|CROP=turmeric|SOIL=sandy,seed_variety,விதை ரகம்,turmeric,மஞ்சள்,sandy,மணல் மண்,"crop,soil; add district/season/stage when present",retrieve canonical answer; live lookup for price/weather/schemes
AGR|SEED_VARIETY|CROP=turmeric|SOIL=clay,seed_variety,விதை ரகம்,turmeric,மஞ்சள்,clay,களிமண்,"crop,soil; add district/season/stage when present",retrieve canonical answer; live lookup for price/weather/schemes
AGR|SEED_VARIETY|CROP=turmeric|SOIL=loamy,seed_variety,விதை ரகம்,turmeric,மஞ்சள்,loamy,கலப்பு மண்,"crop,soil; add district/season/stage when present",retrieve canonical answer; live lookup for price/weather/schemes
AGR|SEED_VARIETY|CROP=turmeric|SOIL=laterite,seed_variety,விதை ரகம்,turmeric,மஞ்சள்,laterite,சரளை மண்,"crop,soil; add district/season/stage when present",retrieve canonical answer; live lookup for price/weather/schemes
AGR|SEED_VARIETY|CROP=brinjal|SOIL=red,seed_variety,விதை ரகம்,brinjal,கத்தரிக்காய்,red,செம்மண்,"crop,soil; add district/season/stage when present",retrieve canonical answer; live lookup for price/weather/schemes
AGR|SEED_VARIETY|CROP=brinjal|SOIL=black,seed_variety,விதை ரகம்,brinjal,கத்தரிக்காய்,black,கரிசல் மண்,"crop,soil; add district/season/stage when present",retrieve canonical answer; live lookup for price/weather/schemes
AGR|SEED_VARIETY|CROP=brinjal|SOIL=alluvial,seed_variety,விதை ரகம்,brinjal,கத்தரிக்காய்,alluvial,வண்டல் மண்,"crop,soil; add district/season/stage when present",retrieve canonical answer; live lookup for price/weather/schemes
AGR|SEED_VARIETY|CROP=brinjal|SOIL=sandy,seed_variety,விதை ரகம்,brinjal,கத்தரிக்காய்,sandy,மணல் மண்,"crop,soil; add district/season/stage when present",retrieve canonical answer; live lookup for price/weather/schemes
AGR|SEED_VARIETY|CROP=brinjal|SOIL=clay,seed_variety,விதை ரகம்,brinjal,கத்தரிக்காய்,clay,களிமண்,"crop,soil; add district/season/stage when present",retrieve canonical answer; live lookup for price/weather/schemes
AGR|SEED_VARIETY|CROP=brinjal|SOIL=loamy,seed_variety,விதை ரகம்,brinjal,கத்தரிக்காய்,loamy,கலப்பு மண்,"crop,soil; add district/season/stage when present",retrieve canonical answer; live lookup for price/weather/schemes
AGR|SEED_VARIETY|CROP=brinjal|SOIL=laterite,seed_variety,விதை ரகம்,brinjal,கத்தரிக்காய்,laterite,சரளை மண்,"crop,soil; add district/season/stage when present",retrieve canonical answer; live lookup for price/weather/schemes
AGR|SEED_VARIETY|CROP=okra|SOIL=red,seed_variety,விதை ரகம்,okra,வெண்டைக்காய்,red,செம்மண்,"crop,soil; add district/season/stage when present",retrieve canonical answer; live lookup for price/weather/schemes
AGR|SEED_VARIETY|CROP=okra|SOIL=black,seed_variety,விதை ரகம்,okra,வெண்டைக்காய்,black,கரிசல் மண்,"crop,soil; add district/season/stage when present",retrieve canonical answer; live lookup for price/weather/schemes
AGR|SEED_VARIETY|CROP=okra|SOIL=alluvial,seed_variety,விதை ரகம்,okra,வெண்டைக்காய்,alluvial,வண்டல் மண்,"crop,soil; add district/season/stage when present",retrieve canonical answer; live lookup for price/weather/schemes
AGR|SEED_VARIETY|CROP=okra|SOIL=sandy,seed_variety,விதை ரகம்,okra,வெண்டைக்காய்,sandy,மணல் மண்,"crop,soil; add district/season/stage when present",retrieve canonical answer; live lookup for price/weather/schemes
AGR|SEED_VARIETY|CROP=okra|SOIL=clay,seed_variety,விதை ரகம்,okra,வெண்டைக்காய்,clay,களிமண்,"crop,soil; add district/season/stage when present",retrieve canonical answer; live lookup for price/weather/schemes
AGR|SEED_VARIETY|CROP=okra|SOIL=loamy,seed_variety,விதை ரகம்,okra,வெண்டைக்காய்,loamy,கலப்பு மண்,"crop,soil; add district/season/stage when present",retrieve canonical answer; live lookup for price/weather/schemes
AGR|SEED_VARIETY|CROP=okra|SOIL=laterite,seed_variety,விதை ரகம்,okra,வெண்டைக்காய்,laterite,சரளை மண்,"crop,soil; add district/season/stage when present",retrieve canonical answer; live lookup for price/weather/schemes
AGR|SEED_VARIETY|CROP=coconut|SOIL=red,seed_variety,விதை ரகம்,coconut,தென்னை,red,செம்மண்,"crop,soil; add district/season/stage when present",retrieve canonical answer; live lookup for price/weather/schemes
AGR|SEED_VARIETY|CROP=coconut|SOIL=black,seed_variety,விதை ரகம்,coconut,தென்னை,black,கரிசல் மண்,"crop,soil; add district/season/stage when present",retrieve canonical answer; live lookup for price/weather/schemes
AGR|SEED_VARIETY|CROP=coconut|SOIL=alluvial,seed_variety,விதை ரகம்,coconut,தென்னை,alluvial,வண்டல் மண்,"crop,soil; add district/season/stage when present",retrieve canonical answer; live lookup for price/weather/schemes
AGR|SEED_VARIETY|CROP=coconut|SOIL=sandy,seed_variety,விதை ரகம்,coconut,தென்னை,sandy,மணல் மண்,"crop,soil; add district/season/stage when present",retrieve canonical answer; live lookup for price/weather/schemes
AGR|SEED_VARIETY|CROP=coconut|SOIL=clay,seed_variety,விதை ரகம்,coconut,தென்னை,clay,களிமண்,"crop,soil; add district/season/stage when present",retrieve canonical answer; live lookup for price/weather/schemes
AGR|SEED_VARIETY|CROP=coconut|SOIL=loamy,seed_variety,விதை ரகம்,coconut,தென்னை,loamy,கலப்பு மண்,"crop,soil; add district/season/stage when present",retrieve canonical answer; live lookup for price/weather/schemes
AGR|SEED_VARIETY|CROP=coconut|SOIL=laterite,seed_variety,விதை ரகம்,coconut,தென்னை,laterite,சரளை மண்,"crop,soil; add district/season/stage when present",retrieve canonical answer; live lookup for price/weather/schemes
AGR|SEED_VARIETY|CROP=pulses|SOIL=red,seed_variety,விதை ரகம்,pulses,பயறு,red,செம்மண்,"crop,soil; add district/season/stage when present",retrieve canonical answer; live lookup for price/weather/schemes
AGR|SEED_VARIETY|CROP=pulses|SOIL=black,seed_variety,விதை ரகம்,pulses,பயறு,black,கரிசல் மண்,"crop,soil; add district/season/stage when present",retrieve canonical answer; live lookup for price/weather/schemes
AGR|SEED_VARIETY|CROP=pulses|SOIL=alluvial,seed_variety,விதை ரகம்,pulses,பயறு,alluvial,வண்டல் மண்,"crop,soil; add district/season/stage when present",retrieve canonical answer; live lookup for price/weather/schemes
AGR|SEED_VARIETY|CROP=pulses|SOIL=sandy,seed_variety,விதை ரகம்,pulses,பயறு,sandy,மணல் மண்,"crop,soil; add district/season/stage when present",retrieve canonical answer; live lookup for price/weather/schemes
AGR|SEED_VARIETY|CROP=pulses|SOIL=clay,seed_variety,விதை ரகம்,pulses,பயறு,clay,களிமண்,"crop,soil; add district/season/stage when present",retrieve canonical answer; live lookup for price/weather/schemes
AGR|SEED_VARIETY|CROP=pulses|SOIL=loamy,seed_variety,விதை ரகம்,pulses,பயறு,loamy,கலப்பு மண்,"crop,soil; add district/season/stage when present",retrieve canonical answer; live lookup for price/weather/schemes
AGR|SEED_VARIETY|CROP=pulses|SOIL=laterite,seed_variety,விதை ரகம்,pulses,பயறு,laterite,சரளை மண்,"crop,soil; add district/season/stage when present",retrieve canonical answer; live lookup for price/weather/schemes
AGR|SEED_VARIETY|CROP=sesame|SOIL=red,seed_variety,விதை ரகம்,sesame,எள்,red,செம்மண்,"crop,soil; add district/season/stage when present",retrieve canonical answer; live lookup for price/weather/schemes
AGR|SEED_VARIETY|CROP=sesame|SOIL=black,seed_variety,விதை ரகம்,sesame,எள்,black,கரிசல் மண்,"crop,soil; add district/season/stage when present",retrieve canonical answer; live lookup for price/weather/schemes
AGR|SEED_VARIETY|CROP=sesame|SOIL=alluvial,seed_variety,விதை ரகம்,sesame,எள்,alluvial,வண்டல் மண்,"crop,soil; add district/season/stage when present",retrieve canonical answer; live lookup for price/weather/schemes
AGR|SEED_VARIETY|CROP=sesame|SOIL=sandy,seed_variety,விதை ரகம்,sesame,எள்,sandy,மணல் மண்,"crop,soil; add district/season/stage when present",retrieve canonical answer; live lookup for price/weather/schemes
AGR|SEED_VARIETY|CROP=sesame|SOIL=clay,seed_variety,விதை ரகம்,sesame,எள்,clay,களிமண்,"crop,soil; add district/season/stage when present",retrieve canonical answer; live lookup for price/weather/schemes
AGR|SEED_VARIETY|CROP=sesame|SOIL=loamy,seed_variety,விதை ரகம்,sesame,எள்,loamy,கலப்பு மண்,"crop,soil; add district/season/stage when present",retrieve canonical answer; live lookup for price/weather/schemes
AGR|SEED_VARIETY|CROP=sesame|SOIL=laterite,seed_variety,விதை ரகம்,sesame,எள்,laterite,சரளை மண்,"crop,soil; add district/season/stage when present",retrieve canonical answer; live lookup for price/weather/schemes
AGR|SEED_VARIETY|CROP=tapioca|SOIL=red,seed_variety,விதை ரகம்,tapioca,மரவள்ளி,red,செம்மண்,"crop,soil; add district/season/stage when present",retrieve canonical answer; live lookup for price/weather/schemes
AGR|SEED_VARIETY|CROP=tapioca|SOIL=black,seed_variety,விதை ரகம்,tapioca,மரவள்ளி,black,கரிசல் மண்,"crop,soil; add district/season/stage when present",retrieve canonical answer; live lookup for price/weather/schemes
AGR|SEED_VARIETY|CROP=tapioca|SOIL=alluvial,seed_variety,விதை ரகம்,tapioca,மரவள்ளி,alluvial,வண்டல் மண்,"crop,soil; add district/season/stage when present",retrieve canonical answer; live lookup for price/weather/schemes
AGR|SEED_VARIETY|CROP=tapioca|SOIL=sandy,seed_variety,விதை ரகம்,tapioca,மரவள்ளி,sandy,மணல் மண்,"crop,soil; add district/season/stage when present",retrieve canonical answer; live lookup for price/weather/schemes
AGR|SEED_VARIETY|CROP=tapioca|SOIL=clay,seed_variety,விதை ரகம்,tapioca,மரவள்ளி,clay,களிமண்,"crop,soil; add district/season/stage when present",retrieve canonical answer; live lookup for price/weather/schemes
AGR|SEED_VARIETY|CROP=tapioca|SOIL=loamy,seed_variety,விதை ரகம்,tapioca,மரவள்ளி,loamy,கலப்பு மண்,"crop,soil; add district/season/stage when present",retrieve canonical answer; live lookup for price/weather/schemes
AGR|SEED_VARIETY|CROP=tapioca|SOIL=laterite,seed_variety,விதை ரகம்,tapioca,மரவள்ளி,laterite,சரளை மண்,"crop,soil; add district/season/stage when present",retrieve canonical answer; live lookup for price/weather/schemes
AGR|SEED_VARIETY|CROP=drumstick|SOIL=red,seed_variety,விதை ரகம்,drumstick,முருங்கை,red,செம்மண்,"crop,soil; add district/season/stage when present",retrieve canonical answer; live lookup for price/weather/schemes
AGR|SEED_VARIETY|CROP=drumstick|SOIL=black,seed_variety,விதை ரகம்,drumstick,முருங்கை,black,கரிசல் மண்,"crop,soil; add district/season/stage when present",retrieve canonical answer; live lookup for price/weather/schemes
AGR|SEED_VARIETY|CROP=drumstick|SOIL=alluvial,seed_variety,விதை ரகம்,drumstick,முருங்கை,alluvial,வண்டல் மண்,"crop,soil; add district/season/stage when present",retrieve canonical answer; live lookup for price/weather/schemes
AGR|SEED_VARIETY|CROP=drumstick|SOIL=sandy,seed_variety,விதை ரகம்,drumstick,முருங்கை,sandy,மணல் மண்,"crop,soil; add district/season/stage when present",retrieve canonical answer; live lookup for price/weather/schemes
AGR|SEED_VARIETY|CROP=drumstick|SOIL=clay,seed_variety,விதை ரகம்,drumstick,முருங்கை,clay,களிமண்,"crop,soil; add district/season/stage when present",retrieve canonical answer; live lookup for price/weather/schemes
AGR|SEED_VARIETY|CROP=drumstick|SOIL=loamy,seed_variety,விதை ரகம்,drumstick,முருங்கை,loamy,கலப்பு மண்,"crop,soil; add district/season/stage when present",retrieve canonical answer; live lookup for price/weather/schemes
AGR|SEED_VARIETY|CROP=drumstick|SOIL=laterite,seed_variety,விதை ரகம்,drumstick,முருங்கை,laterite,சரளை மண்,"crop,soil; add district/season/stage when present",retrieve canonical answer; live lookup for price/weather/schemes
AGR|SOWING|CROP=rice|SOIL=red,sowing,விதைப்பு,rice,நெல்,red,செம்மண்,"crop,soil; add district/season/stage when present",retrieve canonical answer; live lookup for price/weather/schemes
AGR|SOWING|CROP=rice|SOIL=black,sowing,விதைப்பு,rice,நெல்,black,கரிசல் மண்,"crop,soil; add district/season/stage when present",retrieve canonical answer; live lookup for price/weather/schemes
AGR|SOWING|CROP=rice|SOIL=alluvial,sowing,விதைப்பு,rice,நெல்,alluvial,வண்டல் மண்,"crop,soil; add district/season/stage when present",retrieve canonical answer; live lookup for price/weather/schemes
AGR|SOWING|CROP=rice|SOIL=sandy,sowing,விதைப்பு,rice,நெல்,sandy,மணல் மண்,"crop,soil; add district/season/stage when present",retrieve canonical answer; live lookup for price/weather/schemes
AGR|SOWING|CROP=rice|SOIL=clay,sowing,விதைப்பு,rice,நெல்,clay,களிமண்,"crop,soil; add district/season/stage when present",retrieve canonical answer; live lookup for price/weather/schemes
AGR|SOWING|CROP=rice|SOIL=loamy,sowing,விதைப்பு,rice,நெல்,loamy,கலப்பு மண்,"crop,soil; add district/season/stage when present",retrieve canonical answer; live lookup for price/weather/schemes
AGR|SOWING|CROP=rice|SOIL=laterite,sowing,விதைப்பு,rice,நெல்,laterite,சரளை மண்,"crop,soil; add district/season/stage when present",retrieve canonical answer; live lookup for price/weather/schemes
AGR|SOWING|CROP=banana|SOIL=red,sowing,விதைப்பு,banana,வாழை,red,செம்மண்,"crop,soil; add district/season/stage when present",retrieve canonical answer; live lookup for price/weather/schemes
AGR|SOWING|CROP=banana|SOIL=black,sowing,விதைப்பு,banana,வாழை,black,கரிசல் மண்,"crop,soil; add district/season/stage when present",retrieve canonical answer; live lookup for price/weather/schemes
AGR|SOWING|CROP=banana|SOIL=alluvial,sowing,விதைப்பு,banana,வாழை,alluvial,வண்டல் மண்,"crop,soil; add district/season/stage when present",retrieve canonical answer; live lookup for price/weather/schemes
AGR|SOWING|CROP=banana|SOIL=sandy,sowing,விதைப்பு,banana,வாழை,sandy,மணல் மண்,"crop,soil; add district/season/stage when present",retrieve canonical answer; live lookup for price/weather/schemes
AGR|SOWING|CROP=banana|SOIL=clay,sowing,விதைப்பு,banana,வாழை,clay,களிமண்,"crop,soil; add district/season/stage when present",retrieve canonical answer; live lookup for price/weather/schemes
AGR|SOWING|CROP=banana|SOIL=loamy,sowing,விதைப்பு,banana,வாழை,loamy,கலப்பு மண்,"crop,soil; add district/season/stage when present",retrieve canonical answer; live lookup for price/weather/schemes
AGR|SOWING|CROP=banana|SOIL=laterite,sowing,விதைப்பு,banana,வாழை,laterite,சரளை மண்,"crop,soil; add district/season/stage when present",retrieve canonical answer; live lookup for price/weather/schemes
AGR|SOWING|CROP=sugarcane|SOIL=red,sowing,விதைப்பு,sugarcane,கரும்பு,red,செம்மண்,"crop,soil; add district/season/stage when present",retrieve canonical answer; live lookup for price/weather/schemes
AGR|SOWING|CROP=sugarcane|SOIL=black,sowing,விதைப்பு,sugarcane,கரும்பு,black,கரிசல் மண்,"crop,soil; add district/season/stage when present",retrieve canonical answer; live lookup for price/weather/schemes
AGR|SOWING|CROP=sugarcane|SOIL=alluvial,sowing,விதைப்பு,sugarcane,கரும்பு,alluvial,வண்டல் மண்,"crop,soil; add district/season/stage when present",retrieve canonical answer; live lookup for price/weather/schemes
AGR|SOWING|CROP=sugarcane|SOIL=sandy,sowing,விதைப்பு,sugarcane,கரும்பு,sandy,மணல் மண்,"crop,soil; add district/season/stage when present",retrieve canonical answer; live lookup for price/weather/schemes
AGR|SOWING|CROP=sugarcane|SOIL=clay,sowing,விதைப்பு,sugarcane,கரும்பு,clay,களிமண்,"crop,soil; add district/season/stage when present",retrieve canonical answer; live lookup for price/weather/schemes
AGR|SOWING|CROP=sugarcane|SOIL=loamy,sowing,விதைப்பு,sugarcane,கரும்பு,loamy,கலப்பு மண்,"crop,soil; add district/season/stage when present",retrieve canonical answer; live lookup for price/weather/schemes
AGR|SOWING|CROP=sugarcane|SOIL=laterite,sowing,விதைப்பு,sugarcane,கரும்பு,laterite,சரளை மண்,"crop,soil; add district/season/stage when present",retrieve canonical answer; live lookup for price/weather/schemes
AGR|SOWING|CROP=cotton|SOIL=red,sowing,விதைப்பு,cotton,பருத்தி,red,செம்மண்,"crop,soil; add district/season/stage when present",retrieve canonical answer; live lookup for price/weather/schemes
AGR|SOWING|CROP=cotton|SOIL=black,sowing,விதைப்பு,cotton,பருத்தி,black,கரிசல் மண்,"crop,soil; add district/season/stage when present",retrieve canonical answer; live lookup for price/weather/schemes
AGR|SOWING|CROP=cotton|SOIL=alluvial,sowing,விதைப்பு,cotton,பருத்தி,alluvial,வண்டல் மண்,"crop,soil; add district/season/stage when present",retrieve canonical answer; live lookup for price/weather/schemes
AGR|SOWING|CROP=cotton|SOIL=sandy,sowing,விதைப்பு,cotton,பருத்தி,sandy,மணல் மண்,"crop,soil; add district/season/stage when present",retrieve canonical answer; live lookup for price/weather/schemes
AGR|SOWING|CROP=cotton|SOIL=clay,sowing,விதைப்பு,cotton,பருத்தி,clay,களிமண்,"crop,soil; add district/season/stage when present",retrieve canonical answer; live lookup for price/weather/schemes
AGR|SOWING|CROP=cotton|SOIL=loamy,sowing,விதைப்பு,cotton,பருத்தி,loamy,கலப்பு மண்,"crop,soil; add district/season/stage when present",retrieve canonical answer; live lookup for price/weather/schemes
AGR|SOWING|CROP=cotton|SOIL=laterite,sowing,விதைப்பு,cotton,பருத்தி,laterite,சரளை மண்,"crop,soil; add district/season/stage when present",retrieve canonical answer; live lookup for price/weather/schemes
AGR|SOWING|CROP=groundnut|SOIL=red,sowing,விதைப்பு,groundnut,நிலக்கடலை,red,செம்மண்,"crop,soil; add district/season/stage when present",retrieve canonical answer; live lookup for price/weather/schemes
AGR|SOWING|CROP=groundnut|SOIL=black,sowing,விதைப்பு,groundnut,நிலக்கடலை,black,கரிசல் மண்,"crop,soil; add district/season/stage when present",retrieve canonical answer; live lookup for price/weather/schemes
AGR|SOWING|CROP=groundnut|SOIL=alluvial,sowing,விதைப்பு,groundnut,நிலக்கடலை,alluvial,வண்டல் மண்,"crop,soil; add district/season/stage when present",retrieve canonical answer; live lookup for price/weather/schemes
AGR|SOWING|CROP=groundnut|SOIL=sandy,sowing,விதைப்பு,groundnut,நிலக்கடலை,sandy,மணல் மண்,"crop,soil; add district/season/stage when present",retrieve canonical answer; live lookup for price/weather/schemes
AGR|SOWING|CROP=groundnut|SOIL=clay,sowing,விதைப்பு,groundnut,நிலக்கடலை,clay,களிமண்,"crop,soil; add district/season/stage when present",retrieve canonical answer; live lookup for price/weather/schemes
AGR|SOWING|CROP=groundnut|SOIL=loamy,sowing,விதைப்பு,groundnut,நிலக்கடலை,loamy,கலப்பு மண்,"crop,soil; add district/season/stage when present",retrieve canonical answer; live lookup for price/weather/schemes
AGR|SOWING|CROP=groundnut|SOIL=laterite,sowing,விதைப்பு,groundnut,நிலக்கடலை,laterite,சரளை மண்,"crop,soil; add district/season/stage when present",retrieve canonical answer; live lookup for price/weather/schemes
AGR|SOWING|CROP=maize|SOIL=red,sowing,விதைப்பு,maize,மக்காச்சோளம்,red,செம்மண்,"crop,soil; add district/season/stage when present",retrieve canonical answer; live lookup for price/weather/schemes
AGR|SOWING|CROP=maize|SOIL=black,sowing,விதைப்பு,maize,மக்காச்சோளம்,black,கரிசல் மண்,"crop,soil; add district/season/stage when present",retrieve canonical answer; live lookup for price/weather/schemes
AGR|SOWING|CROP=maize|SOIL=alluvial,sowing,விதைப்பு,maize,மக்காச்சோளம்,alluvial,வண்டல் மண்,"crop,soil; add district/season/stage when present",retrieve canonical answer; live lookup for price/weather/schemes
AGR|SOWING|CROP=maize|SOIL=sandy,sowing,விதைப்பு,maize,மக்காச்சோளம்,sandy,மணல் மண்,"crop,soil; add district/season/stage when present",retrieve canonical answer; live lookup for price/weather/schemes
AGR|SOWING|CROP=maize|SOIL=clay,sowing,விதைப்பு,maize,மக்காச்சோளம்,clay,களிமண்,"crop,soil; add district/season/stage when present",retrieve canonical answer; live lookup for price/weather/schemes
AGR|SOWING|CROP=maize|SOIL=loamy,sowing,விதைப்பு,maize,மக்காச்சோளம்,loamy,கலப்பு மண்,"crop,soil; add district/season/stage when present",retrieve canonical answer; live lookup for price/weather/schemes
AGR|SOWING|CROP=maize|SOIL=laterite,sowing,விதைப்பு,maize,மக்காச்சோளம்,laterite,சரளை மண்,"crop,soil; add district/season/stage when present",retrieve canonical answer; live lookup for price/weather/schemes
AGR|SOWING|CROP=millet|SOIL=red,sowing,விதைப்பு,millet,கம்பு,red,செம்மண்,"crop,soil; add district/season/stage when present",retrieve canonical answer; live lookup for price/weather/schemes
AGR|SOWING|CROP=millet|SOIL=black,sowing,விதைப்பு,millet,கம்பு,black,கரிசல் மண்,"crop,soil; add district/season/stage when present",retrieve canonical answer; live lookup for price/weather/schemes
AGR|SOWING|CROP=millet|SOIL=alluvial,sowing,விதைப்பு,millet,கம்பு,alluvial,வண்டல் மண்,"crop,soil; add district/season/stage when present",retrieve canonical answer; live lookup for price/weather/schemes
AGR|SOWING|CROP=millet|SOIL=sandy,sowing,விதைப்பு,millet,கம்பு,sandy,மணல் மண்,"crop,soil; add district/season/stage when present",retrieve canonical answer; live lookup for price/weather/schemes
AGR|SOWING|CROP=millet|SOIL=clay,sowing,விதைப்பு,millet,கம்பு,clay,களிமண்,"crop,soil; add district/season/stage when present",retrieve canonical answer; live lookup for price/weather/schemes
AGR|SOWING|CROP=millet|SOIL=loamy,sowing,விதைப்பு,millet,கம்பு,loamy,கலப்பு மண்,"crop,soil; add district/season/stage when present",retrieve canonical answer; live lookup for price/weather/schemes
AGR|SOWING|CROP=millet|SOIL=laterite,sowing,விதைப்பு,millet,கம்பு,laterite,சரளை மண்,"crop,soil; add district/season/stage when present",retrieve canonical answer; live lookup for price/weather/schemes
AGR|SOWING|CROP=tomato|SOIL=red,sowing,விதைப்பு,tomato,தக்காளி,red,செம்மண்,"crop,soil; add district/season/stage when present",retrieve canonical answer; live lookup for price/weather/schemes
AGR|SOWING|CROP=tomato|SOIL=black,sowing,விதைப்பு,tomato,தக்காளி,black,கரிசல் மண்,"crop,soil; add district/season/stage when present",retrieve canonical answer; live lookup for price/weather/schemes
AGR|SOWING|CROP=tomato|SOIL=alluvial,sowing,விதைப்பு,tomato,தக்காளி,alluvial,வண்டல் மண்,"crop,soil; add district/season/stage when present",retrieve canonical answer; live lookup for price/weather/schemes
AGR|SOWING|CROP=tomato|SOIL=sandy,sowing,விதைப்பு,tomato,தக்காளி,sandy,மணல் மண்,"crop,soil; add district/season/stage when present",retrieve canonical answer; live lookup for price/weather/schemes
AGR|SOWING|CROP=tomato|SOIL=clay,sowing,விதைப்பு,tomato,தக்காளி,clay,களிமண்,"crop,soil; add district/season/stage when present",retrieve canonical answer; live lookup for price/weather/schemes
AGR|SOWING|CROP=tomato|SOIL=loamy,sowing,விதைப்பு,tomato,தக்காளி,loamy,கலப்பு மண்,"crop,soil; add district/season/stage when present",retrieve canonical answer; live lookup for price/weather/schemes
AGR|SOWING|CROP=tomato|SOIL=laterite,sowing,விதைப்பு,tomato,தக்காளி,laterite,சரளை மண்,"crop,soil; add district/season/stage when present",retrieve canonical answer; live lookup for price/weather/schemes
AGR|SOWING|CROP=chilli|SOIL=red,sowing,விதைப்பு,chilli,மிளகாய்,red,செம்மண்,"crop,soil; add district/season/stage when present",retrieve canonical answer; live lookup for price/weather/schemes
AGR|SOWING|CROP=chilli|SOIL=black,sowing,விதைப்பு,chilli,மிளகாய்,black,கரிசல் மண்,"crop,soil; add district/season/stage when present",retrieve canonical answer; live lookup for price/weather/schemes
AGR|SOWING|CROP=chilli|SOIL=alluvial,sowing,விதைப்பு,chilli,மிளகாய்,alluvial,வண்டல் மண்,"crop,soil; add district/season/stage when present",retrieve canonical answer; live lookup for price/weather/schemes
AGR|SOWING|CROP=chilli|SOIL=sandy,sowing,விதைப்பு,chilli,மிளகாய்,sandy,மணல் மண்,"crop,soil; add district/season/stage when present",retrieve canonical answer; live lookup for price/weather/schemes
AGR|SOWING|CROP=chilli|SOIL=clay,sowing,விதைப்பு,chilli,மிளகாய்,clay,களிமண்,"crop,soil; add district/season/stage when present",retrieve canonical answer; live lookup for price/weather/schemes
AGR|SOWING|CROP=chilli|SOIL=loamy,sowing,விதைப்பு,chilli,மிளகாய்,loamy,கலப்பு மண்,"crop,soil; add district/season/stage when present",retrieve canonical answer; live lookup for price/weather/schemes
AGR|SOWING|CROP=chilli|SOIL=laterite,sowing,விதைப்பு,chilli,மிளகாய்,laterite,சரளை மண்,"crop,soil; add district/season/stage when present",retrieve canonical answer; live lookup for price/weather/schemes
AGR|SOWING|CROP=onion|SOIL=red,sowing,விதைப்பு,onion,வெங்காயம்,red,செம்மண்,"crop,soil; add district/season/stage when present",retrieve canonical answer; live lookup for price/weather/schemes
AGR|SOWING|CROP=onion|SOIL=black,sowing,விதைப்பு,onion,வெங்காயம்,black,கரிசல் மண்,"crop,soil; add district/season/stage when present",retrieve canonical answer; live lookup for price/weather/schemes
AGR|SOWING|CROP=onion|SOIL=alluvial,sowing,விதைப்பு,onion,வெங்காயம்,alluvial,வண்டல் மண்,"crop,soil; add district/season/stage when present",retrieve canonical answer; live lookup for price/weather/schemes
AGR|SOWING|CROP=onion|SOIL=sandy,sowing,விதைப்பு,onion,வெங்காயம்,sandy,மணல் மண்,"crop,soil; add district/season/stage when present",retrieve canonical answer; live lookup for price/weather/schemes
AGR|SOWING|CROP=onion|SOIL=clay,sowing,விதைப்பு,onion,வெங்காயம்,clay,களிமண்,"crop,soil; add district/season/stage when present",retrieve canonical answer; live lookup for price/weather/schemes
AGR|SOWING|CROP=onion|SOIL=loamy,sowing,விதைப்பு,onion,வெங்காயம்,loamy,கலப்பு மண்,"crop,soil; add district/season/stage when present",retrieve canonical answer; live lookup for price/weather/schemes
AGR|SOWING|CROP=onion|SOIL=laterite,sowing,விதைப்பு,onion,வெங்காயம்,laterite,சரளை மண்,"crop,soil; add district/season/stage when present",retrieve canonical answer; live lookup for price/weather/schemes
AGR|SOWING|CROP=turmeric|SOIL=red,sowing,விதைப்பு,turmeric,மஞ்சள்,red,செம்மண்,"crop,soil; add district/season/stage when present",retrieve canonical answer; live lookup for price/weather/schemes
AGR|SOWING|CROP=turmeric|SOIL=black,sowing,விதைப்பு,turmeric,மஞ்சள்,black,கரிசல் மண்,"crop,soil; add district/season/stage when present",retrieve canonical answer; live lookup for price/weather/schemes
AGR|SOWING|CROP=turmeric|SOIL=alluvial,sowing,விதைப்பு,turmeric,மஞ்சள்,alluvial,வண்டல் மண்,"crop,soil; add district/season/stage when present",retrieve canonical answer; live lookup for price/weather/schemes
AGR|SOWING|CROP=turmeric|SOIL=sandy,sowing,விதைப்பு,turmeric,மஞ்சள்,sandy,மணல் மண்,"crop,soil; add district/season/stage when present",retrieve canonical answer; live lookup for price/weather/schemes
AGR|SOWING|CROP=turmeric|SOIL=clay,sowing,விதைப்பு,turmeric,மஞ்சள்,clay,களிமண்,"crop,soil; add district/season/stage when present",retrieve canonical answer; live lookup for price/weather/schemes
AGR|SOWING|CROP=turmeric|SOIL=loamy,sowing,விதைப்பு,turmeric,மஞ்சள்,loamy,கலப்பு மண்,"crop,soil; add district/season/stage when present",retrieve canonical answer; live lookup for price/weather/schemes
AGR|SOWING|CROP=turmeric|SOIL=laterite,sowing,விதைப்பு,turmeric,மஞ்சள்,laterite,சரளை மண்,"crop,soil; add district/season/stage when present",retrieve canonical answer; live lookup for price/weather/schemes
AGR|SOWING|CROP=brinjal|SOIL=red,sowing,விதைப்பு,brinjal,கத்தரிக்காய்,red,செம்மண்,"crop,soil; add district/season/stage when present",retrieve canonical answer; live lookup for price/weather/schemes
AGR|SOWING|CROP=brinjal|SOIL=black,sowing,விதைப்பு,brinjal,கத்தரிக்காய்,black,கரிசல் மண்,"crop,soil; add district/season/stage when present",retrieve canonical answer; live lookup for price/weather/schemes
AGR|SOWING|CROP=brinjal|SOIL=alluvial,sowing,விதைப்பு,brinjal,கத்தரிக்காய்,alluvial,வண்டல் மண்,"crop,soil; add district/season/stage when present",retrieve canonical answer; live lookup for price/weather/schemes
AGR|SOWING|CROP=brinjal|SOIL=sandy,sowing,விதைப்பு,brinjal,கத்தரிக்காய்,sandy,மணல் மண்,"crop,soil; add district/season/stage when present",retrieve canonical answer; live lookup for price/weather/schemes
AGR|SOWING|CROP=brinjal|SOIL=clay,sowing,விதைப்பு,brinjal,கத்தரிக்காய்,clay,களிமண்,"crop,soil; add district/season/stage when present",retrieve canonical answer; live lookup for price/weather/schemes
AGR|SOWING|CROP=brinjal|SOIL=loamy,sowing,விதைப்பு,brinjal,கத்தரிக்காய்,loamy,கலப்பு மண்,"crop,soil; add district/season/stage when present",retrieve canonical answer; live lookup for price/weather/schemes
AGR|SOWING|CROP=brinjal|SOIL=laterite,sowing,விதைப்பு,brinjal,கத்தரிக்காய்,laterite,சரளை மண்,"crop,soil; add district/season/stage when present",retrieve canonical answer; live lookup for price/weather/schemes
AGR|SOWING|CROP=okra|SOIL=red,sowing,விதைப்பு,okra,வெண்டைக்காய்,red,செம்மண்,"crop,soil; add district/season/stage when present",retrieve canonical answer; live lookup for price/weather/schemes
AGR|SOWING|CROP=okra|SOIL=black,sowing,விதைப்பு,okra,வெண்டைக்காய்,black,கரிசல் மண்,"crop,soil; add district/season/stage when present",retrieve canonical answer; live lookup for price/weather/schemes
AGR|SOWING|CROP=okra|SOIL=alluvial,sowing,விதைப்பு,okra,வெண்டைக்காய்,alluvial,வண்டல் மண்,"crop,soil; add district/season/stage when present",retrieve canonical answer; live lookup for price/weather/schemes
AGR|SOWING|CROP=okra|SOIL=sandy,sowing,விதைப்பு,okra,வெண்டைக்காய்,sandy,மணல் மண்,"crop,soil; add district/season/stage when present",retrieve canonical answer; live lookup for price/weather/schemes
AGR|SOWING|CROP=okra|SOIL=clay,sowing,விதைப்பு,okra,வெண்டைக்காய்,clay,களிமண்,"crop,soil; add district/season/stage when present",retrieve canonical answer; live lookup for price/weather/schemes
AGR|SOWING|CROP=okra|SOIL=loamy,sowing,விதைப்பு,okra,வெண்டைக்காய்,loamy,கலப்பு மண்,"crop,soil; add district/season/stage when present",retrieve canonical answer; live lookup for price/weather/schemes
AGR|SOWING|CROP=okra|SOIL=laterite,sowing,விதைப்பு,okra,வெண்டைக்காய்,laterite,சரளை மண்,"crop,soil; add district/season/stage when present",retrieve canonical answer; live lookup for price/weather/schemes
AGR|SOWING|CROP=coconut|SOIL=red,sowing,விதைப்பு,coconut,தென்னை,red,செம்மண்,"crop,soil; add district/season/stage when present",retrieve canonical answer; live lookup for price/weather/schemes
AGR|SOWING|CROP=coconut|SOIL=black,sowing,விதைப்பு,coconut,தென்னை,black,கரிசல் மண்,"crop,soil; add district/season/stage when present",retrieve canonical answer; live lookup for price/weather/schemes
AGR|SOWING|CROP=coconut|SOIL=alluvial,sowing,விதைப்பு,coconut,தென்னை,alluvial,வண்டல் மண்,"crop,soil; add district/season/stage when present",retrieve canonical answer; live lookup for price/weather/schemes
AGR|SOWING|CROP=coconut|SOIL=sandy,sowing,விதைப்பு,coconut,தென்னை,sandy,மணல் மண்,"crop,soil; add district/season/stage when present",retrieve canonical answer; live lookup for price/weather/schemes
AGR|SOWING|CROP=coconut|SOIL=clay,sowing,விதைப்பு,coconut,தென்னை,clay,களிமண்,"crop,soil; add district/season/stage when present",retrieve canonical answer; live lookup for price/weather/schemes
AGR|SOWING|CROP=coconut|SOIL=loamy,sowing,விதைப்பு,coconut,தென்னை,loamy,கலப்பு மண்,"crop,soil; add district/season/stage when present",retrieve canonical answer; live lookup for price/weather/schemes
AGR|SOWING|CROP=coconut|SOIL=laterite,sowing,விதைப்பு,coconut,தென்னை,laterite,சரளை மண்,"crop,soil; add district/season/stage when present",retrieve canonical answer; live lookup for price/weather/schemes
AGR|SOWING|CROP=pulses|SOIL=red,sowing,விதைப்பு,pulses,பயறு,red,செம்மண்,"crop,soil; add district/season/stage when present",retrieve canonical answer; live lookup for price/weather/schemes
AGR|SOWING|CROP=pulses|SOIL=black,sowing,விதைப்பு,pulses,பயறு,black,கரிசல் மண்,"crop,soil; add district/season/stage when present",retrieve canonical answer; live lookup for price/weather/schemes
AGR|SOWING|CROP=pulses|SOIL=alluvial,sowing,விதைப்பு,pulses,பயறு,alluvial,வண்டல் மண்,"crop,soil; add district/season/stage when present",retrieve canonical answer; live lookup for price/weather/schemes
AGR|SOWING|CROP=pulses|SOIL=sandy,sowing,விதைப்பு,pulses,பயறு,sandy,மணல் மண்,"crop,soil; add district/season/stage when present",retrieve canonical answer; live lookup for price/weather/schemes
AGR|SOWING|CROP=pulses|SOIL=clay,sowing,விதைப்பு,pulses,பயறு,clay,களிமண்,"crop,soil; add district/season/stage when present",retrieve canonical answer; live lookup for price/weather/schemes
AGR|SOWING|CROP=pulses|SOIL=loamy,sowing,விதைப்பு,pulses,பயறு,loamy,கலப்பு மண்,"crop,soil; add district/season/stage when present",retrieve canonical answer; live lookup for price/weather/schemes
AGR|SOWING|CROP=pulses|SOIL=laterite,sowing,விதைப்பு,pulses,பயறு,laterite,சரளை மண்,"crop,soil; add district/season/stage when present",retrieve canonical answer; live lookup for price/weather/schemes
AGR|SOWING|CROP=sesame|SOIL=red,sowing,விதைப்பு,sesame,எள்,red,செம்மண்,"crop,soil; add district/season/stage when present",retrieve canonical answer; live lookup for price/weather/schemes
AGR|SOWING|CROP=sesame|SOIL=black,sowing,விதைப்பு,sesame,எள்,black,கரிசல் மண்,"crop,soil; add district/season/stage when present",retrieve canonical answer; live lookup for price/weather/schemes
AGR|SOWING|CROP=sesame|SOIL=alluvial,sowing,விதைப்பு,sesame,எள்,alluvial,வண்டல் மண்,"crop,soil; add district/season/stage when present",retrieve canonical answer; live lookup for price/weather/schemes
AGR|SOWING|CROP=sesame|SOIL=sandy,sowing,விதைப்பு,sesame,எள்,sandy,மணல் மண்,"crop,soil; add district/season/stage when present",retrieve canonical answer; live lookup for price/weather/schemes
AGR|SOWING|CROP=sesame|SOIL=clay,sowing,விதைப்பு,sesame,எள்,clay,களிமண்,"crop,soil; add district/season/stage when present",retrieve canonical answer; live lookup for price/weather/schemes
AGR|SOWING|CROP=sesame|SOIL=loamy,sowing,விதைப்பு,sesame,எள்,loamy,கலப்பு மண்,"crop,soil; add district/season/stage when present",retrieve canonical answer; live lookup for price/weather/schemes
AGR|SOWING|CROP=sesame|SOIL=laterite,sowing,விதைப்பு,sesame,எள்,laterite,சரளை மண்,"crop,soil; add district/season/stage when present",retrieve canonical answer; live lookup for price/weather/schemes
AGR|SOWING|CROP=tapioca|SOIL=red,sowing,விதைப்பு,tapioca,மரவள்ளி,red,செம்மண்,"crop,soil; add district/season/stage when present",retrieve canonical answer; live lookup for price/weather/schemes
AGR|SOWING|CROP=tapioca|SOIL=black,sowing,விதைப்பு,tapioca,மரவள்ளி,black,கரிசல் மண்,"crop,soil; add district/season/stage when present",retrieve canonical answer; live lookup for price/weather/schemes
AGR|SOWING|CROP=tapioca|SOIL=alluvial,sowing,விதைப்பு,tapioca,மரவள்ளி,alluvial,வண்டல் மண்,"crop,soil; add district/season/stage when present",retrieve canonical answer; live lookup for price/weather/schemes
AGR|SOWING|CROP=tapioca|SOIL=sandy,sowing,விதைப்பு,tapioca,மரவள்ளி,sandy,மணல் மண்,"crop,soil; add district/season/stage when present",retrieve canonical answer; live lookup for price/weather/schemes
AGR|SOWING|CROP=tapioca|SOIL=clay,sowing,விதைப்பு,tapioca,மரவள்ளி,clay,களிமண்,"crop,soil; add district/season/stage when present",retrieve canonical answer; live lookup for price/weather/schemes
AGR|SOWING|CROP=tapioca|SOIL=loamy,sowing,விதைப்பு,tapioca,மரவள்ளி,loamy,கலப்பு மண்,"crop,soil; add district/season/stage when present",retrieve canonical answer; live lookup for price/weather/schemes
AGR|SOWING|CROP=tapioca|SOIL=laterite,sowing,விதைப்பு,tapioca,மரவள்ளி,laterite,சரளை மண்,"crop,soil; add district/season/stage when present",retrieve canonical answer; live lookup for price/weather/schemes
AGR|SOWING|CROP=drumstick|SOIL=red,sowing,விதைப்பு,drumstick,முருங்கை,red,செம்மண்,"crop,soil; add district/season/stage when present",retrieve canonical answer; live lookup for price/weather/schemes
AGR|SOWING|CROP=drumstick|SOIL=black,sowing,விதைப்பு,drumstick,முருங்கை,black,கரிசல் மண்,"crop,soil; add district/season/stage when present",retrieve canonical answer; live lookup for price/weather/schemes
AGR|SOWING|CROP=drumstick|SOIL=alluvial,sowing,விதைப்பு,drumstick,முருங்கை,alluvial,வண்டல் மண்,"crop,soil; add district/season/stage when present",retrieve canonical answer; live lookup for price/weather/schemes
AGR|SOWING|CROP=drumstick|SOIL=sandy,sowing,விதைப்பு,drumstick,முருங்கை,sandy,மணல் மண்,"crop,soil; add district/season/stage when present",retrieve canonical answer; live lookup for price/weather/schemes
AGR|SOWING|CROP=drumstick|SOIL=clay,sowing,விதைப்பு,drumstick,முருங்கை,clay,களிமண்,"crop,soil; add district/season/stage when present",retrieve canonical answer; live lookup for price/weather/schemes
AGR|SOWING|CROP=drumstick|SOIL=loamy,sowing,விதைப்பு,drumstick,முருங்கை,loamy,கலப்பு மண்,"crop,soil; add district/season/stage when present",retrieve canonical answer; live lookup for price/weather/schemes
AGR|SOWING|CROP=drumstick|SOIL=laterite,sowing,விதைப்பு,drumstick,முருங்கை,laterite,சரளை மண்,"crop,soil; add district/season/stage when present",retrieve canonical answer; live lookup for price/weather/schemes
AGR|SPACING|CROP=rice|SOIL=red,spacing,செடி இடைவெளி,rice,நெல்,red,செம்மண்,"crop,soil; add district/season/stage when present",retrieve canonical answer; live lookup for price/weather/schemes
AGR|SPACING|CROP=rice|SOIL=black,spacing,செடி இடைவெளி,rice,நெல்,black,கரிசல் மண்,"crop,soil; add district/season/stage when present",retrieve canonical answer; live lookup for price/weather/schemes
AGR|SPACING|CROP=rice|SOIL=alluvial,spacing,செடி இடைவெளி,rice,நெல்,alluvial,வண்டல் மண்,"crop,soil; add district/season/stage when present",retrieve canonical answer; live lookup for price/weather/schemes
AGR|SPACING|CROP=rice|SOIL=sandy,spacing,செடி இடைவெளி,rice,நெல்,sandy,மணல் மண்,"crop,soil; add district/season/stage when present",retrieve canonical answer; live lookup for price/weather/schemes
AGR|SPACING|CROP=rice|SOIL=clay,spacing,செடி இடைவெளி,rice,நெல்,clay,களிமண்,"crop,soil; add district/season/stage when present",retrieve canonical answer; live lookup for price/weather/schemes
AGR|SPACING|CROP=rice|SOIL=loamy,spacing,செடி இடைவெளி,rice,நெல்,loamy,கலப்பு மண்,"crop,soil; add district/season/stage when present",retrieve canonical answer; live lookup for price/weather/schemes
AGR|SPACING|CROP=rice|SOIL=laterite,spacing,செடி இடைவெளி,rice,நெல்,laterite,சரளை மண்,"crop,soil; add district/season/stage when present",retrieve canonical answer; live lookup for price/weather/schemes
AGR|SPACING|CROP=banana|SOIL=red,spacing,செடி இடைவெளி,banana,வாழை,red,செம்மண்,"crop,soil; add district/season/stage when present",retrieve canonical answer; live lookup for price/weather/schemes
AGR|SPACING|CROP=banana|SOIL=black,spacing,செடி இடைவெளி,banana,வாழை,black,கரிசல் மண்,"crop,soil; add district/season/stage when present",retrieve canonical answer; live lookup for price/weather/schemes
AGR|SPACING|CROP=banana|SOIL=alluvial,spacing,செடி இடைவெளி,banana,வாழை,alluvial,வண்டல் மண்,"crop,soil; add district/season/stage when present",retrieve canonical answer; live lookup for price/weather/schemes
AGR|SPACING|CROP=banana|SOIL=sandy,spacing,செடி இடைவெளி,banana,வாழை,sandy,மணல் மண்,"crop,soil; add district/season/stage when present",retrieve canonical answer; live lookup for price/weather/schemes
AGR|SPACING|CROP=banana|SOIL=clay,spacing,செடி இடைவெளி,banana,வாழை,clay,களிமண்,"crop,soil; add district/season/stage when present",retrieve canonical answer; live lookup for price/weather/schemes
AGR|SPACING|CROP=banana|SOIL=loamy,spacing,செடி இடைவெளி,banana,வாழை,loamy,கலப்பு மண்,"crop,soil; add district/season/stage when present",retrieve canonical answer; live lookup for price/weather/schemes
AGR|SPACING|CROP=banana|SOIL=laterite,spacing,செடி இடைவெளி,banana,வாழை,laterite,சரளை மண்,"crop,soil; add district/season/stage when present",retrieve canonical answer; live lookup for price/weather/schemes
AGR|SPACING|CROP=sugarcane|SOIL=red,spacing,செடி இடைவெளி,sugarcane,கரும்பு,red,செம்மண்,"crop,soil; add district/season/stage when present",retrieve canonical answer; live lookup for price/weather/schemes
AGR|SPACING|CROP=sugarcane|SOIL=black,spacing,செடி இடைவெளி,sugarcane,கரும்பு,black,கரிசல் மண்,"crop,soil; add district/season/stage when present",retrieve canonical answer; live lookup for price/weather/schemes
AGR|SPACING|CROP=sugarcane|SOIL=alluvial,spacing,செடி இடைவெளி,sugarcane,கரும்பு,alluvial,வண்டல் மண்,"crop,soil; add district/season/stage when present",retrieve canonical answer; live lookup for price/weather/schemes
AGR|SPACING|CROP=sugarcane|SOIL=sandy,spacing,செடி இடைவெளி,sugarcane,கரும்பு,sandy,மணல் மண்,"crop,soil; add district/season/stage when present",retrieve canonical answer; live lookup for price/weather/schemes
AGR|SPACING|CROP=sugarcane|SOIL=clay,spacing,செடி இடைவெளி,sugarcane,கரும்பு,clay,களிமண்,"crop,soil; add district/season/stage when present",retrieve canonical answer; live lookup for price/weather/schemes
AGR|SPACING|CROP=sugarcane|SOIL=loamy,spacing,செடி இடைவெளி,sugarcane,கரும்பு,loamy,கலப்பு மண்,"crop,soil; add district/season/stage when present",retrieve canonical answer; live lookup for price/weather/schemes
AGR|SPACING|CROP=sugarcane|SOIL=laterite,spacing,செடி இடைவெளி,sugarcane,கரும்பு,laterite,சரளை மண்,"crop,soil; add district/season/stage when present",retrieve canonical answer; live lookup for price/weather/schemes
AGR|SPACING|CROP=cotton|SOIL=red,spacing,செடி இடைவெளி,cotton,பருத்தி,red,செம்மண்,"crop,soil; add district/season/stage when present",retrieve canonical answer; live lookup for price/weather/schemes
AGR|SPACING|CROP=cotton|SOIL=black,spacing,செடி இடைவெளி,cotton,பருத்தி,black,கரிசல் மண்,"crop,soil; add district/season/stage when present",retrieve canonical answer; live lookup for price/weather/schemes
AGR|SPACING|CROP=cotton|SOIL=alluvial,spacing,செடி இடைவெளி,cotton,பருத்தி,alluvial,வண்டல் மண்,"crop,soil; add district/season/stage when present",retrieve canonical answer; live lookup for price/weather/schemes
AGR|SPACING|CROP=cotton|SOIL=sandy,spacing,செடி இடைவெளி,cotton,பருத்தி,sandy,மணல் மண்,"crop,soil; add district/season/stage when present",retrieve canonical answer; live lookup for price/weather/schemes
AGR|SPACING|CROP=cotton|SOIL=clay,spacing,செடி இடைவெளி,cotton,பருத்தி,clay,களிமண்,"crop,soil; add district/season/stage when present",retrieve canonical answer; live lookup for price/weather/schemes
AGR|SPACING|CROP=cotton|SOIL=loamy,spacing,செடி இடைவெளி,cotton,பருத்தி,loamy,கலப்பு மண்,"crop,soil; add district/season/stage when present",retrieve canonical answer; live lookup for price/weather/schemes
AGR|SPACING|CROP=cotton|SOIL=laterite,spacing,செடி இடைவெளி,cotton,பருத்தி,laterite,சரளை மண்,"crop,soil; add district/season/stage when present",retrieve canonical answer; live lookup for price/weather/schemes
AGR|SPACING|CROP=groundnut|SOIL=red,spacing,செடி இடைவெளி,groundnut,நிலக்கடலை,red,செம்மண்,"crop,soil; add district/season/stage when present",retrieve canonical answer; live lookup for price/weather/schemes
AGR|SPACING|CROP=groundnut|SOIL=black,spacing,செடி இடைவெளி,groundnut,நிலக்கடலை,black,கரிசல் மண்,"crop,soil; add district/season/stage when present",retrieve canonical answer; live lookup for price/weather/schemes
AGR|SPACING|CROP=groundnut|SOIL=alluvial,spacing,செடி இடைவெளி,groundnut,நிலக்கடலை,alluvial,வண்டல் மண்,"crop,soil; add district/season/stage when present",retrieve canonical answer; live lookup for price/weather/schemes
AGR|SPACING|CROP=groundnut|SOIL=sandy,spacing,செடி இடைவெளி,groundnut,நிலக்கடலை,sandy,மணல் மண்,"crop,soil; add district/season/stage when present",retrieve canonical answer; live lookup for price/weather/schemes
AGR|SPACING|CROP=groundnut|SOIL=clay,spacing,செடி இடைவெளி,groundnut,நிலக்கடலை,clay,களிமண்,"crop,soil; add district/season/stage when present",retrieve canonical answer; live lookup for price/weather/schemes
AGR|SPACING|CROP=groundnut|SOIL=loamy,spacing,செடி இடைவெளி,groundnut,நிலக்கடலை,loamy,கலப்பு மண்,"crop,soil; add district/season/stage when present",retrieve canonical answer; live lookup for price/weather/schemes
AGR|SPACING|CROP=groundnut|SOIL=laterite,spacing,செடி இடைவெளி,groundnut,நிலக்கடலை,laterite,சரளை மண்,"crop,soil; add district/season/stage when present",retrieve canonical answer; live lookup for price/weather/schemes
AGR|SPACING|CROP=maize|SOIL=red,spacing,செடி இடைவெளி,maize,மக்காச்சோளம்,red,செம்மண்,"crop,soil; add district/season/stage when present",retrieve canonical answer; live lookup for price/weather/schemes
AGR|SPACING|CROP=maize|SOIL=black,spacing,செடி இடைவெளி,maize,மக்காச்சோளம்,black,கரிசல் மண்,"crop,soil; add district/season/stage when present",retrieve canonical answer; live lookup for price/weather/schemes
AGR|SPACING|CROP=maize|SOIL=alluvial,spacing,செடி இடைவெளி,maize,மக்காச்சோளம்,alluvial,வண்டல் மண்,"crop,soil; add district/season/stage when present",retrieve canonical answer; live lookup for price/weather/schemes
AGR|SPACING|CROP=maize|SOIL=sandy,spacing,செடி இடைவெளி,maize,மக்காச்சோளம்,sandy,மணல் மண்,"crop,soil; add district/season/stage when present",retrieve canonical answer; live lookup for price/weather/schemes
AGR|SPACING|CROP=maize|SOIL=clay,spacing,செடி இடைவெளி,maize,மக்காச்சோளம்,clay,களிமண்,"crop,soil; add district/season/stage when present",retrieve canonical answer; live lookup for price/weather/schemes
AGR|SPACING|CROP=maize|SOIL=loamy,spacing,செடி இடைவெளி,maize,மக்காச்சோளம்,loamy,கலப்பு மண்,"crop,soil; add district/season/stage when present",retrieve canonical answer; live lookup for price/weather/schemes
AGR|SPACING|CROP=maize|SOIL=laterite,spacing,செடி இடைவெளி,maize,மக்காச்சோளம்,laterite,சரளை மண்,"crop,soil; add district/season/stage when present",retrieve canonical answer; live lookup for price/weather/schemes
AGR|SPACING|CROP=millet|SOIL=red,spacing,செடி இடைவெளி,millet,கம்பு,red,செம்மண்,"crop,soil; add district/season/stage when present",retrieve canonical answer; live lookup for price/weather/schemes
AGR|SPACING|CROP=millet|SOIL=black,spacing,செடி இடைவெளி,millet,கம்பு,black,கரிசல் மண்,"crop,soil; add district/season/stage when present",retrieve canonical answer; live lookup for price/weather/schemes
AGR|SPACING|CROP=millet|SOIL=alluvial,spacing,செடி இடைவெளி,millet,கம்பு,alluvial,வண்டல் மண்,"crop,soil; add district/season/stage when present",retrieve canonical answer; live lookup for price/weather/schemes
AGR|SPACING|CROP=millet|SOIL=sandy,spacing,செடி இடைவெளி,millet,கம்பு,sandy,மணல் மண்,"crop,soil; add district/season/stage when present",retrieve canonical answer; live lookup for price/weather/schemes
AGR|SPACING|CROP=millet|SOIL=clay,spacing,செடி இடைவெளி,millet,கம்பு,clay,களிமண்,"crop,soil; add district/season/stage when present",retrieve canonical answer; live lookup for price/weather/schemes
AGR|SPACING|CROP=millet|SOIL=loamy,spacing,செடி இடைவெளி,millet,கம்பு,loamy,கலப்பு மண்,"crop,soil; add district/season/stage when present",retrieve canonical answer; live lookup for price/weather/schemes
AGR|SPACING|CROP=millet|SOIL=laterite,spacing,செடி இடைவெளி,millet,கம்பு,laterite,சரளை மண்,"crop,soil; add district/season/stage when present",retrieve canonical answer; live lookup for price/weather/schemes
AGR|SPACING|CROP=tomato|SOIL=red,spacing,செடி இடைவெளி,tomato,தக்காளி,red,செம்மண்,"crop,soil; add district/season/stage when present",retrieve canonical answer; live lookup for price/weather/schemes
AGR|SPACING|CROP=tomato|SOIL=black,spacing,செடி இடைவெளி,tomato,தக்காளி,black,கரிசல் மண்,"crop,soil; add district/season/stage when present",retrieve canonical answer; live lookup for price/weather/schemes
AGR|SPACING|CROP=tomato|SOIL=alluvial,spacing,செடி இடைவெளி,tomato,தக்காளி,alluvial,வண்டல் மண்,"crop,soil; add district/season/stage when present",retrieve canonical answer; live lookup for price/weather/schemes
AGR|SPACING|CROP=tomato|SOIL=sandy,spacing,செடி இடைவெளி,tomato,தக்காளி,sandy,மணல் மண்,"crop,soil; add district/season/stage when present",retrieve canonical answer; live lookup for price/weather/schemes
AGR|SPACING|CROP=tomato|SOIL=clay,spacing,செடி இடைவெளி,tomato,தக்காளி,clay,களிமண்,"crop,soil; add district/season/stage when present",retrieve canonical answer; live lookup for price/weather/schemes
AGR|SPACING|CROP=tomato|SOIL=loamy,spacing,செடி இடைவெளி,tomato,தக்காளி,loamy,கலப்பு மண்,"crop,soil; add district/season/stage when present",retrieve canonical answer; live lookup for price/weather/schemes
AGR|SPACING|CROP=tomato|SOIL=laterite,spacing,செடி இடைவெளி,tomato,தக்காளி,laterite,சரளை மண்,"crop,soil; add district/season/stage when present",retrieve canonical answer; live lookup for price/weather/schemes
AGR|SPACING|CROP=chilli|SOIL=red,spacing,செடி இடைவெளி,chilli,மிளகாய்,red,செம்மண்,"crop,soil; add district/season/stage when present",retrieve canonical answer; live lookup for price/weather/schemes
AGR|SPACING|CROP=chilli|SOIL=black,spacing,செடி இடைவெளி,chilli,மிளகாய்,black,கரிசல் மண்,"crop,soil; add district/season/stage when present",retrieve canonical answer; live lookup for price/weather/schemes
AGR|SPACING|CROP=chilli|SOIL=alluvial,spacing,செடி இடைவெளி,chilli,மிளகாய்,alluvial,வண்டல் மண்,"crop,soil; add district/season/stage when present",retrieve canonical answer; live lookup for price/weather/schemes
AGR|SPACING|CROP=chilli|SOIL=sandy,spacing,செடி இடைவெளி,chilli,மிளகாய்,sandy,மணல் மண்,"crop,soil; add district/season/stage when present",retrieve canonical answer; live lookup for price/weather/schemes
AGR|SPACING|CROP=chilli|SOIL=clay,spacing,செடி இடைவெளி,chilli,மிளகாய்,clay,களிமண்,"crop,soil; add district/season/stage when present",retrieve canonical answer; live lookup for price/weather/schemes
AGR|SPACING|CROP=chilli|SOIL=loamy,spacing,செடி இடைவெளி,chilli,மிளகாய்,loamy,கலப்பு மண்,"crop,soil; add district/season/stage when present",retrieve canonical answer; live lookup for price/weather/schemes
AGR|SPACING|CROP=chilli|SOIL=laterite,spacing,செடி இடைவெளி,chilli,மிளகாய்,laterite,சரளை மண்,"crop,soil; add district/season/stage when present",retrieve canonical answer; live lookup for price/weather/schemes
AGR|SPACING|CROP=onion|SOIL=red,spacing,செடி இடைவெளி,onion,வெங்காயம்,red,செம்மண்,"crop,soil; add district/season/stage when present",retrieve canonical answer; live lookup for price/weather/schemes
AGR|SPACING|CROP=onion|SOIL=black,spacing,செடி இடைவெளி,onion,வெங்காயம்,black,கரிசல் மண்,"crop,soil; add district/season/stage when present",retrieve canonical answer; live lookup for price/weather/schemes
AGR|SPACING|CROP=onion|SOIL=alluvial,spacing,செடி இடைவெளி,onion,வெங்காயம்,alluvial,வண்டல் மண்,"crop,soil; add district/season/stage when present",retrieve canonical answer; live lookup for price/weather/schemes
AGR|SPACING|CROP=onion|SOIL=sandy,spacing,செடி இடைவெளி,onion,வெங்காயம்,sandy,மணல் மண்,"crop,soil; add district/season/stage when present",retrieve canonical answer; live lookup for price/weather/schemes
AGR|SPACING|CROP=onion|SOIL=clay,spacing,செடி இடைவெளி,onion,வெங்காயம்,clay,களிமண்,"crop,soil; add district/season/stage when present",retrieve canonical answer; live lookup for price/weather/schemes
AGR|SPACING|CROP=onion|SOIL=loamy,spacing,செடி இடைவெளி,onion,வெங்காயம்,loamy,கலப்பு மண்,"crop,soil; add district/season/stage when present",retrieve canonical answer; live lookup for price/weather/schemes
AGR|SPACING|CROP=onion|SOIL=laterite,spacing,செடி இடைவெளி,onion,வெங்காயம்,laterite,சரளை மண்,"crop,soil; add district/season/stage when present",retrieve canonical answer; live lookup for price/weather/schemes
AGR|SPACING|CROP=turmeric|SOIL=red,spacing,செடி இடைவெளி,turmeric,மஞ்சள்,red,செம்மண்,"crop,soil; add district/season/stage when present",retrieve canonical answer; live lookup for price/weather/schemes
AGR|SPACING|CROP=turmeric|SOIL=black,spacing,செடி இடைவெளி,turmeric,மஞ்சள்,black,கரிசல் மண்,"crop,soil; add district/season/stage when present",retrieve canonical answer; live lookup for price/weather/schemes
AGR|SPACING|CROP=turmeric|SOIL=alluvial,spacing,செடி இடைவெளி,turmeric,மஞ்சள்,alluvial,வண்டல் மண்,"crop,soil; add district/season/stage when present",retrieve canonical answer; live lookup for price/weather/schemes
AGR|SPACING|CROP=turmeric|SOIL=sandy,spacing,செடி இடைவெளி,turmeric,மஞ்சள்,sandy,மணல் மண்,"crop,soil; add district/season/stage when present",retrieve canonical answer; live lookup for price/weather/schemes
AGR|SPACING|CROP=turmeric|SOIL=clay,spacing,செடி இடைவெளி,turmeric,மஞ்சள்,clay,களிமண்,"crop,soil; add district/season/stage when present",retrieve canonical answer; live lookup for price/weather/schemes
AGR|SPACING|CROP=turmeric|SOIL=loamy,spacing,செடி இடைவெளி,turmeric,மஞ்சள்,loamy,கலப்பு மண்,"crop,soil; add district/season/stage when present",retrieve canonical answer; live lookup for price/weather/schemes
AGR|SPACING|CROP=turmeric|SOIL=laterite,spacing,செடி இடைவெளி,turmeric,மஞ்சள்,laterite,சரளை மண்,"crop,soil; add district/season/stage when present",retrieve canonical answer; live lookup for price/weather/schemes
AGR|SPACING|CROP=brinjal|SOIL=red,spacing,செடி இடைவெளி,brinjal,கத்தரிக்காய்,red,செம்மண்,"crop,soil; add district/season/stage when present",retrieve canonical answer; live lookup for price/weather/schemes
AGR|SPACING|CROP=brinjal|SOIL=black,spacing,செடி இடைவெளி,brinjal,கத்தரிக்காய்,black,கரிசல் மண்,"crop,soil; add district/season/stage when present",retrieve canonical answer; live lookup for price/weather/schemes
AGR|SPACING|CROP=brinjal|SOIL=alluvial,spacing,செடி இடைவெளி,brinjal,கத்தரிக்காய்,alluvial,வண்டல் மண்,"crop,soil; add district/season/stage when present",retrieve canonical answer; live lookup for price/weather/schemes
AGR|SPACING|CROP=brinjal|SOIL=sandy,spacing,செடி இடைவெளி,brinjal,கத்தரிக்காய்,sandy,மணல் மண்,"crop,soil; add district/season/stage when present",retrieve canonical answer; live lookup for price/weather/schemes
AGR|SPACING|CROP=brinjal|SOIL=clay,spacing,செடி இடைவெளி,brinjal,கத்தரிக்காய்,clay,களிமண்,"crop,soil; add district/season/stage when present",retrieve canonical answer; live lookup for price/weather/schemes
AGR|SPACING|CROP=brinjal|SOIL=loamy,spacing,செடி இடைவெளி,brinjal,கத்தரிக்காய்,loamy,கலப்பு மண்,"crop,soil; add district/season/stage when present",retrieve canonical answer; live lookup for price/weather/schemes
AGR|SPACING|CROP=brinjal|SOIL=laterite,spacing,செடி இடைவெளி,brinjal,கத்தரிக்காய்,laterite,சரளை மண்,"crop,soil; add district/season/stage when present",retrieve canonical answer; live lookup for price/weather/schemes
AGR|SPACING|CROP=okra|SOIL=red,spacing,செடி இடைவெளி,okra,வெண்டைக்காய்,red,செம்மண்,"crop,soil; add district/season/stage when present",retrieve canonical answer; live lookup for price/weather/schemes
AGR|SPACING|CROP=okra|SOIL=black,spacing,செடி இடைவெளி,okra,வெண்டைக்காய்,black,கரிசல் மண்,"crop,soil; add district/season/stage when present",retrieve canonical answer; live lookup for price/weather/schemes
AGR|SPACING|CROP=okra|SOIL=alluvial,spacing,செடி இடைவெளி,okra,வெண்டைக்காய்,alluvial,வண்டல் மண்,"crop,soil; add district/season/stage when present",retrieve canonical answer; live lookup for price/weather/schemes
AGR|SPACING|CROP=okra|SOIL=sandy,spacing,செடி இடைவெளி,okra,வெண்டைக்காய்,sandy,மணல் மண்,"crop,soil; add district/season/stage when present",retrieve canonical answer; live lookup for price/weather/schemes
AGR|SPACING|CROP=okra|SOIL=clay,spacing,செடி இடைவெளி,okra,வெண்டைக்காய்,clay,களிமண்,"crop,soil; add district/season/stage when present",retrieve canonical answer; live lookup for price/weather/schemes
AGR|SPACING|CROP=okra|SOIL=loamy,spacing,செடி இடைவெளி,okra,வெண்டைக்காய்,loamy,கலப்பு மண்,"crop,soil; add district/season/stage when present",retrieve canonical answer; live lookup for price/weather/schemes
AGR|SPACING|CROP=okra|SOIL=laterite,spacing,செடி இடைவெளி,okra,வெண்டைக்காய்,laterite,சரளை மண்,"crop,soil; add district/season/stage when present",retrieve canonical answer; live lookup for price/weather/schemes
AGR|SPACING|CROP=coconut|SOIL=red,spacing,செடி இடைவெளி,coconut,தென்னை,red,செம்மண்,"crop,soil; add district/season/stage when present",retrieve canonical answer; live lookup for price/weather/schemes
AGR|SPACING|CROP=coconut|SOIL=black,spacing,செடி இடைவெளி,coconut,தென்னை,black,கரிசல் மண்,"crop,soil; add district/season/stage when present",retrieve canonical answer; live lookup for price/weather/schemes
AGR|SPACING|CROP=coconut|SOIL=alluvial,spacing,செடி இடைவெளி,coconut,தென்னை,alluvial,வண்டல் மண்,"crop,soil; add district/season/stage when present",retrieve canonical answer; live lookup for price/weather/schemes
AGR|SPACING|CROP=coconut|SOIL=sandy,spacing,செடி இடைவெளி,coconut,தென்னை,sandy,மணல் மண்,"crop,soil; add district/season/stage when present",retrieve canonical answer; live lookup for price/weather/schemes
AGR|SPACING|CROP=coconut|SOIL=clay,spacing,செடி இடைவெளி,coconut,தென்னை,clay,களிமண்,"crop,soil; add district/season/stage when present",retrieve canonical answer; live lookup for price/weather/schemes
AGR|SPACING|CROP=coconut|SOIL=loamy,spacing,செடி இடைவெளி,coconut,தென்னை,loamy,கலப்பு மண்,"crop,soil; add district/season/stage when present",retrieve canonical answer; live lookup for price/weather/schemes
AGR|SPACING|CROP=coconut|SOIL=laterite,spacing,செடி இடைவெளி,coconut,தென்னை,laterite,சரளை மண்,"crop,soil; add district/season/stage when present",retrieve canonical answer; live lookup for price/weather/schemes
AGR|SPACING|CROP=pulses|SOIL=red,spacing,செடி இடைவெளி,pulses,பயறு,red,செம்மண்,"crop,soil; add district/season/stage when present",retrieve canonical answer; live lookup for price/weather/schemes
AGR|SPACING|CROP=pulses|SOIL=black,spacing,செடி இடைவெளி,pulses,பயறு,black,கரிசல் மண்,"crop,soil; add district/season/stage when present",retrieve canonical answer; live lookup for price/weather/schemes
AGR|SPACING|CROP=pulses|SOIL=alluvial,spacing,செடி இடைவெளி,pulses,பயறு,alluvial,வண்டல் மண்,"crop,soil; add district/season/stage when present",retrieve canonical answer; live lookup for price/weather/schemes
AGR|SPACING|CROP=pulses|SOIL=sandy,spacing,செடி இடைவெளி,pulses,பயறு,sandy,மணல் மண்,"crop,soil; add district/season/stage when present",retrieve canonical answer; live lookup for price/weather/schemes
AGR|SPACING|CROP=pulses|SOIL=clay,spacing,செடி இடைவெளி,pulses,பயறு,clay,களிமண்,"crop,soil; add district/season/stage when present",retrieve canonical answer; live lookup for price/weather/schemes
AGR|SPACING|CROP=pulses|SOIL=loamy,spacing,செடி இடைவெளி,pulses,பயறு,loamy,கலப்பு மண்,"crop,soil; add district/season/stage when present",retrieve canonical answer; live lookup for price/weather/schemes
AGR|SPACING|CROP=pulses|SOIL=laterite,spacing,செடி இடைவெளி,pulses,பயறு,laterite,சரளை மண்,"crop,soil; add district/season/stage when present",retrieve canonical answer; live lookup for price/weather/schemes
AGR|SPACING|CROP=sesame|SOIL=red,spacing,செடி இடைவெளி,sesame,எள்,red,செம்மண்,"crop,soil; add district/season/stage when present",retrieve canonical answer; live lookup for price/weather/schemes
AGR|SPACING|CROP=sesame|SOIL=black,spacing,செடி இடைவெளி,sesame,எள்,black,கரிசல் மண்,"crop,soil; add district/season/stage when present",retrieve canonical answer; live lookup for price/weather/schemes
AGR|SPACING|CROP=sesame|SOIL=alluvial,spacing,செடி இடைவெளி,sesame,எள்,alluvial,வண்டல் மண்,"crop,soil; add district/season/stage when present",retrieve canonical answer; live lookup for price/weather/schemes
AGR|SPACING|CROP=sesame|SOIL=sandy,spacing,செடி இடைவெளி,sesame,எள்,sandy,மணல் மண்,"crop,soil; add district/season/stage when present",retrieve canonical answer; live lookup for price/weather/schemes
AGR|SPACING|CROP=sesame|SOIL=clay,spacing,செடி இடைவெளி,sesame,எள்,clay,களிமண்,"crop,soil; add district/season/stage when present",retrieve canonical answer; live lookup for price/weather/schemes
AGR|SPACING|CROP=sesame|SOIL=loamy,spacing,செடி இடைவெளி,sesame,எள்,loamy,கலப்பு மண்,"crop,soil; add district/season/stage when present",retrieve canonical answer; live lookup for price/weather/schemes
AGR|SPACING|CROP=sesame|SOIL=laterite,spacing,செடி இடைவெளி,sesame,எள்,laterite,சரளை மண்,"crop,soil; add district/season/stage when present",retrieve canonical answer; live lookup for price/weather/schemes
AGR|SPACING|CROP=tapioca|SOIL=red,spacing,செடி இடைவெளி,tapioca,மரவள்ளி,red,செம்மண்,"crop,soil; add district/season/stage when present",retrieve canonical answer; live lookup for price/weather/schemes
AGR|SPACING|CROP=tapioca|SOIL=black,spacing,செடி இடைவெளி,tapioca,மரவள்ளி,black,கரிசல் மண்,"crop,soil; add district/season/stage when present",retrieve canonical answer; live lookup for price/weather/schemes
AGR|SPACING|CROP=tapioca|SOIL=alluvial,spacing,செடி இடைவெளி,tapioca,மரவள்ளி,alluvial,வண்டல் மண்,"crop,soil; add district/season/stage when present",retrieve canonical answer; live lookup for price/weather/schemes
AGR|SPACING|CROP=tapioca|SOIL=sandy,spacing,செடி இடைவெளி,tapioca,மரவள்ளி,sandy,மணல் மண்,"crop,soil; add district/season/stage when present",retrieve canonical answer; live lookup for price/weather/schemes
AGR|SPACING|CROP=tapioca|SOIL=clay,spacing,செடி இடைவெளி,tapioca,மரவள்ளி,clay,களிமண்,"crop,soil; add district/season/stage when present",retrieve canonical answer; live lookup for price/weather/schemes
AGR|SPACING|CROP=tapioca|SOIL=loamy,spacing,செடி இடைவெளி,tapioca,மரவள்ளி,loamy,கலப்பு மண்,"crop,soil; add district/season/stage when present",retrieve canonical answer; live lookup for price/weather/schemes
AGR|SPACING|CROP=tapioca|SOIL=laterite,spacing,செடி இடைவெளி,tapioca,மரவள்ளி,laterite,சரளை மண்,"crop,soil; add district/season/stage when present",retrieve canonical answer; live lookup for price/weather/schemes
AGR|SPACING|CROP=drumstick|SOIL=red,spacing,செடி இடைவெளி,drumstick,முருங்கை,red,செம்மண்,"crop,soil; add district/season/stage when present",retrieve canonical answer; live lookup for price/weather/schemes
AGR|SPACING|CROP=drumstick|SOIL=black,spacing,செடி இடைவெளி,drumstick,முருங்கை,black,கரிசல் மண்,"crop,soil; add district/season/stage when present",retrieve canonical answer; live lookup for price/weather/schemes
AGR|SPACING|CROP=drumstick|SOIL=alluvial,spacing,செடி இடைவெளி,drumstick,முருங்கை,alluvial,வண்டல் மண்,"crop,soil; add district/season/stage when present",retrieve canonical answer; live lookup for price/weather/schemes
AGR|SPACING|CROP=drumstick|SOIL=sandy,spacing,செடி இடைவெளி,drumstick,முருங்கை,sandy,மணல் மண்,"crop,soil; add district/season/stage when present",retrieve canonical answer; live lookup for price/weather/schemes
AGR|SPACING|CROP=drumstick|SOIL=clay,spacing,செடி இடைவெளி,drumstick,முருங்கை,clay,களிமண்,"crop,soil; add district/season/stage when present",retrieve canonical answer; live lookup for price/weather/schemes
AGR|SPACING|CROP=drumstick|SOIL=loamy,spacing,செடி இடைவெளி,drumstick,முருங்கை,loamy,கலப்பு மண்,"crop,soil; add district/season/stage when present",retrieve canonical answer; live lookup for price/weather/schemes
AGR|SPACING|CROP=drumstick|SOIL=laterite,spacing,செடி இடைவெளி,drumstick,முருங்கை,laterite,சரளை மண்,"crop,soil; add district/season/stage when present",retrieve canonical answer; live lookup for price/weather/schemes
AGR|FERTILIZER|CROP=rice|SOIL=red,fertilizer,உர மேலாண்மை,rice,நெல்,red,செம்மண்,"crop,soil; add district/season/stage when present",retrieve canonical answer; live lookup for price/weather/schemes
AGR|FERTILIZER|CROP=rice|SOIL=black,fertilizer,உர மேலாண்மை,rice,நெல்,black,கரிசல் மண்,"crop,soil; add district/season/stage when present",retrieve canonical answer; live lookup for price/weather/schemes
AGR|FERTILIZER|CROP=rice|SOIL=alluvial,fertilizer,உர மேலாண்மை,rice,நெல்,alluvial,வண்டல் மண்,"crop,soil; add district/season/stage when present",retrieve canonical answer; live lookup for price/weather/schemes
AGR|FERTILIZER|CROP=rice|SOIL=sandy,fertilizer,உர மேலாண்மை,rice,நெல்,sandy,மணல் மண்,"crop,soil; add district/season/stage when present",retrieve canonical answer; live lookup for price/weather/schemes
AGR|FERTILIZER|CROP=rice|SOIL=clay,fertilizer,உர மேலாண்மை,rice,நெல்,clay,களிமண்,"crop,soil; add district/season/stage when present",retrieve canonical answer; live lookup for price/weather/schemes
AGR|FERTILIZER|CROP=rice|SOIL=loamy,fertilizer,உர மேலாண்மை,rice,நெல்,loamy,கலப்பு மண்,"crop,soil; add district/season/stage when present",retrieve canonical answer; live lookup for price/weather/schemes
AGR|FERTILIZER|CROP=rice|SOIL=laterite,fertilizer,உர மேலாண்மை,rice,நெல்,laterite,சரளை மண்,"crop,soil; add district/season/stage when present",retrieve canonical answer; live lookup for price/weather/schemes
AGR|FERTILIZER|CROP=banana|SOIL=red,fertilizer,உர மேலாண்மை,banana,வாழை,red,செம்மண்,"crop,soil; add district/season/stage when present",retrieve canonical answer; live lookup for price/weather/schemes
AGR|FERTILIZER|CROP=banana|SOIL=black,fertilizer,உர மேலாண்மை,banana,வாழை,black,கரிசல் மண்,"crop,soil; add district/season/stage when present",retrieve canonical answer; live lookup for price/weather/schemes
AGR|FERTILIZER|CROP=banana|SOIL=alluvial,fertilizer,உர மேலாண்மை,banana,வாழை,alluvial,வண்டல் மண்,"crop,soil; add district/season/stage when present",retrieve canonical answer; live lookup for price/weather/schemes
AGR|FERTILIZER|CROP=banana|SOIL=sandy,fertilizer,உர மேலாண்மை,banana,வாழை,sandy,மணல் மண்,"crop,soil; add district/season/stage when present",retrieve canonical answer; live lookup for price/weather/schemes
AGR|FERTILIZER|CROP=banana|SOIL=clay,fertilizer,உர மேலாண்மை,banana,வாழை,clay,களிமண்,"crop,soil; add district/season/stage when present",retrieve canonical answer; live lookup for price/weather/schemes
AGR|FERTILIZER|CROP=banana|SOIL=loamy,fertilizer,உர மேலாண்மை,banana,வாழை,loamy,கலப்பு மண்,"crop,soil; add district/season/stage when present",retrieve canonical answer; live lookup for price/weather/schemes
AGR|FERTILIZER|CROP=banana|SOIL=laterite,fertilizer,உர மேலாண்மை,banana,வாழை,laterite,சரளை மண்,"crop,soil; add district/season/stage when present",retrieve canonical answer; live lookup for price/weather/schemes
AGR|FERTILIZER|CROP=sugarcane|SOIL=red,fertilizer,உர மேலாண்மை,sugarcane,கரும்பு,red,செம்மண்,"crop,soil; add district/season/stage when present",retrieve canonical answer; live lookup for price/weather/schemes
AGR|FERTILIZER|CROP=sugarcane|SOIL=black,fertilizer,உர மேலாண்மை,sugarcane,கரும்பு,black,கரிசல் மண்,"crop,soil; add district/season/stage when present",retrieve canonical answer; live lookup for price/weather/schemes
AGR|FERTILIZER|CROP=sugarcane|SOIL=alluvial,fertilizer,உர மேலாண்மை,sugarcane,கரும்பு,alluvial,வண்டல் மண்,"crop,soil; add district/season/stage when present",retrieve canonical answer; live lookup for price/weather/schemes
AGR|FERTILIZER|CROP=sugarcane|SOIL=sandy,fertilizer,உர மேலாண்மை,sugarcane,கரும்பு,sandy,மணல் மண்,"crop,soil; add district/season/stage when present",retrieve canonical answer; live lookup for price/weather/schemes
AGR|FERTILIZER|CROP=sugarcane|SOIL=clay,fertilizer,உர மேலாண்மை,sugarcane,கரும்பு,clay,களிமண்,"crop,soil; add district/season/stage when present",retrieve canonical answer; live lookup for price/weather/schemes
AGR|FERTILIZER|CROP=sugarcane|SOIL=loamy,fertilizer,உர மேலாண்மை,sugarcane,கரும்பு,loamy,கலப்பு மண்,"crop,soil; add district/season/stage when present",retrieve canonical answer; live lookup for price/weather/schemes
AGR|FERTILIZER|CROP=sugarcane|SOIL=laterite,fertilizer,உர மேலாண்மை,sugarcane,கரும்பு,laterite,சரளை மண்,"crop,soil; add district/season/stage when present",retrieve canonical answer; live lookup for price/weather/schemes
AGR|FERTILIZER|CROP=cotton|SOIL=red,fertilizer,உர மேலாண்மை,cotton,பருத்தி,red,செம்மண்,"crop,soil; add district/season/stage when present",retrieve canonical answer; live lookup for price/weather/schemes
AGR|FERTILIZER|CROP=cotton|SOIL=black,fertilizer,உர மேலாண்மை,cotton,பருத்தி,black,கரிசல் மண்,"crop,soil; add district/season/stage when present",retrieve canonical answer; live lookup for price/weather/schemes
AGR|FERTILIZER|CROP=cotton|SOIL=alluvial,fertilizer,உர மேலாண்மை,cotton,பருத்தி,alluvial,வண்டல் மண்,"crop,soil; add district/season/stage when present",retrieve canonical answer; live lookup for price/weather/schemes
AGR|FERTILIZER|CROP=cotton|SOIL=sandy,fertilizer,உர மேலாண்மை,cotton,பருத்தி,sandy,மணல் மண்,"crop,soil; add district/season/stage when present",retrieve canonical answer; live lookup for price/weather/schemes
AGR|FERTILIZER|CROP=cotton|SOIL=clay,fertilizer,உர மேலாண்மை,cotton,பருத்தி,clay,களிமண்,"crop,soil; add district/season/stage when present",retrieve canonical answer; live lookup for price/weather/schemes
AGR|FERTILIZER|CROP=cotton|SOIL=loamy,fertilizer,உர மேலாண்மை,cotton,பருத்தி,loamy,கலப்பு மண்,"crop,soil; add district/season/stage when present",retrieve canonical answer; live lookup for price/weather/schemes
AGR|FERTILIZER|CROP=cotton|SOIL=laterite,fertilizer,உர மேலாண்மை,cotton,பருத்தி,laterite,சரளை மண்,"crop,soil; add district/season/stage when present",retrieve canonical answer; live lookup for price/weather/schemes
AGR|FERTILIZER|CROP=groundnut|SOIL=red,fertilizer,உர மேலாண்மை,groundnut,நிலக்கடலை,red,செம்மண்,"crop,soil; add district/season/stage when present",retrieve canonical answer; live lookup for price/weather/schemes
AGR|FERTILIZER|CROP=groundnut|SOIL=black,fertilizer,உர மேலாண்மை,groundnut,நிலக்கடலை,black,கரிசல் மண்,"crop,soil; add district/season/stage when present",retrieve canonical answer; live lookup for price/weather/schemes
AGR|FERTILIZER|CROP=groundnut|SOIL=alluvial,fertilizer,உர மேலாண்மை,groundnut,நிலக்கடலை,alluvial,வண்டல் மண்,"crop,soil; add district/season/stage when present",retrieve canonical answer; live lookup for price/weather/schemes
AGR|FERTILIZER|CROP=groundnut|SOIL=sandy,fertilizer,உர மேலாண்மை,groundnut,நிலக்கடலை,sandy,மணல் மண்,"crop,soil; add district/season/stage when present",retrieve canonical answer; live lookup for price/weather/schemes
AGR|FERTILIZER|CROP=groundnut|SOIL=clay,fertilizer,உர மேலாண்மை,groundnut,நிலக்கடலை,clay,களிமண்,"crop,soil; add district/season/stage when present",retrieve canonical answer; live lookup for price/weather/schemes
AGR|FERTILIZER|CROP=groundnut|SOIL=loamy,fertilizer,உர மேலாண்மை,groundnut,நிலக்கடலை,loamy,கலப்பு மண்,"crop,soil; add district/season/stage when present",retrieve canonical answer; live lookup for price/weather/schemes
AGR|FERTILIZER|CROP=groundnut|SOIL=laterite,fertilizer,உர மேலாண்மை,groundnut,நிலக்கடலை,laterite,சரளை மண்,"crop,soil; add district/season/stage when present",retrieve canonical answer; live lookup for price/weather/schemes
AGR|FERTILIZER|CROP=maize|SOIL=red,fertilizer,உர மேலாண்மை,maize,மக்காச்சோளம்,red,செம்மண்,"crop,soil; add district/season/stage when present",retrieve canonical answer; live lookup for price/weather/schemes
AGR|FERTILIZER|CROP=maize|SOIL=black,fertilizer,உர மேலாண்மை,maize,மக்காச்சோளம்,black,கரிசல் மண்,"crop,soil; add district/season/stage when present",retrieve canonical answer; live lookup for price/weather/schemes
AGR|FERTILIZER|CROP=maize|SOIL=alluvial,fertilizer,உர மேலாண்மை,maize,மக்காச்சோளம்,alluvial,வண்டல் மண்,"crop,soil; add district/season/stage when present",retrieve canonical answer; live lookup for price/weather/schemes
AGR|FERTILIZER|CROP=maize|SOIL=sandy,fertilizer,உர மேலாண்மை,maize,மக்காச்சோளம்,sandy,மணல் மண்,"crop,soil; add district/season/stage when present",retrieve canonical answer; live lookup for price/weather/schemes
AGR|FERTILIZER|CROP=maize|SOIL=clay,fertilizer,உர மேலாண்மை,maize,மக்காச்சோளம்,clay,களிமண்,"crop,soil; add district/season/stage when present",retrieve canonical answer; live lookup for price/weather/schemes
AGR|FERTILIZER|CROP=maize|SOIL=loamy,fertilizer,உர மேலாண்மை,maize,மக்காச்சோளம்,loamy,கலப்பு மண்,"crop,soil; add district/season/stage when present",retrieve canonical answer; live lookup for price/weather/schemes
AGR|FERTILIZER|CROP=maize|SOIL=laterite,fertilizer,உர மேலாண்மை,maize,மக்காச்சோளம்,laterite,சரளை மண்,"crop,soil; add district/season/stage when present",retrieve canonical answer; live lookup for price/weather/schemes
AGR|FERTILIZER|CROP=millet|SOIL=red,fertilizer,உர மேலாண்மை,millet,கம்பு,red,செம்மண்,"crop,soil; add district/season/stage when present",retrieve canonical answer; live lookup for price/weather/schemes
AGR|FERTILIZER|CROP=millet|SOIL=black,fertilizer,உர மேலாண்மை,millet,கம்பு,black,கரிசல் மண்,"crop,soil; add district/season/stage when present",retrieve canonical answer; live lookup for price/weather/schemes
AGR|FERTILIZER|CROP=millet|SOIL=alluvial,fertilizer,உர மேலாண்மை,millet,கம்பு,alluvial,வண்டல் மண்,"crop,soil; add district/season/stage when present",retrieve canonical answer; live lookup for price/weather/schemes
AGR|FERTILIZER|CROP=millet|SOIL=sandy,fertilizer,உர மேலாண்மை,millet,கம்பு,sandy,மணல் மண்,"crop,soil; add district/season/stage when present",retrieve canonical answer; live lookup for price/weather/schemes
AGR|FERTILIZER|CROP=millet|SOIL=clay,fertilizer,உர மேலாண்மை,millet,கம்பு,clay,களிமண்,"crop,soil; add district/season/stage when present",retrieve canonical answer; live lookup for price/weather/schemes
AGR|FERTILIZER|CROP=millet|SOIL=loamy,fertilizer,உர மேலாண்மை,millet,கம்பு,loamy,கலப்பு மண்,"crop,soil; add district/season/stage when present",retrieve canonical answer; live lookup for price/weather/schemes
AGR|FERTILIZER|CROP=millet|SOIL=laterite,fertilizer,உர மேலாண்மை,millet,கம்பு,laterite,சரளை மண்,"crop,soil; add district/season/stage when present",retrieve canonical answer; live lookup for price/weather/schemes
AGR|FERTILIZER|CROP=tomato|SOIL=red,fertilizer,உர மேலாண்மை,tomato,தக்காளி,red,செம்மண்,"crop,soil; add district/season/stage when present",retrieve canonical answer; live lookup for price/weather/schemes
AGR|FERTILIZER|CROP=tomato|SOIL=black,fertilizer,உர மேலாண்மை,tomato,தக்காளி,black,கரிசல் மண்,"crop,soil; add district/season/stage when present",retrieve canonical answer; live lookup for price/weather/schemes
AGR|FERTILIZER|CROP=tomato|SOIL=alluvial,fertilizer,உர மேலாண்மை,tomato,தக்காளி,alluvial,வண்டல் மண்,"crop,soil; add district/season/stage when present",retrieve canonical answer; live lookup for price/weather/schemes
AGR|FERTILIZER|CROP=tomato|SOIL=sandy,fertilizer,உர மேலாண்மை,tomato,தக்காளி,sandy,மணல் மண்,"crop,soil; add district/season/stage when present",retrieve canonical answer; live lookup for price/weather/schemes
AGR|FERTILIZER|CROP=tomato|SOIL=clay,fertilizer,உர மேலாண்மை,tomato,தக்காளி,clay,களிமண்,"crop,soil; add district/season/stage when present",retrieve canonical answer; live lookup for price/weather/schemes
AGR|FERTILIZER|CROP=tomato|SOIL=loamy,fertilizer,உர மேலாண்மை,tomato,தக்காளி,loamy,கலப்பு மண்,"crop,soil; add district/season/stage when present",retrieve canonical answer; live lookup for price/weather/schemes
AGR|FERTILIZER|CROP=tomato|SOIL=laterite,fertilizer,உர மேலாண்மை,tomato,தக்காளி,laterite,சரளை மண்,"crop,soil; add district/season/stage when present",retrieve canonical answer; live lookup for price/weather/schemes
AGR|FERTILIZER|CROP=chilli|SOIL=red,fertilizer,உர மேலாண்மை,chilli,மிளகாய்,red,செம்மண்,"crop,soil; add district/season/stage when present",retrieve canonical answer; live lookup for price/weather/schemes
AGR|FERTILIZER|CROP=chilli|SOIL=black,fertilizer,உர மேலாண்மை,chilli,மிளகாய்,black,கரிசல் மண்,"crop,soil; add district/season/stage when present",retrieve canonical answer; live lookup for price/weather/schemes
AGR|FERTILIZER|CROP=chilli|SOIL=alluvial,fertilizer,உர மேலாண்மை,chilli,மிளகாய்,alluvial,வண்டல் மண்,"crop,soil; add district/season/stage when present",retrieve canonical answer; live lookup for price/weather/schemes
AGR|FERTILIZER|CROP=chilli|SOIL=sandy,fertilizer,உர மேலாண்மை,chilli,மிளகாய்,sandy,மணல் மண்,"crop,soil; add district/season/stage when present",retrieve canonical answer; live lookup for price/weather/schemes
AGR|FERTILIZER|CROP=chilli|SOIL=clay,fertilizer,உர மேலாண்மை,chilli,மிளகாய்,clay,களிமண்,"crop,soil; add district/season/stage when present",retrieve canonical answer; live lookup for price/weather/schemes
AGR|FERTILIZER|CROP=chilli|SOIL=loamy,fertilizer,உர மேலாண்மை,chilli,மிளகாய்,loamy,கலப்பு மண்,"crop,soil; add district/season/stage when present",retrieve canonical answer; live lookup for price/weather/schemes
AGR|FERTILIZER|CROP=chilli|SOIL=laterite,fertilizer,உர மேலாண்மை,chilli,மிளகாய்,laterite,சரளை மண்,"crop,soil; add district/season/stage when present",retrieve canonical answer; live lookup for price/weather/schemes
AGR|FERTILIZER|CROP=onion|SOIL=red,fertilizer,உர மேலாண்மை,onion,வெங்காயம்,red,செம்மண்,"crop,soil; add district/season/stage when present",retrieve canonical answer; live lookup for price/weather/schemes
AGR|FERTILIZER|CROP=onion|SOIL=black,fertilizer,உர மேலாண்மை,onion,வெங்காயம்,black,கரிசல் மண்,"crop,soil; add district/season/stage when present",retrieve canonical answer; live lookup for price/weather/schemes
AGR|FERTILIZER|CROP=onion|SOIL=alluvial,fertilizer,உர மேலாண்மை,onion,வெங்காயம்,alluvial,வண்டல் மண்,"crop,soil; add district/season/stage when present",retrieve canonical answer; live lookup for price/weather/schemes
AGR|FERTILIZER|CROP=onion|SOIL=sandy,fertilizer,உர மேலாண்மை,onion,வெங்காயம்,sandy,மணல் மண்,"crop,soil; add district/season/stage when present",retrieve canonical answer; live lookup for price/weather/schemes
AGR|FERTILIZER|CROP=onion|SOIL=clay,fertilizer,உர மேலாண்மை,onion,வெங்காயம்,clay,களிமண்,"crop,soil; add district/season/stage when present",retrieve canonical answer; live lookup for price/weather/schemes
AGR|FERTILIZER|CROP=onion|SOIL=loamy,fertilizer,உர மேலாண்மை,onion,வெங்காயம்,loamy,கலப்பு மண்,"crop,soil; add district/season/stage when present",retrieve canonical answer; live lookup for price/weather/schemes
AGR|FERTILIZER|CROP=onion|SOIL=laterite,fertilizer,உர மேலாண்மை,onion,வெங்காயம்,laterite,சரளை மண்,"crop,soil; add district/season/stage when present",retrieve canonical answer; live lookup for price/weather/schemes
AGR|FERTILIZER|CROP=turmeric|SOIL=red,fertilizer,உர மேலாண்மை,turmeric,மஞ்சள்,red,செம்மண்,"crop,soil; add district/season/stage when present",retrieve canonical answer; live lookup for price/weather/schemes
AGR|FERTILIZER|CROP=turmeric|SOIL=black,fertilizer,உர மேலாண்மை,turmeric,மஞ்சள்,black,கரிசல் மண்,"crop,soil; add district/season/stage when present",retrieve canonical answer; live lookup for price/weather/schemes
AGR|FERTILIZER|CROP=turmeric|SOIL=alluvial,fertilizer,உர மேலாண்மை,turmeric,மஞ்சள்,alluvial,வண்டல் மண்,"crop,soil; add district/season/stage when present",retrieve canonical answer; live lookup for price/weather/schemes
AGR|FERTILIZER|CROP=turmeric|SOIL=sandy,fertilizer,உர மேலாண்மை,turmeric,மஞ்சள்,sandy,மணல் மண்,"crop,soil; add district/season/stage when present",retrieve canonical answer; live lookup for price/weather/schemes
AGR|FERTILIZER|CROP=turmeric|SOIL=clay,fertilizer,உர மேலாண்மை,turmeric,மஞ்சள்,clay,களிமண்,"crop,soil; add district/season/stage when present",retrieve canonical answer; live lookup for price/weather/schemes
AGR|FERTILIZER|CROP=turmeric|SOIL=loamy,fertilizer,உர மேலாண்மை,turmeric,மஞ்சள்,loamy,கலப்பு மண்,"crop,soil; add district/season/stage when present",retrieve canonical answer; live lookup for price/weather/schemes
AGR|FERTILIZER|CROP=turmeric|SOIL=laterite,fertilizer,உர மேலாண்மை,turmeric,மஞ்சள்,laterite,சரளை மண்,"crop,soil; add district/season/stage when present",retrieve canonical answer; live lookup for price/weather/schemes
AGR|FERTILIZER|CROP=brinjal|SOIL=red,fertilizer,உர மேலாண்மை,brinjal,கத்தரிக்காய்,red,செம்மண்,"crop,soil; add district/season/stage when present",retrieve canonical answer; live lookup for price/weather/schemes
AGR|FERTILIZER|CROP=brinjal|SOIL=black,fertilizer,உர மேலாண்மை,brinjal,கத்தரிக்காய்,black,கரிசல் மண்,"crop,soil; add district/season/stage when present",retrieve canonical answer; live lookup for price/weather/schemes
AGR|FERTILIZER|CROP=brinjal|SOIL=alluvial,fertilizer,உர மேலாண்மை,brinjal,கத்தரிக்காய்,alluvial,வண்டல் மண்,"crop,soil; add district/season/stage when present",retrieve canonical answer; live lookup for price/weather/schemes
AGR|FERTILIZER|CROP=brinjal|SOIL=sandy,fertilizer,உர மேலாண்மை,brinjal,கத்தரிக்காய்,sandy,மணல் மண்,"crop,soil; add district/season/stage when present",retrieve canonical answer; live lookup for price/weather/schemes
AGR|FERTILIZER|CROP=brinjal|SOIL=clay,fertilizer,உர மேலாண்மை,brinjal,கத்தரிக்காய்,clay,களிமண்,"crop,soil; add district/season/stage when present",retrieve canonical answer; live lookup for price/weather/schemes
AGR|FERTILIZER|CROP=brinjal|SOIL=loamy,fertilizer,உர மேலாண்மை,brinjal,கத்தரிக்காய்,loamy,கலப்பு மண்,"crop,soil; add district/season/stage when present",retrieve canonical answer; live lookup for price/weather/schemes
AGR|FERTILIZER|CROP=brinjal|SOIL=laterite,fertilizer,உர மேலாண்மை,brinjal,கத்தரிக்காய்,laterite,சரளை மண்,"crop,soil; add district/season/stage when present",retrieve canonical answer; live lookup for price/weather/schemes
AGR|FERTILIZER|CROP=okra|SOIL=red,fertilizer,உர மேலாண்மை,okra,வெண்டைக்காய்,red,செம்மண்,"crop,soil; add district/season/stage when present",retrieve canonical answer; live lookup for price/weather/schemes
AGR|FERTILIZER|CROP=okra|SOIL=black,fertilizer,உர மேலாண்மை,okra,வெண்டைக்காய்,black,கரிசல் மண்,"crop,soil; add district/season/stage when present",retrieve canonical answer; live lookup for price/weather/schemes
AGR|FERTILIZER|CROP=okra|SOIL=alluvial,fertilizer,உர மேலாண்மை,okra,வெண்டைக்காய்,alluvial,வண்டல் மண்,"crop,soil; add district/season/stage when present",retrieve canonical answer; live lookup for price/weather/schemes
AGR|FERTILIZER|CROP=okra|SOIL=sandy,fertilizer,உர மேலாண்மை,okra,வெண்டைக்காய்,sandy,மணல் மண்,"crop,soil; add district/season/stage when present",retrieve canonical answer; live lookup for price/weather/schemes
AGR|FERTILIZER|CROP=okra|SOIL=clay,fertilizer,உர மேலாண்மை,okra,வெண்டைக்காய்,clay,களிமண்,"crop,soil; add district/season/stage when present",retrieve canonical answer; live lookup for price/weather/schemes
AGR|FERTILIZER|CROP=okra|SOIL=loamy,fertilizer,உர மேலாண்மை,okra,வெண்டைக்காய்,loamy,கலப்பு மண்,"crop,soil; add district/season/stage when present",retrieve canonical answer; live lookup for price/weather/schemes
AGR|FERTILIZER|CROP=okra|SOIL=laterite,fertilizer,உர மேலாண்மை,okra,வெண்டைக்காய்,laterite,சரளை மண்,"crop,soil; add district/season/stage when present",retrieve canonical answer; live lookup for price/weather/schemes
AGR|FERTILIZER|CROP=coconut|SOIL=red,fertilizer,உர மேலாண்மை,coconut,தென்னை,red,செம்மண்,"crop,soil; add district/season/stage when present",retrieve canonical answer; live lookup for price/weather/schemes
AGR|FERTILIZER|CROP=coconut|SOIL=black,fertilizer,உர மேலாண்மை,coconut,தென்னை,black,கரிசல் மண்,"crop,soil; add district/season/stage when present",retrieve canonical answer; live lookup for price/weather/schemes
AGR|FERTILIZER|CROP=coconut|SOIL=alluvial,fertilizer,உர மேலாண்மை,coconut,தென்னை,alluvial,வண்டல் மண்,"crop,soil; add district/season/stage when present",retrieve canonical answer; live lookup for price/weather/schemes
AGR|FERTILIZER|CROP=coconut|SOIL=sandy,fertilizer,உர மேலாண்மை,coconut,தென்னை,sandy,மணல் மண்,"crop,soil; add district/season/stage when present",retrieve canonical answer; live lookup for price/weather/schemes
AGR|FERTILIZER|CROP=coconut|SOIL=clay,fertilizer,உர மேலாண்மை,coconut,தென்னை,clay,களிமண்,"crop,soil; add district/season/stage when present",retrieve canonical answer; live lookup for price/weather/schemes
AGR|FERTILIZER|CROP=coconut|SOIL=loamy,fertilizer,உர மேலாண்மை,coconut,தென்னை,loamy,கலப்பு மண்,"crop,soil; add district/season/stage when present",retrieve canonical answer; live lookup for price/weather/schemes
AGR|FERTILIZER|CROP=coconut|SOIL=laterite,fertilizer,உர மேலாண்மை,coconut,தென்னை,laterite,சரளை மண்,"crop,soil; add district/season/stage when present",retrieve canonical answer; live lookup for price/weather/schemes
AGR|FERTILIZER|CROP=pulses|SOIL=red,fertilizer,உர மேலாண்மை,pulses,பயறு,red,செம்மண்,"crop,soil; add district/season/stage when present",retrieve canonical answer; live lookup for price/weather/schemes
AGR|FERTILIZER|CROP=pulses|SOIL=black,fertilizer,உர மேலாண்மை,pulses,பயறு,black,கரிசல் மண்,"crop,soil; add district/season/stage when present",retrieve canonical answer; live lookup for price/weather/schemes
AGR|FERTILIZER|CROP=pulses|SOIL=alluvial,fertilizer,உர மேலாண்மை,pulses,பயறு,alluvial,வண்டல் மண்,"crop,soil; add district/season/stage when present",retrieve canonical answer; live lookup for price/weather/schemes
AGR|FERTILIZER|CROP=pulses|SOIL=sandy,fertilizer,உர மேலாண்மை,pulses,பயறு,sandy,மணல் மண்,"crop,soil; add district/season/stage when present",retrieve canonical answer; live lookup for price/weather/schemes
AGR|FERTILIZER|CROP=pulses|SOIL=clay,fertilizer,உர மேலாண்மை,pulses,பயறு,clay,களிமண்,"crop,soil; add district/season/stage when present",retrieve canonical answer; live lookup for price/weather/schemes
AGR|FERTILIZER|CROP=pulses|SOIL=loamy,fertilizer,உர மேலாண்மை,pulses,பயறு,loamy,கலப்பு மண்,"crop,soil; add district/season/stage when present",retrieve canonical answer; live lookup for price/weather/schemes
AGR|FERTILIZER|CROP=pulses|SOIL=laterite,fertilizer,உர மேலாண்மை,pulses,பயறு,laterite,சரளை மண்,"crop,soil; add district/season/stage when present",retrieve canonical answer; live lookup for price/weather/schemes
AGR|FERTILIZER|CROP=sesame|SOIL=red,fertilizer,உர மேலாண்மை,sesame,எள்,red,செம்மண்,"crop,soil; add district/season/stage when present",retrieve canonical answer; live lookup for price/weather/schemes
AGR|FERTILIZER|CROP=sesame|SOIL=black,fertilizer,உர மேலாண்மை,sesame,எள்,black,கரிசல் மண்,"crop,soil; add district/season/stage when present",retrieve canonical answer; live lookup for price/weather/schemes
AGR|FERTILIZER|CROP=sesame|SOIL=alluvial,fertilizer,உர மேலாண்மை,sesame,எள்,alluvial,வண்டல் மண்,"crop,soil; add district/season/stage when present",retrieve canonical answer; live lookup for price/weather/schemes
AGR|FERTILIZER|CROP=sesame|SOIL=sandy,fertilizer,உர மேலாண்மை,sesame,எள்,sandy,மணல் மண்,"crop,soil; add district/season/stage when present",retrieve canonical answer; live lookup for price/weather/schemes
AGR|FERTILIZER|CROP=sesame|SOIL=clay,fertilizer,உர மேலாண்மை,sesame,எள்,clay,களிமண்,"crop,soil; add district/season/stage when present",retrieve canonical answer; live lookup for price/weather/schemes
AGR|FERTILIZER|CROP=sesame|SOIL=loamy,fertilizer,உர மேலாண்மை,sesame,எள்,loamy,கலப்பு மண்,"crop,soil; add district/season/stage when present",retrieve canonical answer; live lookup for price/weather/schemes
AGR|FERTILIZER|CROP=sesame|SOIL=laterite,fertilizer,உர மேலாண்மை,sesame,எள்,laterite,சரளை மண்,"crop,soil; add district/season/stage when present",retrieve canonical answer; live lookup for price/weather/schemes
AGR|FERTILIZER|CROP=tapioca|SOIL=red,fertilizer,உர மேலாண்மை,tapioca,மரவள்ளி,red,செம்மண்,"crop,soil; add district/season/stage when present",retrieve canonical answer; live lookup for price/weather/schemes
AGR|FERTILIZER|CROP=tapioca|SOIL=black,fertilizer,உர மேலாண்மை,tapioca,மரவள்ளி,black,கரிசல் மண்,"crop,soil; add district/season/stage when present",retrieve canonical answer; live lookup for price/weather/schemes
AGR|FERTILIZER|CROP=tapioca|SOIL=alluvial,fertilizer,உர மேலாண்மை,tapioca,மரவள்ளி,alluvial,வண்டல் மண்,"crop,soil; add district/season/stage when present",retrieve canonical answer; live lookup for price/weather/schemes
AGR|FERTILIZER|CROP=tapioca|SOIL=sandy,fertilizer,உர மேலாண்மை,tapioca,மரவள்ளி,sandy,மணல் மண்,"crop,soil; add district/season/stage when present",retrieve canonical answer; live lookup for price/weather/schemes
AGR|FERTILIZER|CROP=tapioca|SOIL=clay,fertilizer,உர மேலாண்மை,tapioca,மரவள்ளி,clay,களிமண்,"crop,soil; add district/season/stage when present",retrieve canonical answer; live lookup for price/weather/schemes
AGR|FERTILIZER|CROP=tapioca|SOIL=loamy,fertilizer,உர மேலாண்மை,tapioca,மரவள்ளி,loamy,கலப்பு மண்,"crop,soil; add district/season/stage when present",retrieve canonical answer; live lookup for price/weather/schemes
AGR|FERTILIZER|CROP=tapioca|SOIL=laterite,fertilizer,உர மேலாண்மை,tapioca,மரவள்ளி,laterite,சரளை மண்,"crop,soil; add district/season/stage when present",retrieve canonical answer; live lookup for price/weather/schemes
AGR|FERTILIZER|CROP=drumstick|SOIL=red,fertilizer,உர மேலாண்மை,drumstick,முருங்கை,red,செம்மண்,"crop,soil; add district/season/stage when present",retrieve canonical answer; live lookup for price/weather/schemes
AGR|FERTILIZER|CROP=drumstick|SOIL=black,fertilizer,உர மேலாண்மை,drumstick,முருங்கை,black,கரிசல் மண்,"crop,soil; add district/season/stage when present",retrieve canonical answer; live lookup for price/weather/schemes
AGR|FERTILIZER|CROP=drumstick|SOIL=alluvial,fertilizer,உர மேலாண்மை,drumstick,முருங்கை,alluvial,வண்டல் மண்,"crop,soil; add district/season/stage when present",retrieve canonical answer; live lookup for price/weather/schemes
AGR|FERTILIZER|CROP=drumstick|SOIL=sandy,fertilizer,உர மேலாண்மை,drumstick,முருங்கை,sandy,மணல் மண்,"crop,soil; add district/season/stage when present",retrieve canonical answer; live lookup for price/weather/schemes
AGR|FERTILIZER|CROP=drumstick|SOIL=clay,fertilizer,உர மேலாண்மை,drumstick,முருங்கை,clay,களிமண்,"crop,soil; add district/season/stage when present",retrieve canonical answer; live lookup for price/weather/schemes
AGR|FERTILIZER|CROP=drumstick|SOIL=loamy,fertilizer,உர மேலாண்மை,drumstick,முருங்கை,loamy,கலப்பு மண்,"crop,soil; add district/season/stage when present",retrieve canonical answer; live lookup for price/weather/schemes
AGR|FERTILIZER|CROP=drumstick|SOIL=laterite,fertilizer,உர மேலாண்மை,drumstick,முருங்கை,laterite,சரளை மண்,"crop,soil; add district/season/stage when present",retrieve canonical answer; live lookup for price/weather/schemes
AGR|IRRIGATION|CROP=rice|SOIL=red,irrigation,நீர் பாசனம்,rice,நெல்,red,செம்மண்,"crop,soil; add district/season/stage when present",retrieve canonical answer; live lookup for price/weather/schemes
AGR|IRRIGATION|CROP=rice|SOIL=black,irrigation,நீர் பாசனம்,rice,நெல்,black,கரிசல் மண்,"crop,soil; add district/season/stage when present",retrieve canonical answer; live lookup for price/weather/schemes
AGR|IRRIGATION|CROP=rice|SOIL=alluvial,irrigation,நீர் பாசனம்,rice,நெல்,alluvial,வண்டல் மண்,"crop,soil; add district/season/stage when present",retrieve canonical answer; live lookup for price/weather/schemes
AGR|IRRIGATION|CROP=rice|SOIL=sandy,irrigation,நீர் பாசனம்,rice,நெல்,sandy,மணல் மண்,"crop,soil; add district/season/stage when present",retrieve canonical answer; live lookup for price/weather/schemes
AGR|IRRIGATION|CROP=rice|SOIL=clay,irrigation,நீர் பாசனம்,rice,நெல்,clay,களிமண்,"crop,soil; add district/season/stage when present",retrieve canonical answer; live lookup for price/weather/schemes
AGR|IRRIGATION|CROP=rice|SOIL=loamy,irrigation,நீர் பாசனம்,rice,நெல்,loamy,கலப்பு மண்,"crop,soil; add district/season/stage when present",retrieve canonical answer; live lookup for price/weather/schemes
AGR|IRRIGATION|CROP=rice|SOIL=laterite,irrigation,நீர் பாசனம்,rice,நெல்,laterite,சரளை மண்,"crop,soil; add district/season/stage when present",retrieve canonical answer; live lookup for price/weather/schemes
AGR|IRRIGATION|CROP=banana|SOIL=red,irrigation,நீர் பாசனம்,banana,வாழை,red,செம்மண்,"crop,soil; add district/season/stage when present",retrieve canonical answer; live lookup for price/weather/schemes
AGR|IRRIGATION|CROP=banana|SOIL=black,irrigation,நீர் பாசனம்,banana,வாழை,black,கரிசல் மண்,"crop,soil; add district/season/stage when present",retrieve canonical answer; live lookup for price/weather/schemes
AGR|IRRIGATION|CROP=banana|SOIL=alluvial,irrigation,நீர் பாசனம்,banana,வாழை,alluvial,வண்டல் மண்,"crop,soil; add district/season/stage when present",retrieve canonical answer; live lookup for price/weather/schemes
AGR|IRRIGATION|CROP=banana|SOIL=sandy,irrigation,நீர் பாசனம்,banana,வாழை,sandy,மணல் மண்,"crop,soil; add district/season/stage when present",retrieve canonical answer; live lookup for price/weather/schemes
AGR|IRRIGATION|CROP=banana|SOIL=clay,irrigation,நீர் பாசனம்,banana,வாழை,clay,களிமண்,"crop,soil; add district/season/stage when present",retrieve canonical answer; live lookup for price/weather/schemes
AGR|IRRIGATION|CROP=banana|SOIL=loamy,irrigation,நீர் பாசனம்,banana,வாழை,loamy,கலப்பு மண்,"crop,soil; add district/season/stage when present",retrieve canonical answer; live lookup for price/weather/schemes
AGR|IRRIGATION|CROP=banana|SOIL=laterite,irrigation,நீர் பாசனம்,banana,வாழை,laterite,சரளை மண்,"crop,soil; add district/season/stage when present",retrieve canonical answer; live lookup for price/weather/schemes
AGR|IRRIGATION|CROP=sugarcane|SOIL=red,irrigation,நீர் பாசனம்,sugarcane,கரும்பு,red,செம்மண்,"crop,soil; add district/season/stage when present",retrieve canonical answer; live lookup for price/weather/schemes
AGR|IRRIGATION|CROP=sugarcane|SOIL=black,irrigation,நீர் பாசனம்,sugarcane,கரும்பு,black,கரிசல் மண்,"crop,soil; add district/season/stage when present",retrieve canonical answer; live lookup for price/weather/schemes
AGR|IRRIGATION|CROP=sugarcane|SOIL=alluvial,irrigation,நீர் பாசனம்,sugarcane,கரும்பு,alluvial,வண்டல் மண்,"crop,soil; add district/season/stage when present",retrieve canonical answer; live lookup for price/weather/schemes
AGR|IRRIGATION|CROP=sugarcane|SOIL=sandy,irrigation,நீர் பாசனம்,sugarcane,கரும்பு,sandy,மணல் மண்,"crop,soil; add district/season/stage when present",retrieve canonical answer; live lookup for price/weather/schemes
AGR|IRRIGATION|CROP=sugarcane|SOIL=clay,irrigation,நீர் பாசனம்,sugarcane,கரும்பு,clay,களிமண்,"crop,soil; add district/season/stage when present",retrieve canonical answer; live lookup for price/weather/schemes
AGR|IRRIGATION|CROP=sugarcane|SOIL=loamy,irrigation,நீர் பாசனம்,sugarcane,கரும்பு,loamy,கலப்பு மண்,"crop,soil; add district/season/stage when present",retrieve canonical answer; live lookup for price/weather/schemes
AGR|IRRIGATION|CROP=sugarcane|SOIL=laterite,irrigation,நீர் பாசனம்,sugarcane,கரும்பு,laterite,சரளை மண்,"crop,soil; add district/season/stage when present",retrieve canonical answer; live lookup for price/weather/schemes
AGR|IRRIGATION|CROP=cotton|SOIL=red,irrigation,நீர் பாசனம்,cotton,பருத்தி,red,செம்மண்,"crop,soil; add district/season/stage when present",retrieve canonical answer; live lookup for price/weather/schemes
AGR|IRRIGATION|CROP=cotton|SOIL=black,irrigation,நீர் பாசனம்,cotton,பருத்தி,black,கரிசல் மண்,"crop,soil; add district/season/stage when present",retrieve canonical answer; live lookup for price/weather/schemes
AGR|IRRIGATION|CROP=cotton|SOIL=alluvial,irrigation,நீர் பாசனம்,cotton,பருத்தி,alluvial,வண்டல் மண்,"crop,soil; add district/season/stage when present",retrieve canonical answer; live lookup for price/weather/schemes
AGR|IRRIGATION|CROP=cotton|SOIL=sandy,irrigation,நீர் பாசனம்,cotton,பருத்தி,sandy,மணல் மண்,"crop,soil; add district/season/stage when present",retrieve canonical answer; live lookup for price/weather/schemes
AGR|IRRIGATION|CROP=cotton|SOIL=clay,irrigation,நீர் பாசனம்,cotton,பருத்தி,clay,களிமண்,"crop,soil; add district/season/stage when present",retrieve canonical answer; live lookup for price/weather/schemes
AGR|IRRIGATION|CROP=cotton|SOIL=loamy,irrigation,நீர் பாசனம்,cotton,பருத்தி,loamy,கலப்பு மண்,"crop,soil; add district/season/stage when present",retrieve canonical answer; live lookup for price/weather/schemes
AGR|IRRIGATION|CROP=cotton|SOIL=laterite,irrigation,நீர் பாசனம்,cotton,பருத்தி,laterite,சரளை மண்,"crop,soil; add district/season/stage when present",retrieve canonical answer; live lookup for price/weather/schemes
AGR|IRRIGATION|CROP=groundnut|SOIL=red,irrigation,நீர் பாசனம்,groundnut,நிலக்கடலை,red,செம்மண்,"crop,soil; add district/season/stage when present",retrieve canonical answer; live lookup for price/weather/schemes
AGR|IRRIGATION|CROP=groundnut|SOIL=black,irrigation,நீர் பாசனம்,groundnut,நிலக்கடலை,black,கரிசல் மண்,"crop,soil; add district/season/stage when present",retrieve canonical answer; live lookup for price/weather/schemes
AGR|IRRIGATION|CROP=groundnut|SOIL=alluvial,irrigation,நீர் பாசனம்,groundnut,நிலக்கடலை,alluvial,வண்டல் மண்,"crop,soil; add district/season/stage when present",retrieve canonical answer; live lookup for price/weather/schemes
AGR|IRRIGATION|CROP=groundnut|SOIL=sandy,irrigation,நீர் பாசனம்,groundnut,நிலக்கடலை,sandy,மணல் மண்,"crop,soil; add district/season/stage when present",retrieve canonical answer; live lookup for price/weather/schemes
AGR|IRRIGATION|CROP=groundnut|SOIL=clay,irrigation,நீர் பாசனம்,groundnut,நிலக்கடலை,clay,களிமண்,"crop,soil; add district/season/stage when present",retrieve canonical answer; live lookup for price/weather/schemes
AGR|IRRIGATION|CROP=groundnut|SOIL=loamy,irrigation,நீர் பாசனம்,groundnut,நிலக்கடலை,loamy,கலப்பு மண்,"crop,soil; add district/season/stage when present",retrieve canonical answer; live lookup for price/weather/schemes
AGR|IRRIGATION|CROP=groundnut|SOIL=laterite,irrigation,நீர் பாசனம்,groundnut,நிலக்கடலை,laterite,சரளை மண்,"crop,soil; add district/season/stage when present",retrieve canonical answer; live lookup for price/weather/schemes
AGR|IRRIGATION|CROP=maize|SOIL=red,irrigation,நீர் பாசனம்,maize,மக்காச்சோளம்,red,செம்மண்,"crop,soil; add district/season/stage when present",retrieve canonical answer; live lookup for price/weather/schemes
AGR|IRRIGATION|CROP=maize|SOIL=black,irrigation,நீர் பாசனம்,maize,மக்காச்சோளம்,black,கரிசல் மண்,"crop,soil; add district/season/stage when present",retrieve canonical answer; live lookup for price/weather/schemes
AGR|IRRIGATION|CROP=maize|SOIL=alluvial,irrigation,நீர் பாசனம்,maize,மக்காச்சோளம்,alluvial,வண்டல் மண்,"crop,soil; add district/season/stage when present",retrieve canonical answer; live lookup for price/weather/schemes
AGR|IRRIGATION|CROP=maize|SOIL=sandy,irrigation,நீர் பாசனம்,maize,மக்காச்சோளம்,sandy,மணல் மண்,"crop,soil; add district/season/stage when present",retrieve canonical answer; live lookup for price/weather/schemes
AGR|IRRIGATION|CROP=maize|SOIL=clay,irrigation,நீர் பாசனம்,maize,மக்காச்சோளம்,clay,களிமண்,"crop,soil; add district/season/stage when present",retrieve canonical answer; live lookup for price/weather/schemes
AGR|IRRIGATION|CROP=maize|SOIL=loamy,irrigation,நீர் பாசனம்,maize,மக்காச்சோளம்,loamy,கலப்பு மண்,"crop,soil; add district/season/stage when present",retrieve canonical answer; live lookup for price/weather/schemes
AGR|IRRIGATION|CROP=maize|SOIL=laterite,irrigation,நீர் பாசனம்,maize,மக்காச்சோளம்,laterite,சரளை மண்,"crop,soil; add district/season/stage when present",retrieve canonical answer; live lookup for price/weather/schemes
AGR|IRRIGATION|CROP=millet|SOIL=red,irrigation,நீர் பாசனம்,millet,கம்பு,red,செம்மண்,"crop,soil; add district/season/stage when present",retrieve canonical answer; live lookup for price/weather/schemes
AGR|IRRIGATION|CROP=millet|SOIL=black,irrigation,நீர் பாசனம்,millet,கம்பு,black,கரிசல் மண்,"crop,soil; add district/season/stage when present",retrieve canonical answer; live lookup for price/weather/schemes
AGR|IRRIGATION|CROP=millet|SOIL=alluvial,irrigation,நீர் பாசனம்,millet,கம்பு,alluvial,வண்டல் மண்,"crop,soil; add district/season/stage when present",retrieve canonical answer; live lookup for price/weather/schemes
AGR|IRRIGATION|CROP=millet|SOIL=sandy,irrigation,நீர் பாசனம்,millet,கம்பு,sandy,மணல் மண்,"crop,soil; add district/season/stage when present",retrieve canonical answer; live lookup for price/weather/schemes
AGR|IRRIGATION|CROP=millet|SOIL=clay,irrigation,நீர் பாசனம்,millet,கம்பு,clay,களிமண்,"crop,soil; add district/season/stage when present",retrieve canonical answer; live lookup for price/weather/schemes
AGR|IRRIGATION|CROP=millet|SOIL=loamy,irrigation,நீர் பாசனம்,millet,கம்பு,loamy,கலப்பு மண்,"crop,soil; add district/season/stage when present",retrieve canonical answer; live lookup for price/weather/schemes
AGR|IRRIGATION|CROP=millet|SOIL=laterite,irrigation,நீர் பாசனம்,millet,கம்பு,laterite,சரளை மண்,"crop,soil; add district/season/stage when present",retrieve canonical answer; live lookup for price/weather/schemes
AGR|IRRIGATION|CROP=tomato|SOIL=red,irrigation,நீர் பாசனம்,tomato,தக்காளி,red,செம்மண்,"crop,soil; add district/season/stage when present",retrieve canonical answer; live lookup for price/weather/schemes
AGR|IRRIGATION|CROP=tomato|SOIL=black,irrigation,நீர் பாசனம்,tomato,தக்காளி,black,கரிசல் மண்,"crop,soil; add district/season/stage when present",retrieve canonical answer; live lookup for price/weather/schemes
AGR|IRRIGATION|CROP=tomato|SOIL=alluvial,irrigation,நீர் பாசனம்,tomato,தக்காளி,alluvial,வண்டல் மண்,"crop,soil; add district/season/stage when present",retrieve canonical answer; live lookup for price/weather/schemes
AGR|IRRIGATION|CROP=tomato|SOIL=sandy,irrigation,நீர் பாசனம்,tomato,தக்காளி,sandy,மணல் மண்,"crop,soil; add district/season/stage when present",retrieve canonical answer; live lookup for price/weather/schemes
AGR|IRRIGATION|CROP=tomato|SOIL=clay,irrigation,நீர் பாசனம்,tomato,தக்காளி,clay,களிமண்,"crop,soil; add district/season/stage when present",retrieve canonical answer; live lookup for price/weather/schemes
AGR|IRRIGATION|CROP=tomato|SOIL=loamy,irrigation,நீர் பாசனம்,tomato,தக்காளி,loamy,கலப்பு மண்,"crop,soil; add district/season/stage when present",retrieve canonical answer; live lookup for price/weather/schemes
AGR|IRRIGATION|CROP=tomato|SOIL=laterite,irrigation,நீர் பாசனம்,tomato,தக்காளி,laterite,சரளை மண்,"crop,soil; add district/season/stage when present",retrieve canonical answer; live lookup for price/weather/schemes
AGR|IRRIGATION|CROP=chilli|SOIL=red,irrigation,நீர் பாசனம்,chilli,மிளகாய்,red,செம்மண்,"crop,soil; add district/season/stage when present",retrieve canonical answer; live lookup for price/weather/schemes
AGR|IRRIGATION|CROP=chilli|SOIL=black,irrigation,நீர் பாசனம்,chilli,மிளகாய்,black,கரிசல் மண்,"crop,soil; add district/season/stage when present",retrieve canonical answer; live lookup for price/weather/schemes
AGR|IRRIGATION|CROP=chilli|SOIL=alluvial,irrigation,நீர் பாசனம்,chilli,மிளகாய்,alluvial,வண்டல் மண்,"crop,soil; add district/season/stage when present",retrieve canonical answer; live lookup for price/weather/schemes
AGR|IRRIGATION|CROP=chilli|SOIL=sandy,irrigation,நீர் பாசனம்,chilli,மிளகாய்,sandy,மணல் மண்,"crop,soil; add district/season/stage when present",retrieve canonical answer; live lookup for price/weather/schemes
AGR|IRRIGATION|CROP=chilli|SOIL=clay,irrigation,நீர் பாசனம்,chilli,மிளகாய்,clay,களிமண்,"crop,soil; add district/season/stage when present",retrieve canonical answer; live lookup for price/weather/schemes
AGR|IRRIGATION|CROP=chilli|SOIL=loamy,irrigation,நீர் பாசனம்,chilli,மிளகாய்,loamy,கலப்பு மண்,"crop,soil; add district/season/stage when present",retrieve canonical answer; live lookup for price/weather/schemes
AGR|IRRIGATION|CROP=chilli|SOIL=laterite,irrigation,நீர் பாசனம்,chilli,மிளகாய்,laterite,சரளை மண்,"crop,soil; add district/season/stage when present",retrieve canonical answer; live lookup for price/weather/schemes
AGR|IRRIGATION|CROP=onion|SOIL=red,irrigation,நீர் பாசனம்,onion,வெங்காயம்,red,செம்மண்,"crop,soil; add district/season/stage when present",retrieve canonical answer; live lookup for price/weather/schemes
AGR|IRRIGATION|CROP=onion|SOIL=black,irrigation,நீர் பாசனம்,onion,வெங்காயம்,black,கரிசல் மண்,"crop,soil; add district/season/stage when present",retrieve canonical answer; live lookup for price/weather/schemes
AGR|IRRIGATION|CROP=onion|SOIL=alluvial,irrigation,நீர் பாசனம்,onion,வெங்காயம்,alluvial,வண்டல் மண்,"crop,soil; add district/season/stage when present",retrieve canonical answer; live lookup for price/weather/schemes
AGR|IRRIGATION|CROP=onion|SOIL=sandy,irrigation,நீர் பாசனம்,onion,வெங்காயம்,sandy,மணல் மண்,"crop,soil; add district/season/stage when present",retrieve canonical answer; live lookup for price/weather/schemes
AGR|IRRIGATION|CROP=onion|SOIL=clay,irrigation,நீர் பாசனம்,onion,வெங்காயம்,clay,களிமண்,"crop,soil; add district/season/stage when present",retrieve canonical answer; live lookup for price/weather/schemes
AGR|IRRIGATION|CROP=onion|SOIL=loamy,irrigation,நீர் பாசனம்,onion,வெங்காயம்,loamy,கலப்பு மண்,"crop,soil; add district/season/stage when present",retrieve canonical answer; live lookup for price/weather/schemes
AGR|IRRIGATION|CROP=onion|SOIL=laterite,irrigation,நீர் பாசனம்,onion,வெங்காயம்,laterite,சரளை மண்,"crop,soil; add district/season/stage when present",retrieve canonical answer; live lookup for price/weather/schemes
AGR|IRRIGATION|CROP=turmeric|SOIL=red,irrigation,நீர் பாசனம்,turmeric,மஞ்சள்,red,செம்மண்,"crop,soil; add district/season/stage when present",retrieve canonical answer; live lookup for price/weather/schemes
AGR|IRRIGATION|CROP=turmeric|SOIL=black,irrigation,நீர் பாசனம்,turmeric,மஞ்சள்,black,கரிசல் மண்,"crop,soil; add district/season/stage when present",retrieve canonical answer; live lookup for price/weather/schemes
AGR|IRRIGATION|CROP=turmeric|SOIL=alluvial,irrigation,நீர் பாசனம்,turmeric,மஞ்சள்,alluvial,வண்டல் மண்,"crop,soil; add district/season/stage when present",retrieve canonical answer; live lookup for price/weather/schemes
AGR|IRRIGATION|CROP=turmeric|SOIL=sandy,irrigation,நீர் பாசனம்,turmeric,மஞ்சள்,sandy,மணல் மண்,"crop,soil; add district/season/stage when present",retrieve canonical answer; live lookup for price/weather/schemes
AGR|IRRIGATION|CROP=turmeric|SOIL=clay,irrigation,நீர் பாசனம்,turmeric,மஞ்சள்,clay,களிமண்,"crop,soil; add district/season/stage when present",retrieve canonical answer; live lookup for price/weather/schemes
AGR|IRRIGATION|CROP=turmeric|SOIL=loamy,irrigation,நீர் பாசனம்,turmeric,மஞ்சள்,loamy,கலப்பு மண்,"crop,soil; add district/season/stage when present",retrieve canonical answer; live lookup for price/weather/schemes
AGR|IRRIGATION|CROP=turmeric|SOIL=laterite,irrigation,நீர் பாசனம்,turmeric,மஞ்சள்,laterite,சரளை மண்,"crop,soil; add district/season/stage when present",retrieve canonical answer; live lookup for price/weather/schemes
AGR|IRRIGATION|CROP=brinjal|SOIL=red,irrigation,நீர் பாசனம்,brinjal,கத்தரிக்காய்,red,செம்மண்,"crop,soil; add district/season/stage when present",retrieve canonical answer; live lookup for price/weather/schemes
AGR|IRRIGATION|CROP=brinjal|SOIL=black,irrigation,நீர் பாசனம்,brinjal,கத்தரிக்காய்,black,கரிசல் மண்,"crop,soil; add district/season/stage when present",retrieve canonical answer; live lookup for price/weather/schemes
AGR|IRRIGATION|CROP=brinjal|SOIL=alluvial,irrigation,நீர் பாசனம்,brinjal,கத்தரிக்காய்,alluvial,வண்டல் மண்,"crop,soil; add district/season/stage when present",retrieve canonical answer; live lookup for price/weather/schemes
AGR|IRRIGATION|CROP=brinjal|SOIL=sandy,irrigation,நீர் பாசனம்,brinjal,கத்தரிக்காய்,sandy,மணல் மண்,"crop,soil; add district/season/stage when present",retrieve canonical answer; live lookup for price/weather/schemes
AGR|IRRIGATION|CROP=brinjal|SOIL=clay,irrigation,நீர் பாசனம்,brinjal,கத்தரிக்காய்,clay,களிமண்,"crop,soil; add district/season/stage when present",retrieve canonical answer; live lookup for price/weather/schemes
AGR|IRRIGATION|CROP=brinjal|SOIL=loamy,irrigation,நீர் பாசனம்,brinjal,கத்தரிக்காய்,loamy,கலப்பு மண்,"crop,soil; add district/season/stage when present",retrieve canonical answer; live lookup for price/weather/schemes
AGR|IRRIGATION|CROP=brinjal|SOIL=laterite,irrigation,நீர் பாசனம்,brinjal,கத்தரிக்காய்,laterite,சரளை மண்,"crop,soil; add district/season/stage when present",retrieve canonical answer; live lookup for price/weather/schemes
AGR|IRRIGATION|CROP=okra|SOIL=red,irrigation,நீர் பாசனம்,okra,வெண்டைக்காய்,red,செம்மண்,"crop,soil; add district/season/stage when present",retrieve canonical answer; live lookup for price/weather/schemes
AGR|IRRIGATION|CROP=okra|SOIL=black,irrigation,நீர் பாசனம்,okra,வெண்டைக்காய்,black,கரிசல் மண்,"crop,soil; add district/season/stage when present",retrieve canonical answer; live lookup for price/weather/schemes
AGR|IRRIGATION|CROP=okra|SOIL=alluvial,irrigation,நீர் பாசனம்,okra,வெண்டைக்காய்,alluvial,வண்டல் மண்,"crop,soil; add district/season/stage when present",retrieve canonical answer; live lookup for price/weather/schemes
AGR|IRRIGATION|CROP=okra|SOIL=sandy,irrigation,நீர் பாசனம்,okra,வெண்டைக்காய்,sandy,மணல் மண்,"crop,soil; add district/season/stage when present",retrieve canonical answer; live lookup for price/weather/schemes
AGR|IRRIGATION|CROP=okra|SOIL=clay,irrigation,நீர் பாசனம்,okra,வெண்டைக்காய்,clay,களிமண்,"crop,soil; add district/season/stage when present",retrieve canonical answer; live lookup for price/weather/schemes
AGR|IRRIGATION|CROP=okra|SOIL=loamy,irrigation,நீர் பாசனம்,okra,வெண்டைக்காய்,loamy,கலப்பு மண்,"crop,soil; add district/season/stage when present",retrieve canonical answer; live lookup for price/weather/schemes
AGR|IRRIGATION|CROP=okra|SOIL=laterite,irrigation,நீர் பாசனம்,okra,வெண்டைக்காய்,laterite,சரளை மண்,"crop,soil; add district/season/stage when present",retrieve canonical answer; live lookup for price/weather/schemes
AGR|IRRIGATION|CROP=coconut|SOIL=red,irrigation,நீர் பாசனம்,coconut,தென்னை,red,செம்மண்,"crop,soil; add district/season/stage when present",retrieve canonical answer; live lookup for price/weather/schemes
AGR|IRRIGATION|CROP=coconut|SOIL=black,irrigation,நீர் பாசனம்,coconut,தென்னை,black,கரிசல் மண்,"crop,soil; add district/season/stage when present",retrieve canonical answer; live lookup for price/weather/schemes
AGR|IRRIGATION|CROP=coconut|SOIL=alluvial,irrigation,நீர் பாசனம்,coconut,தென்னை,alluvial,வண்டல் மண்,"crop,soil; add district/season/stage when present",retrieve canonical answer; live lookup for price/weather/schemes
AGR|IRRIGATION|CROP=coconut|SOIL=sandy,irrigation,நீர் பாசனம்,coconut,தென்னை,sandy,மணல் மண்,"crop,soil; add district/season/stage when present",retrieve canonical answer; live lookup for price/weather/schemes
AGR|IRRIGATION|CROP=coconut|SOIL=clay,irrigation,நீர் பாசனம்,coconut,தென்னை,clay,களிமண்,"crop,soil; add district/season/stage when present",retrieve canonical answer; live lookup for price/weather/schemes
AGR|IRRIGATION|CROP=coconut|SOIL=loamy,irrigation,நீர் பாசனம்,coconut,தென்னை,loamy,கலப்பு மண்,"crop,soil; add district/season/stage when present",retrieve canonical answer; live lookup for price/weather/schemes
AGR|IRRIGATION|CROP=coconut|SOIL=laterite,irrigation,நீர் பாசனம்,coconut,தென்னை,laterite,சரளை மண்,"crop,soil; add district/season/stage when present",retrieve canonical answer; live lookup for price/weather/schemes
AGR|IRRIGATION|CROP=pulses|SOIL=red,irrigation,நீர் பாசனம்,pulses,பயறு,red,செம்மண்,"crop,soil; add district/season/stage when present",retrieve canonical answer; live lookup for price/weather/schemes
AGR|IRRIGATION|CROP=pulses|SOIL=black,irrigation,நீர் பாசனம்,pulses,பயறு,black,கரிசல் மண்,"crop,soil; add district/season/stage when present",retrieve canonical answer; live lookup for price/weather/schemes
AGR|IRRIGATION|CROP=pulses|SOIL=alluvial,irrigation,நீர் பாசனம்,pulses,பயறு,alluvial,வண்டல் மண்,"crop,soil; add district/season/stage when present",retrieve canonical answer; live lookup for price/weather/schemes
AGR|IRRIGATION|CROP=pulses|SOIL=sandy,irrigation,நீர் பாசனம்,pulses,பயறு,sandy,மணல் மண்,"crop,soil; add district/season/stage when present",retrieve canonical answer; live lookup for price/weather/schemes
AGR|IRRIGATION|CROP=pulses|SOIL=clay,irrigation,நீர் பாசனம்,pulses,பயறு,clay,களிமண்,"crop,soil; add district/season/stage when present",retrieve canonical answer; live lookup for price/weather/schemes
AGR|IRRIGATION|CROP=pulses|SOIL=loamy,irrigation,நீர் பாசனம்,pulses,பயறு,loamy,கலப்பு மண்,"crop,soil; add district/season/stage when present",retrieve canonical answer; live lookup for price/weather/schemes
AGR|IRRIGATION|CROP=pulses|SOIL=laterite,irrigation,நீர் பாசனம்,pulses,பயறு,laterite,சரளை மண்,"crop,soil; add district/season/stage when present",retrieve canonical answer; live lookup for price/weather/schemes
AGR|IRRIGATION|CROP=sesame|SOIL=red,irrigation,நீர் பாசனம்,sesame,எள்,red,செம்மண்,"crop,soil; add district/season/stage when present",retrieve canonical answer; live lookup for price/weather/schemes
AGR|IRRIGATION|CROP=sesame|SOIL=black,irrigation,நீர் பாசனம்,sesame,எள்,black,கரிசல் மண்,"crop,soil; add district/season/stage when present",retrieve canonical answer; live lookup for price/weather/schemes
AGR|IRRIGATION|CROP=sesame|SOIL=alluvial,irrigation,நீர் பாசனம்,sesame,எள்,alluvial,வண்டல் மண்,"crop,soil; add district/season/stage when present",retrieve canonical answer; live lookup for price/weather/schemes
AGR|IRRIGATION|CROP=sesame|SOIL=sandy,irrigation,நீர் பாசனம்,sesame,எள்,sandy,மணல் மண்,"crop,soil; add district/season/stage when present",retrieve canonical answer; live lookup for price/weather/schemes
AGR|IRRIGATION|CROP=sesame|SOIL=clay,irrigation,நீர் பாசனம்,sesame,எள்,clay,களிமண்,"crop,soil; add district/season/stage when present",retrieve canonical answer; live lookup for price/weather/schemes
AGR|IRRIGATION|CROP=sesame|SOIL=loamy,irrigation,நீர் பாசனம்,sesame,எள்,loamy,கலப்பு மண்,"crop,soil; add district/season/stage when present",retrieve canonical answer; live lookup for price/weather/schemes
AGR|IRRIGATION|CROP=sesame|SOIL=laterite,irrigation,நீர் பாசனம்,sesame,எள்,laterite,சரளை மண்,"crop,soil; add district/season/stage when present",retrieve canonical answer; live lookup for price/weather/schemes
AGR|IRRIGATION|CROP=tapioca|SOIL=red,irrigation,நீர் பாசனம்,tapioca,மரவள்ளி,red,செம்மண்,"crop,soil; add district/season/stage when present",retrieve canonical answer; live lookup for price/weather/schemes
AGR|IRRIGATION|CROP=tapioca|SOIL=black,irrigation,நீர் பாசனம்,tapioca,மரவள்ளி,black,கரிசல் மண்,"crop,soil; add district/season/stage when present",retrieve canonical answer; live lookup for price/weather/schemes
AGR|IRRIGATION|CROP=tapioca|SOIL=alluvial,irrigation,நீர் பாசனம்,tapioca,மரவள்ளி,alluvial,வண்டல் மண்,"crop,soil; add district/season/stage when present",retrieve canonical answer; live lookup for price/weather/schemes
AGR|IRRIGATION|CROP=tapioca|SOIL=sandy,irrigation,நீர் பாசனம்,tapioca,மரவள்ளி,sandy,மணல் மண்,"crop,soil; add district/season/stage when present",retrieve canonical answer; live lookup for price/weather/schemes
AGR|IRRIGATION|CROP=tapioca|SOIL=clay,irrigation,நீர் பாசனம்,tapioca,மரவள்ளி,clay,களிமண்,"crop,soil; add district/season/stage when present",retrieve canonical answer; live lookup for price/weather/schemes
AGR|IRRIGATION|CROP=tapioca|SOIL=loamy,irrigation,நீர் பாசனம்,tapioca,மரவள்ளி,loamy,கலப்பு மண்,"crop,soil; add district/season/stage when present",retrieve canonical answer; live lookup for price/weather/schemes
AGR|IRRIGATION|CROP=tapioca|SOIL=laterite,irrigation,நீர் பாசனம்,tapioca,மரவள்ளி,laterite,சரளை மண்,"crop,soil; add district/season/stage when present",retrieve canonical answer; live lookup for price/weather/schemes
AGR|IRRIGATION|CROP=drumstick|SOIL=red,irrigation,நீர் பாசனம்,drumstick,முருங்கை,red,செம்மண்,"crop,soil; add district/season/stage when present",retrieve canonical answer; live lookup for price/weather/schemes
AGR|IRRIGATION|CROP=drumstick|SOIL=black,irrigation,நீர் பாசனம்,drumstick,முருங்கை,black,கரிசல் மண்,"crop,soil; add district/season/stage when present",retrieve canonical answer; live lookup for price/weather/schemes
AGR|IRRIGATION|CROP=drumstick|SOIL=alluvial,irrigation,நீர் பாசனம்,drumstick,முருங்கை,alluvial,வண்டல் மண்,"crop,soil; add district/season/stage when present",retrieve canonical answer; live lookup for price/weather/schemes
AGR|IRRIGATION|CROP=drumstick|SOIL=sandy,irrigation,நீர் பாசனம்,drumstick,முருங்கை,sandy,மணல் மண்,"crop,soil; add district/season/stage when present",retrieve canonical answer; live lookup for price/weather/schemes
AGR|IRRIGATION|CROP=drumstick|SOIL=clay,irrigation,நீர் பாசனம்,drumstick,முருங்கை,clay,களிமண்,"crop,soil; add district/season/stage when present",retrieve canonical answer; live lookup for price/weather/schemes
AGR|IRRIGATION|CROP=drumstick|SOIL=loamy,irrigation,நீர் பாசனம்,drumstick,முருங்கை,loamy,கலப்பு மண்,"crop,soil; add district/season/stage when present",retrieve canonical answer; live lookup for price/weather/schemes
AGR|IRRIGATION|CROP=drumstick|SOIL=laterite,irrigation,நீர் பாசனம்,drumstick,முருங்கை,laterite,சரளை மண்,"crop,soil; add district/season/stage when present",retrieve canonical answer; live lookup for price/weather/schemes
AGR|PEST|CROP=rice|SOIL=red,pest,பூச்சி மேலாண்மை,rice,நெல்,red,செம்மண்,"crop,soil; add district/season/stage when present",retrieve canonical answer; live lookup for price/weather/schemes
AGR|PEST|CROP=rice|SOIL=black,pest,பூச்சி மேலாண்மை,rice,நெல்,black,கரிசல் மண்,"crop,soil; add district/season/stage when present",retrieve canonical answer; live lookup for price/weather/schemes
AGR|PEST|CROP=rice|SOIL=alluvial,pest,பூச்சி மேலாண்மை,rice,நெல்,alluvial,வண்டல் மண்,"crop,soil; add district/season/stage when present",retrieve canonical answer; live lookup for price/weather/schemes
AGR|PEST|CROP=rice|SOIL=sandy,pest,பூச்சி மேலாண்மை,rice,நெல்,sandy,மணல் மண்,"crop,soil; add district/season/stage when present",retrieve canonical answer; live lookup for price/weather/schemes
AGR|PEST|CROP=rice|SOIL=clay,pest,பூச்சி மேலாண்மை,rice,நெல்,clay,களிமண்,"crop,soil; add district/season/stage when present",retrieve canonical answer; live lookup for price/weather/schemes
AGR|PEST|CROP=rice|SOIL=loamy,pest,பூச்சி மேலாண்மை,rice,நெல்,loamy,கலப்பு மண்,"crop,soil; add district/season/stage when present",retrieve canonical answer; live lookup for price/weather/schemes
AGR|PEST|CROP=rice|SOIL=laterite,pest,பூச்சி மேலாண்மை,rice,நெல்,laterite,சரளை மண்,"crop,soil; add district/season/stage when present",retrieve canonical answer; live lookup for price/weather/schemes
AGR|PEST|CROP=banana|SOIL=red,pest,பூச்சி மேலாண்மை,banana,வாழை,red,செம்மண்,"crop,soil; add district/season/stage when present",retrieve canonical answer; live lookup for price/weather/schemes
AGR|PEST|CROP=banana|SOIL=black,pest,பூச்சி மேலாண்மை,banana,வாழை,black,கரிசல் மண்,"crop,soil; add district/season/stage when present",retrieve canonical answer; live lookup for price/weather/schemes
AGR|PEST|CROP=banana|SOIL=alluvial,pest,பூச்சி மேலாண்மை,banana,வாழை,alluvial,வண்டல் மண்,"crop,soil; add district/season/stage when present",retrieve canonical answer; live lookup for price/weather/schemes
AGR|PEST|CROP=banana|SOIL=sandy,pest,பூச்சி மேலாண்மை,banana,வாழை,sandy,மணல் மண்,"crop,soil; add district/season/stage when present",retrieve canonical answer; live lookup for price/weather/schemes
AGR|PEST|CROP=banana|SOIL=clay,pest,பூச்சி மேலாண்மை,banana,வாழை,clay,களிமண்,"crop,soil; add district/season/stage when present",retrieve canonical answer; live lookup for price/weather/schemes
AGR|PEST|CROP=banana|SOIL=loamy,pest,பூச்சி மேலாண்மை,banana,வாழை,loamy,கலப்பு மண்,"crop,soil; add district/season/stage when present",retrieve canonical answer; live lookup for price/weather/schemes
AGR|PEST|CROP=banana|SOIL=laterite,pest,பூச்சி மேலாண்மை,banana,வாழை,laterite,சரளை மண்,"crop,soil; add district/season/stage when present",retrieve canonical answer; live lookup for price/weather/schemes
AGR|PEST|CROP=sugarcane|SOIL=red,pest,பூச்சி மேலாண்மை,sugarcane,கரும்பு,red,செம்மண்,"crop,soil; add district/season/stage when present",retrieve canonical answer; live lookup for price/weather/schemes
AGR|PEST|CROP=sugarcane|SOIL=black,pest,பூச்சி மேலாண்மை,sugarcane,கரும்பு,black,கரிசல் மண்,"crop,soil; add district/season/stage when present",retrieve canonical answer; live lookup for price/weather/schemes
AGR|PEST|CROP=sugarcane|SOIL=alluvial,pest,பூச்சி மேலாண்மை,sugarcane,கரும்பு,alluvial,வண்டல் மண்,"crop,soil; add district/season/stage when present",retrieve canonical answer; live lookup for price/weather/schemes
AGR|PEST|CROP=sugarcane|SOIL=sandy,pest,பூச்சி மேலாண்மை,sugarcane,கரும்பு,sandy,மணல் மண்,"crop,soil; add district/season/stage when present",retrieve canonical answer; live lookup for price/weather/schemes
AGR|PEST|CROP=sugarcane|SOIL=clay,pest,பூச்சி மேலாண்மை,sugarcane,கரும்பு,clay,களிமண்,"crop,soil; add district/season/stage when present",retrieve canonical answer; live lookup for price/weather/schemes
AGR|PEST|CROP=sugarcane|SOIL=loamy,pest,பூச்சி மேலாண்மை,sugarcane,கரும்பு,loamy,கலப்பு மண்,"crop,soil; add district/season/stage when present",retrieve canonical answer; live lookup for price/weather/schemes
AGR|PEST|CROP=sugarcane|SOIL=laterite,pest,பூச்சி மேலாண்மை,sugarcane,கரும்பு,laterite,சரளை மண்,"crop,soil; add district/season/stage when present",retrieve canonical answer; live lookup for price/weather/schemes
AGR|PEST|CROP=cotton|SOIL=red,pest,பூச்சி மேலாண்மை,cotton,பருத்தி,red,செம்மண்,"crop,soil; add district/season/stage when present",retrieve canonical answer; live lookup for price/weather/schemes
AGR|PEST|CROP=cotton|SOIL=black,pest,பூச்சி மேலாண்மை,cotton,பருத்தி,black,கரிசல் மண்,"crop,soil; add district/season/stage when present",retrieve canonical answer; live lookup for price/weather/schemes
AGR|PEST|CROP=cotton|SOIL=alluvial,pest,பூச்சி மேலாண்மை,cotton,பருத்தி,alluvial,வண்டல் மண்,"crop,soil; add district/season/stage when present",retrieve canonical answer; live lookup for price/weather/schemes
AGR|PEST|CROP=cotton|SOIL=sandy,pest,பூச்சி மேலாண்மை,cotton,பருத்தி,sandy,மணல் மண்,"crop,soil; add district/season/stage when present",retrieve canonical answer; live lookup for price/weather/schemes
AGR|PEST|CROP=cotton|SOIL=clay,pest,பூச்சி மேலாண்மை,cotton,பருத்தி,clay,களிமண்,"crop,soil; add district/season/stage when present",retrieve canonical answer; live lookup for price/weather/schemes
AGR|PEST|CROP=cotton|SOIL=loamy,pest,பூச்சி மேலாண்மை,cotton,பருத்தி,loamy,கலப்பு மண்,"crop,soil; add district/season/stage when present",retrieve canonical answer; live lookup for price/weather/schemes
AGR|PEST|CROP=cotton|SOIL=laterite,pest,பூச்சி மேலாண்மை,cotton,பருத்தி,laterite,சரளை மண்,"crop,soil; add district/season/stage when present",retrieve canonical answer; live lookup for price/weather/schemes
AGR|PEST|CROP=groundnut|SOIL=red,pest,பூச்சி மேலாண்மை,groundnut,நிலக்கடலை,red,செம்மண்,"crop,soil; add district/season/stage when present",retrieve canonical answer; live lookup for price/weather/schemes
AGR|PEST|CROP=groundnut|SOIL=black,pest,பூச்சி மேலாண்மை,groundnut,நிலக்கடலை,black,கரிசல் மண்,"crop,soil; add district/season/stage when present",retrieve canonical answer; live lookup for price/weather/schemes
AGR|PEST|CROP=groundnut|SOIL=alluvial,pest,பூச்சி மேலாண்மை,groundnut,நிலக்கடலை,alluvial,வண்டல் மண்,"crop,soil; add district/season/stage when present",retrieve canonical answer; live lookup for price/weather/schemes
AGR|PEST|CROP=groundnut|SOIL=sandy,pest,பூச்சி மேலாண்மை,groundnut,நிலக்கடலை,sandy,மணல் மண்,"crop,soil; add district/season/stage when present",retrieve canonical answer; live lookup for price/weather/schemes
AGR|PEST|CROP=groundnut|SOIL=clay,pest,பூச்சி மேலாண்மை,groundnut,நிலக்கடலை,clay,களிமண்,"crop,soil; add district/season/stage when present",retrieve canonical answer; live lookup for price/weather/schemes
AGR|PEST|CROP=groundnut|SOIL=loamy,pest,பூச்சி மேலாண்மை,groundnut,நிலக்கடலை,loamy,கலப்பு மண்,"crop,soil; add district/season/stage when present",retrieve canonical answer; live lookup for price/weather/schemes
AGR|PEST|CROP=groundnut|SOIL=laterite,pest,பூச்சி மேலாண்மை,groundnut,நிலக்கடலை,laterite,சரளை மண்,"crop,soil; add district/season/stage when present",retrieve canonical answer; live lookup for price/weather/schemes
AGR|PEST|CROP=maize|SOIL=red,pest,பூச்சி மேலாண்மை,maize,மக்காச்சோளம்,red,செம்மண்,"crop,soil; add district/season/stage when present",retrieve canonical answer; live lookup for price/weather/schemes
AGR|PEST|CROP=maize|SOIL=black,pest,பூச்சி மேலாண்மை,maize,மக்காச்சோளம்,black,கரிசல் மண்,"crop,soil; add district/season/stage when present",retrieve canonical answer; live lookup for price/weather/schemes
AGR|PEST|CROP=maize|SOIL=alluvial,pest,பூச்சி மேலாண்மை,maize,மக்காச்சோளம்,alluvial,வண்டல் மண்,"crop,soil; add district/season/stage when present",retrieve canonical answer; live lookup for price/weather/schemes
AGR|PEST|CROP=maize|SOIL=sandy,pest,பூச்சி மேலாண்மை,maize,மக்காச்சோளம்,sandy,மணல் மண்,"crop,soil; add district/season/stage when present",retrieve canonical answer; live lookup for price/weather/schemes
AGR|PEST|CROP=maize|SOIL=clay,pest,பூச்சி மேலாண்மை,maize,மக்காச்சோளம்,clay,களிமண்,"crop,soil; add district/season/stage when present",retrieve canonical answer; live lookup for price/weather/schemes
AGR|PEST|CROP=maize|SOIL=loamy,pest,பூச்சி மேலாண்மை,maize,மக்காச்சோளம்,loamy,கலப்பு மண்,"crop,soil; add district/season/stage when present",retrieve canonical answer; live lookup for price/weather/schemes
AGR|PEST|CROP=maize|SOIL=laterite,pest,பூச்சி மேலாண்மை,maize,மக்காச்சோளம்,laterite,சரளை மண்,"crop,soil; add district/season/stage when present",retrieve canonical answer; live lookup for price/weather/schemes
AGR|PEST|CROP=millet|SOIL=red,pest,பூச்சி மேலாண்மை,millet,கம்பு,red,செம்மண்,"crop,soil; add district/season/stage when present",retrieve canonical answer; live lookup for price/weather/schemes
AGR|PEST|CROP=millet|SOIL=black,pest,பூச்சி மேலாண்மை,millet,கம்பு,black,கரிசல் மண்,"crop,soil; add district/season/stage when present",retrieve canonical answer; live lookup for price/weather/schemes
AGR|PEST|CROP=millet|SOIL=alluvial,pest,பூச்சி மேலாண்மை,millet,கம்பு,alluvial,வண்டல் மண்,"crop,soil; add district/season/stage when present",retrieve canonical answer; live lookup for price/weather/schemes
AGR|PEST|CROP=millet|SOIL=sandy,pest,பூச்சி மேலாண்மை,millet,கம்பு,sandy,மணல் மண்,"crop,soil; add district/season/stage when present",retrieve canonical answer; live lookup for price/weather/schemes
AGR|PEST|CROP=millet|SOIL=clay,pest,பூச்சி மேலாண்மை,millet,கம்பு,clay,களிமண்,"crop,soil; add district/season/stage when present",retrieve canonical answer; live lookup for price/weather/schemes
AGR|PEST|CROP=millet|SOIL=loamy,pest,பூச்சி மேலாண்மை,millet,கம்பு,loamy,கலப்பு மண்,"crop,soil; add district/season/stage when present",retrieve canonical answer; live lookup for price/weather/schemes
AGR|PEST|CROP=millet|SOIL=laterite,pest,பூச்சி மேலாண்மை,millet,கம்பு,laterite,சரளை மண்,"crop,soil; add district/season/stage when present",retrieve canonical answer; live lookup for price/weather/schemes
AGR|PEST|CROP=tomato|SOIL=red,pest,பூச்சி மேலாண்மை,tomato,தக்காளி,red,செம்மண்,"crop,soil; add district/season/stage when present",retrieve canonical answer; live lookup for price/weather/schemes
AGR|PEST|CROP=tomato|SOIL=black,pest,பூச்சி மேலாண்மை,tomato,தக்காளி,black,கரிசல் மண்,"crop,soil; add district/season/stage when present",retrieve canonical answer; live lookup for price/weather/schemes
AGR|PEST|CROP=tomato|SOIL=alluvial,pest,பூச்சி மேலாண்மை,tomato,தக்காளி,alluvial,வண்டல் மண்,"crop,soil; add district/season/stage when present",retrieve canonical answer; live lookup for price/weather/schemes
AGR|PEST|CROP=tomato|SOIL=sandy,pest,பூச்சி மேலாண்மை,tomato,தக்காளி,sandy,மணல் மண்,"crop,soil; add district/season/stage when present",retrieve canonical answer; live lookup for price/weather/schemes
AGR|PEST|CROP=tomato|SOIL=clay,pest,பூச்சி மேலாண்மை,tomato,தக்காளி,clay,களிமண்,"crop,soil; add district/season/stage when present",retrieve canonical answer; live lookup for price/weather/schemes
AGR|PEST|CROP=tomato|SOIL=loamy,pest,பூச்சி மேலாண்மை,tomato,தக்காளி,loamy,கலப்பு மண்,"crop,soil; add district/season/stage when present",retrieve canonical answer; live lookup for price/weather/schemes
AGR|PEST|CROP=tomato|SOIL=laterite,pest,பூச்சி மேலாண்மை,tomato,தக்காளி,laterite,சரளை மண்,"crop,soil; add district/season/stage when present",retrieve canonical answer; live lookup for price/weather/schemes
AGR|PEST|CROP=chilli|SOIL=red,pest,பூச்சி மேலாண்மை,chilli,மிளகாய்,red,செம்மண்,"crop,soil; add district/season/stage when present",retrieve canonical answer; live lookup for price/weather/schemes
AGR|PEST|CROP=chilli|SOIL=black,pest,பூச்சி மேலாண்மை,chilli,மிளகாய்,black,கரிசல் மண்,"crop,soil; add district/season/stage when present",retrieve canonical answer; live lookup for price/weather/schemes
AGR|PEST|CROP=chilli|SOIL=alluvial,pest,பூச்சி மேலாண்மை,chilli,மிளகாய்,alluvial,வண்டல் மண்,"crop,soil; add district/season/stage when present",retrieve canonical answer; live lookup for price/weather/schemes
AGR|PEST|CROP=chilli|SOIL=sandy,pest,பூச்சி மேலாண்மை,chilli,மிளகாய்,sandy,மணல் மண்,"crop,soil; add district/season/stage when present",retrieve canonical answer; live lookup for price/weather/schemes
AGR|PEST|CROP=chilli|SOIL=clay,pest,பூச்சி மேலாண்மை,chilli,மிளகாய்,clay,களிமண்,"crop,soil; add district/season/stage when present",retrieve canonical answer; live lookup for price/weather/schemes
AGR|PEST|CROP=chilli|SOIL=loamy,pest,பூச்சி மேலாண்மை,chilli,மிளகாய்,loamy,கலப்பு மண்,"crop,soil; add district/season/stage when present",retrieve canonical answer; live lookup for price/weather/schemes
AGR|PEST|CROP=chilli|SOIL=laterite,pest,பூச்சி மேலாண்மை,chilli,மிளகாய்,laterite,சரளை மண்,"crop,soil; add district/season/stage when present",retrieve canonical answer; live lookup for price/weather/schemes
AGR|PEST|CROP=onion|SOIL=red,pest,பூச்சி மேலாண்மை,onion,வெங்காயம்,red,செம்மண்,"crop,soil; add district/season/stage when present",retrieve canonical answer; live lookup for price/weather/schemes
AGR|PEST|CROP=onion|SOIL=black,pest,பூச்சி மேலாண்மை,onion,வெங்காயம்,black,கரிசல் மண்,"crop,soil; add district/season/stage when present",retrieve canonical answer; live lookup for price/weather/schemes
AGR|PEST|CROP=onion|SOIL=alluvial,pest,பூச்சி மேலாண்மை,onion,வெங்காயம்,alluvial,வண்டல் மண்,"crop,soil; add district/season/stage when present",retrieve canonical answer; live lookup for price/weather/schemes
AGR|PEST|CROP=onion|SOIL=sandy,pest,பூச்சி மேலாண்மை,onion,வெங்காயம்,sandy,மணல் மண்,"crop,soil; add district/season/stage when present",retrieve canonical answer; live lookup for price/weather/schemes
AGR|PEST|CROP=onion|SOIL=clay,pest,பூச்சி மேலாண்மை,onion,வெங்காயம்,clay,களிமண்,"crop,soil; add district/season/stage when present",retrieve canonical answer; live lookup for price/weather/schemes
AGR|PEST|CROP=onion|SOIL=loamy,pest,பூச்சி மேலாண்மை,onion,வெங்காயம்,loamy,கலப்பு மண்,"crop,soil; add district/season/stage when present",retrieve canonical answer; live lookup for price/weather/schemes
AGR|PEST|CROP=onion|SOIL=laterite,pest,பூச்சி மேலாண்மை,onion,வெங்காயம்,laterite,சரளை மண்,"crop,soil; add district/season/stage when present",retrieve canonical answer; live lookup for price/weather/schemes
AGR|PEST|CROP=turmeric|SOIL=red,pest,பூச்சி மேலாண்மை,turmeric,மஞ்சள்,red,செம்மண்,"crop,soil; add district/season/stage when present",retrieve canonical answer; live lookup for price/weather/schemes
AGR|PEST|CROP=turmeric|SOIL=black,pest,பூச்சி மேலாண்மை,turmeric,மஞ்சள்,black,கரிசல் மண்,"crop,soil; add district/season/stage when present",retrieve canonical answer; live lookup for price/weather/schemes
AGR|PEST|CROP=turmeric|SOIL=alluvial,pest,பூச்சி மேலாண்மை,turmeric,மஞ்சள்,alluvial,வண்டல் மண்,"crop,soil; add district/season/stage when present",retrieve canonical answer; live lookup for price/weather/schemes
AGR|PEST|CROP=turmeric|SOIL=sandy,pest,பூச்சி மேலாண்மை,turmeric,மஞ்சள்,sandy,மணல் மண்,"crop,soil; add district/season/stage when present",retrieve canonical answer; live lookup for price/weather/schemes
AGR|PEST|CROP=turmeric|SOIL=clay,pest,பூச்சி மேலாண்மை,turmeric,மஞ்சள்,clay,களிமண்,"crop,soil; add district/season/stage when present",retrieve canonical answer; live lookup for price/weather/schemes
AGR|PEST|CROP=turmeric|SOIL=loamy,pest,பூச்சி மேலாண்மை,turmeric,மஞ்சள்,loamy,கலப்பு மண்,"crop,soil; add district/season/stage when present",retrieve canonical answer; live lookup for price/weather/schemes
AGR|PEST|CROP=turmeric|SOIL=laterite,pest,பூச்சி மேலாண்மை,turmeric,மஞ்சள்,laterite,சரளை மண்,"crop,soil; add district/season/stage when present",retrieve canonical answer; live lookup for price/weather/schemes
AGR|PEST|CROP=brinjal|SOIL=red,pest,பூச்சி மேலாண்மை,brinjal,கத்தரிக்காய்,red,செம்மண்,"crop,soil; add district/season/stage when present",retrieve canonical answer; live lookup for price/weather/schemes
AGR|PEST|CROP=brinjal|SOIL=black,pest,பூச்சி மேலாண்மை,brinjal,கத்தரிக்காய்,black,கரிசல் மண்,"crop,soil; add district/season/stage when present",retrieve canonical answer; live lookup for price/weather/schemes
AGR|PEST|CROP=brinjal|SOIL=alluvial,pest,பூச்சி மேலாண்மை,brinjal,கத்தரிக்காய்,alluvial,வண்டல் மண்,"crop,soil; add district/season/stage when present",retrieve canonical answer; live lookup for price/weather/schemes
AGR|PEST|CROP=brinjal|SOIL=sandy,pest,பூச்சி மேலாண்மை,brinjal,கத்தரிக்காய்,sandy,மணல் மண்,"crop,soil; add district/season/stage when present",retrieve canonical answer; live lookup for price/weather/schemes
AGR|PEST|CROP=brinjal|SOIL=clay,pest,பூச்சி மேலாண்மை,brinjal,கத்தரிக்காய்,clay,களிமண்,"crop,soil; add district/season/stage when present",retrieve canonical answer; live lookup for price/weather/schemes
AGR|PEST|CROP=brinjal|SOIL=loamy,pest,பூச்சி மேலாண்மை,brinjal,கத்தரிக்காய்,loamy,கலப்பு மண்,"crop,soil; add district/season/stage when present",retrieve canonical answer; live lookup for price/weather/schemes
AGR|PEST|CROP=brinjal|SOIL=laterite,pest,பூச்சி மேலாண்மை,brinjal,கத்தரிக்காய்,laterite,சரளை மண்,"crop,soil; add district/season/stage when present",retrieve canonical answer; live lookup for price/weather/schemes
AGR|PEST|CROP=okra|SOIL=red,pest,பூச்சி மேலாண்மை,okra,வெண்டைக்காய்,red,செம்மண்,"crop,soil; add district/season/stage when present",retrieve canonical answer; live lookup for price/weather/schemes
AGR|PEST|CROP=okra|SOIL=black,pest,பூச்சி மேலாண்மை,okra,வெண்டைக்காய்,black,கரிசல் மண்,"crop,soil; add district/season/stage when present",retrieve canonical answer; live lookup for price/weather/schemes
AGR|PEST|CROP=okra|SOIL=alluvial,pest,பூச்சி மேலாண்மை,okra,வெண்டைக்காய்,alluvial,வண்டல் மண்,"crop,soil; add district/season/stage when present",retrieve canonical answer; live lookup for price/weather/schemes
AGR|PEST|CROP=okra|SOIL=sandy,pest,பூச்சி மேலாண்மை,okra,வெண்டைக்காய்,sandy,மணல் மண்,"crop,soil; add district/season/stage when present",retrieve canonical answer; live lookup for price/weather/schemes
AGR|PEST|CROP=okra|SOIL=clay,pest,பூச்சி மேலாண்மை,okra,வெண்டைக்காய்,clay,களிமண்,"crop,soil; add district/season/stage when present",retrieve canonical answer; live lookup for price/weather/schemes
AGR|PEST|CROP=okra|SOIL=loamy,pest,பூச்சி மேலாண்மை,okra,வெண்டைக்காய்,loamy,கலப்பு மண்,"crop,soil; add district/season/stage when present",retrieve canonical answer; live lookup for price/weather/schemes
AGR|PEST|CROP=okra|SOIL=laterite,pest,பூச்சி மேலாண்மை,okra,வெண்டைக்காய்,laterite,சரளை மண்,"crop,soil; add district/season/stage when present",retrieve canonical answer; live lookup for price/weather/schemes
AGR|PEST|CROP=coconut|SOIL=red,pest,பூச்சி மேலாண்மை,coconut,தென்னை,red,செம்மண்,"crop,soil; add district/season/stage when present",retrieve canonical answer; live lookup for price/weather/schemes
AGR|PEST|CROP=coconut|SOIL=black,pest,பூச்சி மேலாண்மை,coconut,தென்னை,black,கரிசல் மண்,"crop,soil; add district/season/stage when present",retrieve canonical answer; live lookup for price/weather/schemes
AGR|PEST|CROP=coconut|SOIL=alluvial,pest,பூச்சி மேலாண்மை,coconut,தென்னை,alluvial,வண்டல் மண்,"crop,soil; add district/season/stage when present",retrieve canonical answer; live lookup for price/weather/schemes
AGR|PEST|CROP=coconut|SOIL=sandy,pest,பூச்சி மேலாண்மை,coconut,தென்னை,sandy,மணல் மண்,"crop,soil; add district/season/stage when present",retrieve canonical answer; live lookup for price/weather/schemes
AGR|PEST|CROP=coconut|SOIL=clay,pest,பூச்சி மேலாண்மை,coconut,தென்னை,clay,களிமண்,"crop,soil; add district/season/stage when present",retrieve canonical answer; live lookup for price/weather/schemes
AGR|PEST|CROP=coconut|SOIL=loamy,pest,பூச்சி மேலாண்மை,coconut,தென்னை,loamy,கலப்பு மண்,"crop,soil; add district/season/stage when present",retrieve canonical answer; live lookup for price/weather/schemes
AGR|PEST|CROP=coconut|SOIL=laterite,pest,பூச்சி மேலாண்மை,coconut,தென்னை,laterite,சரளை மண்,"crop,soil; add district/season/stage when present",retrieve canonical answer; live lookup for price/weather/schemes
AGR|PEST|CROP=pulses|SOIL=red,pest,பூச்சி மேலாண்மை,pulses,பயறு,red,செம்மண்,"crop,soil; add district/season/stage when present",retrieve canonical answer; live lookup for price/weather/schemes
AGR|PEST|CROP=pulses|SOIL=black,pest,பூச்சி மேலாண்மை,pulses,பயறு,black,கரிசல் மண்,"crop,soil; add district/season/stage when present",retrieve canonical answer; live lookup for price/weather/schemes
AGR|PEST|CROP=pulses|SOIL=alluvial,pest,பூச்சி மேலாண்மை,pulses,பயறு,alluvial,வண்டல் மண்,"crop,soil; add district/season/stage when present",retrieve canonical answer; live lookup for price/weather/schemes
AGR|PEST|CROP=pulses|SOIL=sandy,pest,பூச்சி மேலாண்மை,pulses,பயறு,sandy,மணல் மண்,"crop,soil; add district/season/stage when present",retrieve canonical answer; live lookup for price/weather/schemes
AGR|PEST|CROP=pulses|SOIL=clay,pest,பூச்சி மேலாண்மை,pulses,பயறு,clay,களிமண்,"crop,soil; add district/season/stage when present",retrieve canonical answer; live lookup for price/weather/schemes
AGR|PEST|CROP=pulses|SOIL=loamy,pest,பூச்சி மேலாண்மை,pulses,பயறு,loamy,கலப்பு மண்,"crop,soil; add district/season/stage when present",retrieve canonical answer; live lookup for price/weather/schemes
AGR|PEST|CROP=pulses|SOIL=laterite,pest,பூச்சி மேலாண்மை,pulses,பயறு,laterite,சரளை மண்,"crop,soil; add district/season/stage when present",retrieve canonical answer; live lookup for price/weather/schemes
AGR|PEST|CROP=sesame|SOIL=red,pest,பூச்சி மேலாண்மை,sesame,எள்,red,செம்மண்,"crop,soil; add district/season/stage when present",retrieve canonical answer; live lookup for price/weather/schemes
AGR|PEST|CROP=sesame|SOIL=black,pest,பூச்சி மேலாண்மை,sesame,எள்,black,கரிசல் மண்,"crop,soil; add district/season/stage when present",retrieve canonical answer; live lookup for price/weather/schemes
AGR|PEST|CROP=sesame|SOIL=alluvial,pest,பூச்சி மேலாண்மை,sesame,எள்,alluvial,வண்டல் மண்,"crop,soil; add district/season/stage when present",retrieve canonical answer; live lookup for price/weather/schemes
AGR|PEST|CROP=sesame|SOIL=sandy,pest,பூச்சி மேலாண்மை,sesame,எள்,sandy,மணல் மண்,"crop,soil; add district/season/stage when present",retrieve canonical answer; live lookup for price/weather/schemes
AGR|PEST|CROP=sesame|SOIL=clay,pest,பூச்சி மேலாண்மை,sesame,எள்,clay,களிமண்,"crop,soil; add district/season/stage when present",retrieve canonical answer; live lookup for price/weather/schemes
AGR|PEST|CROP=sesame|SOIL=loamy,pest,பூச்சி மேலாண்மை,sesame,எள்,loamy,கலப்பு மண்,"crop,soil; add district/season/stage when present",retrieve canonical answer; live lookup for price/weather/schemes
AGR|PEST|CROP=sesame|SOIL=laterite,pest,பூச்சி மேலாண்மை,sesame,எள்,laterite,சரளை மண்,"crop,soil; add district/season/stage when present",retrieve canonical answer; live lookup for price/weather/schemes
AGR|PEST|CROP=tapioca|SOIL=red,pest,பூச்சி மேலாண்மை,tapioca,மரவள்ளி,red,செம்மண்,"crop,soil; add district/season/stage when present",retrieve canonical answer; live lookup for price/weather/schemes
AGR|PEST|CROP=tapioca|SOIL=black,pest,பூச்சி மேலாண்மை,tapioca,மரவள்ளி,black,கரிசல் மண்,"crop,soil; add district/season/stage when present",retrieve canonical answer; live lookup for price/weather/schemes
AGR|PEST|CROP=tapioca|SOIL=alluvial,pest,பூச்சி மேலாண்மை,tapioca,மரவள்ளி,alluvial,வண்டல் மண்,"crop,soil; add district/season/stage when present",retrieve canonical answer; live lookup for price/weather/schemes
AGR|PEST|CROP=tapioca|SOIL=sandy,pest,பூச்சி மேலாண்மை,tapioca,மரவள்ளி,sandy,மணல் மண்,"crop,soil; add district/season/stage when present",retrieve canonical answer; live lookup for price/weather/schemes
AGR|PEST|CROP=tapioca|SOIL=clay,pest,பூச்சி மேலாண்மை,tapioca,மரவள்ளி,clay,களிமண்,"crop,soil; add district/season/stage when present",retrieve canonical answer; live lookup for price/weather/schemes
AGR|PEST|CROP=tapioca|SOIL=loamy,pest,பூச்சி மேலாண்மை,tapioca,மரவள்ளி,loamy,கலப்பு மண்,"crop,soil; add district/season/stage when present",retrieve canonical answer; live lookup for price/weather/schemes
AGR|PEST|CROP=tapioca|SOIL=laterite,pest,பூச்சி மேலாண்மை,tapioca,மரவள்ளி,laterite,சரளை மண்,"crop,soil; add district/season/stage when present",retrieve canonical answer; live lookup for price/weather/schemes
AGR|PEST|CROP=drumstick|SOIL=red,pest,பூச்சி மேலாண்மை,drumstick,முருங்கை,red,செம்மண்,"crop,soil; add district/season/stage when present",retrieve canonical answer; live lookup for price/weather/schemes
AGR|PEST|CROP=drumstick|SOIL=black,pest,பூச்சி மேலாண்மை,drumstick,முருங்கை,black,கரிசல் மண்,"crop,soil; add district/season/stage when present",retrieve canonical answer; live lookup for price/weather/schemes
AGR|PEST|CROP=drumstick|SOIL=alluvial,pest,பூச்சி மேலாண்மை,drumstick,முருங்கை,alluvial,வண்டல் மண்,"crop,soil; add district/season/stage when present",retrieve canonical answer; live lookup for price/weather/schemes
AGR|PEST|CROP=drumstick|SOIL=sandy,pest,பூச்சி மேலாண்மை,drumstick,முருங்கை,sandy,மணல் மண்,"crop,soil; add district/season/stage when present",retrieve canonical answer; live lookup for price/weather/schemes
AGR|PEST|CROP=drumstick|SOIL=clay,pest,பூச்சி மேலாண்மை,drumstick,முருங்கை,clay,களிமண்,"crop,soil; add district/season/stage when present",retrieve canonical answer; live lookup for price/weather/schemes
AGR|PEST|CROP=drumstick|SOIL=loamy,pest,பூச்சி மேலாண்மை,drumstick,முருங்கை,loamy,கலப்பு மண்,"crop,soil; add district/season/stage when present",retrieve canonical answer; live lookup for price/weather/schemes
AGR|PEST|CROP=drumstick|SOIL=laterite,pest,பூச்சி மேலாண்மை,drumstick,முருங்கை,laterite,சரளை மண்,"crop,soil; add district/season/stage when present",retrieve canonical answer; live lookup for price/weather/schemes
AGR|DISEASE|CROP=rice|SOIL=red,disease,நோய் மேலாண்மை,rice,நெல்,red,செம்மண்,"crop,soil; add district/season/stage when present",retrieve canonical answer; live lookup for price/weather/schemes
AGR|DISEASE|CROP=rice|SOIL=black,disease,நோய் மேலாண்மை,rice,நெல்,black,கரிசல் மண்,"crop,soil; add district/season/stage when present",retrieve canonical answer; live lookup for price/weather/schemes
AGR|DISEASE|CROP=rice|SOIL=alluvial,disease,நோய் மேலாண்மை,rice,நெல்,alluvial,வண்டல் மண்,"crop,soil; add district/season/stage when present",retrieve canonical answer; live lookup for price/weather/schemes
AGR|DISEASE|CROP=rice|SOIL=sandy,disease,நோய் மேலாண்மை,rice,நெல்,sandy,மணல் மண்,"crop,soil; add district/season/stage when present",retrieve canonical answer; live lookup for price/weather/schemes
AGR|DISEASE|CROP=rice|SOIL=clay,disease,நோய் மேலாண்மை,rice,நெல்,clay,களிமண்,"crop,soil; add district/season/stage when present",retrieve canonical answer; live lookup for price/weather/schemes
AGR|DISEASE|CROP=rice|SOIL=loamy,disease,நோய் மேலாண்மை,rice,நெல்,loamy,கலப்பு மண்,"crop,soil; add district/season/stage when present",retrieve canonical answer; live lookup for price/weather/schemes
AGR|DISEASE|CROP=rice|SOIL=laterite,disease,நோய் மேலாண்மை,rice,நெல்,laterite,சரளை மண்,"crop,soil; add district/season/stage when present",retrieve canonical answer; live lookup for price/weather/schemes
AGR|DISEASE|CROP=banana|SOIL=red,disease,நோய் மேலாண்மை,banana,வாழை,red,செம்மண்,"crop,soil; add district/season/stage when present",retrieve canonical answer; live lookup for price/weather/schemes
AGR|DISEASE|CROP=banana|SOIL=black,disease,நோய் மேலாண்மை,banana,வாழை,black,கரிசல் மண்,"crop,soil; add district/season/stage when present",retrieve canonical answer; live lookup for price/weather/schemes
AGR|DISEASE|CROP=banana|SOIL=alluvial,disease,நோய் மேலாண்மை,banana,வாழை,alluvial,வண்டல் மண்,"crop,soil; add district/season/stage when present",retrieve canonical answer; live lookup for price/weather/schemes
AGR|DISEASE|CROP=banana|SOIL=sandy,disease,நோய் மேலாண்மை,banana,வாழை,sandy,மணல் மண்,"crop,soil; add district/season/stage when present",retrieve canonical answer; live lookup for price/weather/schemes
AGR|DISEASE|CROP=banana|SOIL=clay,disease,நோய் மேலாண்மை,banana,வாழை,clay,களிமண்,"crop,soil; add district/season/stage when present",retrieve canonical answer; live lookup for price/weather/schemes
AGR|DISEASE|CROP=banana|SOIL=loamy,disease,நோய் மேலாண்மை,banana,வாழை,loamy,கலப்பு மண்,"crop,soil; add district/season/stage when present",retrieve canonical answer; live lookup for price/weather/schemes
AGR|DISEASE|CROP=banana|SOIL=laterite,disease,நோய் மேலாண்மை,banana,வாழை,laterite,சரளை மண்,"crop,soil; add district/season/stage when present",retrieve canonical answer; live lookup for price/weather/schemes
AGR|DISEASE|CROP=sugarcane|SOIL=red,disease,நோய் மேலாண்மை,sugarcane,கரும்பு,red,செம்மண்,"crop,soil; add district/season/stage when present",retrieve canonical answer; live lookup for price/weather/schemes
AGR|DISEASE|CROP=sugarcane|SOIL=black,disease,நோய் மேலாண்மை,sugarcane,கரும்பு,black,கரிசல் மண்,"crop,soil; add district/season/stage when present",retrieve canonical answer; live lookup for price/weather/schemes
AGR|DISEASE|CROP=sugarcane|SOIL=alluvial,disease,நோய் மேலாண்மை,sugarcane,கரும்பு,alluvial,வண்டல் மண்,"crop,soil; add district/season/stage when present",retrieve canonical answer; live lookup for price/weather/schemes
AGR|DISEASE|CROP=sugarcane|SOIL=sandy,disease,நோய் மேலாண்மை,sugarcane,கரும்பு,sandy,மணல் மண்,"crop,soil; add district/season/stage when present",retrieve canonical answer; live lookup for price/weather/schemes
AGR|DISEASE|CROP=sugarcane|SOIL=clay,disease,நோய் மேலாண்மை,sugarcane,கரும்பு,clay,களிமண்,"crop,soil; add district/season/stage when present",retrieve canonical answer; live lookup for price/weather/schemes
AGR|DISEASE|CROP=sugarcane|SOIL=loamy,disease,நோய் மேலாண்மை,sugarcane,கரும்பு,loamy,கலப்பு மண்,"crop,soil; add district/season/stage when present",retrieve canonical answer; live lookup for price/weather/schemes
AGR|DISEASE|CROP=sugarcane|SOIL=laterite,disease,நோய் மேலாண்மை,sugarcane,கரும்பு,laterite,சரளை மண்,"crop,soil; add district/season/stage when present",retrieve canonical answer; live lookup for price/weather/schemes
AGR|DISEASE|CROP=cotton|SOIL=red,disease,நோய் மேலாண்மை,cotton,பருத்தி,red,செம்மண்,"crop,soil; add district/season/stage when present",retrieve canonical answer; live lookup for price/weather/schemes
AGR|DISEASE|CROP=cotton|SOIL=black,disease,நோய் மேலாண்மை,cotton,பருத்தி,black,கரிசல் மண்,"crop,soil; add district/season/stage when present",retrieve canonical answer; live lookup for price/weather/schemes
AGR|DISEASE|CROP=cotton|SOIL=alluvial,disease,நோய் மேலாண்மை,cotton,பருத்தி,alluvial,வண்டல் மண்,"crop,soil; add district/season/stage when present",retrieve canonical answer; live lookup for price/weather/schemes
AGR|DISEASE|CROP=cotton|SOIL=sandy,disease,நோய் மேலாண்மை,cotton,பருத்தி,sandy,மணல் மண்,"crop,soil; add district/season/stage when present",retrieve canonical answer; live lookup for price/weather/schemes
AGR|DISEASE|CROP=cotton|SOIL=clay,disease,நோய் மேலாண்மை,cotton,பருத்தி,clay,களிமண்,"crop,soil; add district/season/stage when present",retrieve canonical answer; live lookup for price/weather/schemes
AGR|DISEASE|CROP=cotton|SOIL=loamy,disease,நோய் மேலாண்மை,cotton,பருத்தி,loamy,கலப்பு மண்,"crop,soil; add district/season/stage when present",retrieve canonical answer; live lookup for price/weather/schemes
AGR|DISEASE|CROP=cotton|SOIL=laterite,disease,நோய் மேலாண்மை,cotton,பருத்தி,laterite,சரளை மண்,"crop,soil; add district/season/stage when present",retrieve canonical answer; live lookup for price/weather/schemes
AGR|DISEASE|CROP=groundnut|SOIL=red,disease,நோய் மேலாண்மை,groundnut,நிலக்கடலை,red,செம்மண்,"crop,soil; add district/season/stage when present",retrieve canonical answer; live lookup for price/weather/schemes
AGR|DISEASE|CROP=groundnut|SOIL=black,disease,நோய் மேலாண்மை,groundnut,நிலக்கடலை,black,கரிசல் மண்,"crop,soil; add district/season/stage when present",retrieve canonical answer; live lookup for price/weather/schemes
AGR|DISEASE|CROP=groundnut|SOIL=alluvial,disease,நோய் மேலாண்மை,groundnut,நிலக்கடலை,alluvial,வண்டல் மண்,"crop,soil; add district/season/stage when present",retrieve canonical answer; live lookup for price/weather/schemes
AGR|DISEASE|CROP=groundnut|SOIL=sandy,disease,நோய் மேலாண்மை,groundnut,நிலக்கடலை,sandy,மணல் மண்,"crop,soil; add district/season/stage when present",retrieve canonical answer; live lookup for price/weather/schemes
AGR|DISEASE|CROP=groundnut|SOIL=clay,disease,நோய் மேலாண்மை,groundnut,நிலக்கடலை,clay,களிமண்,"crop,soil; add district/season/stage when present",retrieve canonical answer; live lookup for price/weather/schemes
AGR|DISEASE|CROP=groundnut|SOIL=loamy,disease,நோய் மேலாண்மை,groundnut,நிலக்கடலை,loamy,கலப்பு மண்,"crop,soil; add district/season/stage when present",retrieve canonical answer; live lookup for price/weather/schemes
AGR|DISEASE|CROP=groundnut|SOIL=laterite,disease,நோய் மேலாண்மை,groundnut,நிலக்கடலை,laterite,சரளை மண்,"crop,soil; add district/season/stage when present",retrieve canonical answer; live lookup for price/weather/schemes
AGR|DISEASE|CROP=maize|SOIL=red,disease,நோய் மேலாண்மை,maize,மக்காச்சோளம்,red,செம்மண்,"crop,soil; add district/season/stage when present",retrieve canonical answer; live lookup for price/weather/schemes
AGR|DISEASE|CROP=maize|SOIL=black,disease,நோய் மேலாண்மை,maize,மக்காச்சோளம்,black,கரிசல் மண்,"crop,soil; add district/season/stage when present",retrieve canonical answer; live lookup for price/weather/schemes
AGR|DISEASE|CROP=maize|SOIL=alluvial,disease,நோய் மேலாண்மை,maize,மக்காச்சோளம்,alluvial,வண்டல் மண்,"crop,soil; add district/season/stage when present",retrieve canonical answer; live lookup for price/weather/schemes
AGR|DISEASE|CROP=maize|SOIL=sandy,disease,நோய் மேலாண்மை,maize,மக்காச்சோளம்,sandy,மணல் மண்,"crop,soil; add district/season/stage when present",retrieve canonical answer; live lookup for price/weather/schemes
AGR|DISEASE|CROP=maize|SOIL=clay,disease,நோய் மேலாண்மை,maize,மக்காச்சோளம்,clay,களிமண்,"crop,soil; add district/season/stage when present",retrieve canonical answer; live lookup for price/weather/schemes
AGR|DISEASE|CROP=maize|SOIL=loamy,disease,நோய் மேலாண்மை,maize,மக்காச்சோளம்,loamy,கலப்பு மண்,"crop,soil; add district/season/stage when present",retrieve canonical answer; live lookup for price/weather/schemes
AGR|DISEASE|CROP=maize|SOIL=laterite,disease,நோய் மேலாண்மை,maize,மக்காச்சோளம்,laterite,சரளை மண்,"crop,soil; add district/season/stage when present",retrieve canonical answer; live lookup for price/weather/schemes
AGR|DISEASE|CROP=millet|SOIL=red,disease,நோய் மேலாண்மை,millet,கம்பு,red,செம்மண்,"crop,soil; add district/season/stage when present",retrieve canonical answer; live lookup for price/weather/schemes
AGR|DISEASE|CROP=millet|SOIL=black,disease,நோய் மேலாண்மை,millet,கம்பு,black,கரிசல் மண்,"crop,soil; add district/season/stage when present",retrieve canonical answer; live lookup for price/weather/schemes
AGR|DISEASE|CROP=millet|SOIL=alluvial,disease,நோய் மேலாண்மை,millet,கம்பு,alluvial,வண்டல் மண்,"crop,soil; add district/season/stage when present",retrieve canonical answer; live lookup for price/weather/schemes
AGR|DISEASE|CROP=millet|SOIL=sandy,disease,நோய் மேலாண்மை,millet,கம்பு,sandy,மணல் மண்,"crop,soil; add district/season/stage when present",retrieve canonical answer; live lookup for price/weather/schemes
AGR|DISEASE|CROP=millet|SOIL=clay,disease,நோய் மேலாண்மை,millet,கம்பு,clay,களிமண்,"crop,soil; add district/season/stage when present",retrieve canonical answer; live lookup for price/weather/schemes
AGR|DISEASE|CROP=millet|SOIL=loamy,disease,நோய் மேலாண்மை,millet,கம்பு,loamy,கலப்பு மண்,"crop,soil; add district/season/stage when present",retrieve canonical answer; live lookup for price/weather/schemes
AGR|DISEASE|CROP=millet|SOIL=laterite,disease,நோய் மேலாண்மை,millet,கம்பு,laterite,சரளை மண்,"crop,soil; add district/season/stage when present",retrieve canonical answer; live lookup for price/weather/schemes
AGR|DISEASE|CROP=tomato|SOIL=red,disease,நோய் மேலாண்மை,tomato,தக்காளி,red,செம்மண்,"crop,soil; add district/season/stage when present",retrieve canonical answer; live lookup for price/weather/schemes
AGR|DISEASE|CROP=tomato|SOIL=black,disease,நோய் மேலாண்மை,tomato,தக்காளி,black,கரிசல் மண்,"crop,soil; add district/season/stage when present",retrieve canonical answer; live lookup for price/weather/schemes
AGR|DISEASE|CROP=tomato|SOIL=alluvial,disease,நோய் மேலாண்மை,tomato,தக்காளி,alluvial,வண்டல் மண்,"crop,soil; add district/season/stage when present",retrieve canonical answer; live lookup for price/weather/schemes
AGR|DISEASE|CROP=tomato|SOIL=sandy,disease,நோய் மேலாண்மை,tomato,தக்காளி,sandy,மணல் மண்,"crop,soil; add district/season/stage when present",retrieve canonical answer; live lookup for price/weather/schemes
AGR|DISEASE|CROP=tomato|SOIL=clay,disease,நோய் மேலாண்மை,tomato,தக்காளி,clay,களிமண்,"crop,soil; add district/season/stage when present",retrieve canonical answer; live lookup for price/weather/schemes
AGR|DISEASE|CROP=tomato|SOIL=loamy,disease,நோய் மேலாண்மை,tomato,தக்காளி,loamy,கலப்பு மண்,"crop,soil; add district/season/stage when present",retrieve canonical answer; live lookup for price/weather/schemes
AGR|DISEASE|CROP=tomato|SOIL=laterite,disease,நோய் மேலாண்மை,tomato,தக்காளி,laterite,சரளை மண்,"crop,soil; add district/season/stage when present",retrieve canonical answer; live lookup for price/weather/schemes
AGR|DISEASE|CROP=chilli|SOIL=red,disease,நோய் மேலாண்மை,chilli,மிளகாய்,red,செம்மண்,"crop,soil; add district/season/stage when present",retrieve canonical answer; live lookup for price/weather/schemes
AGR|DISEASE|CROP=chilli|SOIL=black,disease,நோய் மேலாண்மை,chilli,மிளகாய்,black,கரிசல் மண்,"crop,soil; add district/season/stage when present",retrieve canonical answer; live lookup for price/weather/schemes
AGR|DISEASE|CROP=chilli|SOIL=alluvial,disease,நோய் மேலாண்மை,chilli,மிளகாய்,alluvial,வண்டல் மண்,"crop,soil; add district/season/stage when present",retrieve canonical answer; live lookup for price/weather/schemes
AGR|DISEASE|CROP=chilli|SOIL=sandy,disease,நோய் மேலாண்மை,chilli,மிளகாய்,sandy,மணல் மண்,"crop,soil; add district/season/stage when present",retrieve canonical answer; live lookup for price/weather/schemes
AGR|DISEASE|CROP=chilli|SOIL=clay,disease,நோய் மேலாண்மை,chilli,மிளகாய்,clay,களிமண்,"crop,soil; add district/season/stage when present",retrieve canonical answer; live lookup for price/weather/schemes
AGR|DISEASE|CROP=chilli|SOIL=loamy,disease,நோய் மேலாண்மை,chilli,மிளகாய்,loamy,கலப்பு மண்,"crop,soil; add district/season/stage when present",retrieve canonical answer; live lookup for price/weather/schemes
AGR|DISEASE|CROP=chilli|SOIL=laterite,disease,நோய் மேலாண்மை,chilli,மிளகாய்,laterite,சரளை மண்,"crop,soil; add district/season/stage when present",retrieve canonical answer; live lookup for price/weather/schemes
AGR|DISEASE|CROP=onion|SOIL=red,disease,நோய் மேலாண்மை,onion,வெங்காயம்,red,செம்மண்,"crop,soil; add district/season/stage when present",retrieve canonical answer; live lookup for price/weather/schemes
AGR|DISEASE|CROP=onion|SOIL=black,disease,நோய் மேலாண்மை,onion,வெங்காயம்,black,கரிசல் மண்,"crop,soil; add district/season/stage when present",retrieve canonical answer; live lookup for price/weather/schemes
AGR|DISEASE|CROP=onion|SOIL=alluvial,disease,நோய் மேலாண்மை,onion,வெங்காயம்,alluvial,வண்டல் மண்,"crop,soil; add district/season/stage when present",retrieve canonical answer; live lookup for price/weather/schemes
AGR|DISEASE|CROP=onion|SOIL=sandy,disease,நோய் மேலாண்மை,onion,வெங்காயம்,sandy,மணல் மண்,"crop,soil; add district/season/stage when present",retrieve canonical answer; live lookup for price/weather/schemes
AGR|DISEASE|CROP=onion|SOIL=clay,disease,நோய் மேலாண்மை,onion,வெங்காயம்,clay,களிமண்,"crop,soil; add district/season/stage when present",retrieve canonical answer; live lookup for price/weather/schemes
AGR|DISEASE|CROP=onion|SOIL=loamy,disease,நோய் மேலாண்மை,onion,வெங்காயம்,loamy,கலப்பு மண்,"crop,soil; add district/season/stage when present",retrieve canonical answer; live lookup for price/weather/schemes
AGR|DISEASE|CROP=onion|SOIL=laterite,disease,நோய் மேலாண்மை,onion,வெங்காயம்,laterite,சரளை மண்,"crop,soil; add district/season/stage when present",retrieve canonical answer; live lookup for price/weather/schemes
AGR|DISEASE|CROP=turmeric|SOIL=red,disease,நோய் மேலாண்மை,turmeric,மஞ்சள்,red,செம்மண்,"crop,soil; add district/season/stage when present",retrieve canonical answer; live lookup for price/weather/schemes
AGR|DISEASE|CROP=turmeric|SOIL=black,disease,நோய் மேலாண்மை,turmeric,மஞ்சள்,black,கரிசல் மண்,"crop,soil; add district/season/stage when present",retrieve canonical answer; live lookup for price/weather/schemes
AGR|DISEASE|CROP=turmeric|SOIL=alluvial,disease,நோய் மேலாண்மை,turmeric,மஞ்சள்,alluvial,வண்டல் மண்,"crop,soil; add district/season/stage when present",retrieve canonical answer; live lookup for price/weather/schemes
AGR|DISEASE|CROP=turmeric|SOIL=sandy,disease,நோய் மேலாண்மை,turmeric,மஞ்சள்,sandy,மணல் மண்,"crop,soil; add district/season/stage when present",retrieve canonical answer; live lookup for price/weather/schemes
AGR|DISEASE|CROP=turmeric|SOIL=clay,disease,நோய் மேலாண்மை,turmeric,மஞ்சள்,clay,களிமண்,"crop,soil; add district/season/stage when present",retrieve canonical answer; live lookup for price/weather/schemes
AGR|DISEASE|CROP=turmeric|SOIL=loamy,disease,நோய் மேலாண்மை,turmeric,மஞ்சள்,loamy,கலப்பு மண்,"crop,soil; add district/season/stage when present",retrieve canonical answer; live lookup for price/weather/schemes
AGR|DISEASE|CROP=turmeric|SOIL=laterite,disease,நோய் மேலாண்மை,turmeric,மஞ்சள்,laterite,சரளை மண்,"crop,soil; add district/season/stage when present",retrieve canonical answer; live lookup for price/weather/schemes
AGR|DISEASE|CROP=brinjal|SOIL=red,disease,நோய் மேலாண்மை,brinjal,கத்தரிக்காய்,red,செம்மண்,"crop,soil; add district/season/stage when present",retrieve canonical answer; live lookup for price/weather/schemes
AGR|DISEASE|CROP=brinjal|SOIL=black,disease,நோய் மேலாண்மை,brinjal,கத்தரிக்காய்,black,கரிசல் மண்,"crop,soil; add district/season/stage when present",retrieve canonical answer; live lookup for price/weather/schemes
AGR|DISEASE|CROP=brinjal|SOIL=alluvial,disease,நோய் மேலாண்மை,brinjal,கத்தரிக்காய்,alluvial,வண்டல் மண்,"crop,soil; add district/season/stage when present",retrieve canonical answer; live lookup for price/weather/schemes
AGR|DISEASE|CROP=brinjal|SOIL=sandy,disease,நோய் மேலாண்மை,brinjal,கத்தரிக்காய்,sandy,மணல் மண்,"crop,soil; add district/season/stage when present",retrieve canonical answer; live lookup for price/weather/schemes
AGR|DISEASE|CROP=brinjal|SOIL=clay,disease,நோய் மேலாண்மை,brinjal,கத்தரிக்காய்,clay,களிமண்,"crop,soil; add district/season/stage when present",retrieve canonical answer; live lookup for price/weather/schemes
AGR|DISEASE|CROP=brinjal|SOIL=loamy,disease,நோய் மேலாண்மை,brinjal,கத்தரிக்காய்,loamy,கலப்பு மண்,"crop,soil; add district/season/stage when present",retrieve canonical answer; live lookup for price/weather/schemes
AGR|DISEASE|CROP=brinjal|SOIL=laterite,disease,நோய் மேலாண்மை,brinjal,கத்தரிக்காய்,laterite,சரளை மண்,"crop,soil; add district/season/stage when present",retrieve canonical answer; live lookup for price/weather/schemes
AGR|DISEASE|CROP=okra|SOIL=red,disease,நோய் மேலாண்மை,okra,வெண்டைக்காய்,red,செம்மண்,"crop,soil; add district/season/stage when present",retrieve canonical answer; live lookup for price/weather/schemes
AGR|DISEASE|CROP=okra|SOIL=black,disease,நோய் மேலாண்மை,okra,வெண்டைக்காய்,black,கரிசல் மண்,"crop,soil; add district/season/stage when present",retrieve canonical answer; live lookup for price/weather/schemes
AGR|DISEASE|CROP=okra|SOIL=alluvial,disease,நோய் மேலாண்மை,okra,வெண்டைக்காய்,alluvial,வண்டல் மண்,"crop,soil; add district/season/stage when present",retrieve canonical answer; live lookup for price/weather/schemes
AGR|DISEASE|CROP=okra|SOIL=sandy,disease,நோய் மேலாண்மை,okra,வெண்டைக்காய்,sandy,மணல் மண்,"crop,soil; add district/season/stage when present",retrieve canonical answer; live lookup for price/weather/schemes
AGR|DISEASE|CROP=okra|SOIL=clay,disease,நோய் மேலாண்மை,okra,வெண்டைக்காய்,clay,களிமண்,"crop,soil; add district/season/stage when present",retrieve canonical answer; live lookup for price/weather/schemes
AGR|DISEASE|CROP=okra|SOIL=loamy,disease,நோய் மேலாண்மை,okra,வெண்டைக்காய்,loamy,கலப்பு மண்,"crop,soil; add district/season/stage when present",retrieve canonical answer; live lookup for price/weather/schemes
AGR|DISEASE|CROP=okra|SOIL=laterite,disease,நோய் மேலாண்மை,okra,வெண்டைக்காய்,laterite,சரளை மண்,"crop,soil; add district/season/stage when present",retrieve canonical answer; live lookup for price/weather/schemes
AGR|DISEASE|CROP=coconut|SOIL=red,disease,நோய் மேலாண்மை,coconut,தென்னை,red,செம்மண்,"crop,soil; add district/season/stage when present",retrieve canonical answer; live lookup for price/weather/schemes
AGR|DISEASE|CROP=coconut|SOIL=black,disease,நோய் மேலாண்மை,coconut,தென்னை,black,கரிசல் மண்,"crop,soil; add district/season/stage when present",retrieve canonical answer; live lookup for price/weather/schemes
AGR|DISEASE|CROP=coconut|SOIL=alluvial,disease,நோய் மேலாண்மை,coconut,தென்னை,alluvial,வண்டல் மண்,"crop,soil; add district/season/stage when present",retrieve canonical answer; live lookup for price/weather/schemes
AGR|DISEASE|CROP=coconut|SOIL=sandy,disease,நோய் மேலாண்மை,coconut,தென்னை,sandy,மணல் மண்,"crop,soil; add district/season/stage when present",retrieve canonical answer; live lookup for price/weather/schemes
AGR|DISEASE|CROP=coconut|SOIL=clay,disease,நோய் மேலாண்மை,coconut,தென்னை,clay,களிமண்,"crop,soil; add district/season/stage when present",retrieve canonical answer; live lookup for price/weather/schemes
AGR|DISEASE|CROP=coconut|SOIL=loamy,disease,நோய் மேலாண்மை,coconut,தென்னை,loamy,கலப்பு மண்,"crop,soil; add district/season/stage when present",retrieve canonical answer; live lookup for price/weather/schemes
AGR|DISEASE|CROP=coconut|SOIL=laterite,disease,நோய் மேலாண்மை,coconut,தென்னை,laterite,சரளை மண்,"crop,soil; add district/season/stage when present",retrieve canonical answer; live lookup for price/weather/schemes
AGR|DISEASE|CROP=pulses|SOIL=red,disease,நோய் மேலாண்மை,pulses,பயறு,red,செம்மண்,"crop,soil; add district/season/stage when present",retrieve canonical answer; live lookup for price/weather/schemes
AGR|DISEASE|CROP=pulses|SOIL=black,disease,நோய் மேலாண்மை,pulses,பயறு,black,கரிசல் மண்,"crop,soil; add district/season/stage when present",retrieve canonical answer; live lookup for price/weather/schemes
AGR|DISEASE|CROP=pulses|SOIL=alluvial,disease,நோய் மேலாண்மை,pulses,பயறு,alluvial,வண்டல் மண்,"crop,soil; add district/season/stage when present",retrieve canonical answer; live lookup for price/weather/schemes
AGR|DISEASE|CROP=pulses|SOIL=sandy,disease,நோய் மேலாண்மை,pulses,பயறு,sandy,மணல் மண்,"crop,soil; add district/season/stage when present",retrieve canonical answer; live lookup for price/weather/schemes
AGR|DISEASE|CROP=pulses|SOIL=clay,disease,நோய் மேலாண்மை,pulses,பயறு,clay,களிமண்,"crop,soil; add district/season/stage when present",retrieve canonical answer; live lookup for price/weather/schemes
AGR|DISEASE|CROP=pulses|SOIL=loamy,disease,நோய் மேலாண்மை,pulses,பயறு,loamy,கலப்பு மண்,"crop,soil; add district/season/stage when present",retrieve canonical answer; live lookup for price/weather/schemes
AGR|DISEASE|CROP=pulses|SOIL=laterite,disease,நோய் மேலாண்மை,pulses,பயறு,laterite,சரளை மண்,"crop,soil; add district/season/stage when present",retrieve canonical answer; live lookup for price/weather/schemes
AGR|DISEASE|CROP=sesame|SOIL=red,disease,நோய் மேலாண்மை,sesame,எள்,red,செம்மண்,"crop,soil; add district/season/stage when present",retrieve canonical answer; live lookup for price/weather/schemes
AGR|DISEASE|CROP=sesame|SOIL=black,disease,நோய் மேலாண்மை,sesame,எள்,black,கரிசல் மண்,"crop,soil; add district/season/stage when present",retrieve canonical answer; live lookup for price/weather/schemes
AGR|DISEASE|CROP=sesame|SOIL=alluvial,disease,நோய் மேலாண்மை,sesame,எள்,alluvial,வண்டல் மண்,"crop,soil; add district/season/stage when present",retrieve canonical answer; live lookup for price/weather/schemes
AGR|DISEASE|CROP=sesame|SOIL=sandy,disease,நோய் மேலாண்மை,sesame,எள்,sandy,மணல் மண்,"crop,soil; add district/season/stage when present",retrieve canonical answer; live lookup for price/weather/schemes
AGR|DISEASE|CROP=sesame|SOIL=clay,disease,நோய் மேலாண்மை,sesame,எள்,clay,களிமண்,"crop,soil; add district/season/stage when present",retrieve canonical answer; live lookup for price/weather/schemes
AGR|DISEASE|CROP=sesame|SOIL=loamy,disease,நோய் மேலாண்மை,sesame,எள்,loamy,கலப்பு மண்,"crop,soil; add district/season/stage when present",retrieve canonical answer; live lookup for price/weather/schemes
AGR|DISEASE|CROP=sesame|SOIL=laterite,disease,நோய் மேலாண்மை,sesame,எள்,laterite,சரளை மண்,"crop,soil; add district/season/stage when present",retrieve canonical answer; live lookup for price/weather/schemes
AGR|DISEASE|CROP=tapioca|SOIL=red,disease,நோய் மேலாண்மை,tapioca,மரவள்ளி,red,செம்மண்,"crop,soil; add district/season/stage when present",retrieve canonical answer; live lookup for price/weather/schemes
AGR|DISEASE|CROP=tapioca|SOIL=black,disease,நோய் மேலாண்மை,tapioca,மரவள்ளி,black,கரிசல் மண்,"crop,soil; add district/season/stage when present",retrieve canonical answer; live lookup for price/weather/schemes
AGR|DISEASE|CROP=tapioca|SOIL=alluvial,disease,நோய் மேலாண்மை,tapioca,மரவள்ளி,alluvial,வண்டல் மண்,"crop,soil; add district/season/stage when present",retrieve canonical answer; live lookup for price/weather/schemes
AGR|DISEASE|CROP=tapioca|SOIL=sandy,disease,நோய் மேலாண்மை,tapioca,மரவள்ளி,sandy,மணல் மண்,"crop,soil; add district/season/stage when present",retrieve canonical answer; live lookup for price/weather/schemes
AGR|DISEASE|CROP=tapioca|SOIL=clay,disease,நோய் மேலாண்மை,tapioca,மரவள்ளி,clay,களிமண்,"crop,soil; add district/season/stage when present",retrieve canonical answer; live lookup for price/weather/schemes
AGR|DISEASE|CROP=tapioca|SOIL=loamy,disease,நோய் மேலாண்மை,tapioca,மரவள்ளி,loamy,கலப்பு மண்,"crop,soil; add district/season/stage when present",retrieve canonical answer; live lookup for price/weather/schemes
AGR|DISEASE|CROP=tapioca|SOIL=laterite,disease,நோய் மேலாண்மை,tapioca,மரவள்ளி,laterite,சரளை மண்,"crop,soil; add district/season/stage when present",retrieve canonical answer; live lookup for price/weather/schemes
AGR|DISEASE|CROP=drumstick|SOIL=red,disease,நோய் மேலாண்மை,drumstick,முருங்கை,red,செம்மண்,"crop,soil; add district/season/stage when present",retrieve canonical answer; live lookup for price/weather/schemes
AGR|DISEASE|CROP=drumstick|SOIL=black,disease,நோய் மேலாண்மை,drumstick,முருங்கை,black,கரிசல் மண்,"crop,soil; add district/season/stage when present",retrieve canonical answer; live lookup for price/weather/schemes
AGR|DISEASE|CROP=drumstick|SOIL=alluvial,disease,நோய் மேலாண்மை,drumstick,முருங்கை,alluvial,வண்டல் மண்,"crop,soil; add district/season/stage when present",retrieve canonical answer; live lookup for price/weather/schemes
AGR|DISEASE|CROP=drumstick|SOIL=sandy,disease,நோய் மேலாண்மை,drumstick,முருங்கை,sandy,மணல் மண்,"crop,soil; add district/season/stage when present",retrieve canonical answer; live lookup for price/weather/schemes
AGR|DISEASE|CROP=drumstick|SOIL=clay,disease,நோய் மேலாண்மை,drumstick,முருங்கை,clay,களிமண்,"crop,soil; add district/season/stage when present",retrieve canonical answer; live lookup for price/weather/schemes
AGR|DISEASE|CROP=drumstick|SOIL=loamy,disease,நோய் மேலாண்மை,drumstick,முருங்கை,loamy,கலப்பு மண்,"crop,soil; add district/season/stage when present",retrieve canonical answer; live lookup for price/weather/schemes
AGR|DISEASE|CROP=drumstick|SOIL=laterite,disease,நோய் மேலாண்மை,drumstick,முருங்கை,laterite,சரளை மண்,"crop,soil; add district/season/stage when present",retrieve canonical answer; live lookup for price/weather/schemes
AGR|WEED|CROP=rice|SOIL=red,weed,களை மேலாண்மை,rice,நெல்,red,செம்மண்,"crop,soil; add district/season/stage when present",retrieve canonical answer; live lookup for price/weather/schemes
AGR|WEED|CROP=rice|SOIL=black,weed,களை மேலாண்மை,rice,நெல்,black,கரிசல் மண்,"crop,soil; add district/season/stage when present",retrieve canonical answer; live lookup for price/weather/schemes
AGR|WEED|CROP=rice|SOIL=alluvial,weed,களை மேலாண்மை,rice,நெல்,alluvial,வண்டல் மண்,"crop,soil; add district/season/stage when present",retrieve canonical answer; live lookup for price/weather/schemes
AGR|WEED|CROP=rice|SOIL=sandy,weed,களை மேலாண்மை,rice,நெல்,sandy,மணல் மண்,"crop,soil; add district/season/stage when present",retrieve canonical answer; live lookup for price/weather/schemes
AGR|WEED|CROP=rice|SOIL=clay,weed,களை மேலாண்மை,rice,நெல்,clay,களிமண்,"crop,soil; add district/season/stage when present",retrieve canonical answer; live lookup for price/weather/schemes
AGR|WEED|CROP=rice|SOIL=loamy,weed,களை மேலாண்மை,rice,நெல்,loamy,கலப்பு மண்,"crop,soil; add district/season/stage when present",retrieve canonical answer; live lookup for price/weather/schemes
AGR|WEED|CROP=rice|SOIL=laterite,weed,களை மேலாண்மை,rice,நெல்,laterite,சரளை மண்,"crop,soil; add district/season/stage when present",retrieve canonical answer; live lookup for price/weather/schemes
AGR|WEED|CROP=banana|SOIL=red,weed,களை மேலாண்மை,banana,வாழை,red,செம்மண்,"crop,soil; add district/season/stage when present",retrieve canonical answer; live lookup for price/weather/schemes
AGR|WEED|CROP=banana|SOIL=black,weed,களை மேலாண்மை,banana,வாழை,black,கரிசல் மண்,"crop,soil; add district/season/stage when present",retrieve canonical answer; live lookup for price/weather/schemes
AGR|WEED|CROP=banana|SOIL=alluvial,weed,களை மேலாண்மை,banana,வாழை,alluvial,வண்டல் மண்,"crop,soil; add district/season/stage when present",retrieve canonical answer; live lookup for price/weather/schemes
AGR|WEED|CROP=banana|SOIL=sandy,weed,களை மேலாண்மை,banana,வாழை,sandy,மணல் மண்,"crop,soil; add district/season/stage when present",retrieve canonical answer; live lookup for price/weather/schemes
AGR|WEED|CROP=banana|SOIL=clay,weed,களை மேலாண்மை,banana,வாழை,clay,களிமண்,"crop,soil; add district/season/stage when present",retrieve canonical answer; live lookup for price/weather/schemes
AGR|WEED|CROP=banana|SOIL=loamy,weed,களை மேலாண்மை,banana,வாழை,loamy,கலப்பு மண்,"crop,soil; add district/season/stage when present",retrieve canonical answer; live lookup for price/weather/schemes
AGR|WEED|CROP=banana|SOIL=laterite,weed,களை மேலாண்மை,banana,வாழை,laterite,சரளை மண்,"crop,soil; add district/season/stage when present",retrieve canonical answer; live lookup for price/weather/schemes
AGR|WEED|CROP=sugarcane|SOIL=red,weed,களை மேலாண்மை,sugarcane,கரும்பு,red,செம்மண்,"crop,soil; add district/season/stage when present",retrieve canonical answer; live lookup for price/weather/schemes
AGR|WEED|CROP=sugarcane|SOIL=black,weed,களை மேலாண்மை,sugarcane,கரும்பு,black,கரிசல் மண்,"crop,soil; add district/season/stage when present",retrieve canonical answer; live lookup for price/weather/schemes
AGR|WEED|CROP=sugarcane|SOIL=alluvial,weed,களை மேலாண்மை,sugarcane,கரும்பு,alluvial,வண்டல் மண்,"crop,soil; add district/season/stage when present",retrieve canonical answer; live lookup for price/weather/schemes
AGR|WEED|CROP=sugarcane|SOIL=sandy,weed,களை மேலாண்மை,sugarcane,கரும்பு,sandy,மணல் மண்,"crop,soil; add district/season/stage when present",retrieve canonical answer; live lookup for price/weather/schemes
AGR|WEED|CROP=sugarcane|SOIL=clay,weed,களை மேலாண்மை,sugarcane,கரும்பு,clay,களிமண்,"crop,soil; add district/season/stage when present",retrieve canonical answer; live lookup for price/weather/schemes
AGR|WEED|CROP=sugarcane|SOIL=loamy,weed,களை மேலாண்மை,sugarcane,கரும்பு,loamy,கலப்பு மண்,"crop,soil; add district/season/stage when present",retrieve canonical answer; live lookup for price/weather/schemes
AGR|WEED|CROP=sugarcane|SOIL=laterite,weed,களை மேலாண்மை,sugarcane,கரும்பு,laterite,சரளை மண்,"crop,soil; add district/season/stage when present",retrieve canonical answer; live lookup for price/weather/schemes
AGR|WEED|CROP=cotton|SOIL=red,weed,களை மேலாண்மை,cotton,பருத்தி,red,செம்மண்,"crop,soil; add district/season/stage when present",retrieve canonical answer; live lookup for price/weather/schemes
AGR|WEED|CROP=cotton|SOIL=black,weed,களை மேலாண்மை,cotton,பருத்தி,black,கரிசல் மண்,"crop,soil; add district/season/stage when present",retrieve canonical answer; live lookup for price/weather/schemes
AGR|WEED|CROP=cotton|SOIL=alluvial,weed,களை மேலாண்மை,cotton,பருத்தி,alluvial,வண்டல் மண்,"crop,soil; add district/season/stage when present",retrieve canonical answer; live lookup for price/weather/schemes
AGR|WEED|CROP=cotton|SOIL=sandy,weed,களை மேலாண்மை,cotton,பருத்தி,sandy,மணல் மண்,"crop,soil; add district/season/stage when present",retrieve canonical answer; live lookup for price/weather/schemes
AGR|WEED|CROP=cotton|SOIL=clay,weed,களை மேலாண்மை,cotton,பருத்தி,clay,களிமண்,"crop,soil; add district/season/stage when present",retrieve canonical answer; live lookup for price/weather/schemes
AGR|WEED|CROP=cotton|SOIL=loamy,weed,களை மேலாண்மை,cotton,பருத்தி,loamy,கலப்பு மண்,"crop,soil; add district/season/stage when present",retrieve canonical answer; live lookup for price/weather/schemes
AGR|WEED|CROP=cotton|SOIL=laterite,weed,களை மேலாண்மை,cotton,பருத்தி,laterite,சரளை மண்,"crop,soil; add district/season/stage when present",retrieve canonical answer; live lookup for price/weather/schemes
AGR|WEED|CROP=groundnut|SOIL=red,weed,களை மேலாண்மை,groundnut,நிலக்கடலை,red,செம்மண்,"crop,soil; add district/season/stage when present",retrieve canonical answer; live lookup for price/weather/schemes
AGR|WEED|CROP=groundnut|SOIL=black,weed,களை மேலாண்மை,groundnut,நிலக்கடலை,black,கரிசல் மண்,"crop,soil; add district/season/stage when present",retrieve canonical answer; live lookup for price/weather/schemes
AGR|WEED|CROP=groundnut|SOIL=alluvial,weed,களை மேலாண்மை,groundnut,நிலக்கடலை,alluvial,வண்டல் மண்,"crop,soil; add district/season/stage when present",retrieve canonical answer; live lookup for price/weather/schemes
AGR|WEED|CROP=groundnut|SOIL=sandy,weed,களை மேலாண்மை,groundnut,நிலக்கடலை,sandy,மணல் மண்,"crop,soil; add district/season/stage when present",retrieve canonical answer; live lookup for price/weather/schemes
AGR|WEED|CROP=groundnut|SOIL=clay,weed,களை மேலாண்மை,groundnut,நிலக்கடலை,clay,களிமண்,"crop,soil; add district/season/stage when present",retrieve canonical answer; live lookup for price/weather/schemes
AGR|WEED|CROP=groundnut|SOIL=loamy,weed,களை மேலாண்மை,groundnut,நிலக்கடலை,loamy,கலப்பு மண்,"crop,soil; add district/season/stage when present",retrieve canonical answer; live lookup for price/weather/schemes
AGR|WEED|CROP=groundnut|SOIL=laterite,weed,களை மேலாண்மை,groundnut,நிலக்கடலை,laterite,சரளை மண்,"crop,soil; add district/season/stage when present",retrieve canonical answer; live lookup for price/weather/schemes
AGR|WEED|CROP=maize|SOIL=red,weed,களை மேலாண்மை,maize,மக்காச்சோளம்,red,செம்மண்,"crop,soil; add district/season/stage when present",retrieve canonical answer; live lookup for price/weather/schemes
AGR|WEED|CROP=maize|SOIL=black,weed,களை மேலாண்மை,maize,மக்காச்சோளம்,black,கரிசல் மண்,"crop,soil; add district/season/stage when present",retrieve canonical answer; live lookup for price/weather/schemes
AGR|WEED|CROP=maize|SOIL=alluvial,weed,களை மேலாண்மை,maize,மக்காச்சோளம்,alluvial,வண்டல் மண்,"crop,soil; add district/season/stage when present",retrieve canonical answer; live lookup for price/weather/schemes
AGR|WEED|CROP=maize|SOIL=sandy,weed,களை மேலாண்மை,maize,மக்காச்சோளம்,sandy,மணல் மண்,"crop,soil; add district/season/stage when present",retrieve canonical answer; live lookup for price/weather/schemes
AGR|WEED|CROP=maize|SOIL=clay,weed,களை மேலாண்மை,maize,மக்காச்சோளம்,clay,களிமண்,"crop,soil; add district/season/stage when present",retrieve canonical answer; live lookup for price/weather/schemes
AGR|WEED|CROP=maize|SOIL=loamy,weed,களை மேலாண்மை,maize,மக்காச்சோளம்,loamy,கலப்பு மண்,"crop,soil; add district/season/stage when present",retrieve canonical answer; live lookup for price/weather/schemes
AGR|WEED|CROP=maize|SOIL=laterite,weed,களை மேலாண்மை,maize,மக்காச்சோளம்,laterite,சரளை மண்,"crop,soil; add district/season/stage when present",retrieve canonical answer; live lookup for price/weather/schemes
AGR|WEED|CROP=millet|SOIL=red,weed,களை மேலாண்மை,millet,கம்பு,red,செம்மண்,"crop,soil; add district/season/stage when present",retrieve canonical answer; live lookup for price/weather/schemes
AGR|WEED|CROP=millet|SOIL=black,weed,களை மேலாண்மை,millet,கம்பு,black,கரிசல் மண்,"crop,soil; add district/season/stage when present",retrieve canonical answer; live lookup for price/weather/schemes
AGR|WEED|CROP=millet|SOIL=alluvial,weed,களை மேலாண்மை,millet,கம்பு,alluvial,வண்டல் மண்,"crop,soil; add district/season/stage when present",retrieve canonical answer; live lookup for price/weather/schemes
AGR|WEED|CROP=millet|SOIL=sandy,weed,களை மேலாண்மை,millet,கம்பு,sandy,மணல் மண்,"crop,soil; add district/season/stage when present",retrieve canonical answer; live lookup for price/weather/schemes
AGR|WEED|CROP=millet|SOIL=clay,weed,களை மேலாண்மை,millet,கம்பு,clay,களிமண்,"crop,soil; add district/season/stage when present",retrieve canonical answer; live lookup for price/weather/schemes
AGR|WEED|CROP=millet|SOIL=loamy,weed,களை மேலாண்மை,millet,கம்பு,loamy,கலப்பு மண்,"crop,soil; add district/season/stage when present",retrieve canonical answer; live lookup for price/weather/schemes
AGR|WEED|CROP=millet|SOIL=laterite,weed,களை மேலாண்மை,millet,கம்பு,laterite,சரளை மண்,"crop,soil; add district/season/stage when present",retrieve canonical answer; live lookup for price/weather/schemes
AGR|WEED|CROP=tomato|SOIL=red,weed,களை மேலாண்மை,tomato,தக்காளி,red,செம்மண்,"crop,soil; add district/season/stage when present",retrieve canonical answer; live lookup for price/weather/schemes
AGR|WEED|CROP=tomato|SOIL=black,weed,களை மேலாண்மை,tomato,தக்காளி,black,கரிசல் மண்,"crop,soil; add district/season/stage when present",retrieve canonical answer; live lookup for price/weather/schemes
AGR|WEED|CROP=tomato|SOIL=alluvial,weed,களை மேலாண்மை,tomato,தக்காளி,alluvial,வண்டல் மண்,"crop,soil; add district/season/stage when present",retrieve canonical answer; live lookup for price/weather/schemes
AGR|WEED|CROP=tomato|SOIL=sandy,weed,களை மேலாண்மை,tomato,தக்காளி,sandy,மணல் மண்,"crop,soil; add district/season/stage when present",retrieve canonical answer; live lookup for price/weather/schemes
AGR|WEED|CROP=tomato|SOIL=clay,weed,களை மேலாண்மை,tomato,தக்காளி,clay,களிமண்,"crop,soil; add district/season/stage when present",retrieve canonical answer; live lookup for price/weather/schemes
AGR|WEED|CROP=tomato|SOIL=loamy,weed,களை மேலாண்மை,tomato,தக்காளி,loamy,கலப்பு மண்,"crop,soil; add district/season/stage when present",retrieve canonical answer; live lookup for price/weather/schemes
AGR|WEED|CROP=tomato|SOIL=laterite,weed,களை மேலாண்மை,tomato,தக்காளி,laterite,சரளை மண்,"crop,soil; add district/season/stage when present",retrieve canonical answer; live lookup for price/weather/schemes
AGR|WEED|CROP=chilli|SOIL=red,weed,களை மேலாண்மை,chilli,மிளகாய்,red,செம்மண்,"crop,soil; add district/season/stage when present",retrieve canonical answer; live lookup for price/weather/schemes
AGR|WEED|CROP=chilli|SOIL=black,weed,களை மேலாண்மை,chilli,மிளகாய்,black,கரிசல் மண்,"crop,soil; add district/season/stage when present",retrieve canonical answer; live lookup for price/weather/schemes
AGR|WEED|CROP=chilli|SOIL=alluvial,weed,களை மேலாண்மை,chilli,மிளகாய்,alluvial,வண்டல் மண்,"crop,soil; add district/season/stage when present",retrieve canonical answer; live lookup for price/weather/schemes
AGR|WEED|CROP=chilli|SOIL=sandy,weed,களை மேலாண்மை,chilli,மிளகாய்,sandy,மணல் மண்,"crop,soil; add district/season/stage when present",retrieve canonical answer; live lookup for price/weather/schemes
AGR|WEED|CROP=chilli|SOIL=clay,weed,களை மேலாண்மை,chilli,மிளகாய்,clay,களிமண்,"crop,soil; add district/season/stage when present",retrieve canonical answer; live lookup for price/weather/schemes
AGR|WEED|CROP=chilli|SOIL=loamy,weed,களை மேலாண்மை,chilli,மிளகாய்,loamy,கலப்பு மண்,"crop,soil; add district/season/stage when present",retrieve canonical answer; live lookup for price/weather/schemes
AGR|WEED|CROP=chilli|SOIL=laterite,weed,களை மேலாண்மை,chilli,மிளகாய்,laterite,சரளை மண்,"crop,soil; add district/season/stage when present",retrieve canonical answer; live lookup for price/weather/schemes
AGR|WEED|CROP=onion|SOIL=red,weed,களை மேலாண்மை,onion,வெங்காயம்,red,செம்மண்,"crop,soil; add district/season/stage when present",retrieve canonical answer; live lookup for price/weather/schemes
AGR|WEED|CROP=onion|SOIL=black,weed,களை மேலாண்மை,onion,வெங்காயம்,black,கரிசல் மண்,"crop,soil; add district/season/stage when present",retrieve canonical answer; live lookup for price/weather/schemes
AGR|WEED|CROP=onion|SOIL=alluvial,weed,களை மேலாண்மை,onion,வெங்காயம்,alluvial,வண்டல் மண்,"crop,soil; add district/season/stage when present",retrieve canonical answer; live lookup for price/weather/schemes
AGR|WEED|CROP=onion|SOIL=sandy,weed,களை மேலாண்மை,onion,வெங்காயம்,sandy,மணல் மண்,"crop,soil; add district/season/stage when present",retrieve canonical answer; live lookup for price/weather/schemes
AGR|WEED|CROP=onion|SOIL=clay,weed,களை மேலாண்மை,onion,வெங்காயம்,clay,களிமண்,"crop,soil; add district/season/stage when present",retrieve canonical answer; live lookup for price/weather/schemes
AGR|WEED|CROP=onion|SOIL=loamy,weed,களை மேலாண்மை,onion,வெங்காயம்,loamy,கலப்பு மண்,"crop,soil; add district/season/stage when present",retrieve canonical answer; live lookup for price/weather/schemes
AGR|WEED|CROP=onion|SOIL=laterite,weed,களை மேலாண்மை,onion,வெங்காயம்,laterite,சரளை மண்,"crop,soil; add district/season/stage when present",retrieve canonical answer; live lookup for price/weather/schemes
AGR|WEED|CROP=turmeric|SOIL=red,weed,களை மேலாண்மை,turmeric,மஞ்சள்,red,செம்மண்,"crop,soil; add district/season/stage when present",retrieve canonical answer; live lookup for price/weather/schemes
AGR|WEED|CROP=turmeric|SOIL=black,weed,களை மேலாண்மை,turmeric,மஞ்சள்,black,கரிசல் மண்,"crop,soil; add district/season/stage when present",retrieve canonical answer; live lookup for price/weather/schemes
AGR|WEED|CROP=turmeric|SOIL=alluvial,weed,களை மேலாண்மை,turmeric,மஞ்சள்,alluvial,வண்டல் மண்,"crop,soil; add district/season/stage when present",retrieve canonical answer; live lookup for price/weather/schemes
AGR|WEED|CROP=turmeric|SOIL=sandy,weed,களை மேலாண்மை,turmeric,மஞ்சள்,sandy,மணல் மண்,"crop,soil; add district/season/stage when present",retrieve canonical answer; live lookup for price/weather/schemes
AGR|WEED|CROP=turmeric|SOIL=clay,weed,களை மேலாண்மை,turmeric,மஞ்சள்,clay,களிமண்,"crop,soil; add district/season/stage when present",retrieve canonical answer; live lookup for price/weather/schemes
AGR|WEED|CROP=turmeric|SOIL=loamy,weed,களை மேலாண்மை,turmeric,மஞ்சள்,loamy,கலப்பு மண்,"crop,soil; add district/season/stage when present",retrieve canonical answer; live lookup for price/weather/schemes
AGR|WEED|CROP=turmeric|SOIL=laterite,weed,களை மேலாண்மை,turmeric,மஞ்சள்,laterite,சரளை மண்,"crop,soil; add district/season/stage when present",retrieve canonical answer; live lookup for price/weather/schemes
AGR|WEED|CROP=brinjal|SOIL=red,weed,களை மேலாண்மை,brinjal,கத்தரிக்காய்,red,செம்மண்,"crop,soil; add district/season/stage when present",retrieve canonical answer; live lookup for price/weather/schemes
AGR|WEED|CROP=brinjal|SOIL=black,weed,களை மேலாண்மை,brinjal,கத்தரிக்காய்,black,கரிசல் மண்,"crop,soil; add district/season/stage when present",retrieve canonical answer; live lookup for price/weather/schemes
AGR|WEED|CROP=brinjal|SOIL=alluvial,weed,களை மேலாண்மை,brinjal,கத்தரிக்காய்,alluvial,வண்டல் மண்,"crop,soil; add district/season/stage when present",retrieve canonical answer; live lookup for price/weather/schemes
AGR|WEED|CROP=brinjal|SOIL=sandy,weed,களை மேலாண்மை,brinjal,கத்தரிக்காய்,sandy,மணல் மண்,"crop,soil; add district/season/stage when present",retrieve canonical answer; live lookup for price/weather/schemes
AGR|WEED|CROP=brinjal|SOIL=clay,weed,களை மேலாண்மை,brinjal,கத்தரிக்காய்,clay,களிமண்,"crop,soil; add district/season/stage when present",retrieve canonical answer; live lookup for price/weather/schemes
AGR|WEED|CROP=brinjal|SOIL=loamy,weed,களை மேலாண்மை,brinjal,கத்தரிக்காய்,loamy,கலப்பு மண்,"crop,soil; add district/season/stage when present",retrieve canonical answer; live lookup for price/weather/schemes
AGR|WEED|CROP=brinjal|SOIL=laterite,weed,களை மேலாண்மை,brinjal,கத்தரிக்காய்,laterite,சரளை மண்,"crop,soil; add district/season/stage when present",retrieve canonical answer; live lookup for price/weather/schemes
AGR|WEED|CROP=okra|SOIL=red,weed,களை மேலாண்மை,okra,வெண்டைக்காய்,red,செம்மண்,"crop,soil; add district/season/stage when present",retrieve canonical answer; live lookup for price/weather/schemes
AGR|WEED|CROP=okra|SOIL=black,weed,களை மேலாண்மை,okra,வெண்டைக்காய்,black,கரிசல் மண்,"crop,soil; add district/season/stage when present",retrieve canonical answer; live lookup for price/weather/schemes
AGR|WEED|CROP=okra|SOIL=alluvial,weed,களை மேலாண்மை,okra,வெண்டைக்காய்,alluvial,வண்டல் மண்,"crop,soil; add district/season/stage when present",retrieve canonical answer; live lookup for price/weather/schemes
AGR|WEED|CROP=okra|SOIL=sandy,weed,களை மேலாண்மை,okra,வெண்டைக்காய்,sandy,மணல் மண்,"crop,soil; add district/season/stage when present",retrieve canonical answer; live lookup for price/weather/schemes
AGR|WEED|CROP=okra|SOIL=clay,weed,களை மேலாண்மை,okra,வெண்டைக்காய்,clay,களிமண்,"crop,soil; add district/season/stage when present",retrieve canonical answer; live lookup for price/weather/schemes
AGR|WEED|CROP=okra|SOIL=loamy,weed,களை மேலாண்மை,okra,வெண்டைக்காய்,loamy,கலப்பு மண்,"crop,soil; add district/season/stage when present",retrieve canonical answer; live lookup for price/weather/schemes
AGR|WEED|CROP=okra|SOIL=laterite,weed,களை மேலாண்மை,okra,வெண்டைக்காய்,laterite,சரளை மண்,"crop,soil; add district/season/stage when present",retrieve canonical answer; live lookup for price/weather/schemes
AGR|WEED|CROP=coconut|SOIL=red,weed,களை மேலாண்மை,coconut,தென்னை,red,செம்மண்,"crop,soil; add district/season/stage when present",retrieve canonical answer; live lookup for price/weather/schemes
AGR|WEED|CROP=coconut|SOIL=black,weed,களை மேலாண்மை,coconut,தென்னை,black,கரிசல் மண்,"crop,soil; add district/season/stage when present",retrieve canonical answer; live lookup for price/weather/schemes
AGR|WEED|CROP=coconut|SOIL=alluvial,weed,களை மேலாண்மை,coconut,தென்னை,alluvial,வண்டல் மண்,"crop,soil; add district/season/stage when present",retrieve canonical answer; live lookup for price/weather/schemes
AGR|WEED|CROP=coconut|SOIL=sandy,weed,களை மேலாண்மை,coconut,தென்னை,sandy,மணல் மண்,"crop,soil; add district/season/stage when present",retrieve canonical answer; live lookup for price/weather/schemes
AGR|WEED|CROP=coconut|SOIL=clay,weed,களை மேலாண்மை,coconut,தென்னை,clay,களிமண்,"crop,soil; add district/season/stage when present",retrieve canonical answer; live lookup for price/weather/schemes
AGR|WEED|CROP=coconut|SOIL=loamy,weed,களை மேலாண்மை,coconut,தென்னை,loamy,கலப்பு மண்,"crop,soil; add district/season/stage when present",retrieve canonical answer; live lookup for price/weather/schemes
AGR|WEED|CROP=coconut|SOIL=laterite,weed,களை மேலாண்மை,coconut,தென்னை,laterite,சரளை மண்,"crop,soil; add district/season/stage when present",retrieve canonical answer; live lookup for price/weather/schemes
AGR|WEED|CROP=pulses|SOIL=red,weed,களை மேலாண்மை,pulses,பயறு,red,செம்மண்,"crop,soil; add district/season/stage when present",retrieve canonical answer; live lookup for price/weather/schemes
AGR|WEED|CROP=pulses|SOIL=black,weed,களை மேலாண்மை,pulses,பயறு,black,கரிசல் மண்,"crop,soil; add district/season/stage when present",retrieve canonical answer; live lookup for price/weather/schemes
AGR|WEED|CROP=pulses|SOIL=alluvial,weed,களை மேலாண்மை,pulses,பயறு,alluvial,வண்டல் மண்,"crop,soil; add district/season/stage when present",retrieve canonical answer; live lookup for price/weather/schemes
AGR|WEED|CROP=pulses|SOIL=sandy,weed,களை மேலாண்மை,pulses,பயறு,sandy,மணல் மண்,"crop,soil; add district/season/stage when present",retrieve canonical answer; live lookup for price/weather/schemes
AGR|WEED|CROP=pulses|SOIL=clay,weed,களை மேலாண்மை,pulses,பயறு,clay,களிமண்,"crop,soil; add district/season/stage when present",retrieve canonical answer; live lookup for price/weather/schemes
AGR|WEED|CROP=pulses|SOIL=loamy,weed,களை மேலாண்மை,pulses,பயறு,loamy,கலப்பு மண்,"crop,soil; add district/season/stage when present",retrieve canonical answer; live lookup for price/weather/schemes
AGR|WEED|CROP=pulses|SOIL=laterite,weed,களை மேலாண்மை,pulses,பயறு,laterite,சரளை மண்,"crop,soil; add district/season/stage when present",retrieve canonical answer; live lookup for price/weather/schemes
AGR|WEED|CROP=sesame|SOIL=red,weed,களை மேலாண்மை,sesame,எள்,red,செம்மண்,"crop,soil; add district/season/stage when present",retrieve canonical answer; live lookup for price/weather/schemes
AGR|WEED|CROP=sesame|SOIL=black,weed,களை மேலாண்மை,sesame,எள்,black,கரிசல் மண்,"crop,soil; add district/season/stage when present",retrieve canonical answer; live lookup for price/weather/schemes
AGR|WEED|CROP=sesame|SOIL=alluvial,weed,களை மேலாண்மை,sesame,எள்,alluvial,வண்டல் மண்,"crop,soil; add district/season/stage when present",retrieve canonical answer; live lookup for price/weather/schemes
AGR|WEED|CROP=sesame|SOIL=sandy,weed,களை மேலாண்மை,sesame,எள்,sandy,மணல் மண்,"crop,soil; add district/season/stage when present",retrieve canonical answer; live lookup for price/weather/schemes
AGR|WEED|CROP=sesame|SOIL=clay,weed,களை மேலாண்மை,sesame,எள்,clay,களிமண்,"crop,soil; add district/season/stage when present",retrieve canonical answer; live lookup for price/weather/schemes
AGR|WEED|CROP=sesame|SOIL=loamy,weed,களை மேலாண்மை,sesame,எள்,loamy,கலப்பு மண்,"crop,soil; add district/season/stage when present",retrieve canonical answer; live lookup for price/weather/schemes
AGR|WEED|CROP=sesame|SOIL=laterite,weed,களை மேலாண்மை,sesame,எள்,laterite,சரளை மண்,"crop,soil; add district/season/stage when present",retrieve canonical answer; live lookup for price/weather/schemes
AGR|WEED|CROP=tapioca|SOIL=red,weed,களை மேலாண்மை,tapioca,மரவள்ளி,red,செம்மண்,"crop,soil; add district/season/stage when present",retrieve canonical answer; live lookup for price/weather/schemes
AGR|WEED|CROP=tapioca|SOIL=black,weed,களை மேலாண்மை,tapioca,மரவள்ளி,black,கரிசல் மண்,"crop,soil; add district/season/stage when present",retrieve canonical answer; live lookup for price/weather/schemes
AGR|WEED|CROP=tapioca|SOIL=alluvial,weed,களை மேலாண்மை,tapioca,மரவள்ளி,alluvial,வண்டல் மண்,"crop,soil; add district/season/stage when present",retrieve canonical answer; live lookup for price/weather/schemes
AGR|WEED|CROP=tapioca|SOIL=sandy,weed,களை மேலாண்மை,tapioca,மரவள்ளி,sandy,மணல் மண்,"crop,soil; add district/season/stage when present",retrieve canonical answer; live lookup for price/weather/schemes
AGR|WEED|CROP=tapioca|SOIL=clay,weed,களை மேலாண்மை,tapioca,மரவள்ளி,clay,களிமண்,"crop,soil; add district/season/stage when present",retrieve canonical answer; live lookup for price/weather/schemes
AGR|WEED|CROP=tapioca|SOIL=loamy,weed,களை மேலாண்மை,tapioca,மரவள்ளி,loamy,கலப்பு மண்,"crop,soil; add district/season/stage when present",retrieve canonical answer; live lookup for price/weather/schemes
AGR|WEED|CROP=tapioca|SOIL=laterite,weed,களை மேலாண்மை,tapioca,மரவள்ளி,laterite,சரளை மண்,"crop,soil; add district/season/stage when present",retrieve canonical answer; live lookup for price/weather/schemes
AGR|WEED|CROP=drumstick|SOIL=red,weed,களை மேலாண்மை,drumstick,முருங்கை,red,செம்மண்,"crop,soil; add district/season/stage when present",retrieve canonical answer; live lookup for price/weather/schemes
AGR|WEED|CROP=drumstick|SOIL=black,weed,களை மேலாண்மை,drumstick,முருங்கை,black,கரிசல் மண்,"crop,soil; add district/season/stage when present",retrieve canonical answer; live lookup for price/weather/schemes
AGR|WEED|CROP=drumstick|SOIL=alluvial,weed,களை மேலாண்மை,drumstick,முருங்கை,alluvial,வண்டல் மண்,"crop,soil; add district/season/stage when present",retrieve canonical answer; live lookup for price/weather/schemes
AGR|WEED|CROP=drumstick|SOIL=sandy,weed,களை மேலாண்மை,drumstick,முருங்கை,sandy,மணல் மண்,"crop,soil; add district/season/stage when present",retrieve canonical answer; live lookup for price/weather/schemes
AGR|WEED|CROP=drumstick|SOIL=clay,weed,களை மேலாண்மை,drumstick,முருங்கை,clay,களிமண்,"crop,soil; add district/season/stage when present",retrieve canonical answer; live lookup for price/weather/schemes
AGR|WEED|CROP=drumstick|SOIL=loamy,weed,களை மேலாண்மை,drumstick,முருங்கை,loamy,கலப்பு மண்,"crop,soil; add district/season/stage when present",retrieve canonical answer; live lookup for price/weather/schemes
AGR|WEED|CROP=drumstick|SOIL=laterite,weed,களை மேலாண்மை,drumstick,முருங்கை,laterite,சரளை மண்,"crop,soil; add district/season/stage when present",retrieve canonical answer; live lookup for price/weather/schemes
AGR|GROWTH|CROP=rice|SOIL=red,growth,வளர்ச்சி,rice,நெல்,red,செம்மண்,"crop,soil; add district/season/stage when present",retrieve canonical answer; live lookup for price/weather/schemes
AGR|GROWTH|CROP=rice|SOIL=black,growth,வளர்ச்சி,rice,நெல்,black,கரிசல் மண்,"crop,soil; add district/season/stage when present",retrieve canonical answer; live lookup for price/weather/schemes
AGR|GROWTH|CROP=rice|SOIL=alluvial,growth,வளர்ச்சி,rice,நெல்,alluvial,வண்டல் மண்,"crop,soil; add district/season/stage when present",retrieve canonical answer; live lookup for price/weather/schemes
AGR|GROWTH|CROP=rice|SOIL=sandy,growth,வளர்ச்சி,rice,நெல்,sandy,மணல் மண்,"crop,soil; add district/season/stage when present",retrieve canonical answer; live lookup for price/weather/schemes
AGR|GROWTH|CROP=rice|SOIL=clay,growth,வளர்ச்சி,rice,நெல்,clay,களிமண்,"crop,soil; add district/season/stage when present",retrieve canonical answer; live lookup for price/weather/schemes
AGR|GROWTH|CROP=rice|SOIL=loamy,growth,வளர்ச்சி,rice,நெல்,loamy,கலப்பு மண்,"crop,soil; add district/season/stage when present",retrieve canonical answer; live lookup for price/weather/schemes
AGR|GROWTH|CROP=rice|SOIL=laterite,growth,வளர்ச்சி,rice,நெல்,laterite,சரளை மண்,"crop,soil; add district/season/stage when present",retrieve canonical answer; live lookup for price/weather/schemes
AGR|GROWTH|CROP=banana|SOIL=red,growth,வளர்ச்சி,banana,வாழை,red,செம்மண்,"crop,soil; add district/season/stage when present",retrieve canonical answer; live lookup for price/weather/schemes
AGR|GROWTH|CROP=banana|SOIL=black,growth,வளர்ச்சி,banana,வாழை,black,கரிசல் மண்,"crop,soil; add district/season/stage when present",retrieve canonical answer; live lookup for price/weather/schemes
AGR|GROWTH|CROP=banana|SOIL=alluvial,growth,வளர்ச்சி,banana,வாழை,alluvial,வண்டல் மண்,"crop,soil; add district/season/stage when present",retrieve canonical answer; live lookup for price/weather/schemes
AGR|GROWTH|CROP=banana|SOIL=sandy,growth,வளர்ச்சி,banana,வாழை,sandy,மணல் மண்,"crop,soil; add district/season/stage when present",retrieve canonical answer; live lookup for price/weather/schemes
AGR|GROWTH|CROP=banana|SOIL=clay,growth,வளர்ச்சி,banana,வாழை,clay,களிமண்,"crop,soil; add district/season/stage when present",retrieve canonical answer; live lookup for price/weather/schemes
AGR|GROWTH|CROP=banana|SOIL=loamy,growth,வளர்ச்சி,banana,வாழை,loamy,கலப்பு மண்,"crop,soil; add district/season/stage when present",retrieve canonical answer; live lookup for price/weather/schemes
AGR|GROWTH|CROP=banana|SOIL=laterite,growth,வளர்ச்சி,banana,வாழை,laterite,சரளை மண்,"crop,soil; add district/season/stage when present",retrieve canonical answer; live lookup for price/weather/schemes
AGR|GROWTH|CROP=sugarcane|SOIL=red,growth,வளர்ச்சி,sugarcane,கரும்பு,red,செம்மண்,"crop,soil; add district/season/stage when present",retrieve canonical answer; live lookup for price/weather/schemes
AGR|GROWTH|CROP=sugarcane|SOIL=black,growth,வளர்ச்சி,sugarcane,கரும்பு,black,கரிசல் மண்,"crop,soil; add district/season/stage when present",retrieve canonical answer; live lookup for price/weather/schemes
AGR|GROWTH|CROP=sugarcane|SOIL=alluvial,growth,வளர்ச்சி,sugarcane,கரும்பு,alluvial,வண்டல் மண்,"crop,soil; add district/season/stage when present",retrieve canonical answer; live lookup for price/weather/schemes
AGR|GROWTH|CROP=sugarcane|SOIL=sandy,growth,வளர்ச்சி,sugarcane,கரும்பு,sandy,மணல் மண்,"crop,soil; add district/season/stage when present",retrieve canonical answer; live lookup for price/weather/schemes
AGR|GROWTH|CROP=sugarcane|SOIL=clay,growth,வளர்ச்சி,sugarcane,கரும்பு,clay,களிமண்,"crop,soil; add district/season/stage when present",retrieve canonical answer; live lookup for price/weather/schemes
AGR|GROWTH|CROP=sugarcane|SOIL=loamy,growth,வளர்ச்சி,sugarcane,கரும்பு,loamy,கலப்பு மண்,"crop,soil; add district/season/stage when present",retrieve canonical answer; live lookup for price/weather/schemes
AGR|GROWTH|CROP=sugarcane|SOIL=laterite,growth,வளர்ச்சி,sugarcane,கரும்பு,laterite,சரளை மண்,"crop,soil; add district/season/stage when present",retrieve canonical answer; live lookup for price/weather/schemes
AGR|GROWTH|CROP=cotton|SOIL=red,growth,வளர்ச்சி,cotton,பருத்தி,red,செம்மண்,"crop,soil; add district/season/stage when present",retrieve canonical answer; live lookup for price/weather/schemes
AGR|GROWTH|CROP=cotton|SOIL=black,growth,வளர்ச்சி,cotton,பருத்தி,black,கரிசல் மண்,"crop,soil; add district/season/stage when present",retrieve canonical answer; live lookup for price/weather/schemes
AGR|GROWTH|CROP=cotton|SOIL=alluvial,growth,வளர்ச்சி,cotton,பருத்தி,alluvial,வண்டல் மண்,"crop,soil; add district/season/stage when present",retrieve canonical answer; live lookup for price/weather/schemes
AGR|GROWTH|CROP=cotton|SOIL=sandy,growth,வளர்ச்சி,cotton,பருத்தி,sandy,மணல் மண்,"crop,soil; add district/season/stage when present",retrieve canonical answer; live lookup for price/weather/schemes
AGR|GROWTH|CROP=cotton|SOIL=clay,growth,வளர்ச்சி,cotton,பருத்தி,clay,களிமண்,"crop,soil; add district/season/stage when present",retrieve canonical answer; live lookup for price/weather/schemes
AGR|GROWTH|CROP=cotton|SOIL=loamy,growth,வளர்ச்சி,cotton,பருத்தி,loamy,கலப்பு மண்,"crop,soil; add district/season/stage when present",retrieve canonical answer; live lookup for price/weather/schemes
AGR|GROWTH|CROP=cotton|SOIL=laterite,growth,வளர்ச்சி,cotton,பருத்தி,laterite,சரளை மண்,"crop,soil; add district/season/stage when present",retrieve canonical answer; live lookup for price/weather/schemes
AGR|GROWTH|CROP=groundnut|SOIL=red,growth,வளர்ச்சி,groundnut,நிலக்கடலை,red,செம்மண்,"crop,soil; add district/season/stage when present",retrieve canonical answer; live lookup for price/weather/schemes
AGR|GROWTH|CROP=groundnut|SOIL=black,growth,வளர்ச்சி,groundnut,நிலக்கடலை,black,கரிசல் மண்,"crop,soil; add district/season/stage when present",retrieve canonical answer; live lookup for price/weather/schemes
AGR|GROWTH|CROP=groundnut|SOIL=alluvial,growth,வளர்ச்சி,groundnut,நிலக்கடலை,alluvial,வண்டல் மண்,"crop,soil; add district/season/stage when present",retrieve canonical answer; live lookup for price/weather/schemes
AGR|GROWTH|CROP=groundnut|SOIL=sandy,growth,வளர்ச்சி,groundnut,நிலக்கடலை,sandy,மணல் மண்,"crop,soil; add district/season/stage when present",retrieve canonical answer; live lookup for price/weather/schemes
AGR|GROWTH|CROP=groundnut|SOIL=clay,growth,வளர்ச்சி,groundnut,நிலக்கடலை,clay,களிமண்,"crop,soil; add district/season/stage when present",retrieve canonical answer; live lookup for price/weather/schemes
AGR|GROWTH|CROP=groundnut|SOIL=loamy,growth,வளர்ச்சி,groundnut,நிலக்கடலை,loamy,கலப்பு மண்,"crop,soil; add district/season/stage when present",retrieve canonical answer; live lookup for price/weather/schemes
AGR|GROWTH|CROP=groundnut|SOIL=laterite,growth,வளர்ச்சி,groundnut,நிலக்கடலை,laterite,சரளை மண்,"crop,soil; add district/season/stage when present",retrieve canonical answer; live lookup for price/weather/schemes
AGR|GROWTH|CROP=maize|SOIL=red,growth,வளர்ச்சி,maize,மக்காச்சோளம்,red,செம்மண்,"crop,soil; add district/season/stage when present",retrieve canonical answer; live lookup for price/weather/schemes
AGR|GROWTH|CROP=maize|SOIL=black,growth,வளர்ச்சி,maize,மக்காச்சோளம்,black,கரிசல் மண்,"crop,soil; add district/season/stage when present",retrieve canonical answer; live lookup for price/weather/schemes
AGR|GROWTH|CROP=maize|SOIL=alluvial,growth,வளர்ச்சி,maize,மக்காச்சோளம்,alluvial,வண்டல் மண்,"crop,soil; add district/season/stage when present",retrieve canonical answer; live lookup for price/weather/schemes
AGR|GROWTH|CROP=maize|SOIL=sandy,growth,வளர்ச்சி,maize,மக்காச்சோளம்,sandy,மணல் மண்,"crop,soil; add district/season/stage when present",retrieve canonical answer; live lookup for price/weather/schemes
AGR|GROWTH|CROP=maize|SOIL=clay,growth,வளர்ச்சி,maize,மக்காச்சோளம்,clay,களிமண்,"crop,soil; add district/season/stage when present",retrieve canonical answer; live lookup for price/weather/schemes
AGR|GROWTH|CROP=maize|SOIL=loamy,growth,வளர்ச்சி,maize,மக்காச்சோளம்,loamy,கலப்பு மண்,"crop,soil; add district/season/stage when present",retrieve canonical answer; live lookup for price/weather/schemes
AGR|GROWTH|CROP=maize|SOIL=laterite,growth,வளர்ச்சி,maize,மக்காச்சோளம்,laterite,சரளை மண்,"crop,soil; add district/season/stage when present",retrieve canonical answer; live lookup for price/weather/schemes
AGR|GROWTH|CROP=millet|SOIL=red,growth,வளர்ச்சி,millet,கம்பு,red,செம்மண்,"crop,soil; add district/season/stage when present",retrieve canonical answer; live lookup for price/weather/schemes
AGR|GROWTH|CROP=millet|SOIL=black,growth,வளர்ச்சி,millet,கம்பு,black,கரிசல் மண்,"crop,soil; add district/season/stage when present",retrieve canonical answer; live lookup for price/weather/schemes
AGR|GROWTH|CROP=millet|SOIL=alluvial,growth,வளர்ச்சி,millet,கம்பு,alluvial,வண்டல் மண்,"crop,soil; add district/season/stage when present",retrieve canonical answer; live lookup for price/weather/schemes
AGR|GROWTH|CROP=millet|SOIL=sandy,growth,வளர்ச்சி,millet,கம்பு,sandy,மணல் மண்,"crop,soil; add district/season/stage when present",retrieve canonical answer; live lookup for price/weather/schemes
AGR|GROWTH|CROP=millet|SOIL=clay,growth,வளர்ச்சி,millet,கம்பு,clay,களிமண்,"crop,soil; add district/season/stage when present",retrieve canonical answer; live lookup for price/weather/schemes
AGR|GROWTH|CROP=millet|SOIL=loamy,growth,வளர்ச்சி,millet,கம்பு,loamy,கலப்பு மண்,"crop,soil; add district/season/stage when present",retrieve canonical answer; live lookup for price/weather/schemes
AGR|GROWTH|CROP=millet|SOIL=laterite,growth,வளர்ச்சி,millet,கம்பு,laterite,சரளை மண்,"crop,soil; add district/season/stage when present",retrieve canonical answer; live lookup for price/weather/schemes
AGR|GROWTH|CROP=tomato|SOIL=red,growth,வளர்ச்சி,tomato,தக்காளி,red,செம்மண்,"crop,soil; add district/season/stage when present",retrieve canonical answer; live lookup for price/weather/schemes
AGR|GROWTH|CROP=tomato|SOIL=black,growth,வளர்ச்சி,tomato,தக்காளி,black,கரிசல் மண்,"crop,soil; add district/season/stage when present",retrieve canonical answer; live lookup for price/weather/schemes
AGR|GROWTH|CROP=tomato|SOIL=alluvial,growth,வளர்ச்சி,tomato,தக்காளி,alluvial,வண்டல் மண்,"crop,soil; add district/season/stage when present",retrieve canonical answer; live lookup for price/weather/schemes
AGR|GROWTH|CROP=tomato|SOIL=sandy,growth,வளர்ச்சி,tomato,தக்காளி,sandy,மணல் மண்,"crop,soil; add district/season/stage when present",retrieve canonical answer; live lookup for price/weather/schemes
AGR|GROWTH|CROP=tomato|SOIL=clay,growth,வளர்ச்சி,tomato,தக்காளி,clay,களிமண்,"crop,soil; add district/season/stage when present",retrieve canonical answer; live lookup for price/weather/schemes
AGR|GROWTH|CROP=tomato|SOIL=loamy,growth,வளர்ச்சி,tomato,தக்காளி,loamy,கலப்பு மண்,"crop,soil; add district/season/stage when present",retrieve canonical answer; live lookup for price/weather/schemes
AGR|GROWTH|CROP=tomato|SOIL=laterite,growth,வளர்ச்சி,tomato,தக்காளி,laterite,சரளை மண்,"crop,soil; add district/season/stage when present",retrieve canonical answer; live lookup for price/weather/schemes
AGR|GROWTH|CROP=chilli|SOIL=red,growth,வளர்ச்சி,chilli,மிளகாய்,red,செம்மண்,"crop,soil; add district/season/stage when present",retrieve canonical answer; live lookup for price/weather/schemes
AGR|GROWTH|CROP=chilli|SOIL=black,growth,வளர்ச்சி,chilli,மிளகாய்,black,கரிசல் மண்,"crop,soil; add district/season/stage when present",retrieve canonical answer; live lookup for price/weather/schemes
AGR|GROWTH|CROP=chilli|SOIL=alluvial,growth,வளர்ச்சி,chilli,மிளகாய்,alluvial,வண்டல் மண்,"crop,soil; add district/season/stage when present",retrieve canonical answer; live lookup for price/weather/schemes
AGR|GROWTH|CROP=chilli|SOIL=sandy,growth,வளர்ச்சி,chilli,மிளகாய்,sandy,மணல் மண்,"crop,soil; add district/season/stage when present",retrieve canonical answer; live lookup for price/weather/schemes
AGR|GROWTH|CROP=chilli|SOIL=clay,growth,வளர்ச்சி,chilli,மிளகாய்,clay,களிமண்,"crop,soil; add district/season/stage when present",retrieve canonical answer; live lookup for price/weather/schemes
AGR|GROWTH|CROP=chilli|SOIL=loamy,growth,வளர்ச்சி,chilli,மிளகாய்,loamy,கலப்பு மண்,"crop,soil; add district/season/stage when present",retrieve canonical answer; live lookup for price/weather/schemes
AGR|GROWTH|CROP=chilli|SOIL=laterite,growth,வளர்ச்சி,chilli,மிளகாய்,laterite,சரளை மண்,"crop,soil; add district/season/stage when present",retrieve canonical answer; live lookup for price/weather/schemes
AGR|GROWTH|CROP=onion|SOIL=red,growth,வளர்ச்சி,onion,வெங்காயம்,red,செம்மண்,"crop,soil; add district/season/stage when present",retrieve canonical answer; live lookup for price/weather/schemes
AGR|GROWTH|CROP=onion|SOIL=black,growth,வளர்ச்சி,onion,வெங்காயம்,black,கரிசல் மண்,"crop,soil; add district/season/stage when present",retrieve canonical answer; live lookup for price/weather/schemes
AGR|GROWTH|CROP=onion|SOIL=alluvial,growth,வளர்ச்சி,onion,வெங்காயம்,alluvial,வண்டல் மண்,"crop,soil; add district/season/stage when present",retrieve canonical answer; live lookup for price/weather/schemes
AGR|GROWTH|CROP=onion|SOIL=sandy,growth,வளர்ச்சி,onion,வெங்காயம்,sandy,மணல் மண்,"crop,soil; add district/season/stage when present",retrieve canonical answer; live lookup for price/weather/schemes
AGR|GROWTH|CROP=onion|SOIL=clay,growth,வளர்ச்சி,onion,வெங்காயம்,clay,களிமண்,"crop,soil; add district/season/stage when present",retrieve canonical answer; live lookup for price/weather/schemes
AGR|GROWTH|CROP=onion|SOIL=loamy,growth,வளர்ச்சி,onion,வெங்காயம்,loamy,கலப்பு மண்,"crop,soil; add district/season/stage when present",retrieve canonical answer; live lookup for price/weather/schemes
AGR|GROWTH|CROP=onion|SOIL=laterite,growth,வளர்ச்சி,onion,வெங்காயம்,laterite,சரளை மண்,"crop,soil; add district/season/stage when present",retrieve canonical answer; live lookup for price/weather/schemes
AGR|GROWTH|CROP=turmeric|SOIL=red,growth,வளர்ச்சி,turmeric,மஞ்சள்,red,செம்மண்,"crop,soil; add district/season/stage when present",retrieve canonical answer; live lookup for price/weather/schemes
AGR|GROWTH|CROP=turmeric|SOIL=black,growth,வளர்ச்சி,turmeric,மஞ்சள்,black,கரிசல் மண்,"crop,soil; add district/season/stage when present",retrieve canonical answer; live lookup for price/weather/schemes
AGR|GROWTH|CROP=turmeric|SOIL=alluvial,growth,வளர்ச்சி,turmeric,மஞ்சள்,alluvial,வண்டல் மண்,"crop,soil; add district/season/stage when present",retrieve canonical answer; live lookup for price/weather/schemes
AGR|GROWTH|CROP=turmeric|SOIL=sandy,growth,வளர்ச்சி,turmeric,மஞ்சள்,sandy,மணல் மண்,"crop,soil; add district/season/stage when present",retrieve canonical answer; live lookup for price/weather/schemes
AGR|GROWTH|CROP=turmeric|SOIL=clay,growth,வளர்ச்சி,turmeric,மஞ்சள்,clay,களிமண்,"crop,soil; add district/season/stage when present",retrieve canonical answer; live lookup for price/weather/schemes
AGR|GROWTH|CROP=turmeric|SOIL=loamy,growth,வளர்ச்சி,turmeric,மஞ்சள்,loamy,கலப்பு மண்,"crop,soil; add district/season/stage when present",retrieve canonical answer; live lookup for price/weather/schemes
AGR|GROWTH|CROP=turmeric|SOIL=laterite,growth,வளர்ச்சி,turmeric,மஞ்சள்,laterite,சரளை மண்,"crop,soil; add district/season/stage when present",retrieve canonical answer; live lookup for price/weather/schemes
AGR|GROWTH|CROP=brinjal|SOIL=red,growth,வளர்ச்சி,brinjal,கத்தரிக்காய்,red,செம்மண்,"crop,soil; add district/season/stage when present",retrieve canonical answer; live lookup for price/weather/schemes
AGR|GROWTH|CROP=brinjal|SOIL=black,growth,வளர்ச்சி,brinjal,கத்தரிக்காய்,black,கரிசல் மண்,"crop,soil; add district/season/stage when present",retrieve canonical answer; live lookup for price/weather/schemes
AGR|GROWTH|CROP=brinjal|SOIL=alluvial,growth,வளர்ச்சி,brinjal,கத்தரிக்காய்,alluvial,வண்டல் மண்,"crop,soil; add district/season/stage when present",retrieve canonical answer; live lookup for price/weather/schemes
AGR|GROWTH|CROP=brinjal|SOIL=sandy,growth,வளர்ச்சி,brinjal,கத்தரிக்காய்,sandy,மணல் மண்,"crop,soil; add district/season/stage when present",retrieve canonical answer; live lookup for price/weather/schemes
AGR|GROWTH|CROP=brinjal|SOIL=clay,growth,வளர்ச்சி,brinjal,கத்தரிக்காய்,clay,களிமண்,"crop,soil; add district/season/stage when present",retrieve canonical answer; live lookup for price/weather/schemes
AGR|GROWTH|CROP=brinjal|SOIL=loamy,growth,வளர்ச்சி,brinjal,கத்தரிக்காய்,loamy,கலப்பு மண்,"crop,soil; add district/season/stage when present",retrieve canonical answer; live lookup for price/weather/schemes
AGR|GROWTH|CROP=brinjal|SOIL=laterite,growth,வளர்ச்சி,brinjal,கத்தரிக்காய்,laterite,சரளை மண்,"crop,soil; add district/season/stage when present",retrieve canonical answer; live lookup for price/weather/schemes
AGR|GROWTH|CROP=okra|SOIL=red,growth,வளர்ச்சி,okra,வெண்டைக்காய்,red,செம்மண்,"crop,soil; add district/season/stage when present",retrieve canonical answer; live lookup for price/weather/schemes
AGR|GROWTH|CROP=okra|SOIL=black,growth,வளர்ச்சி,okra,வெண்டைக்காய்,black,கரிசல் மண்,"crop,soil; add district/season/stage when present",retrieve canonical answer; live lookup for price/weather/schemes
AGR|GROWTH|CROP=okra|SOIL=alluvial,growth,வளர்ச்சி,okra,வெண்டைக்காய்,alluvial,வண்டல் மண்,"crop,soil; add district/season/stage when present",retrieve canonical answer; live lookup for price/weather/schemes
AGR|GROWTH|CROP=okra|SOIL=sandy,growth,வளர்ச்சி,okra,வெண்டைக்காய்,sandy,மணல் மண்,"crop,soil; add district/season/stage when present",retrieve canonical answer; live lookup for price/weather/schemes
AGR|GROWTH|CROP=okra|SOIL=clay,growth,வளர்ச்சி,okra,வெண்டைக்காய்,clay,களிமண்,"crop,soil; add district/season/stage when present",retrieve canonical answer; live lookup for price/weather/schemes
AGR|GROWTH|CROP=okra|SOIL=loamy,growth,வளர்ச்சி,okra,வெண்டைக்காய்,loamy,கலப்பு மண்,"crop,soil; add district/season/stage when present",retrieve canonical answer; live lookup for price/weather/schemes
AGR|GROWTH|CROP=okra|SOIL=laterite,growth,வளர்ச்சி,okra,வெண்டைக்காய்,laterite,சரளை மண்,"crop,soil; add district/season/stage when present",retrieve canonical answer; live lookup for price/weather/schemes
AGR|GROWTH|CROP=coconut|SOIL=red,growth,வளர்ச்சி,coconut,தென்னை,red,செம்மண்,"crop,soil; add district/season/stage when present",retrieve canonical answer; live lookup for price/weather/schemes
AGR|GROWTH|CROP=coconut|SOIL=black,growth,வளர்ச்சி,coconut,தென்னை,black,கரிசல் மண்,"crop,soil; add district/season/stage when present",retrieve canonical answer; live lookup for price/weather/schemes
AGR|GROWTH|CROP=coconut|SOIL=alluvial,growth,வளர்ச்சி,coconut,தென்னை,alluvial,வண்டல் மண்,"crop,soil; add district/season/stage when present",retrieve canonical answer; live lookup for price/weather/schemes
AGR|GROWTH|CROP=coconut|SOIL=sandy,growth,வளர்ச்சி,coconut,தென்னை,sandy,மணல் மண்,"crop,soil; add district/season/stage when present",retrieve canonical answer; live lookup for price/weather/schemes
AGR|GROWTH|CROP=coconut|SOIL=clay,growth,வளர்ச்சி,coconut,தென்னை,clay,களிமண்,"crop,soil; add district/season/stage when present",retrieve canonical answer; live lookup for price/weather/schemes
AGR|GROWTH|CROP=coconut|SOIL=loamy,growth,வளர்ச்சி,coconut,தென்னை,loamy,கலப்பு மண்,"crop,soil; add district/season/stage when present",retrieve canonical answer; live lookup for price/weather/schemes
AGR|GROWTH|CROP=coconut|SOIL=laterite,growth,வளர்ச்சி,coconut,தென்னை,laterite,சரளை மண்,"crop,soil; add district/season/stage when present",retrieve canonical answer; live lookup for price/weather/schemes
AGR|GROWTH|CROP=pulses|SOIL=red,growth,வளர்ச்சி,pulses,பயறு,red,செம்மண்,"crop,soil; add district/season/stage when present",retrieve canonical answer; live lookup for price/weather/schemes
AGR|GROWTH|CROP=pulses|SOIL=black,growth,வளர்ச்சி,pulses,பயறு,black,கரிசல் மண்,"crop,soil; add district/season/stage when present",retrieve canonical answer; live lookup for price/weather/schemes
AGR|GROWTH|CROP=pulses|SOIL=alluvial,growth,வளர்ச்சி,pulses,பயறு,alluvial,வண்டல் மண்,"crop,soil; add district/season/stage when present",retrieve canonical answer; live lookup for price/weather/schemes
AGR|GROWTH|CROP=pulses|SOIL=sandy,growth,வளர்ச்சி,pulses,பயறு,sandy,மணல் மண்,"crop,soil; add district/season/stage when present",retrieve canonical answer; live lookup for price/weather/schemes
AGR|GROWTH|CROP=pulses|SOIL=clay,growth,வளர்ச்சி,pulses,பயறு,clay,களிமண்,"crop,soil; add district/season/stage when present",retrieve canonical answer; live lookup for price/weather/schemes
AGR|GROWTH|CROP=pulses|SOIL=loamy,growth,வளர்ச்சி,pulses,பயறு,loamy,கலப்பு மண்,"crop,soil; add district/season/stage when present",retrieve canonical answer; live lookup for price/weather/schemes
AGR|GROWTH|CROP=pulses|SOIL=laterite,growth,வளர்ச்சி,pulses,பயறு,laterite,சரளை மண்,"crop,soil; add district/season/stage when present",retrieve canonical answer; live lookup for price/weather/schemes
AGR|GROWTH|CROP=sesame|SOIL=red,growth,வளர்ச்சி,sesame,எள்,red,செம்மண்,"crop,soil; add district/season/stage when present",retrieve canonical answer; live lookup for price/weather/schemes
AGR|GROWTH|CROP=sesame|SOIL=black,growth,வளர்ச்சி,sesame,எள்,black,கரிசல் மண்,"crop,soil; add district/season/stage when present",retrieve canonical answer; live lookup for price/weather/schemes
AGR|GROWTH|CROP=sesame|SOIL=alluvial,growth,வளர்ச்சி,sesame,எள்,alluvial,வண்டல் மண்,"crop,soil; add district/season/stage when present",retrieve canonical answer; live lookup for price/weather/schemes
AGR|GROWTH|CROP=sesame|SOIL=sandy,growth,வளர்ச்சி,sesame,எள்,sandy,மணல் மண்,"crop,soil; add district/season/stage when present",retrieve canonical answer; live lookup for price/weather/schemes
AGR|GROWTH|CROP=sesame|SOIL=clay,growth,வளர்ச்சி,sesame,எள்,clay,களிமண்,"crop,soil; add district/season/stage when present",retrieve canonical answer; live lookup for price/weather/schemes
AGR|GROWTH|CROP=sesame|SOIL=loamy,growth,வளர்ச்சி,sesame,எள்,loamy,கலப்பு மண்,"crop,soil; add district/season/stage when present",retrieve canonical answer; live lookup for price/weather/schemes
AGR|GROWTH|CROP=sesame|SOIL=laterite,growth,வளர்ச்சி,sesame,எள்,laterite,சரளை மண்,"crop,soil; add district/season/stage when present",retrieve canonical answer; live lookup for price/weather/schemes
AGR|GROWTH|CROP=tapioca|SOIL=red,growth,வளர்ச்சி,tapioca,மரவள்ளி,red,செம்மண்,"crop,soil; add district/season/stage when present",retrieve canonical answer; live lookup for price/weather/schemes
AGR|GROWTH|CROP=tapioca|SOIL=black,growth,வளர்ச்சி,tapioca,மரவள்ளி,black,கரிசல் மண்,"crop,soil; add district/season/stage when present",retrieve canonical answer; live lookup for price/weather/schemes
AGR|GROWTH|CROP=tapioca|SOIL=alluvial,growth,வளர்ச்சி,tapioca,மரவள்ளி,alluvial,வண்டல் மண்,"crop,soil; add district/season/stage when present",retrieve canonical answer; live lookup for price/weather/schemes
AGR|GROWTH|CROP=tapioca|SOIL=sandy,growth,வளர்ச்சி,tapioca,மரவள்ளி,sandy,மணல் மண்,"crop,soil; add district/season/stage when present",retrieve canonical answer; live lookup for price/weather/schemes
AGR|GROWTH|CROP=tapioca|SOIL=clay,growth,வளர்ச்சி,tapioca,மரவள்ளி,clay,களிமண்,"crop,soil; add district/season/stage when present",retrieve canonical answer; live lookup for price/weather/schemes
AGR|GROWTH|CROP=tapioca|SOIL=loamy,growth,வளர்ச்சி,tapioca,மரவள்ளி,loamy,கலப்பு மண்,"crop,soil; add district/season/stage when present",retrieve canonical answer; live lookup for price/weather/schemes
AGR|GROWTH|CROP=tapioca|SOIL=laterite,growth,வளர்ச்சி,tapioca,மரவள்ளி,laterite,சரளை மண்,"crop,soil; add district/season/stage when present",retrieve canonical answer; live lookup for price/weather/schemes
AGR|GROWTH|CROP=drumstick|SOIL=red,growth,வளர்ச்சி,drumstick,முருங்கை,red,செம்மண்,"crop,soil; add district/season/stage when present",retrieve canonical answer; live lookup for price/weather/schemes
AGR|GROWTH|CROP=drumstick|SOIL=black,growth,வளர்ச்சி,drumstick,முருங்கை,black,கரிசல் மண்,"crop,soil; add district/season/stage when present",retrieve canonical answer; live lookup for price/weather/schemes
AGR|GROWTH|CROP=drumstick|SOIL=alluvial,growth,வளர்ச்சி,drumstick,முருங்கை,alluvial,வண்டல் மண்,"crop,soil; add district/season/stage when present",retrieve canonical answer; live lookup for price/weather/schemes
AGR|GROWTH|CROP=drumstick|SOIL=sandy,growth,வளர்ச்சி,drumstick,முருங்கை,sandy,மணல் மண்,"crop,soil; add district/season/stage when present",retrieve canonical answer; live lookup for price/weather/schemes
AGR|GROWTH|CROP=drumstick|SOIL=clay,growth,வளர்ச்சி,drumstick,முருங்கை,clay,களிமண்,"crop,soil; add district/season/stage when present",retrieve canonical answer; live lookup for price/weather/schemes
AGR|GROWTH|CROP=drumstick|SOIL=loamy,growth,வளர்ச்சி,drumstick,முருங்கை,loamy,கலப்பு மண்,"crop,soil; add district/season/stage when present",retrieve canonical answer; live lookup for price/weather/schemes
AGR|GROWTH|CROP=drumstick|SOIL=laterite,growth,வளர்ச்சி,drumstick,முருங்கை,laterite,சரளை மண்,"crop,soil; add district/season/stage when present",retrieve canonical answer; live lookup for price/weather/schemes
AGR|HARVEST|CROP=rice|SOIL=red,harvest,அறுவடை,rice,நெல்,red,செம்மண்,"crop,soil; add district/season/stage when present",retrieve canonical answer; live lookup for price/weather/schemes
AGR|HARVEST|CROP=rice|SOIL=black,harvest,அறுவடை,rice,நெல்,black,கரிசல் மண்,"crop,soil; add district/season/stage when present",retrieve canonical answer; live lookup for price/weather/schemes
AGR|HARVEST|CROP=rice|SOIL=alluvial,harvest,அறுவடை,rice,நெல்,alluvial,வண்டல் மண்,"crop,soil; add district/season/stage when present",retrieve canonical answer; live lookup for price/weather/schemes
AGR|HARVEST|CROP=rice|SOIL=sandy,harvest,அறுவடை,rice,நெல்,sandy,மணல் மண்,"crop,soil; add district/season/stage when present",retrieve canonical answer; live lookup for price/weather/schemes
AGR|HARVEST|CROP=rice|SOIL=clay,harvest,அறுவடை,rice,நெல்,clay,களிமண்,"crop,soil; add district/season/stage when present",retrieve canonical answer; live lookup for price/weather/schemes
AGR|HARVEST|CROP=rice|SOIL=loamy,harvest,அறுவடை,rice,நெல்,loamy,கலப்பு மண்,"crop,soil; add district/season/stage when present",retrieve canonical answer; live lookup for price/weather/schemes
AGR|HARVEST|CROP=rice|SOIL=laterite,harvest,அறுவடை,rice,நெல்,laterite,சரளை மண்,"crop,soil; add district/season/stage when present",retrieve canonical answer; live lookup for price/weather/schemes
AGR|HARVEST|CROP=banana|SOIL=red,harvest,அறுவடை,banana,வாழை,red,செம்மண்,"crop,soil; add district/season/stage when present",retrieve canonical answer; live lookup for price/weather/schemes
AGR|HARVEST|CROP=banana|SOIL=black,harvest,அறுவடை,banana,வாழை,black,கரிசல் மண்,"crop,soil; add district/season/stage when present",retrieve canonical answer; live lookup for price/weather/schemes
AGR|HARVEST|CROP=banana|SOIL=alluvial,harvest,அறுவடை,banana,வாழை,alluvial,வண்டல் மண்,"crop,soil; add district/season/stage when present",retrieve canonical answer; live lookup for price/weather/schemes
AGR|HARVEST|CROP=banana|SOIL=sandy,harvest,அறுவடை,banana,வாழை,sandy,மணல் மண்,"crop,soil; add district/season/stage when present",retrieve canonical answer; live lookup for price/weather/schemes
AGR|HARVEST|CROP=banana|SOIL=clay,harvest,அறுவடை,banana,வாழை,clay,களிமண்,"crop,soil; add district/season/stage when present",retrieve canonical answer; live lookup for price/weather/schemes
AGR|HARVEST|CROP=banana|SOIL=loamy,harvest,அறுவடை,banana,வாழை,loamy,கலப்பு மண்,"crop,soil; add district/season/stage when present",retrieve canonical answer; live lookup for price/weather/schemes
AGR|HARVEST|CROP=banana|SOIL=laterite,harvest,அறுவடை,banana,வாழை,laterite,சரளை மண்,"crop,soil; add district/season/stage when present",retrieve canonical answer; live lookup for price/weather/schemes
AGR|HARVEST|CROP=sugarcane|SOIL=red,harvest,அறுவடை,sugarcane,கரும்பு,red,செம்மண்,"crop,soil; add district/season/stage when present",retrieve canonical answer; live lookup for price/weather/schemes
AGR|HARVEST|CROP=sugarcane|SOIL=black,harvest,அறுவடை,sugarcane,கரும்பு,black,கரிசல் மண்,"crop,soil; add district/season/stage when present",retrieve canonical answer; live lookup for price/weather/schemes
AGR|HARVEST|CROP=sugarcane|SOIL=alluvial,harvest,அறுவடை,sugarcane,கரும்பு,alluvial,வண்டல் மண்,"crop,soil; add district/season/stage when present",retrieve canonical answer; live lookup for price/weather/schemes
AGR|HARVEST|CROP=sugarcane|SOIL=sandy,harvest,அறுவடை,sugarcane,கரும்பு,sandy,மணல் மண்,"crop,soil; add district/season/stage when present",retrieve canonical answer; live lookup for price/weather/schemes
AGR|HARVEST|CROP=sugarcane|SOIL=clay,harvest,அறுவடை,sugarcane,கரும்பு,clay,களிமண்,"crop,soil; add district/season/stage when present",retrieve canonical answer; live lookup for price/weather/schemes
AGR|HARVEST|CROP=sugarcane|SOIL=loamy,harvest,அறுவடை,sugarcane,கரும்பு,loamy,கலப்பு மண்,"crop,soil; add district/season/stage when present",retrieve canonical answer; live lookup for price/weather/schemes
AGR|HARVEST|CROP=sugarcane|SOIL=laterite,harvest,அறுவடை,sugarcane,கரும்பு,laterite,சரளை மண்,"crop,soil; add district/season/stage when present",retrieve canonical answer; live lookup for price/weather/schemes
AGR|HARVEST|CROP=cotton|SOIL=red,harvest,அறுவடை,cotton,பருத்தி,red,செம்மண்,"crop,soil; add district/season/stage when present",retrieve canonical answer; live lookup for price/weather/schemes
AGR|HARVEST|CROP=cotton|SOIL=black,harvest,அறுவடை,cotton,பருத்தி,black,கரிசல் மண்,"crop,soil; add district/season/stage when present",retrieve canonical answer; live lookup for price/weather/schemes
AGR|HARVEST|CROP=cotton|SOIL=alluvial,harvest,அறுவடை,cotton,பருத்தி,alluvial,வண்டல் மண்,"crop,soil; add district/season/stage when present",retrieve canonical answer; live lookup for price/weather/schemes
AGR|HARVEST|CROP=cotton|SOIL=sandy,harvest,அறுவடை,cotton,பருத்தி,sandy,மணல் மண்,"crop,soil; add district/season/stage when present",retrieve canonical answer; live lookup for price/weather/schemes
AGR|HARVEST|CROP=cotton|SOIL=clay,harvest,அறுவடை,cotton,பருத்தி,clay,களிமண்,"crop,soil; add district/season/stage when present",retrieve canonical answer; live lookup for price/weather/schemes
AGR|HARVEST|CROP=cotton|SOIL=loamy,harvest,அறுவடை,cotton,பருத்தி,loamy,கலப்பு மண்,"crop,soil; add district/season/stage when present",retrieve canonical answer; live lookup for price/weather/schemes
AGR|HARVEST|CROP=cotton|SOIL=laterite,harvest,அறுவடை,cotton,பருத்தி,laterite,சரளை மண்,"crop,soil; add district/season/stage when present",retrieve canonical answer; live lookup for price/weather/schemes
AGR|HARVEST|CROP=groundnut|SOIL=red,harvest,அறுவடை,groundnut,நிலக்கடலை,red,செம்மண்,"crop,soil; add district/season/stage when present",retrieve canonical answer; live lookup for price/weather/schemes
AGR|HARVEST|CROP=groundnut|SOIL=black,harvest,அறுவடை,groundnut,நிலக்கடலை,black,கரிசல் மண்,"crop,soil; add district/season/stage when present",retrieve canonical answer; live lookup for price/weather/schemes
AGR|HARVEST|CROP=groundnut|SOIL=alluvial,harvest,அறுவடை,groundnut,நிலக்கடலை,alluvial,வண்டல் மண்,"crop,soil; add district/season/stage when present",retrieve canonical answer; live lookup for price/weather/schemes
AGR|HARVEST|CROP=groundnut|SOIL=sandy,harvest,அறுவடை,groundnut,நிலக்கடலை,sandy,மணல் மண்,"crop,soil; add district/season/stage when present",retrieve canonical answer; live lookup for price/weather/schemes
AGR|HARVEST|CROP=groundnut|SOIL=clay,harvest,அறுவடை,groundnut,நிலக்கடலை,clay,களிமண்,"crop,soil; add district/season/stage when present",retrieve canonical answer; live lookup for price/weather/schemes
AGR|HARVEST|CROP=groundnut|SOIL=loamy,harvest,அறுவடை,groundnut,நிலக்கடலை,loamy,கலப்பு மண்,"crop,soil; add district/season/stage when present",retrieve canonical answer; live lookup for price/weather/schemes
AGR|HARVEST|CROP=groundnut|SOIL=laterite,harvest,அறுவடை,groundnut,நிலக்கடலை,laterite,சரளை மண்,"crop,soil; add district/season/stage when present",retrieve canonical answer; live lookup for price/weather/schemes
AGR|HARVEST|CROP=maize|SOIL=red,harvest,அறுவடை,maize,மக்காச்சோளம்,red,செம்மண்,"crop,soil; add district/season/stage when present",retrieve canonical answer; live lookup for price/weather/schemes
AGR|HARVEST|CROP=maize|SOIL=black,harvest,அறுவடை,maize,மக்காச்சோளம்,black,கரிசல் மண்,"crop,soil; add district/season/stage when present",retrieve canonical answer; live lookup for price/weather/schemes
AGR|HARVEST|CROP=maize|SOIL=alluvial,harvest,அறுவடை,maize,மக்காச்சோளம்,alluvial,வண்டல் மண்,"crop,soil; add district/season/stage when present",retrieve canonical answer; live lookup for price/weather/schemes
AGR|HARVEST|CROP=maize|SOIL=sandy,harvest,அறுவடை,maize,மக்காச்சோளம்,sandy,மணல் மண்,"crop,soil; add district/season/stage when present",retrieve canonical answer; live lookup for price/weather/schemes
AGR|HARVEST|CROP=maize|SOIL=clay,harvest,அறுவடை,maize,மக்காச்சோளம்,clay,களிமண்,"crop,soil; add district/season/stage when present",retrieve canonical answer; live lookup for price/weather/schemes
AGR|HARVEST|CROP=maize|SOIL=loamy,harvest,அறுவடை,maize,மக்காச்சோளம்,loamy,கலப்பு மண்,"crop,soil; add district/season/stage when present",retrieve canonical answer; live lookup for price/weather/schemes
AGR|HARVEST|CROP=maize|SOIL=laterite,harvest,அறுவடை,maize,மக்காச்சோளம்,laterite,சரளை மண்,"crop,soil; add district/season/stage when present",retrieve canonical answer; live lookup for price/weather/schemes
AGR|HARVEST|CROP=millet|SOIL=red,harvest,அறுவடை,millet,கம்பு,red,செம்மண்,"crop,soil; add district/season/stage when present",retrieve canonical answer; live lookup for price/weather/schemes
AGR|HARVEST|CROP=millet|SOIL=black,harvest,அறுவடை,millet,கம்பு,black,கரிசல் மண்,"crop,soil; add district/season/stage when present",retrieve canonical answer; live lookup for price/weather/schemes
AGR|HARVEST|CROP=millet|SOIL=alluvial,harvest,அறுவடை,millet,கம்பு,alluvial,வண்டல் மண்,"crop,soil; add district/season/stage when present",retrieve canonical answer; live lookup for price/weather/schemes
AGR|HARVEST|CROP=millet|SOIL=sandy,harvest,அறுவடை,millet,கம்பு,sandy,மணல் மண்,"crop,soil; add district/season/stage when present",retrieve canonical answer; live lookup for price/weather/schemes
AGR|HARVEST|CROP=millet|SOIL=clay,harvest,அறுவடை,millet,கம்பு,clay,களிமண்,"crop,soil; add district/season/stage when present",retrieve canonical answer; live lookup for price/weather/schemes
AGR|HARVEST|CROP=millet|SOIL=loamy,harvest,அறுவடை,millet,கம்பு,loamy,கலப்பு மண்,"crop,soil; add district/season/stage when present",retrieve canonical answer; live lookup for price/weather/schemes
AGR|HARVEST|CROP=millet|SOIL=laterite,harvest,அறுவடை,millet,கம்பு,laterite,சரளை மண்,"crop,soil; add district/season/stage when present",retrieve canonical answer; live lookup for price/weather/schemes
AGR|HARVEST|CROP=tomato|SOIL=red,harvest,அறுவடை,tomato,தக்காளி,red,செம்மண்,"crop,soil; add district/season/stage when present",retrieve canonical answer; live lookup for price/weather/schemes
AGR|HARVEST|CROP=tomato|SOIL=black,harvest,அறுவடை,tomato,தக்காளி,black,கரிசல் மண்,"crop,soil; add district/season/stage when present",retrieve canonical answer; live lookup for price/weather/schemes
AGR|HARVEST|CROP=tomato|SOIL=alluvial,harvest,அறுவடை,tomato,தக்காளி,alluvial,வண்டல் மண்,"crop,soil; add district/season/stage when present",retrieve canonical answer; live lookup for price/weather/schemes
AGR|HARVEST|CROP=tomato|SOIL=sandy,harvest,அறுவடை,tomato,தக்காளி,sandy,மணல் மண்,"crop,soil; add district/season/stage when present",retrieve canonical answer; live lookup for price/weather/schemes
AGR|HARVEST|CROP=tomato|SOIL=clay,harvest,அறுவடை,tomato,தக்காளி,clay,களிமண்,"crop,soil; add district/season/stage when present",retrieve canonical answer; live lookup for price/weather/schemes
AGR|HARVEST|CROP=tomato|SOIL=loamy,harvest,அறுவடை,tomato,தக்காளி,loamy,கலப்பு மண்,"crop,soil; add district/season/stage when present",retrieve canonical answer; live lookup for price/weather/schemes
AGR|HARVEST|CROP=tomato|SOIL=laterite,harvest,அறுவடை,tomato,தக்காளி,laterite,சரளை மண்,"crop,soil; add district/season/stage when present",retrieve canonical answer; live lookup for price/weather/schemes
AGR|HARVEST|CROP=chilli|SOIL=red,harvest,அறுவடை,chilli,மிளகாய்,red,செம்மண்,"crop,soil; add district/season/stage when present",retrieve canonical answer; live lookup for price/weather/schemes
AGR|HARVEST|CROP=chilli|SOIL=black,harvest,அறுவடை,chilli,மிளகாய்,black,கரிசல் மண்,"crop,soil; add district/season/stage when present",retrieve canonical answer; live lookup for price/weather/schemes
AGR|HARVEST|CROP=chilli|SOIL=alluvial,harvest,அறுவடை,chilli,மிளகாய்,alluvial,வண்டல் மண்,"crop,soil; add district/season/stage when present",retrieve canonical answer; live lookup for price/weather/schemes
AGR|HARVEST|CROP=chilli|SOIL=sandy,harvest,அறுவடை,chilli,மிளகாய்,sandy,மணல் மண்,"crop,soil; add district/season/stage when present",retrieve canonical answer; live lookup for price/weather/schemes
AGR|HARVEST|CROP=chilli|SOIL=clay,harvest,அறுவடை,chilli,மிளகாய்,clay,களிமண்,"crop,soil; add district/season/stage when present",retrieve canonical answer; live lookup for price/weather/schemes
AGR|HARVEST|CROP=chilli|SOIL=loamy,harvest,அறுவடை,chilli,மிளகாய்,loamy,கலப்பு மண்,"crop,soil; add district/season/stage when present",retrieve canonical answer; live lookup for price/weather/schemes
AGR|HARVEST|CROP=chilli|SOIL=laterite,harvest,அறுவடை,chilli,மிளகாய்,laterite,சரளை மண்,"crop,soil; add district/season/stage when present",retrieve canonical answer; live lookup for price/weather/schemes
AGR|HARVEST|CROP=onion|SOIL=red,harvest,அறுவடை,onion,வெங்காயம்,red,செம்மண்,"crop,soil; add district/season/stage when present",retrieve canonical answer; live lookup for price/weather/schemes
AGR|HARVEST|CROP=onion|SOIL=black,harvest,அறுவடை,onion,வெங்காயம்,black,கரிசல் மண்,"crop,soil; add district/season/stage when present",retrieve canonical answer; live lookup for price/weather/schemes
AGR|HARVEST|CROP=onion|SOIL=alluvial,harvest,அறுவடை,onion,வெங்காயம்,alluvial,வண்டல் மண்,"crop,soil; add district/season/stage when present",retrieve canonical answer; live lookup for price/weather/schemes
AGR|HARVEST|CROP=onion|SOIL=sandy,harvest,அறுவடை,onion,வெங்காயம்,sandy,மணல் மண்,"crop,soil; add district/season/stage when present",retrieve canonical answer; live lookup for price/weather/schemes
AGR|HARVEST|CROP=onion|SOIL=clay,harvest,அறுவடை,onion,வெங்காயம்,clay,களிமண்,"crop,soil; add district/season/stage when present",retrieve canonical answer; live lookup for price/weather/schemes
AGR|HARVEST|CROP=onion|SOIL=loamy,harvest,அறுவடை,onion,வெங்காயம்,loamy,கலப்பு மண்,"crop,soil; add district/season/stage when present",retrieve canonical answer; live lookup for price/weather/schemes
AGR|HARVEST|CROP=onion|SOIL=laterite,harvest,அறுவடை,onion,வெங்காயம்,laterite,சரளை மண்,"crop,soil; add district/season/stage when present",retrieve canonical answer; live lookup for price/weather/schemes
AGR|HARVEST|CROP=turmeric|SOIL=red,harvest,அறுவடை,turmeric,மஞ்சள்,red,செம்மண்,"crop,soil; add district/season/stage when present",retrieve canonical answer; live lookup for price/weather/schemes
AGR|HARVEST|CROP=turmeric|SOIL=black,harvest,அறுவடை,turmeric,மஞ்சள்,black,கரிசல் மண்,"crop,soil; add district/season/stage when present",retrieve canonical answer; live lookup for price/weather/schemes
AGR|HARVEST|CROP=turmeric|SOIL=alluvial,harvest,அறுவடை,turmeric,மஞ்சள்,alluvial,வண்டல் மண்,"crop,soil; add district/season/stage when present",retrieve canonical answer; live lookup for price/weather/schemes
AGR|HARVEST|CROP=turmeric|SOIL=sandy,harvest,அறுவடை,turmeric,மஞ்சள்,sandy,மணல் மண்,"crop,soil; add district/season/stage when present",retrieve canonical answer; live lookup for price/weather/schemes
AGR|HARVEST|CROP=turmeric|SOIL=clay,harvest,அறுவடை,turmeric,மஞ்சள்,clay,களிமண்,"crop,soil; add district/season/stage when present",retrieve canonical answer; live lookup for price/weather/schemes
AGR|HARVEST|CROP=turmeric|SOIL=loamy,harvest,அறுவடை,turmeric,மஞ்சள்,loamy,கலப்பு மண்,"crop,soil; add district/season/stage when present",retrieve canonical answer; live lookup for price/weather/schemes
AGR|HARVEST|CROP=turmeric|SOIL=laterite,harvest,அறுவடை,turmeric,மஞ்சள்,laterite,சரளை மண்,"crop,soil; add district/season/stage when present",retrieve canonical answer; live lookup for price/weather/schemes
AGR|HARVEST|CROP=brinjal|SOIL=red,harvest,அறுவடை,brinjal,கத்தரிக்காய்,red,செம்மண்,"crop,soil; add district/season/stage when present",retrieve canonical answer; live lookup for price/weather/schemes
AGR|HARVEST|CROP=brinjal|SOIL=black,harvest,அறுவடை,brinjal,கத்தரிக்காய்,black,கரிசல் மண்,"crop,soil; add district/season/stage when present",retrieve canonical answer; live lookup for price/weather/schemes
AGR|HARVEST|CROP=brinjal|SOIL=alluvial,harvest,அறுவடை,brinjal,கத்தரிக்காய்,alluvial,வண்டல் மண்,"crop,soil; add district/season/stage when present",retrieve canonical answer; live lookup for price/weather/schemes
AGR|HARVEST|CROP=brinjal|SOIL=sandy,harvest,அறுவடை,brinjal,கத்தரிக்காய்,sandy,மணல் மண்,"crop,soil; add district/season/stage when present",retrieve canonical answer; live lookup for price/weather/schemes
AGR|HARVEST|CROP=brinjal|SOIL=clay,harvest,அறுவடை,brinjal,கத்தரிக்காய்,clay,களிமண்,"crop,soil; add district/season/stage when present",retrieve canonical answer; live lookup for price/weather/schemes
AGR|HARVEST|CROP=brinjal|SOIL=loamy,harvest,அறுவடை,brinjal,கத்தரிக்காய்,loamy,கலப்பு மண்,"crop,soil; add district/season/stage when present",retrieve canonical answer; live lookup for price/weather/schemes
AGR|HARVEST|CROP=brinjal|SOIL=laterite,harvest,அறுவடை,brinjal,கத்தரிக்காய்,laterite,சரளை மண்,"crop,soil; add district/season/stage when present",retrieve canonical answer; live lookup for price/weather/schemes
AGR|HARVEST|CROP=okra|SOIL=red,harvest,அறுவடை,okra,வெண்டைக்காய்,red,செம்மண்,"crop,soil; add district/season/stage when present",retrieve canonical answer; live lookup for price/weather/schemes
AGR|HARVEST|CROP=okra|SOIL=black,harvest,அறுவடை,okra,வெண்டைக்காய்,black,கரிசல் மண்,"crop,soil; add district/season/stage when present",retrieve canonical answer; live lookup for price/weather/schemes
AGR|HARVEST|CROP=okra|SOIL=alluvial,harvest,அறுவடை,okra,வெண்டைக்காய்,alluvial,வண்டல் மண்,"crop,soil; add district/season/stage when present",retrieve canonical answer; live lookup for price/weather/schemes
AGR|HARVEST|CROP=okra|SOIL=sandy,harvest,அறுவடை,okra,வெண்டைக்காய்,sandy,மணல் மண்,"crop,soil; add district/season/stage when present",retrieve canonical answer; live lookup for price/weather/schemes
AGR|HARVEST|CROP=okra|SOIL=clay,harvest,அறுவடை,okra,வெண்டைக்காய்,clay,களிமண்,"crop,soil; add district/season/stage when present",retrieve canonical answer; live lookup for price/weather/schemes
AGR|HARVEST|CROP=okra|SOIL=loamy,harvest,அறுவடை,okra,வெண்டைக்காய்,loamy,கலப்பு மண்,"crop,soil; add district/season/stage when present",retrieve canonical answer; live lookup for price/weather/schemes
AGR|HARVEST|CROP=okra|SOIL=laterite,harvest,அறுவடை,okra,வெண்டைக்காய்,laterite,சரளை மண்,"crop,soil; add district/season/stage when present",retrieve canonical answer; live lookup for price/weather/schemes
AGR|HARVEST|CROP=coconut|SOIL=red,harvest,அறுவடை,coconut,தென்னை,red,செம்மண்,"crop,soil; add district/season/stage when present",retrieve canonical answer; live lookup for price/weather/schemes
AGR|HARVEST|CROP=coconut|SOIL=black,harvest,அறுவடை,coconut,தென்னை,black,கரிசல் மண்,"crop,soil; add district/season/stage when present",retrieve canonical answer; live lookup for price/weather/schemes
AGR|HARVEST|CROP=coconut|SOIL=alluvial,harvest,அறுவடை,coconut,தென்னை,alluvial,வண்டல் மண்,"crop,soil; add district/season/stage when present",retrieve canonical answer; live lookup for price/weather/schemes
AGR|HARVEST|CROP=coconut|SOIL=sandy,harvest,அறுவடை,coconut,தென்னை,sandy,மணல் மண்,"crop,soil; add district/season/stage when present",retrieve canonical answer; live lookup for price/weather/schemes
AGR|HARVEST|CROP=coconut|SOIL=clay,harvest,அறுவடை,coconut,தென்னை,clay,களிமண்,"crop,soil; add district/season/stage when present",retrieve canonical answer; live lookup for price/weather/schemes
AGR|HARVEST|CROP=coconut|SOIL=loamy,harvest,அறுவடை,coconut,தென்னை,loamy,கலப்பு மண்,"crop,soil; add district/season/stage when present",retrieve canonical answer; live lookup for price/weather/schemes
AGR|HARVEST|CROP=coconut|SOIL=laterite,harvest,அறுவடை,coconut,தென்னை,laterite,சரளை மண்,"crop,soil; add district/season/stage when present",retrieve canonical answer; live lookup for price/weather/schemes
AGR|HARVEST|CROP=pulses|SOIL=red,harvest,அறுவடை,pulses,பயறு,red,செம்மண்,"crop,soil; add district/season/stage when present",retrieve canonical answer; live lookup for price/weather/schemes
AGR|HARVEST|CROP=pulses|SOIL=black,harvest,அறுவடை,pulses,பயறு,black,கரிசல் மண்,"crop,soil; add district/season/stage when present",retrieve canonical answer; live lookup for price/weather/schemes
AGR|HARVEST|CROP=pulses|SOIL=alluvial,harvest,அறுவடை,pulses,பயறு,alluvial,வண்டல் மண்,"crop,soil; add district/season/stage when present",retrieve canonical answer; live lookup for price/weather/schemes
AGR|HARVEST|CROP=pulses|SOIL=sandy,harvest,அறுவடை,pulses,பயறு,sandy,மணல் மண்,"crop,soil; add district/season/stage when present",retrieve canonical answer; live lookup for price/weather/schemes
AGR|HARVEST|CROP=pulses|SOIL=clay,harvest,அறுவடை,pulses,பயறு,clay,களிமண்,"crop,soil; add district/season/stage when present",retrieve canonical answer; live lookup for price/weather/schemes
AGR|HARVEST|CROP=pulses|SOIL=loamy,harvest,அறுவடை,pulses,பயறு,loamy,கலப்பு மண்,"crop,soil; add district/season/stage when present",retrieve canonical answer; live lookup for price/weather/schemes
AGR|HARVEST|CROP=pulses|SOIL=laterite,harvest,அறுவடை,pulses,பயறு,laterite,சரளை மண்,"crop,soil; add district/season/stage when present",retrieve canonical answer; live lookup for price/weather/schemes
AGR|HARVEST|CROP=sesame|SOIL=red,harvest,அறுவடை,sesame,எள்,red,செம்மண்,"crop,soil; add district/season/stage when present",retrieve canonical answer; live lookup for price/weather/schemes
AGR|HARVEST|CROP=sesame|SOIL=black,harvest,அறுவடை,sesame,எள்,black,கரிசல் மண்,"crop,soil; add district/season/stage when present",retrieve canonical answer; live lookup for price/weather/schemes
AGR|HARVEST|CROP=sesame|SOIL=alluvial,harvest,அறுவடை,sesame,எள்,alluvial,வண்டல் மண்,"crop,soil; add district/season/stage when present",retrieve canonical answer; live lookup for price/weather/schemes
AGR|HARVEST|CROP=sesame|SOIL=sandy,harvest,அறுவடை,sesame,எள்,sandy,மணல் மண்,"crop,soil; add district/season/stage when present",retrieve canonical answer; live lookup for price/weather/schemes
AGR|HARVEST|CROP=sesame|SOIL=clay,harvest,அறுவடை,sesame,எள்,clay,களிமண்,"crop,soil; add district/season/stage when present",retrieve canonical answer; live lookup for price/weather/schemes
AGR|HARVEST|CROP=sesame|SOIL=loamy,harvest,அறுவடை,sesame,எள்,loamy,கலப்பு மண்,"crop,soil; add district/season/stage when present",retrieve canonical answer; live lookup for price/weather/schemes
AGR|HARVEST|CROP=sesame|SOIL=laterite,harvest,அறுவடை,sesame,எள்,laterite,சரளை மண்,"crop,soil; add district/season/stage when present",retrieve canonical answer; live lookup for price/weather/schemes
AGR|HARVEST|CROP=tapioca|SOIL=red,harvest,அறுவடை,tapioca,மரவள்ளி,red,செம்மண்,"crop,soil; add district/season/stage when present",retrieve canonical answer; live lookup for price/weather/schemes
AGR|HARVEST|CROP=tapioca|SOIL=black,harvest,அறுவடை,tapioca,மரவள்ளி,black,கரிசல் மண்,"crop,soil; add district/season/stage when present",retrieve canonical answer; live lookup for price/weather/schemes
AGR|HARVEST|CROP=tapioca|SOIL=alluvial,harvest,அறுவடை,tapioca,மரவள்ளி,alluvial,வண்டல் மண்,"crop,soil; add district/season/stage when present",retrieve canonical answer; live lookup for price/weather/schemes
AGR|HARVEST|CROP=tapioca|SOIL=sandy,harvest,அறுவடை,tapioca,மரவள்ளி,sandy,மணல் மண்,"crop,soil; add district/season/stage when present",retrieve canonical answer; live lookup for price/weather/schemes
AGR|HARVEST|CROP=tapioca|SOIL=clay,harvest,அறுவடை,tapioca,மரவள்ளி,clay,களிமண்,"crop,soil; add district/season/stage when present",retrieve canonical answer; live lookup for price/weather/schemes
AGR|HARVEST|CROP=tapioca|SOIL=loamy,harvest,அறுவடை,tapioca,மரவள்ளி,loamy,கலப்பு மண்,"crop,soil; add district/season/stage when present",retrieve canonical answer; live lookup for price/weather/schemes
AGR|HARVEST|CROP=tapioca|SOIL=laterite,harvest,அறுவடை,tapioca,மரவள்ளி,laterite,சரளை மண்,"crop,soil; add district/season/stage when present",retrieve canonical answer; live lookup for price/weather/schemes
AGR|HARVEST|CROP=drumstick|SOIL=red,harvest,அறுவடை,drumstick,முருங்கை,red,செம்மண்,"crop,soil; add district/season/stage when present",retrieve canonical answer; live lookup for price/weather/schemes
AGR|HARVEST|CROP=drumstick|SOIL=black,harvest,அறுவடை,drumstick,முருங்கை,black,கரிசல் மண்,"crop,soil; add district/season/stage when present",retrieve canonical answer; live lookup for price/weather/schemes
AGR|HARVEST|CROP=drumstick|SOIL=alluvial,harvest,அறுவடை,drumstick,முருங்கை,alluvial,வண்டல் மண்,"crop,soil; add district/season/stage when present",retrieve canonical answer; live lookup for price/weather/schemes
AGR|HARVEST|CROP=drumstick|SOIL=sandy,harvest,அறுவடை,drumstick,முருங்கை,sandy,மணல் மண்,"crop,soil; add district/season/stage when present",retrieve canonical answer; live lookup for price/weather/schemes
AGR|HARVEST|CROP=drumstick|SOIL=clay,harvest,அறுவடை,drumstick,முருங்கை,clay,களிமண்,"crop,soil; add district/season/stage when present",retrieve canonical answer; live lookup for price/weather/schemes
AGR|HARVEST|CROP=drumstick|SOIL=loamy,harvest,அறுவடை,drumstick,முருங்கை,loamy,கலப்பு மண்,"crop,soil; add district/season/stage when present",retrieve canonical answer; live lookup for price/weather/schemes
AGR|HARVEST|CROP=drumstick|SOIL=laterite,harvest,அறுவடை,drumstick,முருங்கை,laterite,சரளை மண்,"crop,soil; add district/season/stage when present",retrieve canonical answer; live lookup for price/weather/schemes
AGR|YIELD|CROP=rice|SOIL=red,yield,மகசூல்,rice,நெல்,red,செம்மண்,"crop,soil; add district/season/stage when present",retrieve canonical answer; live lookup for price/weather/schemes
AGR|YIELD|CROP=rice|SOIL=black,yield,மகசூல்,rice,நெல்,black,கரிசல் மண்,"crop,soil; add district/season/stage when present",retrieve canonical answer; live lookup for price/weather/schemes
AGR|YIELD|CROP=rice|SOIL=alluvial,yield,மகசூல்,rice,நெல்,alluvial,வண்டல் மண்,"crop,soil; add district/season/stage when present",retrieve canonical answer; live lookup for price/weather/schemes
AGR|YIELD|CROP=rice|SOIL=sandy,yield,மகசூல்,rice,நெல்,sandy,மணல் மண்,"crop,soil; add district/season/stage when present",retrieve canonical answer; live lookup for price/weather/schemes
AGR|YIELD|CROP=rice|SOIL=clay,yield,மகசூல்,rice,நெல்,clay,களிமண்,"crop,soil; add district/season/stage when present",retrieve canonical answer; live lookup for price/weather/schemes
AGR|YIELD|CROP=rice|SOIL=loamy,yield,மகசூல்,rice,நெல்,loamy,கலப்பு மண்,"crop,soil; add district/season/stage when present",retrieve canonical answer; live lookup for price/weather/schemes
AGR|YIELD|CROP=rice|SOIL=laterite,yield,மகசூல்,rice,நெல்,laterite,சரளை மண்,"crop,soil; add district/season/stage when present",retrieve canonical answer; live lookup for price/weather/schemes
AGR|YIELD|CROP=banana|SOIL=red,yield,மகசூல்,banana,வாழை,red,செம்மண்,"crop,soil; add district/season/stage when present",retrieve canonical answer; live lookup for price/weather/schemes
AGR|YIELD|CROP=banana|SOIL=black,yield,மகசூல்,banana,வாழை,black,கரிசல் மண்,"crop,soil; add district/season/stage when present",retrieve canonical answer; live lookup for price/weather/schemes
AGR|YIELD|CROP=banana|SOIL=alluvial,yield,மகசூல்,banana,வாழை,alluvial,வண்டல் மண்,"crop,soil; add district/season/stage when present",retrieve canonical answer; live lookup for price/weather/schemes
AGR|YIELD|CROP=banana|SOIL=sandy,yield,மகசூல்,banana,வாழை,sandy,மணல் மண்,"crop,soil; add district/season/stage when present",retrieve canonical answer; live lookup for price/weather/schemes
AGR|YIELD|CROP=banana|SOIL=clay,yield,மகசூல்,banana,வாழை,clay,களிமண்,"crop,soil; add district/season/stage when present",retrieve canonical answer; live lookup for price/weather/schemes
AGR|YIELD|CROP=banana|SOIL=loamy,yield,மகசூல்,banana,வாழை,loamy,கலப்பு மண்,"crop,soil; add district/season/stage when present",retrieve canonical answer; live lookup for price/weather/schemes
AGR|YIELD|CROP=banana|SOIL=laterite,yield,மகசூல்,banana,வாழை,laterite,சரளை மண்,"crop,soil; add district/season/stage when present",retrieve canonical answer; live lookup for price/weather/schemes
AGR|YIELD|CROP=sugarcane|SOIL=red,yield,மகசூல்,sugarcane,கரும்பு,red,செம்மண்,"crop,soil; add district/season/stage when present",retrieve canonical answer; live lookup for price/weather/schemes
AGR|YIELD|CROP=sugarcane|SOIL=black,yield,மகசூல்,sugarcane,கரும்பு,black,கரிசல் மண்,"crop,soil; add district/season/stage when present",retrieve canonical answer; live lookup for price/weather/schemes
AGR|YIELD|CROP=sugarcane|SOIL=alluvial,yield,மகசூல்,sugarcane,கரும்பு,alluvial,வண்டல் மண்,"crop,soil; add district/season/stage when present",retrieve canonical answer; live lookup for price/weather/schemes
AGR|YIELD|CROP=sugarcane|SOIL=sandy,yield,மகசூல்,sugarcane,கரும்பு,sandy,மணல் மண்,"crop,soil; add district/season/stage when present",retrieve canonical answer; live lookup for price/weather/schemes
AGR|YIELD|CROP=sugarcane|SOIL=clay,yield,மகசூல்,sugarcane,கரும்பு,clay,களிமண்,"crop,soil; add district/season/stage when present",retrieve canonical answer; live lookup for price/weather/schemes
AGR|YIELD|CROP=sugarcane|SOIL=loamy,yield,மகசூல்,sugarcane,கரும்பு,loamy,கலப்பு மண்,"crop,soil; add district/season/stage when present",retrieve canonical answer; live lookup for price/weather/schemes
AGR|YIELD|CROP=sugarcane|SOIL=laterite,yield,மகசூல்,sugarcane,கரும்பு,laterite,சரளை மண்,"crop,soil; add district/season/stage when present",retrieve canonical answer; live lookup for price/weather/schemes
AGR|YIELD|CROP=cotton|SOIL=red,yield,மகசூல்,cotton,பருத்தி,red,செம்மண்,"crop,soil; add district/season/stage when present",retrieve canonical answer; live lookup for price/weather/schemes
AGR|YIELD|CROP=cotton|SOIL=black,yield,மகசூல்,cotton,பருத்தி,black,கரிசல் மண்,"crop,soil; add district/season/stage when present",retrieve canonical answer; live lookup for price/weather/schemes
AGR|YIELD|CROP=cotton|SOIL=alluvial,yield,மகசூல்,cotton,பருத்தி,alluvial,வண்டல் மண்,"crop,soil; add district/season/stage when present",retrieve canonical answer; live lookup for price/weather/schemes
AGR|YIELD|CROP=cotton|SOIL=sandy,yield,மகசூல்,cotton,பருத்தி,sandy,மணல் மண்,"crop,soil; add district/season/stage when present",retrieve canonical answer; live lookup for price/weather/schemes
AGR|YIELD|CROP=cotton|SOIL=clay,yield,மகசூல்,cotton,பருத்தி,clay,களிமண்,"crop,soil; add district/season/stage when present",retrieve canonical answer; live lookup for price/weather/schemes
AGR|YIELD|CROP=cotton|SOIL=loamy,yield,மகசூல்,cotton,பருத்தி,loamy,கலப்பு மண்,"crop,soil; add district/season/stage when present",retrieve canonical answer; live lookup for price/weather/schemes
AGR|YIELD|CROP=cotton|SOIL=laterite,yield,மகசூல்,cotton,பருத்தி,laterite,சரளை மண்,"crop,soil; add district/season/stage when present",retrieve canonical answer; live lookup for price/weather/schemes
AGR|YIELD|CROP=groundnut|SOIL=red,yield,மகசூல்,groundnut,நிலக்கடலை,red,செம்மண்,"crop,soil; add district/season/stage when present",retrieve canonical answer; live lookup for price/weather/schemes
AGR|YIELD|CROP=groundnut|SOIL=black,yield,மகசூல்,groundnut,நிலக்கடலை,black,கரிசல் மண்,"crop,soil; add district/season/stage when present",retrieve canonical answer; live lookup for price/weather/schemes
AGR|YIELD|CROP=groundnut|SOIL=alluvial,yield,மகசூல்,groundnut,நிலக்கடலை,alluvial,வண்டல் மண்,"crop,soil; add district/season/stage when present",retrieve canonical answer; live lookup for price/weather/schemes
AGR|YIELD|CROP=groundnut|SOIL=sandy,yield,மகசூல்,groundnut,நிலக்கடலை,sandy,மணல் மண்,"crop,soil; add district/season/stage when present",retrieve canonical answer; live lookup for price/weather/schemes
AGR|YIELD|CROP=groundnut|SOIL=clay,yield,மகசூல்,groundnut,நிலக்கடலை,clay,களிமண்,"crop,soil; add district/season/stage when present",retrieve canonical answer; live lookup for price/weather/schemes
AGR|YIELD|CROP=groundnut|SOIL=loamy,yield,மகசூல்,groundnut,நிலக்கடலை,loamy,கலப்பு மண்,"crop,soil; add district/season/stage when present",retrieve canonical answer; live lookup for price/weather/schemes
AGR|YIELD|CROP=groundnut|SOIL=laterite,yield,மகசூல்,groundnut,நிலக்கடலை,laterite,சரளை மண்,"crop,soil; add district/season/stage when present",retrieve canonical answer; live lookup for price/weather/schemes
AGR|YIELD|CROP=maize|SOIL=red,yield,மகசூல்,maize,மக்காச்சோளம்,red,செம்மண்,"crop,soil; add district/season/stage when present",retrieve canonical answer; live lookup for price/weather/schemes
AGR|YIELD|CROP=maize|SOIL=black,yield,மகசூல்,maize,மக்காச்சோளம்,black,கரிசல் மண்,"crop,soil; add district/season/stage when present",retrieve canonical answer; live lookup for price/weather/schemes
AGR|YIELD|CROP=maize|SOIL=alluvial,yield,மகசூல்,maize,மக்காச்சோளம்,alluvial,வண்டல் மண்,"crop,soil; add district/season/stage when present",retrieve canonical answer; live lookup for price/weather/schemes
AGR|YIELD|CROP=maize|SOIL=sandy,yield,மகசூல்,maize,மக்காச்சோளம்,sandy,மணல் மண்,"crop,soil; add district/season/stage when present",retrieve canonical answer; live lookup for price/weather/schemes
AGR|YIELD|CROP=maize|SOIL=clay,yield,மகசூல்,maize,மக்காச்சோளம்,clay,களிமண்,"crop,soil; add district/season/stage when present",retrieve canonical answer; live lookup for price/weather/schemes
AGR|YIELD|CROP=maize|SOIL=loamy,yield,மகசூல்,maize,மக்காச்சோளம்,loamy,கலப்பு மண்,"crop,soil; add district/season/stage when present",retrieve canonical answer; live lookup for price/weather/schemes
AGR|YIELD|CROP=maize|SOIL=laterite,yield,மகசூல்,maize,மக்காச்சோளம்,laterite,சரளை மண்,"crop,soil; add district/season/stage when present",retrieve canonical answer; live lookup for price/weather/schemes
AGR|YIELD|CROP=millet|SOIL=red,yield,மகசூல்,millet,கம்பு,red,செம்மண்,"crop,soil; add district/season/stage when present",retrieve canonical answer; live lookup for price/weather/schemes
AGR|YIELD|CROP=millet|SOIL=black,yield,மகசூல்,millet,கம்பு,black,கரிசல் மண்,"crop,soil; add district/season/stage when present",retrieve canonical answer; live lookup for price/weather/schemes
AGR|YIELD|CROP=millet|SOIL=alluvial,yield,மகசூல்,millet,கம்பு,alluvial,வண்டல் மண்,"crop,soil; add district/season/stage when present",retrieve canonical answer; live lookup for price/weather/schemes
AGR|YIELD|CROP=millet|SOIL=sandy,yield,மகசூல்,millet,கம்பு,sandy,மணல் மண்,"crop,soil; add district/season/stage when present",retrieve canonical answer; live lookup for price/weather/schemes
AGR|YIELD|CROP=millet|SOIL=clay,yield,மகசூல்,millet,கம்பு,clay,களிமண்,"crop,soil; add district/season/stage when present",retrieve canonical answer; live lookup for price/weather/schemes
AGR|YIELD|CROP=millet|SOIL=loamy,yield,மகசூல்,millet,கம்பு,loamy,கலப்பு மண்,"crop,soil; add district/season/stage when present",retrieve canonical answer; live lookup for price/weather/schemes
AGR|YIELD|CROP=millet|SOIL=laterite,yield,மகசூல்,millet,கம்பு,laterite,சரளை மண்,"crop,soil; add district/season/stage when present",retrieve canonical answer; live lookup for price/weather/schemes
AGR|YIELD|CROP=tomato|SOIL=red,yield,மகசூல்,tomato,தக்காளி,red,செம்மண்,"crop,soil; add district/season/stage when present",retrieve canonical answer; live lookup for price/weather/schemes
AGR|YIELD|CROP=tomato|SOIL=black,yield,மகசூல்,tomato,தக்காளி,black,கரிசல் மண்,"crop,soil; add district/season/stage when present",retrieve canonical answer; live lookup for price/weather/schemes
AGR|YIELD|CROP=tomato|SOIL=alluvial,yield,மகசூல்,tomato,தக்காளி,alluvial,வண்டல் மண்,"crop,soil; add district/season/stage when present",retrieve canonical answer; live lookup for price/weather/schemes
AGR|YIELD|CROP=tomato|SOIL=sandy,yield,மகசூல்,tomato,தக்காளி,sandy,மணல் மண்,"crop,soil; add district/season/stage when present",retrieve canonical answer; live lookup for price/weather/schemes
AGR|YIELD|CROP=tomato|SOIL=clay,yield,மகசூல்,tomato,தக்காளி,clay,களிமண்,"crop,soil; add district/season/stage when present",retrieve canonical answer; live lookup for price/weather/schemes
AGR|YIELD|CROP=tomato|SOIL=loamy,yield,மகசூல்,tomato,தக்காளி,loamy,கலப்பு மண்,"crop,soil; add district/season/stage when present",retrieve canonical answer; live lookup for price/weather/schemes
AGR|YIELD|CROP=tomato|SOIL=laterite,yield,மகசூல்,tomato,தக்காளி,laterite,சரளை மண்,"crop,soil; add district/season/stage when present",retrieve canonical answer; live lookup for price/weather/schemes
AGR|YIELD|CROP=chilli|SOIL=red,yield,மகசூல்,chilli,மிளகாய்,red,செம்மண்,"crop,soil; add district/season/stage when present",retrieve canonical answer; live lookup for price/weather/schemes
AGR|YIELD|CROP=chilli|SOIL=black,yield,மகசூல்,chilli,மிளகாய்,black,கரிசல் மண்,"crop,soil; add district/season/stage when present",retrieve canonical answer; live lookup for price/weather/schemes
AGR|YIELD|CROP=chilli|SOIL=alluvial,yield,மகசூல்,chilli,மிளகாய்,alluvial,வண்டல் மண்,"crop,soil; add district/season/stage when present",retrieve canonical answer; live lookup for price/weather/schemes
AGR|YIELD|CROP=chilli|SOIL=sandy,yield,மகசூல்,chilli,மிளகாய்,sandy,மணல் மண்,"crop,soil; add district/season/stage when present",retrieve canonical answer; live lookup for price/weather/schemes
AGR|YIELD|CROP=chilli|SOIL=clay,yield,மகசூல்,chilli,மிளகாய்,clay,களிமண்,"crop,soil; add district/season/stage when present",retrieve canonical answer; live lookup for price/weather/schemes
AGR|YIELD|CROP=chilli|SOIL=loamy,yield,மகசூல்,chilli,மிளகாய்,loamy,கலப்பு மண்,"crop,soil; add district/season/stage when present",retrieve canonical answer; live lookup for price/weather/schemes
AGR|YIELD|CROP=chilli|SOIL=laterite,yield,மகசூல்,chilli,மிளகாய்,laterite,சரளை மண்,"crop,soil; add district/season/stage when present",retrieve canonical answer; live lookup for price/weather/schemes
AGR|YIELD|CROP=onion|SOIL=red,yield,மகசூல்,onion,வெங்காயம்,red,செம்மண்,"crop,soil; add district/season/stage when present",retrieve canonical answer; live lookup for price/weather/schemes
AGR|YIELD|CROP=onion|SOIL=black,yield,மகசூல்,onion,வெங்காயம்,black,கரிசல் மண்,"crop,soil; add district/season/stage when present",retrieve canonical answer; live lookup for price/weather/schemes
AGR|YIELD|CROP=onion|SOIL=alluvial,yield,மகசூல்,onion,வெங்காயம்,alluvial,வண்டல் மண்,"crop,soil; add district/season/stage when present",retrieve canonical answer; live lookup for price/weather/schemes
AGR|YIELD|CROP=onion|SOIL=sandy,yield,மகசூல்,onion,வெங்காயம்,sandy,மணல் மண்,"crop,soil; add district/season/stage when present",retrieve canonical answer; live lookup for price/weather/schemes
AGR|YIELD|CROP=onion|SOIL=clay,yield,மகசூல்,onion,வெங்காயம்,clay,களிமண்,"crop,soil; add district/season/stage when present",retrieve canonical answer; live lookup for price/weather/schemes
AGR|YIELD|CROP=onion|SOIL=loamy,yield,மகசூல்,onion,வெங்காயம்,loamy,கலப்பு மண்,"crop,soil; add district/season/stage when present",retrieve canonical answer; live lookup for price/weather/schemes
AGR|YIELD|CROP=onion|SOIL=laterite,yield,மகசூல்,onion,வெங்காயம்,laterite,சரளை மண்,"crop,soil; add district/season/stage when present",retrieve canonical answer; live lookup for price/weather/schemes
AGR|YIELD|CROP=turmeric|SOIL=red,yield,மகசூல்,turmeric,மஞ்சள்,red,செம்மண்,"crop,soil; add district/season/stage when present",retrieve canonical answer; live lookup for price/weather/schemes
AGR|YIELD|CROP=turmeric|SOIL=black,yield,மகசூல்,turmeric,மஞ்சள்,black,கரிசல் மண்,"crop,soil; add district/season/stage when present",retrieve canonical answer; live lookup for price/weather/schemes
AGR|YIELD|CROP=turmeric|SOIL=alluvial,yield,மகசூல்,turmeric,மஞ்சள்,alluvial,வண்டல் மண்,"crop,soil; add district/season/stage when present",retrieve canonical answer; live lookup for price/weather/schemes
AGR|YIELD|CROP=turmeric|SOIL=sandy,yield,மகசூல்,turmeric,மஞ்சள்,sandy,மணல் மண்,"crop,soil; add district/season/stage when present",retrieve canonical answer; live lookup for price/weather/schemes
AGR|YIELD|CROP=turmeric|SOIL=clay,yield,மகசூல்,turmeric,மஞ்சள்,clay,களிமண்,"crop,soil; add district/season/stage when present",retrieve canonical answer; live lookup for price/weather/schemes
AGR|YIELD|CROP=turmeric|SOIL=loamy,yield,மகசூல்,turmeric,மஞ்சள்,loamy,கலப்பு மண்,"crop,soil; add district/season/stage when present",retrieve canonical answer; live lookup for price/weather/schemes
AGR|YIELD|CROP=turmeric|SOIL=laterite,yield,மகசூல்,turmeric,மஞ்சள்,laterite,சரளை மண்,"crop,soil; add district/season/stage when present",retrieve canonical answer; live lookup for price/weather/schemes
AGR|YIELD|CROP=brinjal|SOIL=red,yield,மகசூல்,brinjal,கத்தரிக்காய்,red,செம்மண்,"crop,soil; add district/season/stage when present",retrieve canonical answer; live lookup for price/weather/schemes
AGR|YIELD|CROP=brinjal|SOIL=black,yield,மகசூல்,brinjal,கத்தரிக்காய்,black,கரிசல் மண்,"crop,soil; add district/season/stage when present",retrieve canonical answer; live lookup for price/weather/schemes
AGR|YIELD|CROP=brinjal|SOIL=alluvial,yield,மகசூல்,brinjal,கத்தரிக்காய்,alluvial,வண்டல் மண்,"crop,soil; add district/season/stage when present",retrieve canonical answer; live lookup for price/weather/schemes
AGR|YIELD|CROP=brinjal|SOIL=sandy,yield,மகசூல்,brinjal,கத்தரிக்காய்,sandy,மணல் மண்,"crop,soil; add district/season/stage when present",retrieve canonical answer; live lookup for price/weather/schemes
AGR|YIELD|CROP=brinjal|SOIL=clay,yield,மகசூல்,brinjal,கத்தரிக்காய்,clay,களிமண்,"crop,soil; add district/season/stage when present",retrieve canonical answer; live lookup for price/weather/schemes
AGR|YIELD|CROP=brinjal|SOIL=loamy,yield,மகசூல்,brinjal,கத்தரிக்காய்,loamy,கலப்பு மண்,"crop,soil; add district/season/stage when present",retrieve canonical answer; live lookup for price/weather/schemes
AGR|YIELD|CROP=brinjal|SOIL=laterite,yield,மகசூல்,brinjal,கத்தரிக்காய்,laterite,சரளை மண்,"crop,soil; add district/season/stage when present",retrieve canonical answer; live lookup for price/weather/schemes
AGR|YIELD|CROP=okra|SOIL=red,yield,மகசூல்,okra,வெண்டைக்காய்,red,செம்மண்,"crop,soil; add district/season/stage when present",retrieve canonical answer; live lookup for price/weather/schemes
AGR|YIELD|CROP=okra|SOIL=black,yield,மகசூல்,okra,வெண்டைக்காய்,black,கரிசல் மண்,"crop,soil; add district/season/stage when present",retrieve canonical answer; live lookup for price/weather/schemes
AGR|YIELD|CROP=okra|SOIL=alluvial,yield,மகசூல்,okra,வெண்டைக்காய்,alluvial,வண்டல் மண்,"crop,soil; add district/season/stage when present",retrieve canonical answer; live lookup for price/weather/schemes
AGR|YIELD|CROP=okra|SOIL=sandy,yield,மகசூல்,okra,வெண்டைக்காய்,sandy,மணல் மண்,"crop,soil; add district/season/stage when present",retrieve canonical answer; live lookup for price/weather/schemes
AGR|YIELD|CROP=okra|SOIL=clay,yield,மகசூல்,okra,வெண்டைக்காய்,clay,களிமண்,"crop,soil; add district/season/stage when present",retrieve canonical answer; live lookup for price/weather/schemes
AGR|YIELD|CROP=okra|SOIL=loamy,yield,மகசூல்,okra,வெண்டைக்காய்,loamy,கலப்பு மண்,"crop,soil; add district/season/stage when present",retrieve canonical answer; live lookup for price/weather/schemes
AGR|YIELD|CROP=okra|SOIL=laterite,yield,மகசூல்,okra,வெண்டைக்காய்,laterite,சரளை மண்,"crop,soil; add district/season/stage when present",retrieve canonical answer; live lookup for price/weather/schemes
AGR|YIELD|CROP=coconut|SOIL=red,yield,மகசூல்,coconut,தென்னை,red,செம்மண்,"crop,soil; add district/season/stage when present",retrieve canonical answer; live lookup for price/weather/schemes
AGR|YIELD|CROP=coconut|SOIL=black,yield,மகசூல்,coconut,தென்னை,black,கரிசல் மண்,"crop,soil; add district/season/stage when present",retrieve canonical answer; live lookup for price/weather/schemes
AGR|YIELD|CROP=coconut|SOIL=alluvial,yield,மகசூல்,coconut,தென்னை,alluvial,வண்டல் மண்,"crop,soil; add district/season/stage when present",retrieve canonical answer; live lookup for price/weather/schemes
AGR|YIELD|CROP=coconut|SOIL=sandy,yield,மகசூல்,coconut,தென்னை,sandy,மணல் மண்,"crop,soil; add district/season/stage when present",retrieve canonical answer; live lookup for price/weather/schemes
AGR|YIELD|CROP=coconut|SOIL=clay,yield,மகசூல்,coconut,தென்னை,clay,களிமண்,"crop,soil; add district/season/stage when present",retrieve canonical answer; live lookup for price/weather/schemes
AGR|YIELD|CROP=coconut|SOIL=loamy,yield,மகசூல்,coconut,தென்னை,loamy,கலப்பு மண்,"crop,soil; add district/season/stage when present",retrieve canonical answer; live lookup for price/weather/schemes
AGR|YIELD|CROP=coconut|SOIL=laterite,yield,மகசூல்,coconut,தென்னை,laterite,சரளை மண்,"crop,soil; add district/season/stage when present",retrieve canonical answer; live lookup for price/weather/schemes
AGR|YIELD|CROP=pulses|SOIL=red,yield,மகசூல்,pulses,பயறு,red,செம்மண்,"crop,soil; add district/season/stage when present",retrieve canonical answer; live lookup for price/weather/schemes
AGR|YIELD|CROP=pulses|SOIL=black,yield,மகசூல்,pulses,பயறு,black,கரிசல் மண்,"crop,soil; add district/season/stage when present",retrieve canonical answer; live lookup for price/weather/schemes
AGR|YIELD|CROP=pulses|SOIL=alluvial,yield,மகசூல்,pulses,பயறு,alluvial,வண்டல் மண்,"crop,soil; add district/season/stage when present",retrieve canonical answer; live lookup for price/weather/schemes
AGR|YIELD|CROP=pulses|SOIL=sandy,yield,மகசூல்,pulses,பயறு,sandy,மணல் மண்,"crop,soil; add district/season/stage when present",retrieve canonical answer; live lookup for price/weather/schemes
AGR|YIELD|CROP=pulses|SOIL=clay,yield,மகசூல்,pulses,பயறு,clay,களிமண்,"crop,soil; add district/season/stage when present",retrieve canonical answer; live lookup for price/weather/schemes
AGR|YIELD|CROP=pulses|SOIL=loamy,yield,மகசூல்,pulses,பயறு,loamy,கலப்பு மண்,"crop,soil; add district/season/stage when present",retrieve canonical answer; live lookup for price/weather/schemes
AGR|YIELD|CROP=pulses|SOIL=laterite,yield,மகசூல்,pulses,பயறு,laterite,சரளை மண்,"crop,soil; add district/season/stage when present",retrieve canonical answer; live lookup for price/weather/schemes
AGR|YIELD|CROP=sesame|SOIL=red,yield,மகசூல்,sesame,எள்,red,செம்மண்,"crop,soil; add district/season/stage when present",retrieve canonical answer; live lookup for price/weather/schemes
AGR|YIELD|CROP=sesame|SOIL=black,yield,மகசூல்,sesame,எள்,black,கரிசல் மண்,"crop,soil; add district/season/stage when present",retrieve canonical answer; live lookup for price/weather/schemes
AGR|YIELD|CROP=sesame|SOIL=alluvial,yield,மகசூல்,sesame,எள்,alluvial,வண்டல் மண்,"crop,soil; add district/season/stage when present",retrieve canonical answer; live lookup for price/weather/schemes
AGR|YIELD|CROP=sesame|SOIL=sandy,yield,மகசூல்,sesame,எள்,sandy,மணல் மண்,"crop,soil; add district/season/stage when present",retrieve canonical answer; live lookup for price/weather/schemes
AGR|YIELD|CROP=sesame|SOIL=clay,yield,மகசூல்,sesame,எள்,clay,களிமண்,"crop,soil; add district/season/stage when present",retrieve canonical answer; live lookup for price/weather/schemes
AGR|YIELD|CROP=sesame|SOIL=loamy,yield,மகசூல்,sesame,எள்,loamy,கலப்பு மண்,"crop,soil; add district/season/stage when present",retrieve canonical answer; live lookup for price/weather/schemes
AGR|YIELD|CROP=sesame|SOIL=laterite,yield,மகசூல்,sesame,எள்,laterite,சரளை மண்,"crop,soil; add district/season/stage when present",retrieve canonical answer; live lookup for price/weather/schemes
AGR|YIELD|CROP=tapioca|SOIL=red,yield,மகசூல்,tapioca,மரவள்ளி,red,செம்மண்,"crop,soil; add district/season/stage when present",retrieve canonical answer; live lookup for price/weather/schemes
AGR|YIELD|CROP=tapioca|SOIL=black,yield,மகசூல்,tapioca,மரவள்ளி,black,கரிசல் மண்,"crop,soil; add district/season/stage when present",retrieve canonical answer; live lookup for price/weather/schemes
AGR|YIELD|CROP=tapioca|SOIL=alluvial,yield,மகசூல்,tapioca,மரவள்ளி,alluvial,வண்டல் மண்,"crop,soil; add district/season/stage when present",retrieve canonical answer; live lookup for price/weather/schemes
AGR|YIELD|CROP=tapioca|SOIL=sandy,yield,மகசூல்,tapioca,மரவள்ளி,sandy,மணல் மண்,"crop,soil; add district/season/stage when present",retrieve canonical answer; live lookup for price/weather/schemes
AGR|YIELD|CROP=tapioca|SOIL=clay,yield,மகசூல்,tapioca,மரவள்ளி,clay,களிமண்,"crop,soil; add district/season/stage when present",retrieve canonical answer; live lookup for price/weather/schemes
AGR|YIELD|CROP=tapioca|SOIL=loamy,yield,மகசூல்,tapioca,மரவள்ளி,loamy,கலப்பு மண்,"crop,soil; add district/season/stage when present",retrieve canonical answer; live lookup for price/weather/schemes
AGR|YIELD|CROP=tapioca|SOIL=laterite,yield,மகசூல்,tapioca,மரவள்ளி,laterite,சரளை மண்,"crop,soil; add district/season/stage when present",retrieve canonical answer; live lookup for price/weather/schemes
AGR|YIELD|CROP=drumstick|SOIL=red,yield,மகசூல்,drumstick,முருங்கை,red,செம்மண்,"crop,soil; add district/season/stage when present",retrieve canonical answer; live lookup for price/weather/schemes
AGR|YIELD|CROP=drumstick|SOIL=black,yield,மகசூல்,drumstick,முருங்கை,black,கரிசல் மண்,"crop,soil; add district/season/stage when present",retrieve canonical answer; live lookup for price/weather/schemes
AGR|YIELD|CROP=drumstick|SOIL=alluvial,yield,மகசூல்,drumstick,முருங்கை,alluvial,வண்டல் மண்,"crop,soil; add district/season/stage when present",retrieve canonical answer; live lookup for price/weather/schemes
AGR|YIELD|CROP=drumstick|SOIL=sandy,yield,மகசூல்,drumstick,முருங்கை,sandy,மணல் மண்,"crop,soil; add district/season/stage when present",retrieve canonical answer; live lookup for price/weather/schemes
AGR|YIELD|CROP=drumstick|SOIL=clay,yield,மகசூல்,drumstick,முருங்கை,clay,களிமண்,"crop,soil; add district/season/stage when present",retrieve canonical answer; live lookup for price/weather/schemes
AGR|YIELD|CROP=drumstick|SOIL=loamy,yield,மகசூல்,drumstick,முருங்கை,loamy,கலப்பு மண்,"crop,soil; add district/season/stage when present",retrieve canonical answer; live lookup for price/weather/schemes
AGR|YIELD|CROP=drumstick|SOIL=laterite,yield,மகசூல்,drumstick,முருங்கை,laterite,சரளை மண்,"crop,soil; add district/season/stage when present",retrieve canonical answer; live lookup for price/weather/schemes
AGR|MARKET_PRICE|CROP=rice|SOIL=red,market_price,சந்தை விலை,rice,நெல்,red,செம்மண்,"crop,soil; add district/season/stage when present",retrieve canonical answer; live lookup for price/weather/schemes
AGR|MARKET_PRICE|CROP=rice|SOIL=black,market_price,சந்தை விலை,rice,நெல்,black,கரிசல் மண்,"crop,soil; add district/season/stage when present",retrieve canonical answer; live lookup for price/weather/schemes
AGR|MARKET_PRICE|CROP=rice|SOIL=alluvial,market_price,சந்தை விலை,rice,நெல்,alluvial,வண்டல் மண்,"crop,soil; add district/season/stage when present",retrieve canonical answer; live lookup for price/weather/schemes
AGR|MARKET_PRICE|CROP=rice|SOIL=sandy,market_price,சந்தை விலை,rice,நெல்,sandy,மணல் மண்,"crop,soil; add district/season/stage when present",retrieve canonical answer; live lookup for price/weather/schemes
AGR|MARKET_PRICE|CROP=rice|SOIL=clay,market_price,சந்தை விலை,rice,நெல்,clay,களிமண்,"crop,soil; add district/season/stage when present",retrieve canonical answer; live lookup for price/weather/schemes
AGR|MARKET_PRICE|CROP=rice|SOIL=loamy,market_price,சந்தை விலை,rice,நெல்,loamy,கலப்பு மண்,"crop,soil; add district/season/stage when present",retrieve canonical answer; live lookup for price/weather/schemes
AGR|MARKET_PRICE|CROP=rice|SOIL=laterite,market_price,சந்தை விலை,rice,நெல்,laterite,சரளை மண்,"crop,soil; add district/season/stage when present",retrieve canonical answer; live lookup for price/weather/schemes
AGR|MARKET_PRICE|CROP=banana|SOIL=red,market_price,சந்தை விலை,banana,வாழை,red,செம்மண்,"crop,soil; add district/season/stage when present",retrieve canonical answer; live lookup for price/weather/schemes
AGR|MARKET_PRICE|CROP=banana|SOIL=black,market_price,சந்தை விலை,banana,வாழை,black,கரிசல் மண்,"crop,soil; add district/season/stage when present",retrieve canonical answer; live lookup for price/weather/schemes
AGR|MARKET_PRICE|CROP=banana|SOIL=alluvial,market_price,சந்தை விலை,banana,வாழை,alluvial,வண்டல் மண்,"crop,soil; add district/season/stage when present",retrieve canonical answer; live lookup for price/weather/schemes
AGR|MARKET_PRICE|CROP=banana|SOIL=sandy,market_price,சந்தை விலை,banana,வாழை,sandy,மணல் மண்,"crop,soil; add district/season/stage when present",retrieve canonical answer; live lookup for price/weather/schemes
AGR|MARKET_PRICE|CROP=banana|SOIL=clay,market_price,சந்தை விலை,banana,வாழை,clay,களிமண்,"crop,soil; add district/season/stage when present",retrieve canonical answer; live lookup for price/weather/schemes
AGR|MARKET_PRICE|CROP=banana|SOIL=loamy,market_price,சந்தை விலை,banana,வாழை,loamy,கலப்பு மண்,"crop,soil; add district/season/stage when present",retrieve canonical answer; live lookup for price/weather/schemes
AGR|MARKET_PRICE|CROP=banana|SOIL=laterite,market_price,சந்தை விலை,banana,வாழை,laterite,சரளை மண்,"crop,soil; add district/season/stage when present",retrieve canonical answer; live lookup for price/weather/schemes
AGR|MARKET_PRICE|CROP=sugarcane|SOIL=red,market_price,சந்தை விலை,sugarcane,கரும்பு,red,செம்மண்,"crop,soil; add district/season/stage when present",retrieve canonical answer; live lookup for price/weather/schemes
AGR|MARKET_PRICE|CROP=sugarcane|SOIL=black,market_price,சந்தை விலை,sugarcane,கரும்பு,black,கரிசல் மண்,"crop,soil; add district/season/stage when present",retrieve canonical answer; live lookup for price/weather/schemes
AGR|MARKET_PRICE|CROP=sugarcane|SOIL=alluvial,market_price,சந்தை விலை,sugarcane,கரும்பு,alluvial,வண்டல் மண்,"crop,soil; add district/season/stage when present",retrieve canonical answer; live lookup for price/weather/schemes
AGR|MARKET_PRICE|CROP=sugarcane|SOIL=sandy,market_price,சந்தை விலை,sugarcane,கரும்பு,sandy,மணல் மண்,"crop,soil; add district/season/stage when present",retrieve canonical answer; live lookup for price/weather/schemes
AGR|MARKET_PRICE|CROP=sugarcane|SOIL=clay,market_price,சந்தை விலை,sugarcane,கரும்பு,clay,களிமண்,"crop,soil; add district/season/stage when present",retrieve canonical answer; live lookup for price/weather/schemes
AGR|MARKET_PRICE|CROP=sugarcane|SOIL=loamy,market_price,சந்தை விலை,sugarcane,கரும்பு,loamy,கலப்பு மண்,"crop,soil; add district/season/stage when present",retrieve canonical answer; live lookup for price/weather/schemes
AGR|MARKET_PRICE|CROP=sugarcane|SOIL=laterite,market_price,சந்தை விலை,sugarcane,கரும்பு,laterite,சரளை மண்,"crop,soil; add district/season/stage when present",retrieve canonical answer; live lookup for price/weather/schemes
AGR|MARKET_PRICE|CROP=cotton|SOIL=red,market_price,சந்தை விலை,cotton,பருத்தி,red,செம்மண்,"crop,soil; add district/season/stage when present",retrieve canonical answer; live lookup for price/weather/schemes
AGR|MARKET_PRICE|CROP=cotton|SOIL=black,market_price,சந்தை விலை,cotton,பருத்தி,black,கரிசல் மண்,"crop,soil; add district/season/stage when present",retrieve canonical answer; live lookup for price/weather/schemes
AGR|MARKET_PRICE|CROP=cotton|SOIL=alluvial,market_price,சந்தை விலை,cotton,பருத்தி,alluvial,வண்டல் மண்,"crop,soil; add district/season/stage when present",retrieve canonical answer; live lookup for price/weather/schemes
AGR|MARKET_PRICE|CROP=cotton|SOIL=sandy,market_price,சந்தை விலை,cotton,பருத்தி,sandy,மணல் மண்,"crop,soil; add district/season/stage when present",retrieve canonical answer; live lookup for price/weather/schemes
AGR|MARKET_PRICE|CROP=cotton|SOIL=clay,market_price,சந்தை விலை,cotton,பருத்தி,clay,களிமண்,"crop,soil; add district/season/stage when present",retrieve canonical answer; live lookup for price/weather/schemes
AGR|MARKET_PRICE|CROP=cotton|SOIL=loamy,market_price,சந்தை விலை,cotton,பருத்தி,loamy,கலப்பு மண்,"crop,soil; add district/season/stage when present",retrieve canonical answer; live lookup for price/weather/schemes
AGR|MARKET_PRICE|CROP=cotton|SOIL=laterite,market_price,சந்தை விலை,cotton,பருத்தி,laterite,சரளை மண்,"crop,soil; add district/season/stage when present",retrieve canonical answer; live lookup for price/weather/schemes
AGR|MARKET_PRICE|CROP=groundnut|SOIL=red,market_price,சந்தை விலை,groundnut,நிலக்கடலை,red,செம்மண்,"crop,soil; add district/season/stage when present",retrieve canonical answer; live lookup for price/weather/schemes
AGR|MARKET_PRICE|CROP=groundnut|SOIL=black,market_price,சந்தை விலை,groundnut,நிலக்கடலை,black,கரிசல் மண்,"crop,soil; add district/season/stage when present",retrieve canonical answer; live lookup for price/weather/schemes
AGR|MARKET_PRICE|CROP=groundnut|SOIL=alluvial,market_price,சந்தை விலை,groundnut,நிலக்கடலை,alluvial,வண்டல் மண்,"crop,soil; add district/season/stage when present",retrieve canonical answer; live lookup for price/weather/schemes
AGR|MARKET_PRICE|CROP=groundnut|SOIL=sandy,market_price,சந்தை விலை,groundnut,நிலக்கடலை,sandy,மணல் மண்,"crop,soil; add district/season/stage when present",retrieve canonical answer; live lookup for price/weather/schemes
AGR|MARKET_PRICE|CROP=groundnut|SOIL=clay,market_price,சந்தை விலை,groundnut,நிலக்கடலை,clay,களிமண்,"crop,soil; add district/season/stage when present",retrieve canonical answer; live lookup for price/weather/schemes
AGR|MARKET_PRICE|CROP=groundnut|SOIL=loamy,market_price,சந்தை விலை,groundnut,நிலக்கடலை,loamy,கலப்பு மண்,"crop,soil; add district/season/stage when present",retrieve canonical answer; live lookup for price/weather/schemes
AGR|MARKET_PRICE|CROP=groundnut|SOIL=laterite,market_price,சந்தை விலை,groundnut,நிலக்கடலை,laterite,சரளை மண்,"crop,soil; add district/season/stage when present",retrieve canonical answer; live lookup for price/weather/schemes
AGR|MARKET_PRICE|CROP=maize|SOIL=red,market_price,சந்தை விலை,maize,மக்காச்சோளம்,red,செம்மண்,"crop,soil; add district/season/stage when present",retrieve canonical answer; live lookup for price/weather/schemes
AGR|MARKET_PRICE|CROP=maize|SOIL=black,market_price,சந்தை விலை,maize,மக்காச்சோளம்,black,கரிசல் மண்,"crop,soil; add district/season/stage when present",retrieve canonical answer; live lookup for price/weather/schemes
AGR|MARKET_PRICE|CROP=maize|SOIL=alluvial,market_price,சந்தை விலை,maize,மக்காச்சோளம்,alluvial,வண்டல் மண்,"crop,soil; add district/season/stage when present",retrieve canonical answer; live lookup for price/weather/schemes
AGR|MARKET_PRICE|CROP=maize|SOIL=sandy,market_price,சந்தை விலை,maize,மக்காச்சோளம்,sandy,மணல் மண்,"crop,soil; add district/season/stage when present",retrieve canonical answer; live lookup for price/weather/schemes
AGR|MARKET_PRICE|CROP=maize|SOIL=clay,market_price,சந்தை விலை,maize,மக்காச்சோளம்,clay,களிமண்,"crop,soil; add district/season/stage when present",retrieve canonical answer; live lookup for price/weather/schemes
AGR|MARKET_PRICE|CROP=maize|SOIL=loamy,market_price,சந்தை விலை,maize,மக்காச்சோளம்,loamy,கலப்பு மண்,"crop,soil; add district/season/stage when present",retrieve canonical answer; live lookup for price/weather/schemes
AGR|MARKET_PRICE|CROP=maize|SOIL=laterite,market_price,சந்தை விலை,maize,மக்காச்சோளம்,laterite,சரளை மண்,"crop,soil; add district/season/stage when present",retrieve canonical answer; live lookup for price/weather/schemes
AGR|MARKET_PRICE|CROP=millet|SOIL=red,market_price,சந்தை விலை,millet,கம்பு,red,செம்மண்,"crop,soil; add district/season/stage when present",retrieve canonical answer; live lookup for price/weather/schemes
AGR|MARKET_PRICE|CROP=millet|SOIL=black,market_price,சந்தை விலை,millet,கம்பு,black,கரிசல் மண்,"crop,soil; add district/season/stage when present",retrieve canonical answer; live lookup for price/weather/schemes
AGR|MARKET_PRICE|CROP=millet|SOIL=alluvial,market_price,சந்தை விலை,millet,கம்பு,alluvial,வண்டல் மண்,"crop,soil; add district/season/stage when present",retrieve canonical answer; live lookup for price/weather/schemes
AGR|MARKET_PRICE|CROP=millet|SOIL=sandy,market_price,சந்தை விலை,millet,கம்பு,sandy,மணல் மண்,"crop,soil; add district/season/stage when present",retrieve canonical answer; live lookup for price/weather/schemes
AGR|MARKET_PRICE|CROP=millet|SOIL=clay,market_price,சந்தை விலை,millet,கம்பு,clay,களிமண்,"crop,soil; add district/season/stage when present",retrieve canonical answer; live lookup for price/weather/schemes
AGR|MARKET_PRICE|CROP=millet|SOIL=loamy,market_price,சந்தை விலை,millet,கம்பு,loamy,கலப்பு மண்,"crop,soil; add district/season/stage when present",retrieve canonical answer; live lookup for price/weather/schemes
AGR|MARKET_PRICE|CROP=millet|SOIL=laterite,market_price,சந்தை விலை,millet,கம்பு,laterite,சரளை மண்,"crop,soil; add district/season/stage when present",retrieve canonical answer; live lookup for price/weather/schemes
AGR|MARKET_PRICE|CROP=tomato|SOIL=red,market_price,சந்தை விலை,tomato,தக்காளி,red,செம்மண்,"crop,soil; add district/season/stage when present",retrieve canonical answer; live lookup for price/weather/schemes
AGR|MARKET_PRICE|CROP=tomato|SOIL=black,market_price,சந்தை விலை,tomato,தக்காளி,black,கரிசல் மண்,"crop,soil; add district/season/stage when present",retrieve canonical answer; live lookup for price/weather/schemes
AGR|MARKET_PRICE|CROP=tomato|SOIL=alluvial,market_price,சந்தை விலை,tomato,தக்காளி,alluvial,வண்டல் மண்,"crop,soil; add district/season/stage when present",retrieve canonical answer; live lookup for price/weather/schemes
AGR|MARKET_PRICE|CROP=tomato|SOIL=sandy,market_price,சந்தை விலை,tomato,தக்காளி,sandy,மணல் மண்,"crop,soil; add district/season/stage when present",retrieve canonical answer; live lookup for price/weather/schemes
AGR|MARKET_PRICE|CROP=tomato|SOIL=clay,market_price,சந்தை விலை,tomato,தக்காளி,clay,களிமண்,"crop,soil; add district/season/stage when present",retrieve canonical answer; live lookup for price/weather/schemes
AGR|MARKET_PRICE|CROP=tomato|SOIL=loamy,market_price,சந்தை விலை,tomato,தக்காளி,loamy,கலப்பு மண்,"crop,soil; add district/season/stage when present",retrieve canonical answer; live lookup for price/weather/schemes
AGR|MARKET_PRICE|CROP=tomato|SOIL=laterite,market_price,சந்தை விலை,tomato,தக்காளி,laterite,சரளை மண்,"crop,soil; add district/season/stage when present",retrieve canonical answer; live lookup for price/weather/schemes
AGR|MARKET_PRICE|CROP=chilli|SOIL=red,market_price,சந்தை விலை,chilli,மிளகாய்,red,செம்மண்,"crop,soil; add district/season/stage when present",retrieve canonical answer; live lookup for price/weather/schemes
AGR|MARKET_PRICE|CROP=chilli|SOIL=black,market_price,சந்தை விலை,chilli,மிளகாய்,black,கரிசல் மண்,"crop,soil; add district/season/stage when present",retrieve canonical answer; live lookup for price/weather/schemes
AGR|MARKET_PRICE|CROP=chilli|SOIL=alluvial,market_price,சந்தை விலை,chilli,மிளகாய்,alluvial,வண்டல் மண்,"crop,soil; add district/season/stage when present",retrieve canonical answer; live lookup for price/weather/schemes
AGR|MARKET_PRICE|CROP=chilli|SOIL=sandy,market_price,சந்தை விலை,chilli,மிளகாய்,sandy,மணல் மண்,"crop,soil; add district/season/stage when present",retrieve canonical answer; live lookup for price/weather/schemes
AGR|MARKET_PRICE|CROP=chilli|SOIL=clay,market_price,சந்தை விலை,chilli,மிளகாய்,clay,களிமண்,"crop,soil; add district/season/stage when present",retrieve canonical answer; live lookup for price/weather/schemes
AGR|MARKET_PRICE|CROP=chilli|SOIL=loamy,market_price,சந்தை விலை,chilli,மிளகாய்,loamy,கலப்பு மண்,"crop,soil; add district/season/stage when present",retrieve canonical answer; live lookup for price/weather/schemes
AGR|MARKET_PRICE|CROP=chilli|SOIL=laterite,market_price,சந்தை விலை,chilli,மிளகாய்,laterite,சரளை மண்,"crop,soil; add district/season/stage when present",retrieve canonical answer; live lookup for price/weather/schemes
AGR|MARKET_PRICE|CROP=onion|SOIL=red,market_price,சந்தை விலை,onion,வெங்காயம்,red,செம்மண்,"crop,soil; add district/season/stage when present",retrieve canonical answer; live lookup for price/weather/schemes
AGR|MARKET_PRICE|CROP=onion|SOIL=black,market_price,சந்தை விலை,onion,வெங்காயம்,black,கரிசல் மண்,"crop,soil; add district/season/stage when present",retrieve canonical answer; live lookup for price/weather/schemes
AGR|MARKET_PRICE|CROP=onion|SOIL=alluvial,market_price,சந்தை விலை,onion,வெங்காயம்,alluvial,வண்டல் மண்,"crop,soil; add district/season/stage when present",retrieve canonical answer; live lookup for price/weather/schemes
AGR|MARKET_PRICE|CROP=onion|SOIL=sandy,market_price,சந்தை விலை,onion,வெங்காயம்,sandy,மணல் மண்,"crop,soil; add district/season/stage when present",retrieve canonical answer; live lookup for price/weather/schemes
AGR|MARKET_PRICE|CROP=onion|SOIL=clay,market_price,சந்தை விலை,onion,வெங்காயம்,clay,களிமண்,"crop,soil; add district/season/stage when present",retrieve canonical answer; live lookup for price/weather/schemes
AGR|MARKET_PRICE|CROP=onion|SOIL=loamy,market_price,சந்தை விலை,onion,வெங்காயம்,loamy,கலப்பு மண்,"crop,soil; add district/season/stage when present",retrieve canonical answer; live lookup for price/weather/schemes
AGR|MARKET_PRICE|CROP=onion|SOIL=laterite,market_price,சந்தை விலை,onion,வெங்காயம்,laterite,சரளை மண்,"crop,soil; add district/season/stage when present",retrieve canonical answer; live lookup for price/weather/schemes
AGR|MARKET_PRICE|CROP=turmeric|SOIL=red,market_price,சந்தை விலை,turmeric,மஞ்சள்,red,செம்மண்,"crop,soil; add district/season/stage when present",retrieve canonical answer; live lookup for price/weather/schemes
AGR|MARKET_PRICE|CROP=turmeric|SOIL=black,market_price,சந்தை விலை,turmeric,மஞ்சள்,black,கரிசல் மண்,"crop,soil; add district/season/stage when present",retrieve canonical answer; live lookup for price/weather/schemes
AGR|MARKET_PRICE|CROP=turmeric|SOIL=alluvial,market_price,சந்தை விலை,turmeric,மஞ்சள்,alluvial,வண்டல் மண்,"crop,soil; add district/season/stage when present",retrieve canonical answer; live lookup for price/weather/schemes
AGR|MARKET_PRICE|CROP=turmeric|SOIL=sandy,market_price,சந்தை விலை,turmeric,மஞ்சள்,sandy,மணல் மண்,"crop,soil; add district/season/stage when present",retrieve canonical answer; live lookup for price/weather/schemes
AGR|MARKET_PRICE|CROP=turmeric|SOIL=clay,market_price,சந்தை விலை,turmeric,மஞ்சள்,clay,களிமண்,"crop,soil; add district/season/stage when present",retrieve canonical answer; live lookup for price/weather/schemes
AGR|MARKET_PRICE|CROP=turmeric|SOIL=loamy,market_price,சந்தை விலை,turmeric,மஞ்சள்,loamy,கலப்பு மண்,"crop,soil; add district/season/stage when present",retrieve canonical answer; live lookup for price/weather/schemes
AGR|MARKET_PRICE|CROP=turmeric|SOIL=laterite,market_price,சந்தை விலை,turmeric,மஞ்சள்,laterite,சரளை மண்,"crop,soil; add district/season/stage when present",retrieve canonical answer; live lookup for price/weather/schemes
AGR|MARKET_PRICE|CROP=brinjal|SOIL=red,market_price,சந்தை விலை,brinjal,கத்தரிக்காய்,red,செம்மண்,"crop,soil; add district/season/stage when present",retrieve canonical answer; live lookup for price/weather/schemes
AGR|MARKET_PRICE|CROP=brinjal|SOIL=black,market_price,சந்தை விலை,brinjal,கத்தரிக்காய்,black,கரிசல் மண்,"crop,soil; add district/season/stage when present",retrieve canonical answer; live lookup for price/weather/schemes
AGR|MARKET_PRICE|CROP=brinjal|SOIL=alluvial,market_price,சந்தை விலை,brinjal,கத்தரிக்காய்,alluvial,வண்டல் மண்,"crop,soil; add district/season/stage when present",retrieve canonical answer; live lookup for price/weather/schemes
AGR|MARKET_PRICE|CROP=brinjal|SOIL=sandy,market_price,சந்தை விலை,brinjal,கத்தரிக்காய்,sandy,மணல் மண்,"crop,soil; add district/season/stage when present",retrieve canonical answer; live lookup for price/weather/schemes
AGR|MARKET_PRICE|CROP=brinjal|SOIL=clay,market_price,சந்தை விலை,brinjal,கத்தரிக்காய்,clay,களிமண்,"crop,soil; add district/season/stage when present",retrieve canonical answer; live lookup for price/weather/schemes
AGR|MARKET_PRICE|CROP=brinjal|SOIL=loamy,market_price,சந்தை விலை,brinjal,கத்தரிக்காய்,loamy,கலப்பு மண்,"crop,soil; add district/season/stage when present",retrieve canonical answer; live lookup for price/weather/schemes
AGR|MARKET_PRICE|CROP=brinjal|SOIL=laterite,market_price,சந்தை விலை,brinjal,கத்தரிக்காய்,laterite,சரளை மண்,"crop,soil; add district/season/stage when present",retrieve canonical answer; live lookup for price/weather/schemes
AGR|MARKET_PRICE|CROP=okra|SOIL=red,market_price,சந்தை விலை,okra,வெண்டைக்காய்,red,செம்மண்,"crop,soil; add district/season/stage when present",retrieve canonical answer; live lookup for price/weather/schemes
AGR|MARKET_PRICE|CROP=okra|SOIL=black,market_price,சந்தை விலை,okra,வெண்டைக்காய்,black,கரிசல் மண்,"crop,soil; add district/season/stage when present",retrieve canonical answer; live lookup for price/weather/schemes
AGR|MARKET_PRICE|CROP=okra|SOIL=alluvial,market_price,சந்தை விலை,okra,வெண்டைக்காய்,alluvial,வண்டல் மண்,"crop,soil; add district/season/stage when present",retrieve canonical answer; live lookup for price/weather/schemes
AGR|MARKET_PRICE|CROP=okra|SOIL=sandy,market_price,சந்தை விலை,okra,வெண்டைக்காய்,sandy,மணல் மண்,"crop,soil; add district/season/stage when present",retrieve canonical answer; live lookup for price/weather/schemes
AGR|MARKET_PRICE|CROP=okra|SOIL=clay,market_price,சந்தை விலை,okra,வெண்டைக்காய்,clay,களிமண்,"crop,soil; add district/season/stage when present",retrieve canonical answer; live lookup for price/weather/schemes
AGR|MARKET_PRICE|CROP=okra|SOIL=loamy,market_price,சந்தை விலை,okra,வெண்டைக்காய்,loamy,கலப்பு மண்,"crop,soil; add district/season/stage when present",retrieve canonical answer; live lookup for price/weather/schemes
AGR|MARKET_PRICE|CROP=okra|SOIL=laterite,market_price,சந்தை விலை,okra,வெண்டைக்காய்,laterite,சரளை மண்,"crop,soil; add district/season/stage when present",retrieve canonical answer; live lookup for price/weather/schemes
AGR|MARKET_PRICE|CROP=coconut|SOIL=red,market_price,சந்தை விலை,coconut,தென்னை,red,செம்மண்,"crop,soil; add district/season/stage when present",retrieve canonical answer; live lookup for price/weather/schemes
AGR|MARKET_PRICE|CROP=coconut|SOIL=black,market_price,சந்தை விலை,coconut,தென்னை,black,கரிசல் மண்,"crop,soil; add district/season/stage when present",retrieve canonical answer; live lookup for price/weather/schemes
AGR|MARKET_PRICE|CROP=coconut|SOIL=alluvial,market_price,சந்தை விலை,coconut,தென்னை,alluvial,வண்டல் மண்,"crop,soil; add district/season/stage when present",retrieve canonical answer; live lookup for price/weather/schemes
AGR|MARKET_PRICE|CROP=coconut|SOIL=sandy,market_price,சந்தை விலை,coconut,தென்னை,sandy,மணல் மண்,"crop,soil; add district/season/stage when present",retrieve canonical answer; live lookup for price/weather/schemes
AGR|MARKET_PRICE|CROP=coconut|SOIL=clay,market_price,சந்தை விலை,coconut,தென்னை,clay,களிமண்,"crop,soil; add district/season/stage when present",retrieve canonical answer; live lookup for price/weather/schemes
AGR|MARKET_PRICE|CROP=coconut|SOIL=loamy,market_price,சந்தை விலை,coconut,தென்னை,loamy,கலப்பு மண்,"crop,soil; add district/season/stage when present",retrieve canonical answer; live lookup for price/weather/schemes
AGR|MARKET_PRICE|CROP=coconut|SOIL=laterite,market_price,சந்தை விலை,coconut,தென்னை,laterite,சரளை மண்,"crop,soil; add district/season/stage when present",retrieve canonical answer; live lookup for price/weather/schemes
AGR|MARKET_PRICE|CROP=pulses|SOIL=red,market_price,சந்தை விலை,pulses,பயறு,red,செம்மண்,"crop,soil; add district/season/stage when present",retrieve canonical answer; live lookup for price/weather/schemes
AGR|MARKET_PRICE|CROP=pulses|SOIL=black,market_price,சந்தை விலை,pulses,பயறு,black,கரிசல் மண்,"crop,soil; add district/season/stage when present",retrieve canonical answer; live lookup for price/weather/schemes
AGR|MARKET_PRICE|CROP=pulses|SOIL=alluvial,market_price,சந்தை விலை,pulses,பயறு,alluvial,வண்டல் மண்,"crop,soil; add district/season/stage when present",retrieve canonical answer; live lookup for price/weather/schemes
AGR|MARKET_PRICE|CROP=pulses|SOIL=sandy,market_price,சந்தை விலை,pulses,பயறு,sandy,மணல் மண்,"crop,soil; add district/season/stage when present",retrieve canonical answer; live lookup for price/weather/schemes
AGR|MARKET_PRICE|CROP=pulses|SOIL=clay,market_price,சந்தை விலை,pulses,பயறு,clay,களிமண்,"crop,soil; add district/season/stage when present",retrieve canonical answer; live lookup for price/weather/schemes
AGR|MARKET_PRICE|CROP=pulses|SOIL=loamy,market_price,சந்தை விலை,pulses,பயறு,loamy,கலப்பு மண்,"crop,soil; add district/season/stage when present",retrieve canonical answer; live lookup for price/weather/schemes
AGR|MARKET_PRICE|CROP=pulses|SOIL=laterite,market_price,சந்தை விலை,pulses,பயறு,laterite,சரளை மண்,"crop,soil; add district/season/stage when present",retrieve canonical answer; live lookup for price/weather/schemes
AGR|MARKET_PRICE|CROP=sesame|SOIL=red,market_price,சந்தை விலை,sesame,எள்,red,செம்மண்,"crop,soil; add district/season/stage when present",retrieve canonical answer; live lookup for price/weather/schemes
AGR|MARKET_PRICE|CROP=sesame|SOIL=black,market_price,சந்தை விலை,sesame,எள்,black,கரிசல் மண்,"crop,soil; add district/season/stage when present",retrieve canonical answer; live lookup for price/weather/schemes
AGR|MARKET_PRICE|CROP=sesame|SOIL=alluvial,market_price,சந்தை விலை,sesame,எள்,alluvial,வண்டல் மண்,"crop,soil; add district/season/stage when present",retrieve canonical answer; live lookup for price/weather/schemes
AGR|MARKET_PRICE|CROP=sesame|SOIL=sandy,market_price,சந்தை விலை,sesame,எள்,sandy,மணல் மண்,"crop,soil; add district/season/stage when present",retrieve canonical answer; live lookup for price/weather/schemes
AGR|MARKET_PRICE|CROP=sesame|SOIL=clay,market_price,சந்தை விலை,sesame,எள்,clay,களிமண்,"crop,soil; add district/season/stage when present",retrieve canonical answer; live lookup for price/weather/schemes
AGR|MARKET_PRICE|CROP=sesame|SOIL=loamy,market_price,சந்தை விலை,sesame,எள்,loamy,கலப்பு மண்,"crop,soil; add district/season/stage when present",retrieve canonical answer; live lookup for price/weather/schemes
AGR|MARKET_PRICE|CROP=sesame|SOIL=laterite,market_price,சந்தை விலை,sesame,எள்,laterite,சரளை மண்,"crop,soil; add district/season/stage when present",retrieve canonical answer; live lookup for price/weather/schemes
AGR|MARKET_PRICE|CROP=tapioca|SOIL=red,market_price,சந்தை விலை,tapioca,மரவள்ளி,red,செம்மண்,"crop,soil; add district/season/stage when present",retrieve canonical answer; live lookup for price/weather/schemes
AGR|MARKET_PRICE|CROP=tapioca|SOIL=black,market_price,சந்தை விலை,tapioca,மரவள்ளி,black,கரிசல் மண்,"crop,soil; add district/season/stage when present",retrieve canonical answer; live lookup for price/weather/schemes
AGR|MARKET_PRICE|CROP=tapioca|SOIL=alluvial,market_price,சந்தை விலை,tapioca,மரவள்ளி,alluvial,வண்டல் மண்,"crop,soil; add district/season/stage when present",retrieve canonical answer; live lookup for price/weather/schemes
AGR|MARKET_PRICE|CROP=tapioca|SOIL=sandy,market_price,சந்தை விலை,tapioca,மரவள்ளி,sandy,மணல் மண்,"crop,soil; add district/season/stage when present",retrieve canonical answer; live lookup for price/weather/schemes
AGR|MARKET_PRICE|CROP=tapioca|SOIL=clay,market_price,சந்தை விலை,tapioca,மரவள்ளி,clay,களிமண்,"crop,soil; add district/season/stage when present",retrieve canonical answer; live lookup for price/weather/schemes
AGR|MARKET_PRICE|CROP=tapioca|SOIL=loamy,market_price,சந்தை விலை,tapioca,மரவள்ளி,loamy,கலப்பு மண்,"crop,soil; add district/season/stage when present",retrieve canonical answer; live lookup for price/weather/schemes
AGR|MARKET_PRICE|CROP=tapioca|SOIL=laterite,market_price,சந்தை விலை,tapioca,மரவள்ளி,laterite,சரளை மண்,"crop,soil; add district/season/stage when present",retrieve canonical answer; live lookup for price/weather/schemes
AGR|MARKET_PRICE|CROP=drumstick|SOIL=red,market_price,சந்தை விலை,drumstick,முருங்கை,red,செம்மண்,"crop,soil; add district/season/stage when present",retrieve canonical answer; live lookup for price/weather/schemes
AGR|MARKET_PRICE|CROP=drumstick|SOIL=black,market_price,சந்தை விலை,drumstick,முருங்கை,black,கரிசல் மண்,"crop,soil; add district/season/stage when present",retrieve canonical answer; live lookup for price/weather/schemes
AGR|MARKET_PRICE|CROP=drumstick|SOIL=alluvial,market_price,சந்தை விலை,drumstick,முருங்கை,alluvial,வண்டல் மண்,"crop,soil; add district/season/stage when present",retrieve canonical answer; live lookup for price/weather/schemes
AGR|MARKET_PRICE|CROP=drumstick|SOIL=sandy,market_price,சந்தை விலை,drumstick,முருங்கை,sandy,மணல் மண்,"crop,soil; add district/season/stage when present",retrieve canonical answer; live lookup for price/weather/schemes
AGR|MARKET_PRICE|CROP=drumstick|SOIL=clay,market_price,சந்தை விலை,drumstick,முருங்கை,clay,களிமண்,"crop,soil; add district/season/stage when present",retrieve canonical answer; live lookup for price/weather/schemes
AGR|MARKET_PRICE|CROP=drumstick|SOIL=loamy,market_price,சந்தை விலை,drumstick,முருங்கை,loamy,கலப்பு மண்,"crop,soil; add district/season/stage when present",retrieve canonical answer; live lookup for price/weather/schemes
AGR|MARKET_PRICE|CROP=drumstick|SOIL=laterite,market_price,சந்தை விலை,drumstick,முருங்கை,laterite,சரளை மண்,"crop,soil; add district/season/stage when present",retrieve canonical answer; live lookup for price/weather/schemes
AGR|SELLING|CROP=rice|SOIL=red,selling,விற்பனை,rice,நெல்,red,செம்மண்,"crop,soil; add district/season/stage when present",retrieve canonical answer; live lookup for price/weather/schemes
AGR|SELLING|CROP=rice|SOIL=black,selling,விற்பனை,rice,நெல்,black,கரிசல் மண்,"crop,soil; add district/season/stage when present",retrieve canonical answer; live lookup for price/weather/schemes
AGR|SELLING|CROP=rice|SOIL=alluvial,selling,விற்பனை,rice,நெல்,alluvial,வண்டல் மண்,"crop,soil; add district/season/stage when present",retrieve canonical answer; live lookup for price/weather/schemes
AGR|SELLING|CROP=rice|SOIL=sandy,selling,விற்பனை,rice,நெல்,sandy,மணல் மண்,"crop,soil; add district/season/stage when present",retrieve canonical answer; live lookup for price/weather/schemes
AGR|SELLING|CROP=rice|SOIL=clay,selling,விற்பனை,rice,நெல்,clay,களிமண்,"crop,soil; add district/season/stage when present",retrieve canonical answer; live lookup for price/weather/schemes
AGR|SELLING|CROP=rice|SOIL=loamy,selling,விற்பனை,rice,நெல்,loamy,கலப்பு மண்,"crop,soil; add district/season/stage when present",retrieve canonical answer; live lookup for price/weather/schemes
AGR|SELLING|CROP=rice|SOIL=laterite,selling,விற்பனை,rice,நெல்,laterite,சரளை மண்,"crop,soil; add district/season/stage when present",retrieve canonical answer; live lookup for price/weather/schemes
AGR|SELLING|CROP=banana|SOIL=red,selling,விற்பனை,banana,வாழை,red,செம்மண்,"crop,soil; add district/season/stage when present",retrieve canonical answer; live lookup for price/weather/schemes
AGR|SELLING|CROP=banana|SOIL=black,selling,விற்பனை,banana,வாழை,black,கரிசல் மண்,"crop,soil; add district/season/stage when present",retrieve canonical answer; live lookup for price/weather/schemes
AGR|SELLING|CROP=banana|SOIL=alluvial,selling,விற்பனை,banana,வாழை,alluvial,வண்டல் மண்,"crop,soil; add district/season/stage when present",retrieve canonical answer; live lookup for price/weather/schemes
AGR|SELLING|CROP=banana|SOIL=sandy,selling,விற்பனை,banana,வாழை,sandy,மணல் மண்,"crop,soil; add district/season/stage when present",retrieve canonical answer; live lookup for price/weather/schemes
AGR|SELLING|CROP=banana|SOIL=clay,selling,விற்பனை,banana,வாழை,clay,களிமண்,"crop,soil; add district/season/stage when present",retrieve canonical answer; live lookup for price/weather/schemes
AGR|SELLING|CROP=banana|SOIL=loamy,selling,விற்பனை,banana,வாழை,loamy,கலப்பு மண்,"crop,soil; add district/season/stage when present",retrieve canonical answer; live lookup for price/weather/schemes
AGR|SELLING|CROP=banana|SOIL=laterite,selling,விற்பனை,banana,வாழை,laterite,சரளை மண்,"crop,soil; add district/season/stage when present",retrieve canonical answer; live lookup for price/weather/schemes
AGR|SELLING|CROP=sugarcane|SOIL=red,selling,விற்பனை,sugarcane,கரும்பு,red,செம்மண்,"crop,soil; add district/season/stage when present",retrieve canonical answer; live lookup for price/weather/schemes
AGR|SELLING|CROP=sugarcane|SOIL=black,selling,விற்பனை,sugarcane,கரும்பு,black,கரிசல் மண்,"crop,soil; add district/season/stage when present",retrieve canonical answer; live lookup for price/weather/schemes
AGR|SELLING|CROP=sugarcane|SOIL=alluvial,selling,விற்பனை,sugarcane,கரும்பு,alluvial,வண்டல் மண்,"crop,soil; add district/season/stage when present",retrieve canonical answer; live lookup for price/weather/schemes
AGR|SELLING|CROP=sugarcane|SOIL=sandy,selling,விற்பனை,sugarcane,கரும்பு,sandy,மணல் மண்,"crop,soil; add district/season/stage when present",retrieve canonical answer; live lookup for price/weather/schemes
AGR|SELLING|CROP=sugarcane|SOIL=clay,selling,விற்பனை,sugarcane,கரும்பு,clay,களிமண்,"crop,soil; add district/season/stage when present",retrieve canonical answer; live lookup for price/weather/schemes
AGR|SELLING|CROP=sugarcane|SOIL=loamy,selling,விற்பனை,sugarcane,கரும்பு,loamy,கலப்பு மண்,"crop,soil; add district/season/stage when present",retrieve canonical answer; live lookup for price/weather/schemes
AGR|SELLING|CROP=sugarcane|SOIL=laterite,selling,விற்பனை,sugarcane,கரும்பு,laterite,சரளை மண்,"crop,soil; add district/season/stage when present",retrieve canonical answer; live lookup for price/weather/schemes
AGR|SELLING|CROP=cotton|SOIL=red,selling,விற்பனை,cotton,பருத்தி,red,செம்மண்,"crop,soil; add district/season/stage when present",retrieve canonical answer; live lookup for price/weather/schemes
AGR|SELLING|CROP=cotton|SOIL=black,selling,விற்பனை,cotton,பருத்தி,black,கரிசல் மண்,"crop,soil; add district/season/stage when present",retrieve canonical answer; live lookup for price/weather/schemes
AGR|SELLING|CROP=cotton|SOIL=alluvial,selling,விற்பனை,cotton,பருத்தி,alluvial,வண்டல் மண்,"crop,soil; add district/season/stage when present",retrieve canonical answer; live lookup for price/weather/schemes
AGR|SELLING|CROP=cotton|SOIL=sandy,selling,விற்பனை,cotton,பருத்தி,sandy,மணல் மண்,"crop,soil; add district/season/stage when present",retrieve canonical answer; live lookup for price/weather/schemes
AGR|SELLING|CROP=cotton|SOIL=clay,selling,விற்பனை,cotton,பருத்தி,clay,களிமண்,"crop,soil; add district/season/stage when present",retrieve canonical answer; live lookup for price/weather/schemes
AGR|SELLING|CROP=cotton|SOIL=loamy,selling,விற்பனை,cotton,பருத்தி,loamy,கலப்பு மண்,"crop,soil; add district/season/stage when present",retrieve canonical answer; live lookup for price/weather/schemes
AGR|SELLING|CROP=cotton|SOIL=laterite,selling,விற்பனை,cotton,பருத்தி,laterite,சரளை மண்,"crop,soil; add district/season/stage when present",retrieve canonical answer; live lookup for price/weather/schemes
AGR|SELLING|CROP=groundnut|SOIL=red,selling,விற்பனை,groundnut,நிலக்கடலை,red,செம்மண்,"crop,soil; add district/season/stage when present",retrieve canonical answer; live lookup for price/weather/schemes
AGR|SELLING|CROP=groundnut|SOIL=black,selling,விற்பனை,groundnut,நிலக்கடலை,black,கரிசல் மண்,"crop,soil; add district/season/stage when present",retrieve canonical answer; live lookup for price/weather/schemes
AGR|SELLING|CROP=groundnut|SOIL=alluvial,selling,விற்பனை,groundnut,நிலக்கடலை,alluvial,வண்டல் மண்,"crop,soil; add district/season/stage when present",retrieve canonical answer; live lookup for price/weather/schemes
AGR|SELLING|CROP=groundnut|SOIL=sandy,selling,விற்பனை,groundnut,நிலக்கடலை,sandy,மணல் மண்,"crop,soil; add district/season/stage when present",retrieve canonical answer; live lookup for price/weather/schemes
AGR|SELLING|CROP=groundnut|SOIL=clay,selling,விற்பனை,groundnut,நிலக்கடலை,clay,களிமண்,"crop,soil; add district/season/stage when present",retrieve canonical answer; live lookup for price/weather/schemes
AGR|SELLING|CROP=groundnut|SOIL=loamy,selling,விற்பனை,groundnut,நிலக்கடலை,loamy,கலப்பு மண்,"crop,soil; add district/season/stage when present",retrieve canonical answer; live lookup for price/weather/schemes
AGR|SELLING|CROP=groundnut|SOIL=laterite,selling,விற்பனை,groundnut,நிலக்கடலை,laterite,சரளை மண்,"crop,soil; add district/season/stage when present",retrieve canonical answer; live lookup for price/weather/schemes
AGR|SELLING|CROP=maize|SOIL=red,selling,விற்பனை,maize,மக்காச்சோளம்,red,செம்மண்,"crop,soil; add district/season/stage when present",retrieve canonical answer; live lookup for price/weather/schemes
AGR|SELLING|CROP=maize|SOIL=black,selling,விற்பனை,maize,மக்காச்சோளம்,black,கரிசல் மண்,"crop,soil; add district/season/stage when present",retrieve canonical answer; live lookup for price/weather/schemes
AGR|SELLING|CROP=maize|SOIL=alluvial,selling,விற்பனை,maize,மக்காச்சோளம்,alluvial,வண்டல் மண்,"crop,soil; add district/season/stage when present",retrieve canonical answer; live lookup for price/weather/schemes
AGR|SELLING|CROP=maize|SOIL=sandy,selling,விற்பனை,maize,மக்காச்சோளம்,sandy,மணல் மண்,"crop,soil; add district/season/stage when present",retrieve canonical answer; live lookup for price/weather/schemes
AGR|SELLING|CROP=maize|SOIL=clay,selling,விற்பனை,maize,மக்காச்சோளம்,clay,களிமண்,"crop,soil; add district/season/stage when present",retrieve canonical answer; live lookup for price/weather/schemes
AGR|SELLING|CROP=maize|SOIL=loamy,selling,விற்பனை,maize,மக்காச்சோளம்,loamy,கலப்பு மண்,"crop,soil; add district/season/stage when present",retrieve canonical answer; live lookup for price/weather/schemes
AGR|SELLING|CROP=maize|SOIL=laterite,selling,விற்பனை,maize,மக்காச்சோளம்,laterite,சரளை மண்,"crop,soil; add district/season/stage when present",retrieve canonical answer; live lookup for price/weather/schemes
AGR|SELLING|CROP=millet|SOIL=red,selling,விற்பனை,millet,கம்பு,red,செம்மண்,"crop,soil; add district/season/stage when present",retrieve canonical answer; live lookup for price/weather/schemes
AGR|SELLING|CROP=millet|SOIL=black,selling,விற்பனை,millet,கம்பு,black,கரிசல் மண்,"crop,soil; add district/season/stage when present",retrieve canonical answer; live lookup for price/weather/schemes
AGR|SELLING|CROP=millet|SOIL=alluvial,selling,விற்பனை,millet,கம்பு,alluvial,வண்டல் மண்,"crop,soil; add district/season/stage when present",retrieve canonical answer; live lookup for price/weather/schemes
AGR|SELLING|CROP=millet|SOIL=sandy,selling,விற்பனை,millet,கம்பு,sandy,மணல் மண்,"crop,soil; add district/season/stage when present",retrieve canonical answer; live lookup for price/weather/schemes
AGR|SELLING|CROP=millet|SOIL=clay,selling,விற்பனை,millet,கம்பு,clay,களிமண்,"crop,soil; add district/season/stage when present",retrieve canonical answer; live lookup for price/weather/schemes
AGR|SELLING|CROP=millet|SOIL=loamy,selling,விற்பனை,millet,கம்பு,loamy,கலப்பு மண்,"crop,soil; add district/season/stage when present",retrieve canonical answer; live lookup for price/weather/schemes
AGR|SELLING|CROP=millet|SOIL=laterite,selling,விற்பனை,millet,கம்பு,laterite,சரளை மண்,"crop,soil; add district/season/stage when present",retrieve canonical answer; live lookup for price/weather/schemes
AGR|SELLING|CROP=tomato|SOIL=red,selling,விற்பனை,tomato,தக்காளி,red,செம்மண்,"crop,soil; add district/season/stage when present",retrieve canonical answer; live lookup for price/weather/schemes
AGR|SELLING|CROP=tomato|SOIL=black,selling,விற்பனை,tomato,தக்காளி,black,கரிசல் மண்,"crop,soil; add district/season/stage when present",retrieve canonical answer; live lookup for price/weather/schemes
AGR|SELLING|CROP=tomato|SOIL=alluvial,selling,விற்பனை,tomato,தக்காளி,alluvial,வண்டல் மண்,"crop,soil; add district/season/stage when present",retrieve canonical answer; live lookup for price/weather/schemes
AGR|SELLING|CROP=tomato|SOIL=sandy,selling,விற்பனை,tomato,தக்காளி,sandy,மணல் மண்,"crop,soil; add district/season/stage when present",retrieve canonical answer; live lookup for price/weather/schemes
AGR|SELLING|CROP=tomato|SOIL=clay,selling,விற்பனை,tomato,தக்காளி,clay,களிமண்,"crop,soil; add district/season/stage when present",retrieve canonical answer; live lookup for price/weather/schemes
AGR|SELLING|CROP=tomato|SOIL=loamy,selling,விற்பனை,tomato,தக்காளி,loamy,கலப்பு மண்,"crop,soil; add district/season/stage when present",retrieve canonical answer; live lookup for price/weather/schemes
AGR|SELLING|CROP=tomato|SOIL=laterite,selling,விற்பனை,tomato,தக்காளி,laterite,சரளை மண்,"crop,soil; add district/season/stage when present",retrieve canonical answer; live lookup for price/weather/schemes
AGR|SELLING|CROP=chilli|SOIL=red,selling,விற்பனை,chilli,மிளகாய்,red,செம்மண்,"crop,soil; add district/season/stage when present",retrieve canonical answer; live lookup for price/weather/schemes
AGR|SELLING|CROP=chilli|SOIL=black,selling,விற்பனை,chilli,மிளகாய்,black,கரிசல் மண்,"crop,soil; add district/season/stage when present",retrieve canonical answer; live lookup for price/weather/schemes
AGR|SELLING|CROP=chilli|SOIL=alluvial,selling,விற்பனை,chilli,மிளகாய்,alluvial,வண்டல் மண்,"crop,soil; add district/season/stage when present",retrieve canonical answer; live lookup for price/weather/schemes
AGR|SELLING|CROP=chilli|SOIL=sandy,selling,விற்பனை,chilli,மிளகாய்,sandy,மணல் மண்,"crop,soil; add district/season/stage when present",retrieve canonical answer; live lookup for price/weather/schemes
AGR|SELLING|CROP=chilli|SOIL=clay,selling,விற்பனை,chilli,மிளகாய்,clay,களிமண்,"crop,soil; add district/season/stage when present",retrieve canonical answer; live lookup for price/weather/schemes
AGR|SELLING|CROP=chilli|SOIL=loamy,selling,விற்பனை,chilli,மிளகாய்,loamy,கலப்பு மண்,"crop,soil; add district/season/stage when present",retrieve canonical answer; live lookup for price/weather/schemes
AGR|SELLING|CROP=chilli|SOIL=laterite,selling,விற்பனை,chilli,மிளகாய்,laterite,சரளை மண்,"crop,soil; add district/season/stage when present",retrieve canonical answer; live lookup for price/weather/schemes
AGR|SELLING|CROP=onion|SOIL=red,selling,விற்பனை,onion,வெங்காயம்,red,செம்மண்,"crop,soil; add district/season/stage when present",retrieve canonical answer; live lookup for price/weather/schemes
AGR|SELLING|CROP=onion|SOIL=black,selling,விற்பனை,onion,வெங்காயம்,black,கரிசல் மண்,"crop,soil; add district/season/stage when present",retrieve canonical answer; live lookup for price/weather/schemes
AGR|SELLING|CROP=onion|SOIL=alluvial,selling,விற்பனை,onion,வெங்காயம்,alluvial,வண்டல் மண்,"crop,soil; add district/season/stage when present",retrieve canonical answer; live lookup for price/weather/schemes
AGR|SELLING|CROP=onion|SOIL=sandy,selling,விற்பனை,onion,வெங்காயம்,sandy,மணல் மண்,"crop,soil; add district/season/stage when present",retrieve canonical answer; live lookup for price/weather/schemes
AGR|SELLING|CROP=onion|SOIL=clay,selling,விற்பனை,onion,வெங்காயம்,clay,களிமண்,"crop,soil; add district/season/stage when present",retrieve canonical answer; live lookup for price/weather/schemes
AGR|SELLING|CROP=onion|SOIL=loamy,selling,விற்பனை,onion,வெங்காயம்,loamy,கலப்பு மண்,"crop,soil; add district/season/stage when present",retrieve canonical answer; live lookup for price/weather/schemes
AGR|SELLING|CROP=onion|SOIL=laterite,selling,விற்பனை,onion,வெங்காயம்,laterite,சரளை மண்,"crop,soil; add district/season/stage when present",retrieve canonical answer; live lookup for price/weather/schemes
AGR|SELLING|CROP=turmeric|SOIL=red,selling,விற்பனை,turmeric,மஞ்சள்,red,செம்மண்,"crop,soil; add district/season/stage when present",retrieve canonical answer; live lookup for price/weather/schemes
AGR|SELLING|CROP=turmeric|SOIL=black,selling,விற்பனை,turmeric,மஞ்சள்,black,கரிசல் மண்,"crop,soil; add district/season/stage when present",retrieve canonical answer; live lookup for price/weather/schemes
AGR|SELLING|CROP=turmeric|SOIL=alluvial,selling,விற்பனை,turmeric,மஞ்சள்,alluvial,வண்டல் மண்,"crop,soil; add district/season/stage when present",retrieve canonical answer; live lookup for price/weather/schemes
AGR|SELLING|CROP=turmeric|SOIL=sandy,selling,விற்பனை,turmeric,மஞ்சள்,sandy,மணல் மண்,"crop,soil; add district/season/stage when present",retrieve canonical answer; live lookup for price/weather/schemes
AGR|SELLING|CROP=turmeric|SOIL=clay,selling,விற்பனை,turmeric,மஞ்சள்,clay,களிமண்,"crop,soil; add district/season/stage when present",retrieve canonical answer; live lookup for price/weather/schemes
AGR|SELLING|CROP=turmeric|SOIL=loamy,selling,விற்பனை,turmeric,மஞ்சள்,loamy,கலப்பு மண்,"crop,soil; add district/season/stage when present",retrieve canonical answer; live lookup for price/weather/schemes
AGR|SELLING|CROP=turmeric|SOIL=laterite,selling,விற்பனை,turmeric,மஞ்சள்,laterite,சரளை மண்,"crop,soil; add district/season/stage when present",retrieve canonical answer; live lookup for price/weather/schemes
AGR|SELLING|CROP=brinjal|SOIL=red,selling,விற்பனை,brinjal,கத்தரிக்காய்,red,செம்மண்,"crop,soil; add district/season/stage when present",retrieve canonical answer; live lookup for price/weather/schemes
AGR|SELLING|CROP=brinjal|SOIL=black,selling,விற்பனை,brinjal,கத்தரிக்காய்,black,கரிசல் மண்,"crop,soil; add district/season/stage when present",retrieve canonical answer; live lookup for price/weather/schemes
AGR|SELLING|CROP=brinjal|SOIL=alluvial,selling,விற்பனை,brinjal,கத்தரிக்காய்,alluvial,வண்டல் மண்,"crop,soil; add district/season/stage when present",retrieve canonical answer; live lookup for price/weather/schemes
AGR|SELLING|CROP=brinjal|SOIL=sandy,selling,விற்பனை,brinjal,கத்தரிக்காய்,sandy,மணல் மண்,"crop,soil; add district/season/stage when present",retrieve canonical answer; live lookup for price/weather/schemes
AGR|SELLING|CROP=brinjal|SOIL=clay,selling,விற்பனை,brinjal,கத்தரிக்காய்,clay,களிமண்,"crop,soil; add district/season/stage when present",retrieve canonical answer; live lookup for price/weather/schemes
AGR|SELLING|CROP=brinjal|SOIL=loamy,selling,விற்பனை,brinjal,கத்தரிக்காய்,loamy,கலப்பு மண்,"crop,soil; add district/season/stage when present",retrieve canonical answer; live lookup for price/weather/schemes
AGR|SELLING|CROP=brinjal|SOIL=laterite,selling,விற்பனை,brinjal,கத்தரிக்காய்,laterite,சரளை மண்,"crop,soil; add district/season/stage when present",retrieve canonical answer; live lookup for price/weather/schemes
AGR|SELLING|CROP=okra|SOIL=red,selling,விற்பனை,okra,வெண்டைக்காய்,red,செம்மண்,"crop,soil; add district/season/stage when present",retrieve canonical answer; live lookup for price/weather/schemes
AGR|SELLING|CROP=okra|SOIL=black,selling,விற்பனை,okra,வெண்டைக்காய்,black,கரிசல் மண்,"crop,soil; add district/season/stage when present",retrieve canonical answer; live lookup for price/weather/schemes
AGR|SELLING|CROP=okra|SOIL=alluvial,selling,விற்பனை,okra,வெண்டைக்காய்,alluvial,வண்டல் மண்,"crop,soil; add district/season/stage when present",retrieve canonical answer; live lookup for price/weather/schemes
AGR|SELLING|CROP=okra|SOIL=sandy,selling,விற்பனை,okra,வெண்டைக்காய்,sandy,மணல் மண்,"crop,soil; add district/season/stage when present",retrieve canonical answer; live lookup for price/weather/schemes
AGR|SELLING|CROP=okra|SOIL=clay,selling,விற்பனை,okra,வெண்டைக்காய்,clay,களிமண்,"crop,soil; add district/season/stage when present",retrieve canonical answer; live lookup for price/weather/schemes
AGR|SELLING|CROP=okra|SOIL=loamy,selling,விற்பனை,okra,வெண்டைக்காய்,loamy,கலப்பு மண்,"crop,soil; add district/season/stage when present",retrieve canonical answer; live lookup for price/weather/schemes
AGR|SELLING|CROP=okra|SOIL=laterite,selling,விற்பனை,okra,வெண்டைக்காய்,laterite,சரளை மண்,"crop,soil; add district/season/stage when present",retrieve canonical answer; live lookup for price/weather/schemes
AGR|SELLING|CROP=coconut|SOIL=red,selling,விற்பனை,coconut,தென்னை,red,செம்மண்,"crop,soil; add district/season/stage when present",retrieve canonical answer; live lookup for price/weather/schemes
AGR|SELLING|CROP=coconut|SOIL=black,selling,விற்பனை,coconut,தென்னை,black,கரிசல் மண்,"crop,soil; add district/season/stage when present",retrieve canonical answer; live lookup for price/weather/schemes
AGR|SELLING|CROP=coconut|SOIL=alluvial,selling,விற்பனை,coconut,தென்னை,alluvial,வண்டல் மண்,"crop,soil; add district/season/stage when present",retrieve canonical answer; live lookup for price/weather/schemes
AGR|SELLING|CROP=coconut|SOIL=sandy,selling,விற்பனை,coconut,தென்னை,sandy,மணல் மண்,"crop,soil; add district/season/stage when present",retrieve canonical answer; live lookup for price/weather/schemes
AGR|SELLING|CROP=coconut|SOIL=clay,selling,விற்பனை,coconut,தென்னை,clay,களிமண்,"crop,soil; add district/season/stage when present",retrieve canonical answer; live lookup for price/weather/schemes
AGR|SELLING|CROP=coconut|SOIL=loamy,selling,விற்பனை,coconut,தென்னை,loamy,கலப்பு மண்,"crop,soil; add district/season/stage when present",retrieve canonical answer; live lookup for price/weather/schemes
AGR|SELLING|CROP=coconut|SOIL=laterite,selling,விற்பனை,coconut,தென்னை,laterite,சரளை மண்,"crop,soil; add district/season/stage when present",retrieve canonical answer; live lookup for price/weather/schemes
AGR|SELLING|CROP=pulses|SOIL=red,selling,விற்பனை,pulses,பயறு,red,செம்மண்,"crop,soil; add district/season/stage when present",retrieve canonical answer; live lookup for price/weather/schemes
AGR|SELLING|CROP=pulses|SOIL=black,selling,விற்பனை,pulses,பயறு,black,கரிசல் மண்,"crop,soil; add district/season/stage when present",retrieve canonical answer; live lookup for price/weather/schemes
AGR|SELLING|CROP=pulses|SOIL=alluvial,selling,விற்பனை,pulses,பயறு,alluvial,வண்டல் மண்,"crop,soil; add district/season/stage when present",retrieve canonical answer; live lookup for price/weather/schemes
AGR|SELLING|CROP=pulses|SOIL=sandy,selling,விற்பனை,pulses,பயறு,sandy,மணல் மண்,"crop,soil; add district/season/stage when present",retrieve canonical answer; live lookup for price/weather/schemes
AGR|SELLING|CROP=pulses|SOIL=clay,selling,விற்பனை,pulses,பயறு,clay,களிமண்,"crop,soil; add district/season/stage when present",retrieve canonical answer; live lookup for price/weather/schemes
AGR|SELLING|CROP=pulses|SOIL=loamy,selling,விற்பனை,pulses,பயறு,loamy,கலப்பு மண்,"crop,soil; add district/season/stage when present",retrieve canonical answer; live lookup for price/weather/schemes
AGR|SELLING|CROP=pulses|SOIL=laterite,selling,விற்பனை,pulses,பயறு,laterite,சரளை மண்,"crop,soil; add district/season/stage when present",retrieve canonical answer; live lookup for price/weather/schemes
AGR|SELLING|CROP=sesame|SOIL=red,selling,விற்பனை,sesame,எள்,red,செம்மண்,"crop,soil; add district/season/stage when present",retrieve canonical answer; live lookup for price/weather/schemes
AGR|SELLING|CROP=sesame|SOIL=black,selling,விற்பனை,sesame,எள்,black,கரிசல் மண்,"crop,soil; add district/season/stage when present",retrieve canonical answer; live lookup for price/weather/schemes
AGR|SELLING|CROP=sesame|SOIL=alluvial,selling,விற்பனை,sesame,எள்,alluvial,வண்டல் மண்,"crop,soil; add district/season/stage when present",retrieve canonical answer; live lookup for price/weather/schemes
AGR|SELLING|CROP=sesame|SOIL=sandy,selling,விற்பனை,sesame,எள்,sandy,மணல் மண்,"crop,soil; add district/season/stage when present",retrieve canonical answer; live lookup for price/weather/schemes
AGR|SELLING|CROP=sesame|SOIL=clay,selling,விற்பனை,sesame,எள்,clay,களிமண்,"crop,soil; add district/season/stage when present",retrieve canonical answer; live lookup for price/weather/schemes
AGR|SELLING|CROP=sesame|SOIL=loamy,selling,விற்பனை,sesame,எள்,loamy,கலப்பு மண்,"crop,soil; add district/season/stage when present",retrieve canonical answer; live lookup for price/weather/schemes
AGR|SELLING|CROP=sesame|SOIL=laterite,selling,விற்பனை,sesame,எள்,laterite,சரளை மண்,"crop,soil; add district/season/stage when present",retrieve canonical answer; live lookup for price/weather/schemes
AGR|SELLING|CROP=tapioca|SOIL=red,selling,விற்பனை,tapioca,மரவள்ளி,red,செம்மண்,"crop,soil; add district/season/stage when present",retrieve canonical answer; live lookup for price/weather/schemes
AGR|SELLING|CROP=tapioca|SOIL=black,selling,விற்பனை,tapioca,மரவள்ளி,black,கரிசல் மண்,"crop,soil; add district/season/stage when present",retrieve canonical answer; live lookup for price/weather/schemes
AGR|SELLING|CROP=tapioca|SOIL=alluvial,selling,விற்பனை,tapioca,மரவள்ளி,alluvial,வண்டல் மண்,"crop,soil; add district/season/stage when present",retrieve canonical answer; live lookup for price/weather/schemes
AGR|SELLING|CROP=tapioca|SOIL=sandy,selling,விற்பனை,tapioca,மரவள்ளி,sandy,மணல் மண்,"crop,soil; add district/season/stage when present",retrieve canonical answer; live lookup for price/weather/schemes
AGR|SELLING|CROP=tapioca|SOIL=clay,selling,விற்பனை,tapioca,மரவள்ளி,clay,களிமண்,"crop,soil; add district/season/stage when present",retrieve canonical answer; live lookup for price/weather/schemes
AGR|SELLING|CROP=tapioca|SOIL=loamy,selling,விற்பனை,tapioca,மரவள்ளி,loamy,கலப்பு மண்,"crop,soil; add district/season/stage when present",retrieve canonical answer; live lookup for price/weather/schemes
AGR|SELLING|CROP=tapioca|SOIL=laterite,selling,விற்பனை,tapioca,மரவள்ளி,laterite,சரளை மண்,"crop,soil; add district/season/stage when present",retrieve canonical answer; live lookup for price/weather/schemes
AGR|SELLING|CROP=drumstick|SOIL=red,selling,விற்பனை,drumstick,முருங்கை,red,செம்மண்,"crop,soil; add district/season/stage when present",retrieve canonical answer; live lookup for price/weather/schemes
AGR|SELLING|CROP=drumstick|SOIL=black,selling,விற்பனை,drumstick,முருங்கை,black,கரிசல் மண்,"crop,soil; add district/season/stage when present",retrieve canonical answer; live lookup for price/weather/schemes
AGR|SELLING|CROP=drumstick|SOIL=alluvial,selling,விற்பனை,drumstick,முருங்கை,alluvial,வண்டல் மண்,"crop,soil; add district/season/stage when present",retrieve canonical answer; live lookup for price/weather/schemes
AGR|SELLING|CROP=drumstick|SOIL=sandy,selling,விற்பனை,drumstick,முருங்கை,sandy,மணல் மண்,"crop,soil; add district/season/stage when present",retrieve canonical answer; live lookup for price/weather/schemes
AGR|SELLING|CROP=drumstick|SOIL=clay,selling,விற்பனை,drumstick,முருங்கை,clay,களிமண்,"crop,soil; add district/season/stage when present",retrieve canonical answer; live lookup for price/weather/schemes
AGR|SELLING|CROP=drumstick|SOIL=loamy,selling,விற்பனை,drumstick,முருங்கை,loamy,கலப்பு மண்,"crop,soil; add district/season/stage when present",retrieve canonical answer; live lookup for price/weather/schemes
AGR|SELLING|CROP=drumstick|SOIL=laterite,selling,விற்பனை,drumstick,முருங்கை,laterite,சரளை மண்,"crop,soil; add district/season/stage when present",retrieve canonical answer; live lookup for price/weather/schemes
AGR|WEATHER|CROP=rice|SOIL=red,weather,வானிலை,rice,நெல்,red,செம்மண்,"crop,soil; add district/season/stage when present",retrieve canonical answer; live lookup for price/weather/schemes
AGR|WEATHER|CROP=rice|SOIL=black,weather,வானிலை,rice,நெல்,black,கரிசல் மண்,"crop,soil; add district/season/stage when present",retrieve canonical answer; live lookup for price/weather/schemes
AGR|WEATHER|CROP=rice|SOIL=alluvial,weather,வானிலை,rice,நெல்,alluvial,வண்டல் மண்,"crop,soil; add district/season/stage when present",retrieve canonical answer; live lookup for price/weather/schemes
AGR|WEATHER|CROP=rice|SOIL=sandy,weather,வானிலை,rice,நெல்,sandy,மணல் மண்,"crop,soil; add district/season/stage when present",retrieve canonical answer; live lookup for price/weather/schemes
AGR|WEATHER|CROP=rice|SOIL=clay,weather,வானிலை,rice,நெல்,clay,களிமண்,"crop,soil; add district/season/stage when present",retrieve canonical answer; live lookup for price/weather/schemes
AGR|WEATHER|CROP=rice|SOIL=loamy,weather,வானிலை,rice,நெல்,loamy,கலப்பு மண்,"crop,soil; add district/season/stage when present",retrieve canonical answer; live lookup for price/weather/schemes
AGR|WEATHER|CROP=rice|SOIL=laterite,weather,வானிலை,rice,நெல்,laterite,சரளை மண்,"crop,soil; add district/season/stage when present",retrieve canonical answer; live lookup for price/weather/schemes
AGR|WEATHER|CROP=banana|SOIL=red,weather,வானிலை,banana,வாழை,red,செம்மண்,"crop,soil; add district/season/stage when present",retrieve canonical answer; live lookup for price/weather/schemes
AGR|WEATHER|CROP=banana|SOIL=black,weather,வானிலை,banana,வாழை,black,கரிசல் மண்,"crop,soil; add district/season/stage when present",retrieve canonical answer; live lookup for price/weather/schemes
AGR|WEATHER|CROP=banana|SOIL=alluvial,weather,வானிலை,banana,வாழை,alluvial,வண்டல் மண்,"crop,soil; add district/season/stage when present",retrieve canonical answer; live lookup for price/weather/schemes
AGR|WEATHER|CROP=banana|SOIL=sandy,weather,வானிலை,banana,வாழை,sandy,மணல் மண்,"crop,soil; add district/season/stage when present",retrieve canonical answer; live lookup for price/weather/schemes
AGR|WEATHER|CROP=banana|SOIL=clay,weather,வானிலை,banana,வாழை,clay,களிமண்,"crop,soil; add district/season/stage when present",retrieve canonical answer; live lookup for price/weather/schemes
AGR|WEATHER|CROP=banana|SOIL=loamy,weather,வானிலை,banana,வாழை,loamy,கலப்பு மண்,"crop,soil; add district/season/stage when present",retrieve canonical answer; live lookup for price/weather/schemes
AGR|WEATHER|CROP=banana|SOIL=laterite,weather,வானிலை,banana,வாழை,laterite,சரளை மண்,"crop,soil; add district/season/stage when present",retrieve canonical answer; live lookup for price/weather/schemes
AGR|WEATHER|CROP=sugarcane|SOIL=red,weather,வானிலை,sugarcane,கரும்பு,red,செம்மண்,"crop,soil; add district/season/stage when present",retrieve canonical answer; live lookup for price/weather/schemes
AGR|WEATHER|CROP=sugarcane|SOIL=black,weather,வானிலை,sugarcane,கரும்பு,black,கரிசல் மண்,"crop,soil; add district/season/stage when present",retrieve canonical answer; live lookup for price/weather/schemes
AGR|WEATHER|CROP=sugarcane|SOIL=alluvial,weather,வானிலை,sugarcane,கரும்பு,alluvial,வண்டல் மண்,"crop,soil; add district/season/stage when present",retrieve canonical answer; live lookup for price/weather/schemes
AGR|WEATHER|CROP=sugarcane|SOIL=sandy,weather,வானிலை,sugarcane,கரும்பு,sandy,மணல் மண்,"crop,soil; add district/season/stage when present",retrieve canonical answer; live lookup for price/weather/schemes
AGR|WEATHER|CROP=sugarcane|SOIL=clay,weather,வானிலை,sugarcane,கரும்பு,clay,களிமண்,"crop,soil; add district/season/stage when present",retrieve canonical answer; live lookup for price/weather/schemes
AGR|WEATHER|CROP=sugarcane|SOIL=loamy,weather,வானிலை,sugarcane,கரும்பு,loamy,கலப்பு மண்,"crop,soil; add district/season/stage when present",retrieve canonical answer; live lookup for price/weather/schemes
AGR|WEATHER|CROP=sugarcane|SOIL=laterite,weather,வானிலை,sugarcane,கரும்பு,laterite,சரளை மண்,"crop,soil; add district/season/stage when present",retrieve canonical answer; live lookup for price/weather/schemes
AGR|WEATHER|CROP=cotton|SOIL=red,weather,வானிலை,cotton,பருத்தி,red,செம்மண்,"crop,soil; add district/season/stage when present",retrieve canonical answer; live lookup for price/weather/schemes
AGR|WEATHER|CROP=cotton|SOIL=black,weather,வானிலை,cotton,பருத்தி,black,கரிசல் மண்,"crop,soil; add district/season/stage when present",retrieve canonical answer; live lookup for price/weather/schemes
AGR|WEATHER|CROP=cotton|SOIL=alluvial,weather,வானிலை,cotton,பருத்தி,alluvial,வண்டல் மண்,"crop,soil; add district/season/stage when present",retrieve canonical answer; live lookup for price/weather/schemes
AGR|WEATHER|CROP=cotton|SOIL=sandy,weather,வானிலை,cotton,பருத்தி,sandy,மணல் மண்,"crop,soil; add district/season/stage when present",retrieve canonical answer; live lookup for price/weather/schemes
AGR|WEATHER|CROP=cotton|SOIL=clay,weather,வானிலை,cotton,பருத்தி,clay,களிமண்,"crop,soil; add district/season/stage when present",retrieve canonical answer; live lookup for price/weather/schemes
AGR|WEATHER|CROP=cotton|SOIL=loamy,weather,வானிலை,cotton,பருத்தி,loamy,கலப்பு மண்,"crop,soil; add district/season/stage when present",retrieve canonical answer; live lookup for price/weather/schemes
AGR|WEATHER|CROP=cotton|SOIL=laterite,weather,வானிலை,cotton,பருத்தி,laterite,சரளை மண்,"crop,soil; add district/season/stage when present",retrieve canonical answer; live lookup for price/weather/schemes
AGR|WEATHER|CROP=groundnut|SOIL=red,weather,வானிலை,groundnut,நிலக்கடலை,red,செம்மண்,"crop,soil; add district/season/stage when present",retrieve canonical answer; live lookup for price/weather/schemes
AGR|WEATHER|CROP=groundnut|SOIL=black,weather,வானிலை,groundnut,நிலக்கடலை,black,கரிசல் மண்,"crop,soil; add district/season/stage when present",retrieve canonical answer; live lookup for price/weather/schemes
AGR|WEATHER|CROP=groundnut|SOIL=alluvial,weather,வானிலை,groundnut,நிலக்கடலை,alluvial,வண்டல் மண்,"crop,soil; add district/season/stage when present",retrieve canonical answer; live lookup for price/weather/schemes
AGR|WEATHER|CROP=groundnut|SOIL=sandy,weather,வானிலை,groundnut,நிலக்கடலை,sandy,மணல் மண்,"crop,soil; add district/season/stage when present",retrieve canonical answer; live lookup for price/weather/schemes
AGR|WEATHER|CROP=groundnut|SOIL=clay,weather,வானிலை,groundnut,நிலக்கடலை,clay,களிமண்,"crop,soil; add district/season/stage when present",retrieve canonical answer; live lookup for price/weather/schemes
AGR|WEATHER|CROP=groundnut|SOIL=loamy,weather,வானிலை,groundnut,நிலக்கடலை,loamy,கலப்பு மண்,"crop,soil; add district/season/stage when present",retrieve canonical answer; live lookup for price/weather/schemes
AGR|WEATHER|CROP=groundnut|SOIL=laterite,weather,வானிலை,groundnut,நிலக்கடலை,laterite,சரளை மண்,"crop,soil; add district/season/stage when present",retrieve canonical answer; live lookup for price/weather/schemes
AGR|WEATHER|CROP=maize|SOIL=red,weather,வானிலை,maize,மக்காச்சோளம்,red,செம்மண்,"crop,soil; add district/season/stage when present",retrieve canonical answer; live lookup for price/weather/schemes
AGR|WEATHER|CROP=maize|SOIL=black,weather,வானிலை,maize,மக்காச்சோளம்,black,கரிசல் மண்,"crop,soil; add district/season/stage when present",retrieve canonical answer; live lookup for price/weather/schemes
AGR|WEATHER|CROP=maize|SOIL=alluvial,weather,வானிலை,maize,மக்காச்சோளம்,alluvial,வண்டல் மண்,"crop,soil; add district/season/stage when present",retrieve canonical answer; live lookup for price/weather/schemes
AGR|WEATHER|CROP=maize|SOIL=sandy,weather,வானிலை,maize,மக்காச்சோளம்,sandy,மணல் மண்,"crop,soil; add district/season/stage when present",retrieve canonical answer; live lookup for price/weather/schemes
AGR|WEATHER|CROP=maize|SOIL=clay,weather,வானிலை,maize,மக்காச்சோளம்,clay,களிமண்,"crop,soil; add district/season/stage when present",retrieve canonical answer; live lookup for price/weather/schemes
AGR|WEATHER|CROP=maize|SOIL=loamy,weather,வானிலை,maize,மக்காச்சோளம்,loamy,கலப்பு மண்,"crop,soil; add district/season/stage when present",retrieve canonical answer; live lookup for price/weather/schemes
AGR|WEATHER|CROP=maize|SOIL=laterite,weather,வானிலை,maize,மக்காச்சோளம்,laterite,சரளை மண்,"crop,soil; add district/season/stage when present",retrieve canonical answer; live lookup for price/weather/schemes
AGR|WEATHER|CROP=millet|SOIL=red,weather,வானிலை,millet,கம்பு,red,செம்மண்,"crop,soil; add district/season/stage when present",retrieve canonical answer; live lookup for price/weather/schemes
AGR|WEATHER|CROP=millet|SOIL=black,weather,வானிலை,millet,கம்பு,black,கரிசல் மண்,"crop,soil; add district/season/stage when present",retrieve canonical answer; live lookup for price/weather/schemes
AGR|WEATHER|CROP=millet|SOIL=alluvial,weather,வானிலை,millet,கம்பு,alluvial,வண்டல் மண்,"crop,soil; add district/season/stage when present",retrieve canonical answer; live lookup for price/weather/schemes
AGR|WEATHER|CROP=millet|SOIL=sandy,weather,வானிலை,millet,கம்பு,sandy,மணல் மண்,"crop,soil; add district/season/stage when present",retrieve canonical answer; live lookup for price/weather/schemes
AGR|WEATHER|CROP=millet|SOIL=clay,weather,வானிலை,millet,கம்பு,clay,களிமண்,"crop,soil; add district/season/stage when present",retrieve canonical answer; live lookup for price/weather/schemes
AGR|WEATHER|CROP=millet|SOIL=loamy,weather,வானிலை,millet,கம்பு,loamy,கலப்பு மண்,"crop,soil; add district/season/stage when present",retrieve canonical answer; live lookup for price/weather/schemes
AGR|WEATHER|CROP=millet|SOIL=laterite,weather,வானிலை,millet,கம்பு,laterite,சரளை மண்,"crop,soil; add district/season/stage when present",retrieve canonical answer; live lookup for price/weather/schemes
AGR|WEATHER|CROP=tomato|SOIL=red,weather,வானிலை,tomato,தக்காளி,red,செம்மண்,"crop,soil; add district/season/stage when present",retrieve canonical answer; live lookup for price/weather/schemes
AGR|WEATHER|CROP=tomato|SOIL=black,weather,வானிலை,tomato,தக்காளி,black,கரிசல் மண்,"crop,soil; add district/season/stage when present",retrieve canonical answer; live lookup for price/weather/schemes
AGR|WEATHER|CROP=tomato|SOIL=alluvial,weather,வானிலை,tomato,தக்காளி,alluvial,வண்டல் மண்,"crop,soil; add district/season/stage when present",retrieve canonical answer; live lookup for price/weather/schemes
AGR|WEATHER|CROP=tomato|SOIL=sandy,weather,வானிலை,tomato,தக்காளி,sandy,மணல் மண்,"crop,soil; add district/season/stage when present",retrieve canonical answer; live lookup for price/weather/schemes
AGR|WEATHER|CROP=tomato|SOIL=clay,weather,வானிலை,tomato,தக்காளி,clay,களிமண்,"crop,soil; add district/season/stage when present",retrieve canonical answer; live lookup for price/weather/schemes
AGR|WEATHER|CROP=tomato|SOIL=loamy,weather,வானிலை,tomato,தக்காளி,loamy,கலப்பு மண்,"crop,soil; add district/season/stage when present",retrieve canonical answer; live lookup for price/weather/schemes
AGR|WEATHER|CROP=tomato|SOIL=laterite,weather,வானிலை,tomato,தக்காளி,laterite,சரளை மண்,"crop,soil; add district/season/stage when present",retrieve canonical answer; live lookup for price/weather/schemes
AGR|WEATHER|CROP=chilli|SOIL=red,weather,வானிலை,chilli,மிளகாய்,red,செம்மண்,"crop,soil; add district/season/stage when present",retrieve canonical answer; live lookup for price/weather/schemes
AGR|WEATHER|CROP=chilli|SOIL=black,weather,வானிலை,chilli,மிளகாய்,black,கரிசல் மண்,"crop,soil; add district/season/stage when present",retrieve canonical answer; live lookup for price/weather/schemes
AGR|WEATHER|CROP=chilli|SOIL=alluvial,weather,வானிலை,chilli,மிளகாய்,alluvial,வண்டல் மண்,"crop,soil; add district/season/stage when present",retrieve canonical answer; live lookup for price/weather/schemes
AGR|WEATHER|CROP=chilli|SOIL=sandy,weather,வானிலை,chilli,மிளகாய்,sandy,மணல் மண்,"crop,soil; add district/season/stage when present",retrieve canonical answer; live lookup for price/weather/schemes
AGR|WEATHER|CROP=chilli|SOIL=clay,weather,வானிலை,chilli,மிளகாய்,clay,களிமண்,"crop,soil; add district/season/stage when present",retrieve canonical answer; live lookup for price/weather/schemes
AGR|WEATHER|CROP=chilli|SOIL=loamy,weather,வானிலை,chilli,மிளகாய்,loamy,கலப்பு மண்,"crop,soil; add district/season/stage when present",retrieve canonical answer; live lookup for price/weather/schemes
AGR|WEATHER|CROP=chilli|SOIL=laterite,weather,வானிலை,chilli,மிளகாய்,laterite,சரளை மண்,"crop,soil; add district/season/stage when present",retrieve canonical answer; live lookup for price/weather/schemes
AGR|WEATHER|CROP=onion|SOIL=red,weather,வானிலை,onion,வெங்காயம்,red,செம்மண்,"crop,soil; add district/season/stage when present",retrieve canonical answer; live lookup for price/weather/schemes
AGR|WEATHER|CROP=onion|SOIL=black,weather,வானிலை,onion,வெங்காயம்,black,கரிசல் மண்,"crop,soil; add district/season/stage when present",retrieve canonical answer; live lookup for price/weather/schemes
AGR|WEATHER|CROP=onion|SOIL=alluvial,weather,வானிலை,onion,வெங்காயம்,alluvial,வண்டல் மண்,"crop,soil; add district/season/stage when present",retrieve canonical answer; live lookup for price/weather/schemes
AGR|WEATHER|CROP=onion|SOIL=sandy,weather,வானிலை,onion,வெங்காயம்,sandy,மணல் மண்,"crop,soil; add district/season/stage when present",retrieve canonical answer; live lookup for price/weather/schemes
AGR|WEATHER|CROP=onion|SOIL=clay,weather,வானிலை,onion,வெங்காயம்,clay,களிமண்,"crop,soil; add district/season/stage when present",retrieve canonical answer; live lookup for price/weather/schemes
AGR|WEATHER|CROP=onion|SOIL=loamy,weather,வானிலை,onion,வெங்காயம்,loamy,கலப்பு மண்,"crop,soil; add district/season/stage when present",retrieve canonical answer; live lookup for price/weather/schemes
AGR|WEATHER|CROP=onion|SOIL=laterite,weather,வானிலை,onion,வெங்காயம்,laterite,சரளை மண்,"crop,soil; add district/season/stage when present",retrieve canonical answer; live lookup for price/weather/schemes
AGR|WEATHER|CROP=turmeric|SOIL=red,weather,வானிலை,turmeric,மஞ்சள்,red,செம்மண்,"crop,soil; add district/season/stage when present",retrieve canonical answer; live lookup for price/weather/schemes
AGR|WEATHER|CROP=turmeric|SOIL=black,weather,வானிலை,turmeric,மஞ்சள்,black,கரிசல் மண்,"crop,soil; add district/season/stage when present",retrieve canonical answer; live lookup for price/weather/schemes
AGR|WEATHER|CROP=turmeric|SOIL=alluvial,weather,வானிலை,turmeric,மஞ்சள்,alluvial,வண்டல் மண்,"crop,soil; add district/season/stage when present",retrieve canonical answer; live lookup for price/weather/schemes
AGR|WEATHER|CROP=turmeric|SOIL=sandy,weather,வானிலை,turmeric,மஞ்சள்,sandy,மணல் மண்,"crop,soil; add district/season/stage when present",retrieve canonical answer; live lookup for price/weather/schemes
AGR|WEATHER|CROP=turmeric|SOIL=clay,weather,வானிலை,turmeric,மஞ்சள்,clay,களிமண்,"crop,soil; add district/season/stage when present",retrieve canonical answer; live lookup for price/weather/schemes
AGR|WEATHER|CROP=turmeric|SOIL=loamy,weather,வானிலை,turmeric,மஞ்சள்,loamy,கலப்பு மண்,"crop,soil; add district/season/stage when present",retrieve canonical answer; live lookup for price/weather/schemes
AGR|WEATHER|CROP=turmeric|SOIL=laterite,weather,வானிலை,turmeric,மஞ்சள்,laterite,சரளை மண்,"crop,soil; add district/season/stage when present",retrieve canonical answer; live lookup for price/weather/schemes
AGR|WEATHER|CROP=brinjal|SOIL=red,weather,வானிலை,brinjal,கத்தரிக்காய்,red,செம்மண்,"crop,soil; add district/season/stage when present",retrieve canonical answer; live lookup for price/weather/schemes
AGR|WEATHER|CROP=brinjal|SOIL=black,weather,வானிலை,brinjal,கத்தரிக்காய்,black,கரிசல் மண்,"crop,soil; add district/season/stage when present",retrieve canonical answer; live lookup for price/weather/schemes
AGR|WEATHER|CROP=brinjal|SOIL=alluvial,weather,வானிலை,brinjal,கத்தரிக்காய்,alluvial,வண்டல் மண்,"crop,soil; add district/season/stage when present",retrieve canonical answer; live lookup for price/weather/schemes
AGR|WEATHER|CROP=brinjal|SOIL=sandy,weather,வானிலை,brinjal,கத்தரிக்காய்,sandy,மணல் மண்,"crop,soil; add district/season/stage when present",retrieve canonical answer; live lookup for price/weather/schemes
AGR|WEATHER|CROP=brinjal|SOIL=clay,weather,வானிலை,brinjal,கத்தரிக்காய்,clay,களிமண்,"crop,soil; add district/season/stage when present",retrieve canonical answer; live lookup for price/weather/schemes
AGR|WEATHER|CROP=brinjal|SOIL=loamy,weather,வானிலை,brinjal,கத்தரிக்காய்,loamy,கலப்பு மண்,"crop,soil; add district/season/stage when present",retrieve canonical answer; live lookup for price/weather/schemes
AGR|WEATHER|CROP=brinjal|SOIL=laterite,weather,வானிலை,brinjal,கத்தரிக்காய்,laterite,சரளை மண்,"crop,soil; add district/season/stage when present",retrieve canonical answer; live lookup for price/weather/schemes
AGR|WEATHER|CROP=okra|SOIL=red,weather,வானிலை,okra,வெண்டைக்காய்,red,செம்மண்,"crop,soil; add district/season/stage when present",retrieve canonical answer; live lookup for price/weather/schemes
AGR|WEATHER|CROP=okra|SOIL=black,weather,வானிலை,okra,வெண்டைக்காய்,black,கரிசல் மண்,"crop,soil; add district/season/stage when present",retrieve canonical answer; live lookup for price/weather/schemes
AGR|WEATHER|CROP=okra|SOIL=alluvial,weather,வானிலை,okra,வெண்டைக்காய்,alluvial,வண்டல் மண்,"crop,soil; add district/season/stage when present",retrieve canonical answer; live lookup for price/weather/schemes
AGR|WEATHER|CROP=okra|SOIL=sandy,weather,வானிலை,okra,வெண்டைக்காய்,sandy,மணல் மண்,"crop,soil; add district/season/stage when present",retrieve canonical answer; live lookup for price/weather/schemes
AGR|WEATHER|CROP=okra|SOIL=clay,weather,வானிலை,okra,வெண்டைக்காய்,clay,களிமண்,"crop,soil; add district/season/stage when present",retrieve canonical answer; live lookup for price/weather/schemes
AGR|WEATHER|CROP=okra|SOIL=loamy,weather,வானிலை,okra,வெண்டைக்காய்,loamy,கலப்பு மண்,"crop,soil; add district/season/stage when present",retrieve canonical answer; live lookup for price/weather/schemes
AGR|WEATHER|CROP=okra|SOIL=laterite,weather,வானிலை,okra,வெண்டைக்காய்,laterite,சரளை மண்,"crop,soil; add district/season/stage when present",retrieve canonical answer; live lookup for price/weather/schemes
AGR|WEATHER|CROP=coconut|SOIL=red,weather,வானிலை,coconut,தென்னை,red,செம்மண்,"crop,soil; add district/season/stage when present",retrieve canonical answer; live lookup for price/weather/schemes
AGR|WEATHER|CROP=coconut|SOIL=black,weather,வானிலை,coconut,தென்னை,black,கரிசல் மண்,"crop,soil; add district/season/stage when present",retrieve canonical answer; live lookup for price/weather/schemes
AGR|WEATHER|CROP=coconut|SOIL=alluvial,weather,வானிலை,coconut,தென்னை,alluvial,வண்டல் மண்,"crop,soil; add district/season/stage when present",retrieve canonical answer; live lookup for price/weather/schemes
AGR|WEATHER|CROP=coconut|SOIL=sandy,weather,வானிலை,coconut,தென்னை,sandy,மணல் மண்,"crop,soil; add district/season/stage when present",retrieve canonical answer; live lookup for price/weather/schemes
AGR|WEATHER|CROP=coconut|SOIL=clay,weather,வானிலை,coconut,தென்னை,clay,களிமண்,"crop,soil; add district/season/stage when present",retrieve canonical answer; live lookup for price/weather/schemes
AGR|WEATHER|CROP=coconut|SOIL=loamy,weather,வானிலை,coconut,தென்னை,loamy,கலப்பு மண்,"crop,soil; add district/season/stage when present",retrieve canonical answer; live lookup for price/weather/schemes
AGR|WEATHER|CROP=coconut|SOIL=laterite,weather,வானிலை,coconut,தென்னை,laterite,சரளை மண்,"crop,soil; add district/season/stage when present",retrieve canonical answer; live lookup for price/weather/schemes
AGR|WEATHER|CROP=pulses|SOIL=red,weather,வானிலை,pulses,பயறு,red,செம்மண்,"crop,soil; add district/season/stage when present",retrieve canonical answer; live lookup for price/weather/schemes
AGR|WEATHER|CROP=pulses|SOIL=black,weather,வானிலை,pulses,பயறு,black,கரிசல் மண்,"crop,soil; add district/season/stage when present",retrieve canonical answer; live lookup for price/weather/schemes
AGR|WEATHER|CROP=pulses|SOIL=alluvial,weather,வானிலை,pulses,பயறு,alluvial,வண்டல் மண்,"crop,soil; add district/season/stage when present",retrieve canonical answer; live lookup for price/weather/schemes
AGR|WEATHER|CROP=pulses|SOIL=sandy,weather,வானிலை,pulses,பயறு,sandy,மணல் மண்,"crop,soil; add district/season/stage when present",retrieve canonical answer; live lookup for price/weather/schemes
AGR|WEATHER|CROP=pulses|SOIL=clay,weather,வானிலை,pulses,பயறு,clay,களிமண்,"crop,soil; add district/season/stage when present",retrieve canonical answer; live lookup for price/weather/schemes
AGR|WEATHER|CROP=pulses|SOIL=loamy,weather,வானிலை,pulses,பயறு,loamy,கலப்பு மண்,"crop,soil; add district/season/stage when present",retrieve canonical answer; live lookup for price/weather/schemes
AGR|WEATHER|CROP=pulses|SOIL=laterite,weather,வானிலை,pulses,பயறு,laterite,சரளை மண்,"crop,soil; add district/season/stage when present",retrieve canonical answer; live lookup for price/weather/schemes
AGR|WEATHER|CROP=sesame|SOIL=red,weather,வானிலை,sesame,எள்,red,செம்மண்,"crop,soil; add district/season/stage when present",retrieve canonical answer; live lookup for price/weather/schemes
AGR|WEATHER|CROP=sesame|SOIL=black,weather,வானிலை,sesame,எள்,black,கரிசல் மண்,"crop,soil; add district/season/stage when present",retrieve canonical answer; live lookup for price/weather/schemes
AGR|WEATHER|CROP=sesame|SOIL=alluvial,weather,வானிலை,sesame,எள்,alluvial,வண்டல் மண்,"crop,soil; add district/season/stage when present",retrieve canonical answer; live lookup for price/weather/schemes
AGR|WEATHER|CROP=sesame|SOIL=sandy,weather,வானிலை,sesame,எள்,sandy,மணல் மண்,"crop,soil; add district/season/stage when present",retrieve canonical answer; live lookup for price/weather/schemes
AGR|WEATHER|CROP=sesame|SOIL=clay,weather,வானிலை,sesame,எள்,clay,களிமண்,"crop,soil; add district/season/stage when present",retrieve canonical answer; live lookup for price/weather/schemes
AGR|WEATHER|CROP=sesame|SOIL=loamy,weather,வானிலை,sesame,எள்,loamy,கலப்பு மண்,"crop,soil; add district/season/stage when present",retrieve canonical answer; live lookup for price/weather/schemes
AGR|WEATHER|CROP=sesame|SOIL=laterite,weather,வானிலை,sesame,எள்,laterite,சரளை மண்,"crop,soil; add district/season/stage when present",retrieve canonical answer; live lookup for price/weather/schemes
AGR|WEATHER|CROP=tapioca|SOIL=red,weather,வானிலை,tapioca,மரவள்ளி,red,செம்மண்,"crop,soil; add district/season/stage when present",retrieve canonical answer; live lookup for price/weather/schemes
AGR|WEATHER|CROP=tapioca|SOIL=black,weather,வானிலை,tapioca,மரவள்ளி,black,கரிசல் மண்,"crop,soil; add district/season/stage when present",retrieve canonical answer; live lookup for price/weather/schemes
AGR|WEATHER|CROP=tapioca|SOIL=alluvial,weather,வானிலை,tapioca,மரவள்ளி,alluvial,வண்டல் மண்,"crop,soil; add district/season/stage when present",retrieve canonical answer; live lookup for price/weather/schemes
AGR|WEATHER|CROP=tapioca|SOIL=sandy,weather,வானிலை,tapioca,மரவள்ளி,sandy,மணல் மண்,"crop,soil; add district/season/stage when present",retrieve canonical answer; live lookup for price/weather/schemes
AGR|WEATHER|CROP=tapioca|SOIL=clay,weather,வானிலை,tapioca,மரவள்ளி,clay,களிமண்,"crop,soil; add district/season/stage when present",retrieve canonical answer; live lookup for price/weather/schemes
AGR|WEATHER|CROP=tapioca|SOIL=loamy,weather,வானிலை,tapioca,மரவள்ளி,loamy,கலப்பு மண்,"crop,soil; add district/season/stage when present",retrieve canonical answer; live lookup for price/weather/schemes
AGR|WEATHER|CROP=tapioca|SOIL=laterite,weather,வானிலை,tapioca,மரவள்ளி,laterite,சரளை மண்,"crop,soil; add district/season/stage when present",retrieve canonical answer; live lookup for price/weather/schemes
AGR|WEATHER|CROP=drumstick|SOIL=red,weather,வானிலை,drumstick,முருங்கை,red,செம்மண்,"crop,soil; add district/season/stage when present",retrieve canonical answer; live lookup for price/weather/schemes
AGR|WEATHER|CROP=drumstick|SOIL=black,weather,வானிலை,drumstick,முருங்கை,black,கரிசல் மண்,"crop,soil; add district/season/stage when present",retrieve canonical answer; live lookup for price/weather/schemes
AGR|WEATHER|CROP=drumstick|SOIL=alluvial,weather,வானிலை,drumstick,முருங்கை,alluvial,வண்டல் மண்,"crop,soil; add district/season/stage when present",retrieve canonical answer; live lookup for price/weather/schemes
AGR|WEATHER|CROP=drumstick|SOIL=sandy,weather,வானிலை,drumstick,முருங்கை,sandy,மணல் மண்,"crop,soil; add district/season/stage when present",retrieve canonical answer; live lookup for price/weather/schemes
AGR|WEATHER|CROP=drumstick|SOIL=clay,weather,வானிலை,drumstick,முருங்கை,clay,களிமண்,"crop,soil; add district/season/stage when present",retrieve canonical answer; live lookup for price/weather/schemes
AGR|WEATHER|CROP=drumstick|SOIL=loamy,weather,வானிலை,drumstick,முருங்கை,loamy,கலப்பு மண்,"crop,soil; add district/season/stage when present",retrieve canonical answer; live lookup for price/weather/schemes
AGR|WEATHER|CROP=drumstick|SOIL=laterite,weather,வானிலை,drumstick,முருங்கை,laterite,சரளை மண்,"crop,soil; add district/season/stage when present",retrieve canonical answer; live lookup for price/weather/schemes
AGR|SCHEME|CROP=rice|SOIL=red,scheme,அரசுத் திட்டம்,rice,நெல்,red,செம்மண்,"crop,soil; add district/season/stage when present",retrieve canonical answer; live lookup for price/weather/schemes
AGR|SCHEME|CROP=rice|SOIL=black,scheme,அரசுத் திட்டம்,rice,நெல்,black,கரிசல் மண்,"crop,soil; add district/season/stage when present",retrieve canonical answer; live lookup for price/weather/schemes
AGR|SCHEME|CROP=rice|SOIL=alluvial,scheme,அரசுத் திட்டம்,rice,நெல்,alluvial,வண்டல் மண்,"crop,soil; add district/season/stage when present",retrieve canonical answer; live lookup for price/weather/schemes
AGR|SCHEME|CROP=rice|SOIL=sandy,scheme,அரசுத் திட்டம்,rice,நெல்,sandy,மணல் மண்,"crop,soil; add district/season/stage when present",retrieve canonical answer; live lookup for price/weather/schemes
AGR|SCHEME|CROP=rice|SOIL=clay,scheme,அரசுத் திட்டம்,rice,நெல்,clay,களிமண்,"crop,soil; add district/season/stage when present",retrieve canonical answer; live lookup for price/weather/schemes
AGR|SCHEME|CROP=rice|SOIL=loamy,scheme,அரசுத் திட்டம்,rice,நெல்,loamy,கலப்பு மண்,"crop,soil; add district/season/stage when present",retrieve canonical answer; live lookup for price/weather/schemes
AGR|SCHEME|CROP=rice|SOIL=laterite,scheme,அரசுத் திட்டம்,rice,நெல்,laterite,சரளை மண்,"crop,soil; add district/season/stage when present",retrieve canonical answer; live lookup for price/weather/schemes
AGR|SCHEME|CROP=banana|SOIL=red,scheme,அரசுத் திட்டம்,banana,வாழை,red,செம்மண்,"crop,soil; add district/season/stage when present",retrieve canonical answer; live lookup for price/weather/schemes
AGR|SCHEME|CROP=banana|SOIL=black,scheme,அரசுத் திட்டம்,banana,வாழை,black,கரிசல் மண்,"crop,soil; add district/season/stage when present",retrieve canonical answer; live lookup for price/weather/schemes
AGR|SCHEME|CROP=banana|SOIL=alluvial,scheme,அரசுத் திட்டம்,banana,வாழை,alluvial,வண்டல் மண்,"crop,soil; add district/season/stage when present",retrieve canonical answer; live lookup for price/weather/schemes
AGR|SCHEME|CROP=banana|SOIL=sandy,scheme,அரசுத் திட்டம்,banana,வாழை,sandy,மணல் மண்,"crop,soil; add district/season/stage when present",retrieve canonical answer; live lookup for price/weather/schemes
AGR|SCHEME|CROP=banana|SOIL=clay,scheme,அரசுத் திட்டம்,banana,வாழை,clay,களிமண்,"crop,soil; add district/season/stage when present",retrieve canonical answer; live lookup for price/weather/schemes
AGR|SCHEME|CROP=banana|SOIL=loamy,scheme,அரசுத் திட்டம்,banana,வாழை,loamy,கலப்பு மண்,"crop,soil; add district/season/stage when present",retrieve canonical answer; live lookup for price/weather/schemes
AGR|SCHEME|CROP=banana|SOIL=laterite,scheme,அரசுத் திட்டம்,banana,வாழை,laterite,சரளை மண்,"crop,soil; add district/season/stage when present",retrieve canonical answer; live lookup for price/weather/schemes
AGR|SCHEME|CROP=sugarcane|SOIL=red,scheme,அரசுத் திட்டம்,sugarcane,கரும்பு,red,செம்மண்,"crop,soil; add district/season/stage when present",retrieve canonical answer; live lookup for price/weather/schemes
AGR|SCHEME|CROP=sugarcane|SOIL=black,scheme,அரசுத் திட்டம்,sugarcane,கரும்பு,black,கரிசல் மண்,"crop,soil; add district/season/stage when present",retrieve canonical answer; live lookup for price/weather/schemes
AGR|SCHEME|CROP=sugarcane|SOIL=alluvial,scheme,அரசுத் திட்டம்,sugarcane,கரும்பு,alluvial,வண்டல் மண்,"crop,soil; add district/season/stage when present",retrieve canonical answer; live lookup for price/weather/schemes
AGR|SCHEME|CROP=sugarcane|SOIL=sandy,scheme,அரசுத் திட்டம்,sugarcane,கரும்பு,sandy,மணல் மண்,"crop,soil; add district/season/stage when present",retrieve canonical answer; live lookup for price/weather/schemes
AGR|SCHEME|CROP=sugarcane|SOIL=clay,scheme,அரசுத் திட்டம்,sugarcane,கரும்பு,clay,களிமண்,"crop,soil; add district/season/stage when present",retrieve canonical answer; live lookup for price/weather/schemes
AGR|SCHEME|CROP=sugarcane|SOIL=loamy,scheme,அரசுத் திட்டம்,sugarcane,கரும்பு,loamy,கலப்பு மண்,"crop,soil; add district/season/stage when present",retrieve canonical answer; live lookup for price/weather/schemes
AGR|SCHEME|CROP=sugarcane|SOIL=laterite,scheme,அரசுத் திட்டம்,sugarcane,கரும்பு,laterite,சரளை மண்,"crop,soil; add district/season/stage when present",retrieve canonical answer; live lookup for price/weather/schemes
AGR|SCHEME|CROP=cotton|SOIL=red,scheme,அரசுத் திட்டம்,cotton,பருத்தி,red,செம்மண்,"crop,soil; add district/season/stage when present",retrieve canonical answer; live lookup for price/weather/schemes
AGR|SCHEME|CROP=cotton|SOIL=black,scheme,அரசுத் திட்டம்,cotton,பருத்தி,black,கரிசல் மண்,"crop,soil; add district/season/stage when present",retrieve canonical answer; live lookup for price/weather/schemes
AGR|SCHEME|CROP=cotton|SOIL=alluvial,scheme,அரசுத் திட்டம்,cotton,பருத்தி,alluvial,வண்டல் மண்,"crop,soil; add district/season/stage when present",retrieve canonical answer; live lookup for price/weather/schemes
AGR|SCHEME|CROP=cotton|SOIL=sandy,scheme,அரசுத் திட்டம்,cotton,பருத்தி,sandy,மணல் மண்,"crop,soil; add district/season/stage when present",retrieve canonical answer; live lookup for price/weather/schemes
AGR|SCHEME|CROP=cotton|SOIL=clay,scheme,அரசுத் திட்டம்,cotton,பருத்தி,clay,களிமண்,"crop,soil; add district/season/stage when present",retrieve canonical answer; live lookup for price/weather/schemes
AGR|SCHEME|CROP=cotton|SOIL=loamy,scheme,அரசுத் திட்டம்,cotton,பருத்தி,loamy,கலப்பு மண்,"crop,soil; add district/season/stage when present",retrieve canonical answer; live lookup for price/weather/schemes
AGR|SCHEME|CROP=cotton|SOIL=laterite,scheme,அரசுத் திட்டம்,cotton,பருத்தி,laterite,சரளை மண்,"crop,soil; add district/season/stage when present",retrieve canonical answer; live lookup for price/weather/schemes
AGR|SCHEME|CROP=groundnut|SOIL=red,scheme,அரசுத் திட்டம்,groundnut,நிலக்கடலை,red,செம்மண்,"crop,soil; add district/season/stage when present",retrieve canonical answer; live lookup for price/weather/schemes
AGR|SCHEME|CROP=groundnut|SOIL=black,scheme,அரசுத் திட்டம்,groundnut,நிலக்கடலை,black,கரிசல் மண்,"crop,soil; add district/season/stage when present",retrieve canonical answer; live lookup for price/weather/schemes
AGR|SCHEME|CROP=groundnut|SOIL=alluvial,scheme,அரசுத் திட்டம்,groundnut,நிலக்கடலை,alluvial,வண்டல் மண்,"crop,soil; add district/season/stage when present",retrieve canonical answer; live lookup for price/weather/schemes
AGR|SCHEME|CROP=groundnut|SOIL=sandy,scheme,அரசுத் திட்டம்,groundnut,நிலக்கடலை,sandy,மணல் மண்,"crop,soil; add district/season/stage when present",retrieve canonical answer; live lookup for price/weather/schemes
AGR|SCHEME|CROP=groundnut|SOIL=clay,scheme,அரசுத் திட்டம்,groundnut,நிலக்கடலை,clay,களிமண்,"crop,soil; add district/season/stage when present",retrieve canonical answer; live lookup for price/weather/schemes
AGR|SCHEME|CROP=groundnut|SOIL=loamy,scheme,அரசுத் திட்டம்,groundnut,நிலக்கடலை,loamy,கலப்பு மண்,"crop,soil; add district/season/stage when present",retrieve canonical answer; live lookup for price/weather/schemes
AGR|SCHEME|CROP=groundnut|SOIL=laterite,scheme,அரசுத் திட்டம்,groundnut,நிலக்கடலை,laterite,சரளை மண்,"crop,soil; add district/season/stage when present",retrieve canonical answer; live lookup for price/weather/schemes
AGR|SCHEME|CROP=maize|SOIL=red,scheme,அரசுத் திட்டம்,maize,மக்காச்சோளம்,red,செம்மண்,"crop,soil; add district/season/stage when present",retrieve canonical answer; live lookup for price/weather/schemes
AGR|SCHEME|CROP=maize|SOIL=black,scheme,அரசுத் திட்டம்,maize,மக்காச்சோளம்,black,கரிசல் மண்,"crop,soil; add district/season/stage when present",retrieve canonical answer; live lookup for price/weather/schemes
AGR|SCHEME|CROP=maize|SOIL=alluvial,scheme,அரசுத் திட்டம்,maize,மக்காச்சோளம்,alluvial,வண்டல் மண்,"crop,soil; add district/season/stage when present",retrieve canonical answer; live lookup for price/weather/schemes
AGR|SCHEME|CROP=maize|SOIL=sandy,scheme,அரசுத் திட்டம்,maize,மக்காச்சோளம்,sandy,மணல் மண்,"crop,soil; add district/season/stage when present",retrieve canonical answer; live lookup for price/weather/schemes
AGR|SCHEME|CROP=maize|SOIL=clay,scheme,அரசுத் திட்டம்,maize,மக்காச்சோளம்,clay,களிமண்,"crop,soil; add district/season/stage when present",retrieve canonical answer; live lookup for price/weather/schemes
AGR|SCHEME|CROP=maize|SOIL=loamy,scheme,அரசுத் திட்டம்,maize,மக்காச்சோளம்,loamy,கலப்பு மண்,"crop,soil; add district/season/stage when present",retrieve canonical answer; live lookup for price/weather/schemes
AGR|SCHEME|CROP=maize|SOIL=laterite,scheme,அரசுத் திட்டம்,maize,மக்காச்சோளம்,laterite,சரளை மண்,"crop,soil; add district/season/stage when present",retrieve canonical answer; live lookup for price/weather/schemes
AGR|SCHEME|CROP=millet|SOIL=red,scheme,அரசுத் திட்டம்,millet,கம்பு,red,செம்மண்,"crop,soil; add district/season/stage when present",retrieve canonical answer; live lookup for price/weather/schemes
AGR|SCHEME|CROP=millet|SOIL=black,scheme,அரசுத் திட்டம்,millet,கம்பு,black,கரிசல் மண்,"crop,soil; add district/season/stage when present",retrieve canonical answer; live lookup for price/weather/schemes
AGR|SCHEME|CROP=millet|SOIL=alluvial,scheme,அரசுத் திட்டம்,millet,கம்பு,alluvial,வண்டல் மண்,"crop,soil; add district/season/stage when present",retrieve canonical answer; live lookup for price/weather/schemes
AGR|SCHEME|CROP=millet|SOIL=sandy,scheme,அரசுத் திட்டம்,millet,கம்பு,sandy,மணல் மண்,"crop,soil; add district/season/stage when present",retrieve canonical answer; live lookup for price/weather/schemes
AGR|SCHEME|CROP=millet|SOIL=clay,scheme,அரசுத் திட்டம்,millet,கம்பு,clay,களிமண்,"crop,soil; add district/season/stage when present",retrieve canonical answer; live lookup for price/weather/schemes
AGR|SCHEME|CROP=millet|SOIL=loamy,scheme,அரசுத் திட்டம்,millet,கம்பு,loamy,கலப்பு மண்,"crop,soil; add district/season/stage when present",retrieve canonical answer; live lookup for price/weather/schemes
AGR|SCHEME|CROP=millet|SOIL=laterite,scheme,அரசுத் திட்டம்,millet,கம்பு,laterite,சரளை மண்,"crop,soil; add district/season/stage when present",retrieve canonical answer; live lookup for price/weather/schemes
AGR|SCHEME|CROP=tomato|SOIL=red,scheme,அரசுத் திட்டம்,tomato,தக்காளி,red,செம்மண்,"crop,soil; add district/season/stage when present",retrieve canonical answer; live lookup for price/weather/schemes
AGR|SCHEME|CROP=tomato|SOIL=black,scheme,அரசுத் திட்டம்,tomato,தக்காளி,black,கரிசல் மண்,"crop,soil; add district/season/stage when present",retrieve canonical answer; live lookup for price/weather/schemes
AGR|SCHEME|CROP=tomato|SOIL=alluvial,scheme,அரசுத் திட்டம்,tomato,தக்காளி,alluvial,வண்டல் மண்,"crop,soil; add district/season/stage when present",retrieve canonical answer; live lookup for price/weather/schemes
AGR|SCHEME|CROP=tomato|SOIL=sandy,scheme,அரசுத் திட்டம்,tomato,தக்காளி,sandy,மணல் மண்,"crop,soil; add district/season/stage when present",retrieve canonical answer; live lookup for price/weather/schemes
AGR|SCHEME|CROP=tomato|SOIL=clay,scheme,அரசுத் திட்டம்,tomato,தக்காளி,clay,களிமண்,"crop,soil; add district/season/stage when present",retrieve canonical answer; live lookup for price/weather/schemes
AGR|SCHEME|CROP=tomato|SOIL=loamy,scheme,அரசுத் திட்டம்,tomato,தக்காளி,loamy,கலப்பு மண்,"crop,soil; add district/season/stage when present",retrieve canonical answer; live lookup for price/weather/schemes
AGR|SCHEME|CROP=tomato|SOIL=laterite,scheme,அரசுத் திட்டம்,tomato,தக்காளி,laterite,சரளை மண்,"crop,soil; add district/season/stage when present",retrieve canonical answer; live lookup for price/weather/schemes
AGR|SCHEME|CROP=chilli|SOIL=red,scheme,அரசுத் திட்டம்,chilli,மிளகாய்,red,செம்மண்,"crop,soil; add district/season/stage when present",retrieve canonical answer; live lookup for price/weather/schemes
AGR|SCHEME|CROP=chilli|SOIL=black,scheme,அரசுத் திட்டம்,chilli,மிளகாய்,black,கரிசல் மண்,"crop,soil; add district/season/stage when present",retrieve canonical answer; live lookup for price/weather/schemes
AGR|SCHEME|CROP=chilli|SOIL=alluvial,scheme,அரசுத் திட்டம்,chilli,மிளகாய்,alluvial,வண்டல் மண்,"crop,soil; add district/season/stage when present",retrieve canonical answer; live lookup for price/weather/schemes
AGR|SCHEME|CROP=chilli|SOIL=sandy,scheme,அரசுத் திட்டம்,chilli,மிளகாய்,sandy,மணல் மண்,"crop,soil; add district/season/stage when present",retrieve canonical answer; live lookup for price/weather/schemes
AGR|SCHEME|CROP=chilli|SOIL=clay,scheme,அரசுத் திட்டம்,chilli,மிளகாய்,clay,களிமண்,"crop,soil; add district/season/stage when present",retrieve canonical answer; live lookup for price/weather/schemes
AGR|SCHEME|CROP=chilli|SOIL=loamy,scheme,அரசுத் திட்டம்,chilli,மிளகாய்,loamy,கலப்பு மண்,"crop,soil; add district/season/stage when present",retrieve canonical answer; live lookup for price/weather/schemes
AGR|SCHEME|CROP=chilli|SOIL=laterite,scheme,அரசுத் திட்டம்,chilli,மிளகாய்,laterite,சரளை மண்,"crop,soil; add district/season/stage when present",retrieve canonical answer; live lookup for price/weather/schemes
AGR|SCHEME|CROP=onion|SOIL=red,scheme,அரசுத் திட்டம்,onion,வெங்காயம்,red,செம்மண்,"crop,soil; add district/season/stage when present",retrieve canonical answer; live lookup for price/weather/schemes
AGR|SCHEME|CROP=onion|SOIL=black,scheme,அரசுத் திட்டம்,onion,வெங்காயம்,black,கரிசல் மண்,"crop,soil; add district/season/stage when present",retrieve canonical answer; live lookup for price/weather/schemes
AGR|SCHEME|CROP=onion|SOIL=alluvial,scheme,அரசுத் திட்டம்,onion,வெங்காயம்,alluvial,வண்டல் மண்,"crop,soil; add district/season/stage when present",retrieve canonical answer; live lookup for price/weather/schemes
AGR|SCHEME|CROP=onion|SOIL=sandy,scheme,அரசுத் திட்டம்,onion,வெங்காயம்,sandy,மணல் மண்,"crop,soil; add district/season/stage when present",retrieve canonical answer; live lookup for price/weather/schemes
AGR|SCHEME|CROP=onion|SOIL=clay,scheme,அரசுத் திட்டம்,onion,வெங்காயம்,clay,களிமண்,"crop,soil; add district/season/stage when present",retrieve canonical answer; live lookup for price/weather/schemes
AGR|SCHEME|CROP=onion|SOIL=loamy,scheme,அரசுத் திட்டம்,onion,வெங்காயம்,loamy,கலப்பு மண்,"crop,soil; add district/season/stage when present",retrieve canonical answer; live lookup for price/weather/schemes
AGR|SCHEME|CROP=onion|SOIL=laterite,scheme,அரசுத் திட்டம்,onion,வெங்காயம்,laterite,சரளை மண்,"crop,soil; add district/season/stage when present",retrieve canonical answer; live lookup for price/weather/schemes
AGR|SCHEME|CROP=turmeric|SOIL=red,scheme,அரசுத் திட்டம்,turmeric,மஞ்சள்,red,செம்மண்,"crop,soil; add district/season/stage when present",retrieve canonical answer; live lookup for price/weather/schemes
AGR|SCHEME|CROP=turmeric|SOIL=black,scheme,அரசுத் திட்டம்,turmeric,மஞ்சள்,black,கரிசல் மண்,"crop,soil; add district/season/stage when present",retrieve canonical answer; live lookup for price/weather/schemes
AGR|SCHEME|CROP=turmeric|SOIL=alluvial,scheme,அரசுத் திட்டம்,turmeric,மஞ்சள்,alluvial,வண்டல் மண்,"crop,soil; add district/season/stage when present",retrieve canonical answer; live lookup for price/weather/schemes
AGR|SCHEME|CROP=turmeric|SOIL=sandy,scheme,அரசுத் திட்டம்,turmeric,மஞ்சள்,sandy,மணல் மண்,"crop,soil; add district/season/stage when present",retrieve canonical answer; live lookup for price/weather/schemes
AGR|SCHEME|CROP=turmeric|SOIL=clay,scheme,அரசுத் திட்டம்,turmeric,மஞ்சள்,clay,களிமண்,"crop,soil; add district/season/stage when present",retrieve canonical answer; live lookup for price/weather/schemes
AGR|SCHEME|CROP=turmeric|SOIL=loamy,scheme,அரசுத் திட்டம்,turmeric,மஞ்சள்,loamy,கலப்பு மண்,"crop,soil; add district/season/stage when present",retrieve canonical answer; live lookup for price/weather/schemes
AGR|SCHEME|CROP=turmeric|SOIL=laterite,scheme,அரசுத் திட்டம்,turmeric,மஞ்சள்,laterite,சரளை மண்,"crop,soil; add district/season/stage when present",retrieve canonical answer; live lookup for price/weather/schemes
AGR|SCHEME|CROP=brinjal|SOIL=red,scheme,அரசுத் திட்டம்,brinjal,கத்தரிக்காய்,red,செம்மண்,"crop,soil; add district/season/stage when present",retrieve canonical answer; live lookup for price/weather/schemes
AGR|SCHEME|CROP=brinjal|SOIL=black,scheme,அரசுத் திட்டம்,brinjal,கத்தரிக்காய்,black,கரிசல் மண்,"crop,soil; add district/season/stage when present",retrieve canonical answer; live lookup for price/weather/schemes
AGR|SCHEME|CROP=brinjal|SOIL=alluvial,scheme,அரசுத் திட்டம்,brinjal,கத்தரிக்காய்,alluvial,வண்டல் மண்,"crop,soil; add district/season/stage when present",retrieve canonical answer; live lookup for price/weather/schemes
AGR|SCHEME|CROP=brinjal|SOIL=sandy,scheme,அரசுத் திட்டம்,brinjal,கத்தரிக்காய்,sandy,மணல் மண்,"crop,soil; add district/season/stage when present",retrieve canonical answer; live lookup for price/weather/schemes
AGR|SCHEME|CROP=brinjal|SOIL=clay,scheme,அரசுத் திட்டம்,brinjal,கத்தரிக்காய்,clay,களிமண்,"crop,soil; add district/season/stage when present",retrieve canonical answer; live lookup for price/weather/schemes
AGR|SCHEME|CROP=brinjal|SOIL=loamy,scheme,அரசுத் திட்டம்,brinjal,கத்தரிக்காய்,loamy,கலப்பு மண்,"crop,soil; add district/season/stage when present",retrieve canonical answer; live lookup for price/weather/schemes
AGR|SCHEME|CROP=brinjal|SOIL=laterite,scheme,அரசுத் திட்டம்,brinjal,கத்தரிக்காய்,laterite,சரளை மண்,"crop,soil; add district/season/stage when present",retrieve canonical answer; live lookup for price/weather/schemes
AGR|SCHEME|CROP=okra|SOIL=red,scheme,அரசுத் திட்டம்,okra,வெண்டைக்காய்,red,செம்மண்,"crop,soil; add district/season/stage when present",retrieve canonical answer; live lookup for price/weather/schemes
AGR|SCHEME|CROP=okra|SOIL=black,scheme,அரசுத் திட்டம்,okra,வெண்டைக்காய்,black,கரிசல் மண்,"crop,soil; add district/season/stage when present",retrieve canonical answer; live lookup for price/weather/schemes
AGR|SCHEME|CROP=okra|SOIL=alluvial,scheme,அரசுத் திட்டம்,okra,வெண்டைக்காய்,alluvial,வண்டல் மண்,"crop,soil; add district/season/stage when present",retrieve canonical answer; live lookup for price/weather/schemes
AGR|SCHEME|CROP=okra|SOIL=sandy,scheme,அரசுத் திட்டம்,okra,வெண்டைக்காய்,sandy,மணல் மண்,"crop,soil; add district/season/stage when present",retrieve canonical answer; live lookup for price/weather/schemes
AGR|SCHEME|CROP=okra|SOIL=clay,scheme,அரசுத் திட்டம்,okra,வெண்டைக்காய்,clay,களிமண்,"crop,soil; add district/season/stage when present",retrieve canonical answer; live lookup for price/weather/schemes
AGR|SCHEME|CROP=okra|SOIL=loamy,scheme,அரசுத் திட்டம்,okra,வெண்டைக்காய்,loamy,கலப்பு மண்,"crop,soil; add district/season/stage when present",retrieve canonical answer; live lookup for price/weather/schemes
AGR|SCHEME|CROP=okra|SOIL=laterite,scheme,அரசுத் திட்டம்,okra,வெண்டைக்காய்,laterite,சரளை மண்,"crop,soil; add district/season/stage when present",retrieve canonical answer; live lookup for price/weather/schemes
AGR|SCHEME|CROP=coconut|SOIL=red,scheme,அரசுத் திட்டம்,coconut,தென்னை,red,செம்மண்,"crop,soil; add district/season/stage when present",retrieve canonical answer; live lookup for price/weather/schemes
AGR|SCHEME|CROP=coconut|SOIL=black,scheme,அரசுத் திட்டம்,coconut,தென்னை,black,கரிசல் மண்,"crop,soil; add district/season/stage when present",retrieve canonical answer; live lookup for price/weather/schemes
AGR|SCHEME|CROP=coconut|SOIL=alluvial,scheme,அரசுத் திட்டம்,coconut,தென்னை,alluvial,வண்டல் மண்,"crop,soil; add district/season/stage when present",retrieve canonical answer; live lookup for price/weather/schemes
AGR|SCHEME|CROP=coconut|SOIL=sandy,scheme,அரசுத் திட்டம்,coconut,தென்னை,sandy,மணல் மண்,"crop,soil; add district/season/stage when present",retrieve canonical answer; live lookup for price/weather/schemes
AGR|SCHEME|CROP=coconut|SOIL=clay,scheme,அரசுத் திட்டம்,coconut,தென்னை,clay,களிமண்,"crop,soil; add district/season/stage when present",retrieve canonical answer; live lookup for price/weather/schemes
AGR|SCHEME|CROP=coconut|SOIL=loamy,scheme,அரசுத் திட்டம்,coconut,தென்னை,loamy,கலப்பு மண்,"crop,soil; add district/season/stage when present",retrieve canonical answer; live lookup for price/weather/schemes
AGR|SCHEME|CROP=coconut|SOIL=laterite,scheme,அரசுத் திட்டம்,coconut,தென்னை,laterite,சரளை மண்,"crop,soil; add district/season/stage when present",retrieve canonical answer; live lookup for price/weather/schemes
AGR|SCHEME|CROP=pulses|SOIL=red,scheme,அரசுத் திட்டம்,pulses,பயறு,red,செம்மண்,"crop,soil; add district/season/stage when present",retrieve canonical answer; live lookup for price/weather/schemes
AGR|SCHEME|CROP=pulses|SOIL=black,scheme,அரசுத் திட்டம்,pulses,பயறு,black,கரிசல் மண்,"crop,soil; add district/season/stage when present",retrieve canonical answer; live lookup for price/weather/schemes
AGR|SCHEME|CROP=pulses|SOIL=alluvial,scheme,அரசுத் திட்டம்,pulses,பயறு,alluvial,வண்டல் மண்,"crop,soil; add district/season/stage when present",retrieve canonical answer; live lookup for price/weather/schemes
AGR|SCHEME|CROP=pulses|SOIL=sandy,scheme,அரசுத் திட்டம்,pulses,பயறு,sandy,மணல் மண்,"crop,soil; add district/season/stage when present",retrieve canonical answer; live lookup for price/weather/schemes
AGR|SCHEME|CROP=pulses|SOIL=clay,scheme,அரசுத் திட்டம்,pulses,பயறு,clay,களிமண்,"crop,soil; add district/season/stage when present",retrieve canonical answer; live lookup for price/weather/schemes
AGR|SCHEME|CROP=pulses|SOIL=loamy,scheme,அரசுத் திட்டம்,pulses,பயறு,loamy,கலப்பு மண்,"crop,soil; add district/season/stage when present",retrieve canonical answer; live lookup for price/weather/schemes
AGR|SCHEME|CROP=pulses|SOIL=laterite,scheme,அரசுத் திட்டம்,pulses,பயறு,laterite,சரளை மண்,"crop,soil; add district/season/stage when present",retrieve canonical answer; live lookup for price/weather/schemes
AGR|SCHEME|CROP=sesame|SOIL=red,scheme,அரசுத் திட்டம்,sesame,எள்,red,செம்மண்,"crop,soil; add district/season/stage when present",retrieve canonical answer; live lookup for price/weather/schemes
AGR|SCHEME|CROP=sesame|SOIL=black,scheme,அரசுத் திட்டம்,sesame,எள்,black,கரிசல் மண்,"crop,soil; add district/season/stage when present",retrieve canonical answer; live lookup for price/weather/schemes
AGR|SCHEME|CROP=sesame|SOIL=alluvial,scheme,அரசுத் திட்டம்,sesame,எள்,alluvial,வண்டல் மண்,"crop,soil; add district/season/stage when present",retrieve canonical answer; live lookup for price/weather/schemes
AGR|SCHEME|CROP=sesame|SOIL=sandy,scheme,அரசுத் திட்டம்,sesame,எள்,sandy,மணல் மண்,"crop,soil; add district/season/stage when present",retrieve canonical answer; live lookup for price/weather/schemes
AGR|SCHEME|CROP=sesame|SOIL=clay,scheme,அரசுத் திட்டம்,sesame,எள்,clay,களிமண்,"crop,soil; add district/season/stage when present",retrieve canonical answer; live lookup for price/weather/schemes
AGR|SCHEME|CROP=sesame|SOIL=loamy,scheme,அரசுத் திட்டம்,sesame,எள்,loamy,கலப்பு மண்,"crop,soil; add district/season/stage when present",retrieve canonical answer; live lookup for price/weather/schemes
AGR|SCHEME|CROP=sesame|SOIL=laterite,scheme,அரசுத் திட்டம்,sesame,எள்,laterite,சரளை மண்,"crop,soil; add district/season/stage when present",retrieve canonical answer; live lookup for price/weather/schemes
AGR|SCHEME|CROP=tapioca|SOIL=red,scheme,அரசுத் திட்டம்,tapioca,மரவள்ளி,red,செம்மண்,"crop,soil; add district/season/stage when present",retrieve canonical answer; live lookup for price/weather/schemes
AGR|SCHEME|CROP=tapioca|SOIL=black,scheme,அரசுத் திட்டம்,tapioca,மரவள்ளி,black,கரிசல் மண்,"crop,soil; add district/season/stage when present",retrieve canonical answer; live lookup for price/weather/schemes
AGR|SCHEME|CROP=tapioca|SOIL=alluvial,scheme,அரசுத் திட்டம்,tapioca,மரவள்ளி,alluvial,வண்டல் மண்,"crop,soil; add district/season/stage when present",retrieve canonical answer; live lookup for price/weather/schemes
AGR|SCHEME|CROP=tapioca|SOIL=sandy,scheme,அரசுத் திட்டம்,tapioca,மரவள்ளி,sandy,மணல் மண்,"crop,soil; add district/season/stage when present",retrieve canonical answer; live lookup for price/weather/schemes
AGR|SCHEME|CROP=tapioca|SOIL=clay,scheme,அரசுத் திட்டம்,tapioca,மரவள்ளி,clay,களிமண்,"crop,soil; add district/season/stage when present",retrieve canonical answer; live lookup for price/weather/schemes
AGR|SCHEME|CROP=tapioca|SOIL=loamy,scheme,அரசுத் திட்டம்,tapioca,மரவள்ளி,loamy,கலப்பு மண்,"crop,soil; add district/season/stage when present",retrieve canonical answer; live lookup for price/weather/schemes
AGR|SCHEME|CROP=tapioca|SOIL=laterite,scheme,அரசுத் திட்டம்,tapioca,மரவள்ளி,laterite,சரளை மண்,"crop,soil; add district/season/stage when present",retrieve canonical answer; live lookup for price/weather/schemes
AGR|SCHEME|CROP=drumstick|SOIL=red,scheme,அரசுத் திட்டம்,drumstick,முருங்கை,red,செம்மண்,"crop,soil; add district/season/stage when present",retrieve canonical answer; live lookup for price/weather/schemes
AGR|SCHEME|CROP=drumstick|SOIL=black,scheme,அரசுத் திட்டம்,drumstick,முருங்கை,black,கரிசல் மண்,"crop,soil; add district/season/stage when present",retrieve canonical answer; live lookup for price/weather/schemes
AGR|SCHEME|CROP=drumstick|SOIL=alluvial,scheme,அரசுத் திட்டம்,drumstick,முருங்கை,alluvial,வண்டல் மண்,"crop,soil; add district/season/stage when present",retrieve canonical answer; live lookup for price/weather/schemes
AGR|SCHEME|CROP=drumstick|SOIL=sandy,scheme,அரசுத் திட்டம்,drumstick,முருங்கை,sandy,மணல் மண்,"crop,soil; add district/season/stage when present",retrieve canonical answer; live lookup for price/weather/schemes
AGR|SCHEME|CROP=drumstick|SOIL=clay,scheme,அரசுத் திட்டம்,drumstick,முருங்கை,clay,களிமண்,"crop,soil; add district/season/stage when present",retrieve canonical answer; live lookup for price/weather/schemes
AGR|SCHEME|CROP=drumstick|SOIL=loamy,scheme,அரசுத் திட்டம்,drumstick,முருங்கை,loamy,கலப்பு மண்,"crop,soil; add district/season/stage when present",retrieve canonical answer; live lookup for price/weather/schemes
AGR|SCHEME|CROP=drumstick|SOIL=laterite,scheme,அரசுத் திட்டம்,drumstick,முருங்கை,laterite,சரளை மண்,"crop,soil; add district/season/stage when present",retrieve canonical answer; live lookup for price/weather/schemes
AGR|LOAN|CROP=rice|SOIL=red,loan,விவசாயக் கடன்,rice,நெல்,red,செம்மண்,"crop,soil; add district/season/stage when present",retrieve canonical answer; live lookup for price/weather/schemes
AGR|LOAN|CROP=rice|SOIL=black,loan,விவசாயக் கடன்,rice,நெல்,black,கரிசல் மண்,"crop,soil; add district/season/stage when present",retrieve canonical answer; live lookup for price/weather/schemes
AGR|LOAN|CROP=rice|SOIL=alluvial,loan,விவசாயக் கடன்,rice,நெல்,alluvial,வண்டல் மண்,"crop,soil; add district/season/stage when present",retrieve canonical answer; live lookup for price/weather/schemes
AGR|LOAN|CROP=rice|SOIL=sandy,loan,விவசாயக் கடன்,rice,நெல்,sandy,மணல் மண்,"crop,soil; add district/season/stage when present",retrieve canonical answer; live lookup for price/weather/schemes
AGR|LOAN|CROP=rice|SOIL=clay,loan,விவசாயக் கடன்,rice,நெல்,clay,களிமண்,"crop,soil; add district/season/stage when present",retrieve canonical answer; live lookup for price/weather/schemes
AGR|LOAN|CROP=rice|SOIL=loamy,loan,விவசாயக் கடன்,rice,நெல்,loamy,கலப்பு மண்,"crop,soil; add district/season/stage when present",retrieve canonical answer; live lookup for price/weather/schemes
AGR|LOAN|CROP=rice|SOIL=laterite,loan,விவசாயக் கடன்,rice,நெல்,laterite,சரளை மண்,"crop,soil; add district/season/stage when present",retrieve canonical answer; live lookup for price/weather/schemes
AGR|LOAN|CROP=banana|SOIL=red,loan,விவசாயக் கடன்,banana,வாழை,red,செம்மண்,"crop,soil; add district/season/stage when present",retrieve canonical answer; live lookup for price/weather/schemes
AGR|LOAN|CROP=banana|SOIL=black,loan,விவசாயக் கடன்,banana,வாழை,black,கரிசல் மண்,"crop,soil; add district/season/stage when present",retrieve canonical answer; live lookup for price/weather/schemes
AGR|LOAN|CROP=banana|SOIL=alluvial,loan,விவசாயக் கடன்,banana,வாழை,alluvial,வண்டல் மண்,"crop,soil; add district/season/stage when present",retrieve canonical answer; live lookup for price/weather/schemes
AGR|LOAN|CROP=banana|SOIL=sandy,loan,விவசாயக் கடன்,banana,வாழை,sandy,மணல் மண்,"crop,soil; add district/season/stage when present",retrieve canonical answer; live lookup for price/weather/schemes
AGR|LOAN|CROP=banana|SOIL=clay,loan,விவசாயக் கடன்,banana,வாழை,clay,களிமண்,"crop,soil; add district/season/stage when present",retrieve canonical answer; live lookup for price/weather/schemes
AGR|LOAN|CROP=banana|SOIL=loamy,loan,விவசாயக் கடன்,banana,வாழை,loamy,கலப்பு மண்,"crop,soil; add district/season/stage when present",retrieve canonical answer; live lookup for price/weather/schemes
AGR|LOAN|CROP=banana|SOIL=laterite,loan,விவசாயக் கடன்,banana,வாழை,laterite,சரளை மண்,"crop,soil; add district/season/stage when present",retrieve canonical answer; live lookup for price/weather/schemes
AGR|LOAN|CROP=sugarcane|SOIL=red,loan,விவசாயக் கடன்,sugarcane,கரும்பு,red,செம்மண்,"crop,soil; add district/season/stage when present",retrieve canonical answer; live lookup for price/weather/schemes
AGR|LOAN|CROP=sugarcane|SOIL=black,loan,விவசாயக் கடன்,sugarcane,கரும்பு,black,கரிசல் மண்,"crop,soil; add district/season/stage when present",retrieve canonical answer; live lookup for price/weather/schemes
AGR|LOAN|CROP=sugarcane|SOIL=alluvial,loan,விவசாயக் கடன்,sugarcane,கரும்பு,alluvial,வண்டல் மண்,"crop,soil; add district/season/stage when present",retrieve canonical answer; live lookup for price/weather/schemes
AGR|LOAN|CROP=sugarcane|SOIL=sandy,loan,விவசாயக் கடன்,sugarcane,கரும்பு,sandy,மணல் மண்,"crop,soil; add district/season/stage when present",retrieve canonical answer; live lookup for price/weather/schemes
AGR|LOAN|CROP=sugarcane|SOIL=clay,loan,விவசாயக் கடன்,sugarcane,கரும்பு,clay,களிமண்,"crop,soil; add district/season/stage when present",retrieve canonical answer; live lookup for price/weather/schemes
AGR|LOAN|CROP=sugarcane|SOIL=loamy,loan,விவசாயக் கடன்,sugarcane,கரும்பு,loamy,கலப்பு மண்,"crop,soil; add district/season/stage when present",retrieve canonical answer; live lookup for price/weather/schemes
AGR|LOAN|CROP=sugarcane|SOIL=laterite,loan,விவசாயக் கடன்,sugarcane,கரும்பு,laterite,சரளை மண்,"crop,soil; add district/season/stage when present",retrieve canonical answer; live lookup for price/weather/schemes
AGR|LOAN|CROP=cotton|SOIL=red,loan,விவசாயக் கடன்,cotton,பருத்தி,red,செம்மண்,"crop,soil; add district/season/stage when present",retrieve canonical answer; live lookup for price/weather/schemes
AGR|LOAN|CROP=cotton|SOIL=black,loan,விவசாயக் கடன்,cotton,பருத்தி,black,கரிசல் மண்,"crop,soil; add district/season/stage when present",retrieve canonical answer; live lookup for price/weather/schemes
AGR|LOAN|CROP=cotton|SOIL=alluvial,loan,விவசாயக் கடன்,cotton,பருத்தி,alluvial,வண்டல் மண்,"crop,soil; add district/season/stage when present",retrieve canonical answer; live lookup for price/weather/schemes
AGR|LOAN|CROP=cotton|SOIL=sandy,loan,விவசாயக் கடன்,cotton,பருத்தி,sandy,மணல் மண்,"crop,soil; add district/season/stage when present",retrieve canonical answer; live lookup for price/weather/schemes
AGR|LOAN|CROP=cotton|SOIL=clay,loan,விவசாயக் கடன்,cotton,பருத்தி,clay,களிமண்,"crop,soil; add district/season/stage when present",retrieve canonical answer; live lookup for price/weather/schemes
AGR|LOAN|CROP=cotton|SOIL=loamy,loan,விவசாயக் கடன்,cotton,பருத்தி,loamy,கலப்பு மண்,"crop,soil; add district/season/stage when present",retrieve canonical answer; live lookup for price/weather/schemes
AGR|LOAN|CROP=cotton|SOIL=laterite,loan,விவசாயக் கடன்,cotton,பருத்தி,laterite,சரளை மண்,"crop,soil; add district/season/stage when present",retrieve canonical answer; live lookup for price/weather/schemes
AGR|LOAN|CROP=groundnut|SOIL=red,loan,விவசாயக் கடன்,groundnut,நிலக்கடலை,red,செம்மண்,"crop,soil; add district/season/stage when present",retrieve canonical answer; live lookup for price/weather/schemes
AGR|LOAN|CROP=groundnut|SOIL=black,loan,விவசாயக் கடன்,groundnut,நிலக்கடலை,black,கரிசல் மண்,"crop,soil; add district/season/stage when present",retrieve canonical answer; live lookup for price/weather/schemes
AGR|LOAN|CROP=groundnut|SOIL=alluvial,loan,விவசாயக் கடன்,groundnut,நிலக்கடலை,alluvial,வண்டல் மண்,"crop,soil; add district/season/stage when present",retrieve canonical answer; live lookup for price/weather/schemes
AGR|LOAN|CROP=groundnut|SOIL=sandy,loan,விவசாயக் கடன்,groundnut,நிலக்கடலை,sandy,மணல் மண்,"crop,soil; add district/season/stage when present",retrieve canonical answer; live lookup for price/weather/schemes
AGR|LOAN|CROP=groundnut|SOIL=clay,loan,விவசாயக் கடன்,groundnut,நிலக்கடலை,clay,களிமண்,"crop,soil; add district/season/stage when present",retrieve canonical answer; live lookup for price/weather/schemes
AGR|LOAN|CROP=groundnut|SOIL=loamy,loan,விவசாயக் கடன்,groundnut,நிலக்கடலை,loamy,கலப்பு மண்,"crop,soil; add district/season/stage when present",retrieve canonical answer; live lookup for price/weather/schemes
AGR|LOAN|CROP=groundnut|SOIL=laterite,loan,விவசாயக் கடன்,groundnut,நிலக்கடலை,laterite,சரளை மண்,"crop,soil; add district/season/stage when present",retrieve canonical answer; live lookup for price/weather/schemes
AGR|LOAN|CROP=maize|SOIL=red,loan,விவசாயக் கடன்,maize,மக்காச்சோளம்,red,செம்மண்,"crop,soil; add district/season/stage when present",retrieve canonical answer; live lookup for price/weather/schemes
AGR|LOAN|CROP=maize|SOIL=black,loan,விவசாயக் கடன்,maize,மக்காச்சோளம்,black,கரிசல் மண்,"crop,soil; add district/season/stage when present",retrieve canonical answer; live lookup for price/weather/schemes
AGR|LOAN|CROP=maize|SOIL=alluvial,loan,விவசாயக் கடன்,maize,மக்காச்சோளம்,alluvial,வண்டல் மண்,"crop,soil; add district/season/stage when present",retrieve canonical answer; live lookup for price/weather/schemes
AGR|LOAN|CROP=maize|SOIL=sandy,loan,விவசாயக் கடன்,maize,மக்காச்சோளம்,sandy,மணல் மண்,"crop,soil; add district/season/stage when present",retrieve canonical answer; live lookup for price/weather/schemes
AGR|LOAN|CROP=maize|SOIL=clay,loan,விவசாயக் கடன்,maize,மக்காச்சோளம்,clay,களிமண்,"crop,soil; add district/season/stage when present",retrieve canonical answer; live lookup for price/weather/schemes
AGR|LOAN|CROP=maize|SOIL=loamy,loan,விவசாயக் கடன்,maize,மக்காச்சோளம்,loamy,கலப்பு மண்,"crop,soil; add district/season/stage when present",retrieve canonical answer; live lookup for price/weather/schemes
AGR|LOAN|CROP=maize|SOIL=laterite,loan,விவசாயக் கடன்,maize,மக்காச்சோளம்,laterite,சரளை மண்,"crop,soil; add district/season/stage when present",retrieve canonical answer; live lookup for price/weather/schemes
AGR|LOAN|CROP=millet|SOIL=red,loan,விவசாயக் கடன்,millet,கம்பு,red,செம்மண்,"crop,soil; add district/season/stage when present",retrieve canonical answer; live lookup for price/weather/schemes
AGR|LOAN|CROP=millet|SOIL=black,loan,விவசாயக் கடன்,millet,கம்பு,black,கரிசல் மண்,"crop,soil; add district/season/stage when present",retrieve canonical answer; live lookup for price/weather/schemes
AGR|LOAN|CROP=millet|SOIL=alluvial,loan,விவசாயக் கடன்,millet,கம்பு,alluvial,வண்டல் மண்,"crop,soil; add district/season/stage when present",retrieve canonical answer; live lookup for price/weather/schemes
AGR|LOAN|CROP=millet|SOIL=sandy,loan,விவசாயக் கடன்,millet,கம்பு,sandy,மணல் மண்,"crop,soil; add district/season/stage when present",retrieve canonical answer; live lookup for price/weather/schemes
AGR|LOAN|CROP=millet|SOIL=clay,loan,விவசாயக் கடன்,millet,கம்பு,clay,களிமண்,"crop,soil; add district/season/stage when present",retrieve canonical answer; live lookup for price/weather/schemes
AGR|LOAN|CROP=millet|SOIL=loamy,loan,விவசாயக் கடன்,millet,கம்பு,loamy,கலப்பு மண்,"crop,soil; add district/season/stage when present",retrieve canonical answer; live lookup for price/weather/schemes
AGR|LOAN|CROP=millet|SOIL=laterite,loan,விவசாயக் கடன்,millet,கம்பு,laterite,சரளை மண்,"crop,soil; add district/season/stage when present",retrieve canonical answer; live lookup for price/weather/schemes
AGR|LOAN|CROP=tomato|SOIL=red,loan,விவசாயக் கடன்,tomato,தக்காளி,red,செம்மண்,"crop,soil; add district/season/stage when present",retrieve canonical answer; live lookup for price/weather/schemes
AGR|LOAN|CROP=tomato|SOIL=black,loan,விவசாயக் கடன்,tomato,தக்காளி,black,கரிசல் மண்,"crop,soil; add district/season/stage when present",retrieve canonical answer; live lookup for price/weather/schemes
AGR|LOAN|CROP=tomato|SOIL=alluvial,loan,விவசாயக் கடன்,tomato,தக்காளி,alluvial,வண்டல் மண்,"crop,soil; add district/season/stage when present",retrieve canonical answer; live lookup for price/weather/schemes
AGR|LOAN|CROP=tomato|SOIL=sandy,loan,விவசாயக் கடன்,tomato,தக்காளி,sandy,மணல் மண்,"crop,soil; add district/season/stage when present",retrieve canonical answer; live lookup for price/weather/schemes
AGR|LOAN|CROP=tomato|SOIL=clay,loan,விவசாயக் கடன்,tomato,தக்காளி,clay,களிமண்,"crop,soil; add district/season/stage when present",retrieve canonical answer; live lookup for price/weather/schemes
AGR|LOAN|CROP=tomato|SOIL=loamy,loan,விவசாயக் கடன்,tomato,தக்காளி,loamy,கலப்பு மண்,"crop,soil; add district/season/stage when present",retrieve canonical answer; live lookup for price/weather/schemes
AGR|LOAN|CROP=tomato|SOIL=laterite,loan,விவசாயக் கடன்,tomato,தக்காளி,laterite,சரளை மண்,"crop,soil; add district/season/stage when present",retrieve canonical answer; live lookup for price/weather/schemes
AGR|LOAN|CROP=chilli|SOIL=red,loan,விவசாயக் கடன்,chilli,மிளகாய்,red,செம்மண்,"crop,soil; add district/season/stage when present",retrieve canonical answer; live lookup for price/weather/schemes
AGR|LOAN|CROP=chilli|SOIL=black,loan,விவசாயக் கடன்,chilli,மிளகாய்,black,கரிசல் மண்,"crop,soil; add district/season/stage when present",retrieve canonical answer; live lookup for price/weather/schemes
AGR|LOAN|CROP=chilli|SOIL=alluvial,loan,விவசாயக் கடன்,chilli,மிளகாய்,alluvial,வண்டல் மண்,"crop,soil; add district/season/stage when present",retrieve canonical answer; live lookup for price/weather/schemes
AGR|LOAN|CROP=chilli|SOIL=sandy,loan,விவசாயக் கடன்,chilli,மிளகாய்,sandy,மணல் மண்,"crop,soil; add district/season/stage when present",retrieve canonical answer; live lookup for price/weather/schemes
AGR|LOAN|CROP=chilli|SOIL=clay,loan,விவசாயக் கடன்,chilli,மிளகாய்,clay,களிமண்,"crop,soil; add district/season/stage when present",retrieve canonical answer; live lookup for price/weather/schemes
AGR|LOAN|CROP=chilli|SOIL=loamy,loan,விவசாயக் கடன்,chilli,மிளகாய்,loamy,கலப்பு மண்,"crop,soil; add district/season/stage when present",retrieve canonical answer; live lookup for price/weather/schemes
AGR|LOAN|CROP=chilli|SOIL=laterite,loan,விவசாயக் கடன்,chilli,மிளகாய்,laterite,சரளை மண்,"crop,soil; add district/season/stage when present",retrieve canonical answer; live lookup for price/weather/schemes
AGR|LOAN|CROP=onion|SOIL=red,loan,விவசாயக் கடன்,onion,வெங்காயம்,red,செம்மண்,"crop,soil; add district/season/stage when present",retrieve canonical answer; live lookup for price/weather/schemes
AGR|LOAN|CROP=onion|SOIL=black,loan,விவசாயக் கடன்,onion,வெங்காயம்,black,கரிசல் மண்,"crop,soil; add district/season/stage when present",retrieve canonical answer; live lookup for price/weather/schemes
AGR|LOAN|CROP=onion|SOIL=alluvial,loan,விவசாயக் கடன்,onion,வெங்காயம்,alluvial,வண்டல் மண்,"crop,soil; add district/season/stage when present",retrieve canonical answer; live lookup for price/weather/schemes
AGR|LOAN|CROP=onion|SOIL=sandy,loan,விவசாயக் கடன்,onion,வெங்காயம்,sandy,மணல் மண்,"crop,soil; add district/season/stage when present",retrieve canonical answer; live lookup for price/weather/schemes
AGR|LOAN|CROP=onion|SOIL=clay,loan,விவசாயக் கடன்,onion,வெங்காயம்,clay,களிமண்,"crop,soil; add district/season/stage when present",retrieve canonical answer; live lookup for price/weather/schemes
AGR|LOAN|CROP=onion|SOIL=loamy,loan,விவசாயக் கடன்,onion,வெங்காயம்,loamy,கலப்பு மண்,"crop,soil; add district/season/stage when present",retrieve canonical answer; live lookup for price/weather/schemes
AGR|LOAN|CROP=onion|SOIL=laterite,loan,விவசாயக் கடன்,onion,வெங்காயம்,laterite,சரளை மண்,"crop,soil; add district/season/stage when present",retrieve canonical answer; live lookup for price/weather/schemes
AGR|LOAN|CROP=turmeric|SOIL=red,loan,விவசாயக் கடன்,turmeric,மஞ்சள்,red,செம்மண்,"crop,soil; add district/season/stage when present",retrieve canonical answer; live lookup for price/weather/schemes
AGR|LOAN|CROP=turmeric|SOIL=black,loan,விவசாயக் கடன்,turmeric,மஞ்சள்,black,கரிசல் மண்,"crop,soil; add district/season/stage when present",retrieve canonical answer; live lookup for price/weather/schemes
AGR|LOAN|CROP=turmeric|SOIL=alluvial,loan,விவசாயக் கடன்,turmeric,மஞ்சள்,alluvial,வண்டல் மண்,"crop,soil; add district/season/stage when present",retrieve canonical answer; live lookup for price/weather/schemes
AGR|LOAN|CROP=turmeric|SOIL=sandy,loan,விவசாயக் கடன்,turmeric,மஞ்சள்,sandy,மணல் மண்,"crop,soil; add district/season/stage when present",retrieve canonical answer; live lookup for price/weather/schemes
AGR|LOAN|CROP=turmeric|SOIL=clay,loan,விவசாயக் கடன்,turmeric,மஞ்சள்,clay,களிமண்,"crop,soil; add district/season/stage when present",retrieve canonical answer; live lookup for price/weather/schemes
AGR|LOAN|CROP=turmeric|SOIL=loamy,loan,விவசாயக் கடன்,turmeric,மஞ்சள்,loamy,கலப்பு மண்,"crop,soil; add district/season/stage when present",retrieve canonical answer; live lookup for price/weather/schemes
AGR|LOAN|CROP=turmeric|SOIL=laterite,loan,விவசாயக் கடன்,turmeric,மஞ்சள்,laterite,சரளை மண்,"crop,soil; add district/season/stage when present",retrieve canonical answer; live lookup for price/weather/schemes
AGR|LOAN|CROP=brinjal|SOIL=red,loan,விவசாயக் கடன்,brinjal,கத்தரிக்காய்,red,செம்மண்,"crop,soil; add district/season/stage when present",retrieve canonical answer; live lookup for price/weather/schemes
AGR|LOAN|CROP=brinjal|SOIL=black,loan,விவசாயக் கடன்,brinjal,கத்தரிக்காய்,black,கரிசல் மண்,"crop,soil; add district/season/stage when present",retrieve canonical answer; live lookup for price/weather/schemes
AGR|LOAN|CROP=brinjal|SOIL=alluvial,loan,விவசாயக் கடன்,brinjal,கத்தரிக்காய்,alluvial,வண்டல் மண்,"crop,soil; add district/season/stage when present",retrieve canonical answer; live lookup for price/weather/schemes
AGR|LOAN|CROP=brinjal|SOIL=sandy,loan,விவசாயக் கடன்,brinjal,கத்தரிக்காய்,sandy,மணல் மண்,"crop,soil; add district/season/stage when present",retrieve canonical answer; live lookup for price/weather/schemes
AGR|LOAN|CROP=brinjal|SOIL=clay,loan,விவசாயக் கடன்,brinjal,கத்தரிக்காய்,clay,களிமண்,"crop,soil; add district/season/stage when present",retrieve canonical answer; live lookup for price/weather/schemes
AGR|LOAN|CROP=brinjal|SOIL=loamy,loan,விவசாயக் கடன்,brinjal,கத்தரிக்காய்,loamy,கலப்பு மண்,"crop,soil; add district/season/stage when present",retrieve canonical answer; live lookup for price/weather/schemes
AGR|LOAN|CROP=brinjal|SOIL=laterite,loan,விவசாயக் கடன்,brinjal,கத்தரிக்காய்,laterite,சரளை மண்,"crop,soil; add district/season/stage when present",retrieve canonical answer; live lookup for price/weather/schemes
AGR|LOAN|CROP=okra|SOIL=red,loan,விவசாயக் கடன்,okra,வெண்டைக்காய்,red,செம்மண்,"crop,soil; add district/season/stage when present",retrieve canonical answer; live lookup for price/weather/schemes
AGR|LOAN|CROP=okra|SOIL=black,loan,விவசாயக் கடன்,okra,வெண்டைக்காய்,black,கரிசல் மண்,"crop,soil; add district/season/stage when present",retrieve canonical answer; live lookup for price/weather/schemes
AGR|LOAN|CROP=okra|SOIL=alluvial,loan,விவசாயக் கடன்,okra,வெண்டைக்காய்,alluvial,வண்டல் மண்,"crop,soil; add district/season/stage when present",retrieve canonical answer; live lookup for price/weather/schemes
AGR|LOAN|CROP=okra|SOIL=sandy,loan,விவசாயக் கடன்,okra,வெண்டைக்காய்,sandy,மணல் மண்,"crop,soil; add district/season/stage when present",retrieve canonical answer; live lookup for price/weather/schemes
AGR|LOAN|CROP=okra|SOIL=clay,loan,விவசாயக் கடன்,okra,வெண்டைக்காய்,clay,களிமண்,"crop,soil; add district/season/stage when present",retrieve canonical answer; live lookup for price/weather/schemes
AGR|LOAN|CROP=okra|SOIL=loamy,loan,விவசாயக் கடன்,okra,வெண்டைக்காய்,loamy,கலப்பு மண்,"crop,soil; add district/season/stage when present",retrieve canonical answer; live lookup for price/weather/schemes
AGR|LOAN|CROP=okra|SOIL=laterite,loan,விவசாயக் கடன்,okra,வெண்டைக்காய்,laterite,சரளை மண்,"crop,soil; add district/season/stage when present",retrieve canonical answer; live lookup for price/weather/schemes
AGR|LOAN|CROP=coconut|SOIL=red,loan,விவசாயக் கடன்,coconut,தென்னை,red,செம்மண்,"crop,soil; add district/season/stage when present",retrieve canonical answer; live lookup for price/weather/schemes
AGR|LOAN|CROP=coconut|SOIL=black,loan,விவசாயக் கடன்,coconut,தென்னை,black,கரிசல் மண்,"crop,soil; add district/season/stage when present",retrieve canonical answer; live lookup for price/weather/schemes
AGR|LOAN|CROP=coconut|SOIL=alluvial,loan,விவசாயக் கடன்,coconut,தென்னை,alluvial,வண்டல் மண்,"crop,soil; add district/season/stage when present",retrieve canonical answer; live lookup for price/weather/schemes
AGR|LOAN|CROP=coconut|SOIL=sandy,loan,விவசாயக் கடன்,coconut,தென்னை,sandy,மணல் மண்,"crop,soil; add district/season/stage when present",retrieve canonical answer; live lookup for price/weather/schemes
AGR|LOAN|CROP=coconut|SOIL=clay,loan,விவசாயக் கடன்,coconut,தென்னை,clay,களிமண்,"crop,soil; add district/season/stage when present",retrieve canonical answer; live lookup for price/weather/schemes
AGR|LOAN|CROP=coconut|SOIL=loamy,loan,விவசாயக் கடன்,coconut,தென்னை,loamy,கலப்பு மண்,"crop,soil; add district/season/stage when present",retrieve canonical answer; live lookup for price/weather/schemes
AGR|LOAN|CROP=coconut|SOIL=laterite,loan,விவசாயக் கடன்,coconut,தென்னை,laterite,சரளை மண்,"crop,soil; add district/season/stage when present",retrieve canonical answer; live lookup for price/weather/schemes
AGR|LOAN|CROP=pulses|SOIL=red,loan,விவசாயக் கடன்,pulses,பயறு,red,செம்மண்,"crop,soil; add district/season/stage when present",retrieve canonical answer; live lookup for price/weather/schemes
AGR|LOAN|CROP=pulses|SOIL=black,loan,விவசாயக் கடன்,pulses,பயறு,black,கரிசல் மண்,"crop,soil; add district/season/stage when present",retrieve canonical answer; live lookup for price/weather/schemes
AGR|LOAN|CROP=pulses|SOIL=alluvial,loan,விவசாயக் கடன்,pulses,பயறு,alluvial,வண்டல் மண்,"crop,soil; add district/season/stage when present",retrieve canonical answer; live lookup for price/weather/schemes
AGR|LOAN|CROP=pulses|SOIL=sandy,loan,விவசாயக் கடன்,pulses,பயறு,sandy,மணல் மண்,"crop,soil; add district/season/stage when present",retrieve canonical answer; live lookup for price/weather/schemes
AGR|LOAN|CROP=pulses|SOIL=clay,loan,விவசாயக் கடன்,pulses,பயறு,clay,களிமண்,"crop,soil; add district/season/stage when present",retrieve canonical answer; live lookup for price/weather/schemes
AGR|LOAN|CROP=pulses|SOIL=loamy,loan,விவசாயக் கடன்,pulses,பயறு,loamy,கலப்பு மண்,"crop,soil; add district/season/stage when present",retrieve canonical answer; live lookup for price/weather/schemes
AGR|LOAN|CROP=pulses|SOIL=laterite,loan,விவசாயக் கடன்,pulses,பயறு,laterite,சரளை மண்,"crop,soil; add district/season/stage when present",retrieve canonical answer; live lookup for price/weather/schemes
AGR|LOAN|CROP=sesame|SOIL=red,loan,விவசாயக் கடன்,sesame,எள்,red,செம்மண்,"crop,soil; add district/season/stage when present",retrieve canonical answer; live lookup for price/weather/schemes
AGR|LOAN|CROP=sesame|SOIL=black,loan,விவசாயக் கடன்,sesame,எள்,black,கரிசல் மண்,"crop,soil; add district/season/stage when present",retrieve canonical answer; live lookup for price/weather/schemes
AGR|LOAN|CROP=sesame|SOIL=alluvial,loan,விவசாயக் கடன்,sesame,எள்,alluvial,வண்டல் மண்,"crop,soil; add district/season/stage when present",retrieve canonical answer; live lookup for price/weather/schemes
AGR|LOAN|CROP=sesame|SOIL=sandy,loan,விவசாயக் கடன்,sesame,எள்,sandy,மணல் மண்,"crop,soil; add district/season/stage when present",retrieve canonical answer; live lookup for price/weather/schemes
AGR|LOAN|CROP=sesame|SOIL=clay,loan,விவசாயக் கடன்,sesame,எள்,clay,களிமண்,"crop,soil; add district/season/stage when present",retrieve canonical answer; live lookup for price/weather/schemes
AGR|LOAN|CROP=sesame|SOIL=loamy,loan,விவசாயக் கடன்,sesame,எள்,loamy,கலப்பு மண்,"crop,soil; add district/season/stage when present",retrieve canonical answer; live lookup for price/weather/schemes
AGR|LOAN|CROP=sesame|SOIL=laterite,loan,விவசாயக் கடன்,sesame,எள்,laterite,சரளை மண்,"crop,soil; add district/season/stage when present",retrieve canonical answer; live lookup for price/weather/schemes
AGR|LOAN|CROP=tapioca|SOIL=red,loan,விவசாயக் கடன்,tapioca,மரவள்ளி,red,செம்மண்,"crop,soil; add district/season/stage when present",retrieve canonical answer; live lookup for price/weather/schemes
AGR|LOAN|CROP=tapioca|SOIL=black,loan,விவசாயக் கடன்,tapioca,மரவள்ளி,black,கரிசல் மண்,"crop,soil; add district/season/stage when present",retrieve canonical answer; live lookup for price/weather/schemes
AGR|LOAN|CROP=tapioca|SOIL=alluvial,loan,விவசாயக் கடன்,tapioca,மரவள்ளி,alluvial,வண்டல் மண்,"crop,soil; add district/season/stage when present",retrieve canonical answer; live lookup for price/weather/schemes
AGR|LOAN|CROP=tapioca|SOIL=sandy,loan,விவசாயக் கடன்,tapioca,மரவள்ளி,sandy,மணல் மண்,"crop,soil; add district/season/stage when present",retrieve canonical answer; live lookup for price/weather/schemes
AGR|LOAN|CROP=tapioca|SOIL=clay,loan,விவசாயக் கடன்,tapioca,மரவள்ளி,clay,களிமண்,"crop,soil; add district/season/stage when present",retrieve canonical answer; live lookup for price/weather/schemes
AGR|LOAN|CROP=tapioca|SOIL=loamy,loan,விவசாயக் கடன்,tapioca,மரவள்ளி,loamy,கலப்பு மண்,"crop,soil; add district/season/stage when present",retrieve canonical answer; live lookup for price/weather/schemes
AGR|LOAN|CROP=tapioca|SOIL=laterite,loan,விவசாயக் கடன்,tapioca,மரவள்ளி,laterite,சரளை மண்,"crop,soil; add district/season/stage when present",retrieve canonical answer; live lookup for price/weather/schemes
AGR|LOAN|CROP=drumstick|SOIL=red,loan,விவசாயக் கடன்,drumstick,முருங்கை,red,செம்மண்,"crop,soil; add district/season/stage when present",retrieve canonical answer; live lookup for price/weather/schemes
AGR|LOAN|CROP=drumstick|SOIL=black,loan,விவசாயக் கடன்,drumstick,முருங்கை,black,கரிசல் மண்,"crop,soil; add district/season/stage when present",retrieve canonical answer; live lookup for price/weather/schemes
AGR|LOAN|CROP=drumstick|SOIL=alluvial,loan,விவசாயக் கடன்,drumstick,முருங்கை,alluvial,வண்டல் மண்,"crop,soil; add district/season/stage when present",retrieve canonical answer; live lookup for price/weather/schemes
AGR|LOAN|CROP=drumstick|SOIL=sandy,loan,விவசாயக் கடன்,drumstick,முருங்கை,sandy,மணல் மண்,"crop,soil; add district/season/stage when present",retrieve canonical answer; live lookup for price/weather/schemes
AGR|LOAN|CROP=drumstick|SOIL=clay,loan,விவசாயக் கடன்,drumstick,முருங்கை,clay,களிமண்,"crop,soil; add district/season/stage when present",retrieve canonical answer; live lookup for price/weather/schemes
AGR|LOAN|CROP=drumstick|SOIL=loamy,loan,விவசாயக் கடன்,drumstick,முருங்கை,loamy,கலப்பு மண்,"crop,soil; add district/season/stage when present",retrieve canonical answer; live lookup for price/weather/schemes
AGR|LOAN|CROP=drumstick|SOIL=laterite,loan,விவசாயக் கடன்,drumstick,முருங்கை,laterite,சரளை மண்,"crop,soil; add district/season/stage when present",retrieve canonical answer; live lookup for price/weather/schemes
AGR|STORAGE|CROP=rice|SOIL=red,storage,சேமிப்பு,rice,நெல்,red,செம்மண்,"crop,soil; add district/season/stage when present",retrieve canonical answer; live lookup for price/weather/schemes
AGR|STORAGE|CROP=rice|SOIL=black,storage,சேமிப்பு,rice,நெல்,black,கரிசல் மண்,"crop,soil; add district/season/stage when present",retrieve canonical answer; live lookup for price/weather/schemes
AGR|STORAGE|CROP=rice|SOIL=alluvial,storage,சேமிப்பு,rice,நெல்,alluvial,வண்டல் மண்,"crop,soil; add district/season/stage when present",retrieve canonical answer; live lookup for price/weather/schemes
AGR|STORAGE|CROP=rice|SOIL=sandy,storage,சேமிப்பு,rice,நெல்,sandy,மணல் மண்,"crop,soil; add district/season/stage when present",retrieve canonical answer; live lookup for price/weather/schemes
AGR|STORAGE|CROP=rice|SOIL=clay,storage,சேமிப்பு,rice,நெல்,clay,களிமண்,"crop,soil; add district/season/stage when present",retrieve canonical answer; live lookup for price/weather/schemes
AGR|STORAGE|CROP=rice|SOIL=loamy,storage,சேமிப்பு,rice,நெல்,loamy,கலப்பு மண்,"crop,soil; add district/season/stage when present",retrieve canonical answer; live lookup for price/weather/schemes
AGR|STORAGE|CROP=rice|SOIL=laterite,storage,சேமிப்பு,rice,நெல்,laterite,சரளை மண்,"crop,soil; add district/season/stage when present",retrieve canonical answer; live lookup for price/weather/schemes
AGR|STORAGE|CROP=banana|SOIL=red,storage,சேமிப்பு,banana,வாழை,red,செம்மண்,"crop,soil; add district/season/stage when present",retrieve canonical answer; live lookup for price/weather/schemes
AGR|STORAGE|CROP=banana|SOIL=black,storage,சேமிப்பு,banana,வாழை,black,கரிசல் மண்,"crop,soil; add district/season/stage when present",retrieve canonical answer; live lookup for price/weather/schemes
AGR|STORAGE|CROP=banana|SOIL=alluvial,storage,சேமிப்பு,banana,வாழை,alluvial,வண்டல் மண்,"crop,soil; add district/season/stage when present",retrieve canonical answer; live lookup for price/weather/schemes
AGR|STORAGE|CROP=banana|SOIL=sandy,storage,சேமிப்பு,banana,வாழை,sandy,மணல் மண்,"crop,soil; add district/season/stage when present",retrieve canonical answer; live lookup for price/weather/schemes
AGR|STORAGE|CROP=banana|SOIL=clay,storage,சேமிப்பு,banana,வாழை,clay,களிமண்,"crop,soil; add district/season/stage when present",retrieve canonical answer; live lookup for price/weather/schemes
AGR|STORAGE|CROP=banana|SOIL=loamy,storage,சேமிப்பு,banana,வாழை,loamy,கலப்பு மண்,"crop,soil; add district/season/stage when present",retrieve canonical answer; live lookup for price/weather/schemes
AGR|STORAGE|CROP=banana|SOIL=laterite,storage,சேமிப்பு,banana,வாழை,laterite,சரளை மண்,"crop,soil; add district/season/stage when present",retrieve canonical answer; live lookup for price/weather/schemes
AGR|STORAGE|CROP=sugarcane|SOIL=red,storage,சேமிப்பு,sugarcane,கரும்பு,red,செம்மண்,"crop,soil; add district/season/stage when present",retrieve canonical answer; live lookup for price/weather/schemes
AGR|STORAGE|CROP=sugarcane|SOIL=black,storage,சேமிப்பு,sugarcane,கரும்பு,black,கரிசல் மண்,"crop,soil; add district/season/stage when present",retrieve canonical answer; live lookup for price/weather/schemes
AGR|STORAGE|CROP=sugarcane|SOIL=alluvial,storage,சேமிப்பு,sugarcane,கரும்பு,alluvial,வண்டல் மண்,"crop,soil; add district/season/stage when present",retrieve canonical answer; live lookup for price/weather/schemes
AGR|STORAGE|CROP=sugarcane|SOIL=sandy,storage,சேமிப்பு,sugarcane,கரும்பு,sandy,மணல் மண்,"crop,soil; add district/season/stage when present",retrieve canonical answer; live lookup for price/weather/schemes
AGR|STORAGE|CROP=sugarcane|SOIL=clay,storage,சேமிப்பு,sugarcane,கரும்பு,clay,களிமண்,"crop,soil; add district/season/stage when present",retrieve canonical answer; live lookup for price/weather/schemes
AGR|STORAGE|CROP=sugarcane|SOIL=loamy,storage,சேமிப்பு,sugarcane,கரும்பு,loamy,கலப்பு மண்,"crop,soil; add district/season/stage when present",retrieve canonical answer; live lookup for price/weather/schemes
AGR|STORAGE|CROP=sugarcane|SOIL=laterite,storage,சேமிப்பு,sugarcane,கரும்பு,laterite,சரளை மண்,"crop,soil; add district/season/stage when present",retrieve canonical answer; live lookup for price/weather/schemes
AGR|STORAGE|CROP=cotton|SOIL=red,storage,சேமிப்பு,cotton,பருத்தி,red,செம்மண்,"crop,soil; add district/season/stage when present",retrieve canonical answer; live lookup for price/weather/schemes
AGR|STORAGE|CROP=cotton|SOIL=black,storage,சேமிப்பு,cotton,பருத்தி,black,கரிசல் மண்,"crop,soil; add district/season/stage when present",retrieve canonical answer; live lookup for price/weather/schemes
AGR|STORAGE|CROP=cotton|SOIL=alluvial,storage,சேமிப்பு,cotton,பருத்தி,alluvial,வண்டல் மண்,"crop,soil; add district/season/stage when present",retrieve canonical answer; live lookup for price/weather/schemes
AGR|STORAGE|CROP=cotton|SOIL=sandy,storage,சேமிப்பு,cotton,பருத்தி,sandy,மணல் மண்,"crop,soil; add district/season/stage when present",retrieve canonical answer; live lookup for price/weather/schemes
AGR|STORAGE|CROP=cotton|SOIL=clay,storage,சேமிப்பு,cotton,பருத்தி,clay,களிமண்,"crop,soil; add district/season/stage when present",retrieve canonical answer; live lookup for price/weather/schemes
AGR|STORAGE|CROP=cotton|SOIL=loamy,storage,சேமிப்பு,cotton,பருத்தி,loamy,கலப்பு மண்,"crop,soil; add district/season/stage when present",retrieve canonical answer; live lookup for price/weather/schemes
AGR|STORAGE|CROP=cotton|SOIL=laterite,storage,சேமிப்பு,cotton,பருத்தி,laterite,சரளை மண்,"crop,soil; add district/season/stage when present",retrieve canonical answer; live lookup for price/weather/schemes
AGR|STORAGE|CROP=groundnut|SOIL=red,storage,சேமிப்பு,groundnut,நிலக்கடலை,red,செம்மண்,"crop,soil; add district/season/stage when present",retrieve canonical answer; live lookup for price/weather/schemes
AGR|STORAGE|CROP=groundnut|SOIL=black,storage,சேமிப்பு,groundnut,நிலக்கடலை,black,கரிசல் மண்,"crop,soil; add district/season/stage when present",retrieve canonical answer; live lookup for price/weather/schemes
AGR|STORAGE|CROP=groundnut|SOIL=alluvial,storage,சேமிப்பு,groundnut,நிலக்கடலை,alluvial,வண்டல் மண்,"crop,soil; add district/season/stage when present",retrieve canonical answer; live lookup for price/weather/schemes
AGR|STORAGE|CROP=groundnut|SOIL=sandy,storage,சேமிப்பு,groundnut,நிலக்கடலை,sandy,மணல் மண்,"crop,soil; add district/season/stage when present",retrieve canonical answer; live lookup for price/weather/schemes
AGR|STORAGE|CROP=groundnut|SOIL=clay,storage,சேமிப்பு,groundnut,நிலக்கடலை,clay,களிமண்,"crop,soil; add district/season/stage when present",retrieve canonical answer; live lookup for price/weather/schemes
AGR|STORAGE|CROP=groundnut|SOIL=loamy,storage,சேமிப்பு,groundnut,நிலக்கடலை,loamy,கலப்பு மண்,"crop,soil; add district/season/stage when present",retrieve canonical answer; live lookup for price/weather/schemes
AGR|STORAGE|CROP=groundnut|SOIL=laterite,storage,சேமிப்பு,groundnut,நிலக்கடலை,laterite,சரளை மண்,"crop,soil; add district/season/stage when present",retrieve canonical answer; live lookup for price/weather/schemes
AGR|STORAGE|CROP=maize|SOIL=red,storage,சேமிப்பு,maize,மக்காச்சோளம்,red,செம்மண்,"crop,soil; add district/season/stage when present",retrieve canonical answer; live lookup for price/weather/schemes
AGR|STORAGE|CROP=maize|SOIL=black,storage,சேமிப்பு,maize,மக்காச்சோளம்,black,கரிசல் மண்,"crop,soil; add district/season/stage when present",retrieve canonical answer; live lookup for price/weather/schemes
AGR|STORAGE|CROP=maize|SOIL=alluvial,storage,சேமிப்பு,maize,மக்காச்சோளம்,alluvial,வண்டல் மண்,"crop,soil; add district/season/stage when present",retrieve canonical answer; live lookup for price/weather/schemes
AGR|STORAGE|CROP=maize|SOIL=sandy,storage,சேமிப்பு,maize,மக்காச்சோளம்,sandy,மணல் மண்,"crop,soil; add district/season/stage when present",retrieve canonical answer; live lookup for price/weather/schemes
AGR|STORAGE|CROP=maize|SOIL=clay,storage,சேமிப்பு,maize,மக்காச்சோளம்,clay,களிமண்,"crop,soil; add district/season/stage when present",retrieve canonical answer; live lookup for price/weather/schemes
AGR|STORAGE|CROP=maize|SOIL=loamy,storage,சேமிப்பு,maize,மக்காச்சோளம்,loamy,கலப்பு மண்,"crop,soil; add district/season/stage when present",retrieve canonical answer; live lookup for price/weather/schemes
AGR|STORAGE|CROP=maize|SOIL=laterite,storage,சேமிப்பு,maize,மக்காச்சோளம்,laterite,சரளை மண்,"crop,soil; add district/season/stage when present",retrieve canonical answer; live lookup for price/weather/schemes
AGR|STORAGE|CROP=millet|SOIL=red,storage,சேமிப்பு,millet,கம்பு,red,செம்மண்,"crop,soil; add district/season/stage when present",retrieve canonical answer; live lookup for price/weather/schemes
AGR|STORAGE|CROP=millet|SOIL=black,storage,சேமிப்பு,millet,கம்பு,black,கரிசல் மண்,"crop,soil; add district/season/stage when present",retrieve canonical answer; live lookup for price/weather/schemes
AGR|STORAGE|CROP=millet|SOIL=alluvial,storage,சேமிப்பு,millet,கம்பு,alluvial,வண்டல் மண்,"crop,soil; add district/season/stage when present",retrieve canonical answer; live lookup for price/weather/schemes
AGR|STORAGE|CROP=millet|SOIL=sandy,storage,சேமிப்பு,millet,கம்பு,sandy,மணல் மண்,"crop,soil; add district/season/stage when present",retrieve canonical answer; live lookup for price/weather/schemes
AGR|STORAGE|CROP=millet|SOIL=clay,storage,சேமிப்பு,millet,கம்பு,clay,களிமண்,"crop,soil; add district/season/stage when present",retrieve canonical answer; live lookup for price/weather/schemes
AGR|STORAGE|CROP=millet|SOIL=loamy,storage,சேமிப்பு,millet,கம்பு,loamy,கலப்பு மண்,"crop,soil; add district/season/stage when present",retrieve canonical answer; live lookup for price/weather/schemes
AGR|STORAGE|CROP=millet|SOIL=laterite,storage,சேமிப்பு,millet,கம்பு,laterite,சரளை மண்,"crop,soil; add district/season/stage when present",retrieve canonical answer; live lookup for price/weather/schemes
AGR|STORAGE|CROP=tomato|SOIL=red,storage,சேமிப்பு,tomato,தக்காளி,red,செம்மண்,"crop,soil; add district/season/stage when present",retrieve canonical answer; live lookup for price/weather/schemes
AGR|STORAGE|CROP=tomato|SOIL=black,storage,சேமிப்பு,tomato,தக்காளி,black,கரிசல் மண்,"crop,soil; add district/season/stage when present",retrieve canonical answer; live lookup for price/weather/schemes
AGR|STORAGE|CROP=tomato|SOIL=alluvial,storage,சேமிப்பு,tomato,தக்காளி,alluvial,வண்டல் மண்,"crop,soil; add district/season/stage when present",retrieve canonical answer; live lookup for price/weather/schemes
AGR|STORAGE|CROP=tomato|SOIL=sandy,storage,சேமிப்பு,tomato,தக்காளி,sandy,மணல் மண்,"crop,soil; add district/season/stage when present",retrieve canonical answer; live lookup for price/weather/schemes
AGR|STORAGE|CROP=tomato|SOIL=clay,storage,சேமிப்பு,tomato,தக்காளி,clay,களிமண்,"crop,soil; add district/season/stage when present",retrieve canonical answer; live lookup for price/weather/schemes
AGR|STORAGE|CROP=tomato|SOIL=loamy,storage,சேமிப்பு,tomato,தக்காளி,loamy,கலப்பு மண்,"crop,soil; add district/season/stage when present",retrieve canonical answer; live lookup for price/weather/schemes
AGR|STORAGE|CROP=tomato|SOIL=laterite,storage,சேமிப்பு,tomato,தக்காளி,laterite,சரளை மண்,"crop,soil; add district/season/stage when present",retrieve canonical answer; live lookup for price/weather/schemes
AGR|STORAGE|CROP=chilli|SOIL=red,storage,சேமிப்பு,chilli,மிளகாய்,red,செம்மண்,"crop,soil; add district/season/stage when present",retrieve canonical answer; live lookup for price/weather/schemes
AGR|STORAGE|CROP=chilli|SOIL=black,storage,சேமிப்பு,chilli,மிளகாய்,black,கரிசல் மண்,"crop,soil; add district/season/stage when present",retrieve canonical answer; live lookup for price/weather/schemes
AGR|STORAGE|CROP=chilli|SOIL=alluvial,storage,சேமிப்பு,chilli,மிளகாய்,alluvial,வண்டல் மண்,"crop,soil; add district/season/stage when present",retrieve canonical answer; live lookup for price/weather/schemes
AGR|STORAGE|CROP=chilli|SOIL=sandy,storage,சேமிப்பு,chilli,மிளகாய்,sandy,மணல் மண்,"crop,soil; add district/season/stage when present",retrieve canonical answer; live lookup for price/weather/schemes
AGR|STORAGE|CROP=chilli|SOIL=clay,storage,சேமிப்பு,chilli,மிளகாய்,clay,களிமண்,"crop,soil; add district/season/stage when present",retrieve canonical answer; live lookup for price/weather/schemes
AGR|STORAGE|CROP=chilli|SOIL=loamy,storage,சேமிப்பு,chilli,மிளகாய்,loamy,கலப்பு மண்,"crop,soil; add district/season/stage when present",retrieve canonical answer; live lookup for price/weather/schemes
AGR|STORAGE|CROP=chilli|SOIL=laterite,storage,சேமிப்பு,chilli,மிளகாய்,laterite,சரளை மண்,"crop,soil; add district/season/stage when present",retrieve canonical answer; live lookup for price/weather/schemes
AGR|STORAGE|CROP=onion|SOIL=red,storage,சேமிப்பு,onion,வெங்காயம்,red,செம்மண்,"crop,soil; add district/season/stage when present",retrieve canonical answer; live lookup for price/weather/schemes
AGR|STORAGE|CROP=onion|SOIL=black,storage,சேமிப்பு,onion,வெங்காயம்,black,கரிசல் மண்,"crop,soil; add district/season/stage when present",retrieve canonical answer; live lookup for price/weather/schemes
AGR|STORAGE|CROP=onion|SOIL=alluvial,storage,சேமிப்பு,onion,வெங்காயம்,alluvial,வண்டல் மண்,"crop,soil; add district/season/stage when present",retrieve canonical answer; live lookup for price/weather/schemes
AGR|STORAGE|CROP=onion|SOIL=sandy,storage,சேமிப்பு,onion,வெங்காயம்,sandy,மணல் மண்,"crop,soil; add district/season/stage when present",retrieve canonical answer; live lookup for price/weather/schemes
AGR|STORAGE|CROP=onion|SOIL=clay,storage,சேமிப்பு,onion,வெங்காயம்,clay,களிமண்,"crop,soil; add district/season/stage when present",retrieve canonical answer; live lookup for price/weather/schemes
AGR|STORAGE|CROP=onion|SOIL=loamy,storage,சேமிப்பு,onion,வெங்காயம்,loamy,கலப்பு மண்,"crop,soil; add district/season/stage when present",retrieve canonical answer; live lookup for price/weather/schemes
AGR|STORAGE|CROP=onion|SOIL=laterite,storage,சேமிப்பு,onion,வெங்காயம்,laterite,சரளை மண்,"crop,soil; add district/season/stage when present",retrieve canonical answer; live lookup for price/weather/schemes
AGR|STORAGE|CROP=turmeric|SOIL=red,storage,சேமிப்பு,turmeric,மஞ்சள்,red,செம்மண்,"crop,soil; add district/season/stage when present",retrieve canonical answer; live lookup for price/weather/schemes
AGR|STORAGE|CROP=turmeric|SOIL=black,storage,சேமிப்பு,turmeric,மஞ்சள்,black,கரிசல் மண்,"crop,soil; add district/season/stage when present",retrieve canonical answer; live lookup for price/weather/schemes
AGR|STORAGE|CROP=turmeric|SOIL=alluvial,storage,சேமிப்பு,turmeric,மஞ்சள்,alluvial,வண்டல் மண்,"crop,soil; add district/season/stage when present",retrieve canonical answer; live lookup for price/weather/schemes
AGR|STORAGE|CROP=turmeric|SOIL=sandy,storage,சேமிப்பு,turmeric,மஞ்சள்,sandy,மணல் மண்,"crop,soil; add district/season/stage when present",retrieve canonical answer; live lookup for price/weather/schemes
AGR|STORAGE|CROP=turmeric|SOIL=clay,storage,சேமிப்பு,turmeric,மஞ்சள்,clay,களிமண்,"crop,soil; add district/season/stage when present",retrieve canonical answer; live lookup for price/weather/schemes
AGR|STORAGE|CROP=turmeric|SOIL=loamy,storage,சேமிப்பு,turmeric,மஞ்சள்,loamy,கலப்பு மண்,"crop,soil; add district/season/stage when present",retrieve canonical answer; live lookup for price/weather/schemes
AGR|STORAGE|CROP=turmeric|SOIL=laterite,storage,சேமிப்பு,turmeric,மஞ்சள்,laterite,சரளை மண்,"crop,soil; add district/season/stage when present",retrieve canonical answer; live lookup for price/weather/schemes
AGR|STORAGE|CROP=brinjal|SOIL=red,storage,சேமிப்பு,brinjal,கத்தரிக்காய்,red,செம்மண்,"crop,soil; add district/season/stage when present",retrieve canonical answer; live lookup for price/weather/schemes
AGR|STORAGE|CROP=brinjal|SOIL=black,storage,சேமிப்பு,brinjal,கத்தரிக்காய்,black,கரிசல் மண்,"crop,soil; add district/season/stage when present",retrieve canonical answer; live lookup for price/weather/schemes
AGR|STORAGE|CROP=brinjal|SOIL=alluvial,storage,சேமிப்பு,brinjal,கத்தரிக்காய்,alluvial,வண்டல் மண்,"crop,soil; add district/season/stage when present",retrieve canonical answer; live lookup for price/weather/schemes
AGR|STORAGE|CROP=brinjal|SOIL=sandy,storage,சேமிப்பு,brinjal,கத்தரிக்காய்,sandy,மணல் மண்,"crop,soil; add district/season/stage when present",retrieve canonical answer; live lookup for price/weather/schemes
AGR|STORAGE|CROP=brinjal|SOIL=clay,storage,சேமிப்பு,brinjal,கத்தரிக்காய்,clay,களிமண்,"crop,soil; add district/season/stage when present",retrieve canonical answer; live lookup for price/weather/schemes
AGR|STORAGE|CROP=brinjal|SOIL=loamy,storage,சேமிப்பு,brinjal,கத்தரிக்காய்,loamy,கலப்பு மண்,"crop,soil; add district/season/stage when present",retrieve canonical answer; live lookup for price/weather/schemes
AGR|STORAGE|CROP=brinjal|SOIL=laterite,storage,சேமிப்பு,brinjal,கத்தரிக்காய்,laterite,சரளை மண்,"crop,soil; add district/season/stage when present",retrieve canonical answer; live lookup for price/weather/schemes
AGR|STORAGE|CROP=okra|SOIL=red,storage,சேமிப்பு,okra,வெண்டைக்காய்,red,செம்மண்,"crop,soil; add district/season/stage when present",retrieve canonical answer; live lookup for price/weather/schemes
AGR|STORAGE|CROP=okra|SOIL=black,storage,சேமிப்பு,okra,வெண்டைக்காய்,black,கரிசல் மண்,"crop,soil; add district/season/stage when present",retrieve canonical answer; live lookup for price/weather/schemes
AGR|STORAGE|CROP=okra|SOIL=alluvial,storage,சேமிப்பு,okra,வெண்டைக்காய்,alluvial,வண்டல் மண்,"crop,soil; add district/season/stage when present",retrieve canonical answer; live lookup for price/weather/schemes
AGR|STORAGE|CROP=okra|SOIL=sandy,storage,சேமிப்பு,okra,வெண்டைக்காய்,sandy,மணல் மண்,"crop,soil; add district/season/stage when present",retrieve canonical answer; live lookup for price/weather/schemes
AGR|STORAGE|CROP=okra|SOIL=clay,storage,சேமிப்பு,okra,வெண்டைக்காய்,clay,களிமண்,"crop,soil; add district/season/stage when present",retrieve canonical answer; live lookup for price/weather/schemes
AGR|STORAGE|CROP=okra|SOIL=loamy,storage,சேமிப்பு,okra,வெண்டைக்காய்,loamy,கலப்பு மண்,"crop,soil; add district/season/stage when present",retrieve canonical answer; live lookup for price/weather/schemes
AGR|STORAGE|CROP=okra|SOIL=laterite,storage,சேமிப்பு,okra,வெண்டைக்காய்,laterite,சரளை மண்,"crop,soil; add district/season/stage when present",retrieve canonical answer; live lookup for price/weather/schemes
AGR|STORAGE|CROP=coconut|SOIL=red,storage,சேமிப்பு,coconut,தென்னை,red,செம்மண்,"crop,soil; add district/season/stage when present",retrieve canonical answer; live lookup for price/weather/schemes
AGR|STORAGE|CROP=coconut|SOIL=black,storage,சேமிப்பு,coconut,தென்னை,black,கரிசல் மண்,"crop,soil; add district/season/stage when present",retrieve canonical answer; live lookup for price/weather/schemes
AGR|STORAGE|CROP=coconut|SOIL=alluvial,storage,சேமிப்பு,coconut,தென்னை,alluvial,வண்டல் மண்,"crop,soil; add district/season/stage when present",retrieve canonical answer; live lookup for price/weather/schemes
AGR|STORAGE|CROP=coconut|SOIL=sandy,storage,சேமிப்பு,coconut,தென்னை,sandy,மணல் மண்,"crop,soil; add district/season/stage when present",retrieve canonical answer; live lookup for price/weather/schemes
AGR|STORAGE|CROP=coconut|SOIL=clay,storage,சேமிப்பு,coconut,தென்னை,clay,களிமண்,"crop,soil; add district/season/stage when present",retrieve canonical answer; live lookup for price/weather/schemes
AGR|STORAGE|CROP=coconut|SOIL=loamy,storage,சேமிப்பு,coconut,தென்னை,loamy,கலப்பு மண்,"crop,soil; add district/season/stage when present",retrieve canonical answer; live lookup for price/weather/schemes
AGR|STORAGE|CROP=coconut|SOIL=laterite,storage,சேமிப்பு,coconut,தென்னை,laterite,சரளை மண்,"crop,soil; add district/season/stage when present",retrieve canonical answer; live lookup for price/weather/schemes
AGR|STORAGE|CROP=pulses|SOIL=red,storage,சேமிப்பு,pulses,பயறு,red,செம்மண்,"crop,soil; add district/season/stage when present",retrieve canonical answer; live lookup for price/weather/schemes
AGR|STORAGE|CROP=pulses|SOIL=black,storage,சேமிப்பு,pulses,பயறு,black,கரிசல் மண்,"crop,soil; add district/season/stage when present",retrieve canonical answer; live lookup for price/weather/schemes
AGR|STORAGE|CROP=pulses|SOIL=alluvial,storage,சேமிப்பு,pulses,பயறு,alluvial,வண்டல் மண்,"crop,soil; add district/season/stage when present",retrieve canonical answer; live lookup for price/weather/schemes
AGR|STORAGE|CROP=pulses|SOIL=sandy,storage,சேமிப்பு,pulses,பயறு,sandy,மணல் மண்,"crop,soil; add district/season/stage when present",retrieve canonical answer; live lookup for price/weather/schemes
AGR|STORAGE|CROP=pulses|SOIL=clay,storage,சேமிப்பு,pulses,பயறு,clay,களிமண்,"crop,soil; add district/season/stage when present",retrieve canonical answer; live lookup for price/weather/schemes
AGR|STORAGE|CROP=pulses|SOIL=loamy,storage,சேமிப்பு,pulses,பயறு,loamy,கலப்பு மண்,"crop,soil; add district/season/stage when present",retrieve canonical answer; live lookup for price/weather/schemes
AGR|STORAGE|CROP=pulses|SOIL=laterite,storage,சேமிப்பு,pulses,பயறு,laterite,சரளை மண்,"crop,soil; add district/season/stage when present",retrieve canonical answer; live lookup for price/weather/schemes
AGR|STORAGE|CROP=sesame|SOIL=red,storage,சேமிப்பு,sesame,எள்,red,செம்மண்,"crop,soil; add district/season/stage when present",retrieve canonical answer; live lookup for price/weather/schemes
AGR|STORAGE|CROP=sesame|SOIL=black,storage,சேமிப்பு,sesame,எள்,black,கரிசல் மண்,"crop,soil; add district/season/stage when present",retrieve canonical answer; live lookup for price/weather/schemes
AGR|STORAGE|CROP=sesame|SOIL=alluvial,storage,சேமிப்பு,sesame,எள்,alluvial,வண்டல் மண்,"crop,soil; add district/season/stage when present",retrieve canonical answer; live lookup for price/weather/schemes
AGR|STORAGE|CROP=sesame|SOIL=sandy,storage,சேமிப்பு,sesame,எள்,sandy,மணல் மண்,"crop,soil; add district/season/stage when present",retrieve canonical answer; live lookup for price/weather/schemes
AGR|STORAGE|CROP=sesame|SOIL=clay,storage,சேமிப்பு,sesame,எள்,clay,களிமண்,"crop,soil; add district/season/stage when present",retrieve canonical answer; live lookup for price/weather/schemes
AGR|STORAGE|CROP=sesame|SOIL=loamy,storage,சேமிப்பு,sesame,எள்,loamy,கலப்பு மண்,"crop,soil; add district/season/stage when present",retrieve canonical answer; live lookup for price/weather/schemes
AGR|STORAGE|CROP=sesame|SOIL=laterite,storage,சேமிப்பு,sesame,எள்,laterite,சரளை மண்,"crop,soil; add district/season/stage when present",retrieve canonical answer; live lookup for price/weather/schemes
AGR|STORAGE|CROP=tapioca|SOIL=red,storage,சேமிப்பு,tapioca,மரவள்ளி,red,செம்மண்,"crop,soil; add district/season/stage when present",retrieve canonical answer; live lookup for price/weather/schemes
AGR|STORAGE|CROP=tapioca|SOIL=black,storage,சேமிப்பு,tapioca,மரவள்ளி,black,கரிசல் மண்,"crop,soil; add district/season/stage when present",retrieve canonical answer; live lookup for price/weather/schemes
AGR|STORAGE|CROP=tapioca|SOIL=alluvial,storage,சேமிப்பு,tapioca,மரவள்ளி,alluvial,வண்டல் மண்,"crop,soil; add district/season/stage when present",retrieve canonical answer; live lookup for price/weather/schemes
AGR|STORAGE|CROP=tapioca|SOIL=sandy,storage,சேமிப்பு,tapioca,மரவள்ளி,sandy,மணல் மண்,"crop,soil; add district/season/stage when present",retrieve canonical answer; live lookup for price/weather/schemes
AGR|STORAGE|CROP=tapioca|SOIL=clay,storage,சேமிப்பு,tapioca,மரவள்ளி,clay,களிமண்,"crop,soil; add district/season/stage when present",retrieve canonical answer; live lookup for price/weather/schemes
AGR|STORAGE|CROP=tapioca|SOIL=loamy,storage,சேமிப்பு,tapioca,மரவள்ளி,loamy,கலப்பு மண்,"crop,soil; add district/season/stage when present",retrieve canonical answer; live lookup for price/weather/schemes
AGR|STORAGE|CROP=tapioca|SOIL=laterite,storage,சேமிப்பு,tapioca,மரவள்ளி,laterite,சரளை மண்,"crop,soil; add district/season/stage when present",retrieve canonical answer; live lookup for price/weather/schemes
AGR|STORAGE|CROP=drumstick|SOIL=red,storage,சேமிப்பு,drumstick,முருங்கை,red,செம்மண்,"crop,soil; add district/season/stage when present",retrieve canonical answer; live lookup for price/weather/schemes
AGR|STORAGE|CROP=drumstick|SOIL=black,storage,சேமிப்பு,drumstick,முருங்கை,black,கரிசல் மண்,"crop,soil; add district/season/stage when present",retrieve canonical answer; live lookup for price/weather/schemes
AGR|STORAGE|CROP=drumstick|SOIL=alluvial,storage,சேமிப்பு,drumstick,முருங்கை,alluvial,வண்டல் மண்,"crop,soil; add district/season/stage when present",retrieve canonical answer; live lookup for price/weather/schemes
AGR|STORAGE|CROP=drumstick|SOIL=sandy,storage,சேமிப்பு,drumstick,முருங்கை,sandy,மணல் மண்,"crop,soil; add district/season/stage when present",retrieve canonical answer; live lookup for price/weather/schemes
AGR|STORAGE|CROP=drumstick|SOIL=clay,storage,சேமிப்பு,drumstick,முருங்கை,clay,களிமண்,"crop,soil; add district/season/stage when present",retrieve canonical answer; live lookup for price/weather/schemes
AGR|STORAGE|CROP=drumstick|SOIL=loamy,storage,சேமிப்பு,drumstick,முருங்கை,loamy,கலப்பு மண்,"crop,soil; add district/season/stage when present",retrieve canonical answer; live lookup for price/weather/schemes
AGR|STORAGE|CROP=drumstick|SOIL=laterite,storage,சேமிப்பு,drumstick,முருங்கை,laterite,சரளை மண்,"crop,soil; add district/season/stage when present",retrieve canonical answer; live lookup for price/weather/schemes
AGR|COST|CROP=rice|SOIL=red,cost,செலவு,rice,நெல்,red,செம்மண்,"crop,soil; add district/season/stage when present",retrieve canonical answer; live lookup for price/weather/schemes
AGR|COST|CROP=rice|SOIL=black,cost,செலவு,rice,நெல்,black,கரிசல் மண்,"crop,soil; add district/season/stage when present",retrieve canonical answer; live lookup for price/weather/schemes
AGR|COST|CROP=rice|SOIL=alluvial,cost,செலவு,rice,நெல்,alluvial,வண்டல் மண்,"crop,soil; add district/season/stage when present",retrieve canonical answer; live lookup for price/weather/schemes
AGR|COST|CROP=rice|SOIL=sandy,cost,செலவு,rice,நெல்,sandy,மணல் மண்,"crop,soil; add district/season/stage when present",retrieve canonical answer; live lookup for price/weather/schemes
AGR|COST|CROP=rice|SOIL=clay,cost,செலவு,rice,நெல்,clay,களிமண்,"crop,soil; add district/season/stage when present",retrieve canonical answer; live lookup for price/weather/schemes
AGR|COST|CROP=rice|SOIL=loamy,cost,செலவு,rice,நெல்,loamy,கலப்பு மண்,"crop,soil; add district/season/stage when present",retrieve canonical answer; live lookup for price/weather/schemes
AGR|COST|CROP=rice|SOIL=laterite,cost,செலவு,rice,நெல்,laterite,சரளை மண்,"crop,soil; add district/season/stage when present",retrieve canonical answer; live lookup for price/weather/schemes
AGR|COST|CROP=banana|SOIL=red,cost,செலவு,banana,வாழை,red,செம்மண்,"crop,soil; add district/season/stage when present",retrieve canonical answer; live lookup for price/weather/schemes
AGR|COST|CROP=banana|SOIL=black,cost,செலவு,banana,வாழை,black,கரிசல் மண்,"crop,soil; add district/season/stage when present",retrieve canonical answer; live lookup for price/weather/schemes
AGR|COST|CROP=banana|SOIL=alluvial,cost,செலவு,banana,வாழை,alluvial,வண்டல் மண்,"crop,soil; add district/season/stage when present",retrieve canonical answer; live lookup for price/weather/schemes
AGR|COST|CROP=banana|SOIL=sandy,cost,செலவு,banana,வாழை,sandy,மணல் மண்,"crop,soil; add district/season/stage when present",retrieve canonical answer; live lookup for price/weather/schemes
AGR|COST|CROP=banana|SOIL=clay,cost,செலவு,banana,வாழை,clay,களிமண்,"crop,soil; add district/season/stage when present",retrieve canonical answer; live lookup for price/weather/schemes
AGR|COST|CROP=banana|SOIL=loamy,cost,செலவு,banana,வாழை,loamy,கலப்பு மண்,"crop,soil; add district/season/stage when present",retrieve canonical answer; live lookup for price/weather/schemes
AGR|COST|CROP=banana|SOIL=laterite,cost,செலவு,banana,வாழை,laterite,சரளை மண்,"crop,soil; add district/season/stage when present",retrieve canonical answer; live lookup for price/weather/schemes
AGR|COST|CROP=sugarcane|SOIL=red,cost,செலவு,sugarcane,கரும்பு,red,செம்மண்,"crop,soil; add district/season/stage when present",retrieve canonical answer; live lookup for price/weather/schemes
AGR|COST|CROP=sugarcane|SOIL=black,cost,செலவு,sugarcane,கரும்பு,black,கரிசல் மண்,"crop,soil; add district/season/stage when present",retrieve canonical answer; live lookup for price/weather/schemes
AGR|COST|CROP=sugarcane|SOIL=alluvial,cost,செலவு,sugarcane,கரும்பு,alluvial,வண்டல் மண்,"crop,soil; add district/season/stage when present",retrieve canonical answer; live lookup for price/weather/schemes
AGR|COST|CROP=sugarcane|SOIL=sandy,cost,செலவு,sugarcane,கரும்பு,sandy,மணல் மண்,"crop,soil; add district/season/stage when present",retrieve canonical answer; live lookup for price/weather/schemes
AGR|COST|CROP=sugarcane|SOIL=clay,cost,செலவு,sugarcane,கரும்பு,clay,களிமண்,"crop,soil; add district/season/stage when present",retrieve canonical answer; live lookup for price/weather/schemes
AGR|COST|CROP=sugarcane|SOIL=loamy,cost,செலவு,sugarcane,கரும்பு,loamy,கலப்பு மண்,"crop,soil; add district/season/stage when present",retrieve canonical answer; live lookup for price/weather/schemes
AGR|COST|CROP=sugarcane|SOIL=laterite,cost,செலவு,sugarcane,கரும்பு,laterite,சரளை மண்,"crop,soil; add district/season/stage when present",retrieve canonical answer; live lookup for price/weather/schemes
AGR|COST|CROP=cotton|SOIL=red,cost,செலவு,cotton,பருத்தி,red,செம்மண்,"crop,soil; add district/season/stage when present",retrieve canonical answer; live lookup for price/weather/schemes
AGR|COST|CROP=cotton|SOIL=black,cost,செலவு,cotton,பருத்தி,black,கரிசல் மண்,"crop,soil; add district/season/stage when present",retrieve canonical answer; live lookup for price/weather/schemes
AGR|COST|CROP=cotton|SOIL=alluvial,cost,செலவு,cotton,பருத்தி,alluvial,வண்டல் மண்,"crop,soil; add district/season/stage when present",retrieve canonical answer; live lookup for price/weather/schemes
AGR|COST|CROP=cotton|SOIL=sandy,cost,செலவு,cotton,பருத்தி,sandy,மணல் மண்,"crop,soil; add district/season/stage when present",retrieve canonical answer; live lookup for price/weather/schemes
AGR|COST|CROP=cotton|SOIL=clay,cost,செலவு,cotton,பருத்தி,clay,களிமண்,"crop,soil; add district/season/stage when present",retrieve canonical answer; live lookup for price/weather/schemes
AGR|COST|CROP=cotton|SOIL=loamy,cost,செலவு,cotton,பருத்தி,loamy,கலப்பு மண்,"crop,soil; add district/season/stage when present",retrieve canonical answer; live lookup for price/weather/schemes
AGR|COST|CROP=cotton|SOIL=laterite,cost,செலவு,cotton,பருத்தி,laterite,சரளை மண்,"crop,soil; add district/season/stage when present",retrieve canonical answer; live lookup for price/weather/schemes
AGR|COST|CROP=groundnut|SOIL=red,cost,செலவு,groundnut,நிலக்கடலை,red,செம்மண்,"crop,soil; add district/season/stage when present",retrieve canonical answer; live lookup for price/weather/schemes
AGR|COST|CROP=groundnut|SOIL=black,cost,செலவு,groundnut,நிலக்கடலை,black,கரிசல் மண்,"crop,soil; add district/season/stage when present",retrieve canonical answer; live lookup for price/weather/schemes
AGR|COST|CROP=groundnut|SOIL=alluvial,cost,செலவு,groundnut,நிலக்கடலை,alluvial,வண்டல் மண்,"crop,soil; add district/season/stage when present",retrieve canonical answer; live lookup for price/weather/schemes
AGR|COST|CROP=groundnut|SOIL=sandy,cost,செலவு,groundnut,நிலக்கடலை,sandy,மணல் மண்,"crop,soil; add district/season/stage when present",retrieve canonical answer; live lookup for price/weather/schemes
AGR|COST|CROP=groundnut|SOIL=clay,cost,செலவு,groundnut,நிலக்கடலை,clay,களிமண்,"crop,soil; add district/season/stage when present",retrieve canonical answer; live lookup for price/weather/schemes
AGR|COST|CROP=groundnut|SOIL=loamy,cost,செலவு,groundnut,நிலக்கடலை,loamy,கலப்பு மண்,"crop,soil; add district/season/stage when present",retrieve canonical answer; live lookup for price/weather/schemes
AGR|COST|CROP=groundnut|SOIL=laterite,cost,செலவு,groundnut,நிலக்கடலை,laterite,சரளை மண்,"crop,soil; add district/season/stage when present",retrieve canonical answer; live lookup for price/weather/schemes
AGR|COST|CROP=maize|SOIL=red,cost,செலவு,maize,மக்காச்சோளம்,red,செம்மண்,"crop,soil; add district/season/stage when present",retrieve canonical answer; live lookup for price/weather/schemes
AGR|COST|CROP=maize|SOIL=black,cost,செலவு,maize,மக்காச்சோளம்,black,கரிசல் மண்,"crop,soil; add district/season/stage when present",retrieve canonical answer; live lookup for price/weather/schemes
AGR|COST|CROP=maize|SOIL=alluvial,cost,செலவு,maize,மக்காச்சோளம்,alluvial,வண்டல் மண்,"crop,soil; add district/season/stage when present",retrieve canonical answer; live lookup for price/weather/schemes
AGR|COST|CROP=maize|SOIL=sandy,cost,செலவு,maize,மக்காச்சோளம்,sandy,மணல் மண்,"crop,soil; add district/season/stage when present",retrieve canonical answer; live lookup for price/weather/schemes
AGR|COST|CROP=maize|SOIL=clay,cost,செலவு,maize,மக்காச்சோளம்,clay,களிமண்,"crop,soil; add district/season/stage when present",retrieve canonical answer; live lookup for price/weather/schemes
AGR|COST|CROP=maize|SOIL=loamy,cost,செலவு,maize,மக்காச்சோளம்,loamy,கலப்பு மண்,"crop,soil; add district/season/stage when present",retrieve canonical answer; live lookup for price/weather/schemes
AGR|COST|CROP=maize|SOIL=laterite,cost,செலவு,maize,மக்காச்சோளம்,laterite,சரளை மண்,"crop,soil; add district/season/stage when present",retrieve canonical answer; live lookup for price/weather/schemes
AGR|COST|CROP=millet|SOIL=red,cost,செலவு,millet,கம்பு,red,செம்மண்,"crop,soil; add district/season/stage when present",retrieve canonical answer; live lookup for price/weather/schemes
AGR|COST|CROP=millet|SOIL=black,cost,செலவு,millet,கம்பு,black,கரிசல் மண்,"crop,soil; add district/season/stage when present",retrieve canonical answer; live lookup for price/weather/schemes
AGR|COST|CROP=millet|SOIL=alluvial,cost,செலவு,millet,கம்பு,alluvial,வண்டல் மண்,"crop,soil; add district/season/stage when present",retrieve canonical answer; live lookup for price/weather/schemes
AGR|COST|CROP=millet|SOIL=sandy,cost,செலவு,millet,கம்பு,sandy,மணல் மண்,"crop,soil; add district/season/stage when present",retrieve canonical answer; live lookup for price/weather/schemes
AGR|COST|CROP=millet|SOIL=clay,cost,செலவு,millet,கம்பு,clay,களிமண்,"crop,soil; add district/season/stage when present",retrieve canonical answer; live lookup for price/weather/schemes
AGR|COST|CROP=millet|SOIL=loamy,cost,செலவு,millet,கம்பு,loamy,கலப்பு மண்,"crop,soil; add district/season/stage when present",retrieve canonical answer; live lookup for price/weather/schemes
AGR|COST|CROP=millet|SOIL=laterite,cost,செலவு,millet,கம்பு,laterite,சரளை மண்,"crop,soil; add district/season/stage when present",retrieve canonical answer; live lookup for price/weather/schemes
AGR|COST|CROP=tomato|SOIL=red,cost,செலவு,tomato,தக்காளி,red,செம்மண்,"crop,soil; add district/season/stage when present",retrieve canonical answer; live lookup for price/weather/schemes
AGR|COST|CROP=tomato|SOIL=black,cost,செலவு,tomato,தக்காளி,black,கரிசல் மண்,"crop,soil; add district/season/stage when present",retrieve canonical answer; live lookup for price/weather/schemes
AGR|COST|CROP=tomato|SOIL=alluvial,cost,செலவு,tomato,தக்காளி,alluvial,வண்டல் மண்,"crop,soil; add district/season/stage when present",retrieve canonical answer; live lookup for price/weather/schemes
AGR|COST|CROP=tomato|SOIL=sandy,cost,செலவு,tomato,தக்காளி,sandy,மணல் மண்,"crop,soil; add district/season/stage when present",retrieve canonical answer; live lookup for price/weather/schemes
AGR|COST|CROP=tomato|SOIL=clay,cost,செலவு,tomato,தக்காளி,clay,களிமண்,"crop,soil; add district/season/stage when present",retrieve canonical answer; live lookup for price/weather/schemes
AGR|COST|CROP=tomato|SOIL=loamy,cost,செலவு,tomato,தக்காளி,loamy,கலப்பு மண்,"crop,soil; add district/season/stage when present",retrieve canonical answer; live lookup for price/weather/schemes
AGR|COST|CROP=tomato|SOIL=laterite,cost,செலவு,tomato,தக்காளி,laterite,சரளை மண்,"crop,soil; add district/season/stage when present",retrieve canonical answer; live lookup for price/weather/schemes
AGR|COST|CROP=chilli|SOIL=red,cost,செலவு,chilli,மிளகாய்,red,செம்மண்,"crop,soil; add district/season/stage when present",retrieve canonical answer; live lookup for price/weather/schemes
AGR|COST|CROP=chilli|SOIL=black,cost,செலவு,chilli,மிளகாய்,black,கரிசல் மண்,"crop,soil; add district/season/stage when present",retrieve canonical answer; live lookup for price/weather/schemes
AGR|COST|CROP=chilli|SOIL=alluvial,cost,செலவு,chilli,மிளகாய்,alluvial,வண்டல் மண்,"crop,soil; add district/season/stage when present",retrieve canonical answer; live lookup for price/weather/schemes
AGR|COST|CROP=chilli|SOIL=sandy,cost,செலவு,chilli,மிளகாய்,sandy,மணல் மண்,"crop,soil; add district/season/stage when present",retrieve canonical answer; live lookup for price/weather/schemes
AGR|COST|CROP=chilli|SOIL=clay,cost,செலவு,chilli,மிளகாய்,clay,களிமண்,"crop,soil; add district/season/stage when present",retrieve canonical answer; live lookup for price/weather/schemes
AGR|COST|CROP=chilli|SOIL=loamy,cost,செலவு,chilli,மிளகாய்,loamy,கலப்பு மண்,"crop,soil; add district/season/stage when present",retrieve canonical answer; live lookup for price/weather/schemes
AGR|COST|CROP=chilli|SOIL=laterite,cost,செலவு,chilli,மிளகாய்,laterite,சரளை மண்,"crop,soil; add district/season/stage when present",retrieve canonical answer; live lookup for price/weather/schemes
AGR|COST|CROP=onion|SOIL=red,cost,செலவு,onion,வெங்காயம்,red,செம்மண்,"crop,soil; add district/season/stage when present",retrieve canonical answer; live lookup for price/weather/schemes
AGR|COST|CROP=onion|SOIL=black,cost,செலவு,onion,வெங்காயம்,black,கரிசல் மண்,"crop,soil; add district/season/stage when present",retrieve canonical answer; live lookup for price/weather/schemes
AGR|COST|CROP=onion|SOIL=alluvial,cost,செலவு,onion,வெங்காயம்,alluvial,வண்டல் மண்,"crop,soil; add district/season/stage when present",retrieve canonical answer; live lookup for price/weather/schemes
AGR|COST|CROP=onion|SOIL=sandy,cost,செலவு,onion,வெங்காயம்,sandy,மணல் மண்,"crop,soil; add district/season/stage when present",retrieve canonical answer; live lookup for price/weather/schemes
AGR|COST|CROP=onion|SOIL=clay,cost,செலவு,onion,வெங்காயம்,clay,களிமண்,"crop,soil; add district/season/stage when present",retrieve canonical answer; live lookup for price/weather/schemes
AGR|COST|CROP=onion|SOIL=loamy,cost,செலவு,onion,வெங்காயம்,loamy,கலப்பு மண்,"crop,soil; add district/season/stage when present",retrieve canonical answer; live lookup for price/weather/schemes
AGR|COST|CROP=onion|SOIL=laterite,cost,செலவு,onion,வெங்காயம்,laterite,சரளை மண்,"crop,soil; add district/season/stage when present",retrieve canonical answer; live lookup for price/weather/schemes
AGR|COST|CROP=turmeric|SOIL=red,cost,செலவு,turmeric,மஞ்சள்,red,செம்மண்,"crop,soil; add district/season/stage when present",retrieve canonical answer; live lookup for price/weather/schemes
AGR|COST|CROP=turmeric|SOIL=black,cost,செலவு,turmeric,மஞ்சள்,black,கரிசல் மண்,"crop,soil; add district/season/stage when present",retrieve canonical answer; live lookup for price/weather/schemes
AGR|COST|CROP=turmeric|SOIL=alluvial,cost,செலவு,turmeric,மஞ்சள்,alluvial,வண்டல் மண்,"crop,soil; add district/season/stage when present",retrieve canonical answer; live lookup for price/weather/schemes
AGR|COST|CROP=turmeric|SOIL=sandy,cost,செலவு,turmeric,மஞ்சள்,sandy,மணல் மண்,"crop,soil; add district/season/stage when present",retrieve canonical answer; live lookup for price/weather/schemes
AGR|COST|CROP=turmeric|SOIL=clay,cost,செலவு,turmeric,மஞ்சள்,clay,களிமண்,"crop,soil; add district/season/stage when present",retrieve canonical answer; live lookup for price/weather/schemes
AGR|COST|CROP=turmeric|SOIL=loamy,cost,செலவு,turmeric,மஞ்சள்,loamy,கலப்பு மண்,"crop,soil; add district/season/stage when present",retrieve canonical answer; live lookup for price/weather/schemes
AGR|COST|CROP=turmeric|SOIL=laterite,cost,செலவு,turmeric,மஞ்சள்,laterite,சரளை மண்,"crop,soil; add district/season/stage when present",retrieve canonical answer; live lookup for price/weather/schemes
AGR|COST|CROP=brinjal|SOIL=red,cost,செலவு,brinjal,கத்தரிக்காய்,red,செம்மண்,"crop,soil; add district/season/stage when present",retrieve canonical answer; live lookup for price/weather/schemes
AGR|COST|CROP=brinjal|SOIL=black,cost,செலவு,brinjal,கத்தரிக்காய்,black,கரிசல் மண்,"crop,soil; add district/season/stage when present",retrieve canonical answer; live lookup for price/weather/schemes
AGR|COST|CROP=brinjal|SOIL=alluvial,cost,செலவு,brinjal,கத்தரிக்காய்,alluvial,வண்டல் மண்,"crop,soil; add district/season/stage when present",retrieve canonical answer; live lookup for price/weather/schemes
AGR|COST|CROP=brinjal|SOIL=sandy,cost,செலவு,brinjal,கத்தரிக்காய்,sandy,மணல் மண்,"crop,soil; add district/season/stage when present",retrieve canonical answer; live lookup for price/weather/schemes
AGR|COST|CROP=brinjal|SOIL=clay,cost,செலவு,brinjal,கத்தரிக்காய்,clay,களிமண்,"crop,soil; add district/season/stage when present",retrieve canonical answer; live lookup for price/weather/schemes
AGR|COST|CROP=brinjal|SOIL=loamy,cost,செலவு,brinjal,கத்தரிக்காய்,loamy,கலப்பு மண்,"crop,soil; add district/season/stage when present",retrieve canonical answer; live lookup for price/weather/schemes
AGR|COST|CROP=brinjal|SOIL=laterite,cost,செலவு,brinjal,கத்தரிக்காய்,laterite,சரளை மண்,"crop,soil; add district/season/stage when present",retrieve canonical answer; live lookup for price/weather/schemes
AGR|COST|CROP=okra|SOIL=red,cost,செலவு,okra,வெண்டைக்காய்,red,செம்மண்,"crop,soil; add district/season/stage when present",retrieve canonical answer; live lookup for price/weather/schemes
AGR|COST|CROP=okra|SOIL=black,cost,செலவு,okra,வெண்டைக்காய்,black,கரிசல் மண்,"crop,soil; add district/season/stage when present",retrieve canonical answer; live lookup for price/weather/schemes
AGR|COST|CROP=okra|SOIL=alluvial,cost,செலவு,okra,வெண்டைக்காய்,alluvial,வண்டல் மண்,"crop,soil; add district/season/stage when present",retrieve canonical answer; live lookup for price/weather/schemes
AGR|COST|CROP=okra|SOIL=sandy,cost,செலவு,okra,வெண்டைக்காய்,sandy,மணல் மண்,"crop,soil; add district/season/stage when present",retrieve canonical answer; live lookup for price/weather/schemes
AGR|COST|CROP=okra|SOIL=clay,cost,செலவு,okra,வெண்டைக்காய்,clay,களிமண்,"crop,soil; add district/season/stage when present",retrieve canonical answer; live lookup for price/weather/schemes
AGR|COST|CROP=okra|SOIL=loamy,cost,செலவு,okra,வெண்டைக்காய்,loamy,கலப்பு மண்,"crop,soil; add district/season/stage when present",retrieve canonical answer; live lookup for price/weather/schemes
AGR|COST|CROP=okra|SOIL=laterite,cost,செலவு,okra,வெண்டைக்காய்,laterite,சரளை மண்,"crop,soil; add district/season/stage when present",retrieve canonical answer; live lookup for price/weather/schemes
AGR|COST|CROP=coconut|SOIL=red,cost,செலவு,coconut,தென்னை,red,செம்மண்,"crop,soil; add district/season/stage when present",retrieve canonical answer; live lookup for price/weather/schemes
AGR|COST|CROP=coconut|SOIL=black,cost,செலவு,coconut,தென்னை,black,கரிசல் மண்,"crop,soil; add district/season/stage when present",retrieve canonical answer; live lookup for price/weather/schemes
AGR|COST|CROP=coconut|SOIL=alluvial,cost,செலவு,coconut,தென்னை,alluvial,வண்டல் மண்,"crop,soil; add district/season/stage when present",retrieve canonical answer; live lookup for price/weather/schemes
AGR|COST|CROP=coconut|SOIL=sandy,cost,செலவு,coconut,தென்னை,sandy,மணல் மண்,"crop,soil; add district/season/stage when present",retrieve canonical answer; live lookup for price/weather/schemes
AGR|COST|CROP=coconut|SOIL=clay,cost,செலவு,coconut,தென்னை,clay,களிமண்,"crop,soil; add district/season/stage when present",retrieve canonical answer; live lookup for price/weather/schemes
AGR|COST|CROP=coconut|SOIL=loamy,cost,செலவு,coconut,தென்னை,loamy,கலப்பு மண்,"crop,soil; add district/season/stage when present",retrieve canonical answer; live lookup for price/weather/schemes
AGR|COST|CROP=coconut|SOIL=laterite,cost,செலவு,coconut,தென்னை,laterite,சரளை மண்,"crop,soil; add district/season/stage when present",retrieve canonical answer; live lookup for price/weather/schemes
AGR|COST|CROP=pulses|SOIL=red,cost,செலவு,pulses,பயறு,red,செம்மண்,"crop,soil; add district/season/stage when present",retrieve canonical answer; live lookup for price/weather/schemes
AGR|COST|CROP=pulses|SOIL=black,cost,செலவு,pulses,பயறு,black,கரிசல் மண்,"crop,soil; add district/season/stage when present",retrieve canonical answer; live lookup for price/weather/schemes
AGR|COST|CROP=pulses|SOIL=alluvial,cost,செலவு,pulses,பயறு,alluvial,வண்டல் மண்,"crop,soil; add district/season/stage when present",retrieve canonical answer; live lookup for price/weather/schemes
AGR|COST|CROP=pulses|SOIL=sandy,cost,செலவு,pulses,பயறு,sandy,மணல் மண்,"crop,soil; add district/season/stage when present",retrieve canonical answer; live lookup for price/weather/schemes
AGR|COST|CROP=pulses|SOIL=clay,cost,செலவு,pulses,பயறு,clay,களிமண்,"crop,soil; add district/season/stage when present",retrieve canonical answer; live lookup for price/weather/schemes
AGR|COST|CROP=pulses|SOIL=loamy,cost,செலவு,pulses,பயறு,loamy,கலப்பு மண்,"crop,soil; add district/season/stage when present",retrieve canonical answer; live lookup for price/weather/schemes
AGR|COST|CROP=pulses|SOIL=laterite,cost,செலவு,pulses,பயறு,laterite,சரளை மண்,"crop,soil; add district/season/stage when present",retrieve canonical answer; live lookup for price/weather/schemes
AGR|COST|CROP=sesame|SOIL=red,cost,செலவு,sesame,எள்,red,செம்மண்,"crop,soil; add district/season/stage when present",retrieve canonical answer; live lookup for price/weather/schemes
AGR|COST|CROP=sesame|SOIL=black,cost,செலவு,sesame,எள்,black,கரிசல் மண்,"crop,soil; add district/season/stage when present",retrieve canonical answer; live lookup for price/weather/schemes
AGR|COST|CROP=sesame|SOIL=alluvial,cost,செலவு,sesame,எள்,alluvial,வண்டல் மண்,"crop,soil; add district/season/stage when present",retrieve canonical answer; live lookup for price/weather/schemes
AGR|COST|CROP=sesame|SOIL=sandy,cost,செலவு,sesame,எள்,sandy,மணல் மண்,"crop,soil; add district/season/stage when present",retrieve canonical answer; live lookup for price/weather/schemes
AGR|COST|CROP=sesame|SOIL=clay,cost,செலவு,sesame,எள்,clay,களிமண்,"crop,soil; add district/season/stage when present",retrieve canonical answer; live lookup for price/weather/schemes
AGR|COST|CROP=sesame|SOIL=loamy,cost,செலவு,sesame,எள்,loamy,கலப்பு மண்,"crop,soil; add district/season/stage when present",retrieve canonical answer; live lookup for price/weather/schemes
AGR|COST|CROP=sesame|SOIL=laterite,cost,செலவு,sesame,எள்,laterite,சரளை மண்,"crop,soil; add district/season/stage when present",retrieve canonical answer; live lookup for price/weather/schemes
AGR|COST|CROP=tapioca|SOIL=red,cost,செலவு,tapioca,மரவள்ளி,red,செம்மண்,"crop,soil; add district/season/stage when present",retrieve canonical answer; live lookup for price/weather/schemes
AGR|COST|CROP=tapioca|SOIL=black,cost,செலவு,tapioca,மரவள்ளி,black,கரிசல் மண்,"crop,soil; add district/season/stage when present",retrieve canonical answer; live lookup for price/weather/schemes
AGR|COST|CROP=tapioca|SOIL=alluvial,cost,செலவு,tapioca,மரவள்ளி,alluvial,வண்டல் மண்,"crop,soil; add district/season/stage when present",retrieve canonical answer; live lookup for price/weather/schemes
AGR|COST|CROP=tapioca|SOIL=sandy,cost,செலவு,tapioca,மரவள்ளி,sandy,மணல் மண்,"crop,soil; add district/season/stage when present",retrieve canonical answer; live lookup for price/weather/schemes
AGR|COST|CROP=tapioca|SOIL=clay,cost,செலவு,tapioca,மரவள்ளி,clay,களிமண்,"crop,soil; add district/season/stage when present",retrieve canonical answer; live lookup for price/weather/schemes
AGR|COST|CROP=tapioca|SOIL=loamy,cost,செலவு,tapioca,மரவள்ளி,loamy,கலப்பு மண்,"crop,soil; add district/season/stage when present",retrieve canonical answer; live lookup for price/weather/schemes
AGR|COST|CROP=tapioca|SOIL=laterite,cost,செலவு,tapioca,மரவள்ளி,laterite,சரளை மண்,"crop,soil; add district/season/stage when present",retrieve canonical answer; live lookup for price/weather/schemes
AGR|COST|CROP=drumstick|SOIL=red,cost,செலவு,drumstick,முருங்கை,red,செம்மண்,"crop,soil; add district/season/stage when present",retrieve canonical answer; live lookup for price/weather/schemes
AGR|COST|CROP=drumstick|SOIL=black,cost,செலவு,drumstick,முருங்கை,black,கரிசல் மண்,"crop,soil; add district/season/stage when present",retrieve canonical answer; live lookup for price/weather/schemes
AGR|COST|CROP=drumstick|SOIL=alluvial,cost,செலவு,drumstick,முருங்கை,alluvial,வண்டல் மண்,"crop,soil; add district/season/stage when present",retrieve canonical answer; live lookup for price/weather/schemes
AGR|COST|CROP=drumstick|SOIL=sandy,cost,செலவு,drumstick,முருங்கை,sandy,மணல் மண்,"crop,soil; add district/season/stage when present",retrieve canonical answer; live lookup for price/weather/schemes
AGR|COST|CROP=drumstick|SOIL=clay,cost,செலவு,drumstick,முருங்கை,clay,களிமண்,"crop,soil; add district/season/stage when present",retrieve canonical answer; live lookup for price/weather/schemes
AGR|COST|CROP=drumstick|SOIL=loamy,cost,செலவு,drumstick,முருங்கை,loamy,கலப்பு மண்,"crop,soil; add district/season/stage when present",retrieve canonical answer; live lookup for price/weather/schemes
AGR|COST|CROP=drumstick|SOIL=laterite,cost,செலவு,drumstick,முருங்கை,laterite,சரளை மண்,"crop,soil; add district/season/stage when present",retrieve canonical answer; live lookup for price/weather/schemes
AGR|WATER_BUDGET|CROP=rice|SOIL=red,water_budget,நீர் தேவை,rice,நெல்,red,செம்மண்,"crop,soil; add district/season/stage when present",retrieve canonical answer; live lookup for price/weather/schemes
AGR|WATER_BUDGET|CROP=rice|SOIL=black,water_budget,நீர் தேவை,rice,நெல்,black,கரிசல் மண்,"crop,soil; add district/season/stage when present",retrieve canonical answer; live lookup for price/weather/schemes
AGR|WATER_BUDGET|CROP=rice|SOIL=alluvial,water_budget,நீர் தேவை,rice,நெல்,alluvial,வண்டல் மண்,"crop,soil; add district/season/stage when present",retrieve canonical answer; live lookup for price/weather/schemes
AGR|WATER_BUDGET|CROP=rice|SOIL=sandy,water_budget,நீர் தேவை,rice,நெல்,sandy,மணல் மண்,"crop,soil; add district/season/stage when present",retrieve canonical answer; live lookup for price/weather/schemes
AGR|WATER_BUDGET|CROP=rice|SOIL=clay,water_budget,நீர் தேவை,rice,நெல்,clay,களிமண்,"crop,soil; add district/season/stage when present",retrieve canonical answer; live lookup for price/weather/schemes
AGR|WATER_BUDGET|CROP=rice|SOIL=loamy,water_budget,நீர் தேவை,rice,நெல்,loamy,கலப்பு மண்,"crop,soil; add district/season/stage when present",retrieve canonical answer; live lookup for price/weather/schemes
AGR|WATER_BUDGET|CROP=rice|SOIL=laterite,water_budget,நீர் தேவை,rice,நெல்,laterite,சரளை மண்,"crop,soil; add district/season/stage when present",retrieve canonical answer; live lookup for price/weather/schemes
AGR|WATER_BUDGET|CROP=banana|SOIL=red,water_budget,நீர் தேவை,banana,வாழை,red,செம்மண்,"crop,soil; add district/season/stage when present",retrieve canonical answer; live lookup for price/weather/schemes
AGR|WATER_BUDGET|CROP=banana|SOIL=black,water_budget,நீர் தேவை,banana,வாழை,black,கரிசல் மண்,"crop,soil; add district/season/stage when present",retrieve canonical answer; live lookup for price/weather/schemes
AGR|WATER_BUDGET|CROP=banana|SOIL=alluvial,water_budget,நீர் தேவை,banana,வாழை,alluvial,வண்டல் மண்,"crop,soil; add district/season/stage when present",retrieve canonical answer; live lookup for price/weather/schemes
AGR|WATER_BUDGET|CROP=banana|SOIL=sandy,water_budget,நீர் தேவை,banana,வாழை,sandy,மணல் மண்,"crop,soil; add district/season/stage when present",retrieve canonical answer; live lookup for price/weather/schemes
AGR|WATER_BUDGET|CROP=banana|SOIL=clay,water_budget,நீர் தேவை,banana,வாழை,clay,களிமண்,"crop,soil; add district/season/stage when present",retrieve canonical answer; live lookup for price/weather/schemes
AGR|WATER_BUDGET|CROP=banana|SOIL=loamy,water_budget,நீர் தேவை,banana,வாழை,loamy,கலப்பு மண்,"crop,soil; add district/season/stage when present",retrieve canonical answer; live lookup for price/weather/schemes
AGR|WATER_BUDGET|CROP=banana|SOIL=laterite,water_budget,நீர் தேவை,banana,வாழை,laterite,சரளை மண்,"crop,soil; add district/season/stage when present",retrieve canonical answer; live lookup for price/weather/schemes
AGR|WATER_BUDGET|CROP=sugarcane|SOIL=red,water_budget,நீர் தேவை,sugarcane,கரும்பு,red,செம்மண்,"crop,soil; add district/season/stage when present",retrieve canonical answer; live lookup for price/weather/schemes
AGR|WATER_BUDGET|CROP=sugarcane|SOIL=black,water_budget,நீர் தேவை,sugarcane,கரும்பு,black,கரிசல் மண்,"crop,soil; add district/season/stage when present",retrieve canonical answer; live lookup for price/weather/schemes
AGR|WATER_BUDGET|CROP=sugarcane|SOIL=alluvial,water_budget,நீர் தேவை,sugarcane,கரும்பு,alluvial,வண்டல் மண்,"crop,soil; add district/season/stage when present",retrieve canonical answer; live lookup for price/weather/schemes
AGR|WATER_BUDGET|CROP=sugarcane|SOIL=sandy,water_budget,நீர் தேவை,sugarcane,கரும்பு,sandy,மணல் மண்,"crop,soil; add district/season/stage when present",retrieve canonical answer; live lookup for price/weather/schemes
AGR|WATER_BUDGET|CROP=sugarcane|SOIL=clay,water_budget,நீர் தேவை,sugarcane,கரும்பு,clay,களிமண்,"crop,soil; add district/season/stage when present",retrieve canonical answer; live lookup for price/weather/schemes
AGR|WATER_BUDGET|CROP=sugarcane|SOIL=loamy,water_budget,நீர் தேவை,sugarcane,கரும்பு,loamy,கலப்பு மண்,"crop,soil; add district/season/stage when present",retrieve canonical answer; live lookup for price/weather/schemes
AGR|WATER_BUDGET|CROP=sugarcane|SOIL=laterite,water_budget,நீர் தேவை,sugarcane,கரும்பு,laterite,சரளை மண்,"crop,soil; add district/season/stage when present",retrieve canonical answer; live lookup for price/weather/schemes
AGR|WATER_BUDGET|CROP=cotton|SOIL=red,water_budget,நீர் தேவை,cotton,பருத்தி,red,செம்மண்,"crop,soil; add district/season/stage when present",retrieve canonical answer; live lookup for price/weather/schemes
AGR|WATER_BUDGET|CROP=cotton|SOIL=black,water_budget,நீர் தேவை,cotton,பருத்தி,black,கரிசல் மண்,"crop,soil; add district/season/stage when present",retrieve canonical answer; live lookup for price/weather/schemes
AGR|WATER_BUDGET|CROP=cotton|SOIL=alluvial,water_budget,நீர் தேவை,cotton,பருத்தி,alluvial,வண்டல் மண்,"crop,soil; add district/season/stage when present",retrieve canonical answer; live lookup for price/weather/schemes
AGR|WATER_BUDGET|CROP=cotton|SOIL=sandy,water_budget,நீர் தேவை,cotton,பருத்தி,sandy,மணல் மண்,"crop,soil; add district/season/stage when present",retrieve canonical answer; live lookup for price/weather/schemes
AGR|WATER_BUDGET|CROP=cotton|SOIL=clay,water_budget,நீர் தேவை,cotton,பருத்தி,clay,களிமண்,"crop,soil; add district/season/stage when present",retrieve canonical answer; live lookup for price/weather/schemes
AGR|WATER_BUDGET|CROP=cotton|SOIL=loamy,water_budget,நீர் தேவை,cotton,பருத்தி,loamy,கலப்பு மண்,"crop,soil; add district/season/stage when present",retrieve canonical answer; live lookup for price/weather/schemes
AGR|WATER_BUDGET|CROP=cotton|SOIL=laterite,water_budget,நீர் தேவை,cotton,பருத்தி,laterite,சரளை மண்,"crop,soil; add district/season/stage when present",retrieve canonical answer; live lookup for price/weather/schemes
AGR|WATER_BUDGET|CROP=groundnut|SOIL=red,water_budget,நீர் தேவை,groundnut,நிலக்கடலை,red,செம்மண்,"crop,soil; add district/season/stage when present",retrieve canonical answer; live lookup for price/weather/schemes
AGR|WATER_BUDGET|CROP=groundnut|SOIL=black,water_budget,நீர் தேவை,groundnut,நிலக்கடலை,black,கரிசல் மண்,"crop,soil; add district/season/stage when present",retrieve canonical answer; live lookup for price/weather/schemes
AGR|WATER_BUDGET|CROP=groundnut|SOIL=alluvial,water_budget,நீர் தேவை,groundnut,நிலக்கடலை,alluvial,வண்டல் மண்,"crop,soil; add district/season/stage when present",retrieve canonical answer; live lookup for price/weather/schemes
AGR|WATER_BUDGET|CROP=groundnut|SOIL=sandy,water_budget,நீர் தேவை,groundnut,நிலக்கடலை,sandy,மணல் மண்,"crop,soil; add district/season/stage when present",retrieve canonical answer; live lookup for price/weather/schemes
AGR|WATER_BUDGET|CROP=groundnut|SOIL=clay,water_budget,நீர் தேவை,groundnut,நிலக்கடலை,clay,களிமண்,"crop,soil; add district/season/stage when present",retrieve canonical answer; live lookup for price/weather/schemes
AGR|WATER_BUDGET|CROP=groundnut|SOIL=loamy,water_budget,நீர் தேவை,groundnut,நிலக்கடலை,loamy,கலப்பு மண்,"crop,soil; add district/season/stage when present",retrieve canonical answer; live lookup for price/weather/schemes
AGR|WATER_BUDGET|CROP=groundnut|SOIL=laterite,water_budget,நீர் தேவை,groundnut,நிலக்கடலை,laterite,சரளை மண்,"crop,soil; add district/season/stage when present",retrieve canonical answer; live lookup for price/weather/schemes
AGR|WATER_BUDGET|CROP=maize|SOIL=red,water_budget,நீர் தேவை,maize,மக்காச்சோளம்,red,செம்மண்,"crop,soil; add district/season/stage when present",retrieve canonical answer; live lookup for price/weather/schemes
AGR|WATER_BUDGET|CROP=maize|SOIL=black,water_budget,நீர் தேவை,maize,மக்காச்சோளம்,black,கரிசல் மண்,"crop,soil; add district/season/stage when present",retrieve canonical answer; live lookup for price/weather/schemes
AGR|WATER_BUDGET|CROP=maize|SOIL=alluvial,water_budget,நீர் தேவை,maize,மக்காச்சோளம்,alluvial,வண்டல் மண்,"crop,soil; add district/season/stage when present",retrieve canonical answer; live lookup for price/weather/schemes
AGR|WATER_BUDGET|CROP=maize|SOIL=sandy,water_budget,நீர் தேவை,maize,மக்காச்சோளம்,sandy,மணல் மண்,"crop,soil; add district/season/stage when present",retrieve canonical answer; live lookup for price/weather/schemes
AGR|WATER_BUDGET|CROP=maize|SOIL=clay,water_budget,நீர் தேவை,maize,மக்காச்சோளம்,clay,களிமண்,"crop,soil; add district/season/stage when present",retrieve canonical answer; live lookup for price/weather/schemes
AGR|WATER_BUDGET|CROP=maize|SOIL=loamy,water_budget,நீர் தேவை,maize,மக்காச்சோளம்,loamy,கலப்பு மண்,"crop,soil; add district/season/stage when present",retrieve canonical answer; live lookup for price/weather/schemes
AGR|WATER_BUDGET|CROP=maize|SOIL=laterite,water_budget,நீர் தேவை,maize,மக்காச்சோளம்,laterite,சரளை மண்,"crop,soil; add district/season/stage when present",retrieve canonical answer; live lookup for price/weather/schemes
AGR|WATER_BUDGET|CROP=millet|SOIL=red,water_budget,நீர் தேவை,millet,கம்பு,red,செம்மண்,"crop,soil; add district/season/stage when present",retrieve canonical answer; live lookup for price/weather/schemes
AGR|WATER_BUDGET|CROP=millet|SOIL=black,water_budget,நீர் தேவை,millet,கம்பு,black,கரிசல் மண்,"crop,soil; add district/season/stage when present",retrieve canonical answer; live lookup for price/weather/schemes
AGR|WATER_BUDGET|CROP=millet|SOIL=alluvial,water_budget,நீர் தேவை,millet,கம்பு,alluvial,வண்டல் மண்,"crop,soil; add district/season/stage when present",retrieve canonical answer; live lookup for price/weather/schemes
AGR|WATER_BUDGET|CROP=millet|SOIL=sandy,water_budget,நீர் தேவை,millet,கம்பு,sandy,மணல் மண்,"crop,soil; add district/season/stage when present",retrieve canonical answer; live lookup for price/weather/schemes
AGR|WATER_BUDGET|CROP=millet|SOIL=clay,water_budget,நீர் தேவை,millet,கம்பு,clay,களிமண்,"crop,soil; add district/season/stage when present",retrieve canonical answer; live lookup for price/weather/schemes
AGR|WATER_BUDGET|CROP=millet|SOIL=loamy,water_budget,நீர் தேவை,millet,கம்பு,loamy,கலப்பு மண்,"crop,soil; add district/season/stage when present",retrieve canonical answer; live lookup for price/weather/schemes
AGR|WATER_BUDGET|CROP=millet|SOIL=laterite,water_budget,நீர் தேவை,millet,கம்பு,laterite,சரளை மண்,"crop,soil; add district/season/stage when present",retrieve canonical answer; live lookup for price/weather/schemes
AGR|WATER_BUDGET|CROP=tomato|SOIL=red,water_budget,நீர் தேவை,tomato,தக்காளி,red,செம்மண்,"crop,soil; add district/season/stage when present",retrieve canonical answer; live lookup for price/weather/schemes
AGR|WATER_BUDGET|CROP=tomato|SOIL=black,water_budget,நீர் தேவை,tomato,தக்காளி,black,கரிசல் மண்,"crop,soil; add district/season/stage when present",retrieve canonical answer; live lookup for price/weather/schemes
AGR|WATER_BUDGET|CROP=tomato|SOIL=alluvial,water_budget,நீர் தேவை,tomato,தக்காளி,alluvial,வண்டல் மண்,"crop,soil; add district/season/stage when present",retrieve canonical answer; live lookup for price/weather/schemes
AGR|WATER_BUDGET|CROP=tomato|SOIL=sandy,water_budget,நீர் தேவை,tomato,தக்காளி,sandy,மணல் மண்,"crop,soil; add district/season/stage when present",retrieve canonical answer; live lookup for price/weather/schemes
AGR|WATER_BUDGET|CROP=tomato|SOIL=clay,water_budget,நீர் தேவை,tomato,தக்காளி,clay,களிமண்,"crop,soil; add district/season/stage when present",retrieve canonical answer; live lookup for price/weather/schemes
AGR|WATER_BUDGET|CROP=tomato|SOIL=loamy,water_budget,நீர் தேவை,tomato,தக்காளி,loamy,கலப்பு மண்,"crop,soil; add district/season/stage when present",retrieve canonical answer; live lookup for price/weather/schemes
AGR|WATER_BUDGET|CROP=tomato|SOIL=laterite,water_budget,நீர் தேவை,tomato,தக்காளி,laterite,சரளை மண்,"crop,soil; add district/season/stage when present",retrieve canonical answer; live lookup for price/weather/schemes
AGR|WATER_BUDGET|CROP=chilli|SOIL=red,water_budget,நீர் தேவை,chilli,மிளகாய்,red,செம்மண்,"crop,soil; add district/season/stage when present",retrieve canonical answer; live lookup for price/weather/schemes
AGR|WATER_BUDGET|CROP=chilli|SOIL=black,water_budget,நீர் தேவை,chilli,மிளகாய்,black,கரிசல் மண்,"crop,soil; add district/season/stage when present",retrieve canonical answer; live lookup for price/weather/schemes
AGR|WATER_BUDGET|CROP=chilli|SOIL=alluvial,water_budget,நீர் தேவை,chilli,மிளகாய்,alluvial,வண்டல் மண்,"crop,soil; add district/season/stage when present",retrieve canonical answer; live lookup for price/weather/schemes
AGR|WATER_BUDGET|CROP=chilli|SOIL=sandy,water_budget,நீர் தேவை,chilli,மிளகாய்,sandy,மணல் மண்,"crop,soil; add district/season/stage when present",retrieve canonical answer; live lookup for price/weather/schemes
AGR|WATER_BUDGET|CROP=chilli|SOIL=clay,water_budget,நீர் தேவை,chilli,மிளகாய்,clay,களிமண்,"crop,soil; add district/season/stage when present",retrieve canonical answer; live lookup for price/weather/schemes
AGR|WATER_BUDGET|CROP=chilli|SOIL=loamy,water_budget,நீர் தேவை,chilli,மிளகாய்,loamy,கலப்பு மண்,"crop,soil; add district/season/stage when present",retrieve canonical answer; live lookup for price/weather/schemes
AGR|WATER_BUDGET|CROP=chilli|SOIL=laterite,water_budget,நீர் தேவை,chilli,மிளகாய்,laterite,சரளை மண்,"crop,soil; add district/season/stage when present",retrieve canonical answer; live lookup for price/weather/schemes
AGR|WATER_BUDGET|CROP=onion|SOIL=red,water_budget,நீர் தேவை,onion,வெங்காயம்,red,செம்மண்,"crop,soil; add district/season/stage when present",retrieve canonical answer; live lookup for price/weather/schemes
AGR|WATER_BUDGET|CROP=onion|SOIL=black,water_budget,நீர் தேவை,onion,வெங்காயம்,black,கரிசல் மண்,"crop,soil; add district/season/stage when present",retrieve canonical answer; live lookup for price/weather/schemes
AGR|WATER_BUDGET|CROP=onion|SOIL=alluvial,water_budget,நீர் தேவை,onion,வெங்காயம்,alluvial,வண்டல் மண்,"crop,soil; add district/season/stage when present",retrieve canonical answer; live lookup for price/weather/schemes
AGR|WATER_BUDGET|CROP=onion|SOIL=sandy,water_budget,நீர் தேவை,onion,வெங்காயம்,sandy,மணல் மண்,"crop,soil; add district/season/stage when present",retrieve canonical answer; live lookup for price/weather/schemes
AGR|WATER_BUDGET|CROP=onion|SOIL=clay,water_budget,நீர் தேவை,onion,வெங்காயம்,clay,களிமண்,"crop,soil; add district/season/stage when present",retrieve canonical answer; live lookup for price/weather/schemes
AGR|WATER_BUDGET|CROP=onion|SOIL=loamy,water_budget,நீர் தேவை,onion,வெங்காயம்,loamy,கலப்பு மண்,"crop,soil; add district/season/stage when present",retrieve canonical answer; live lookup for price/weather/schemes
AGR|WATER_BUDGET|CROP=onion|SOIL=laterite,water_budget,நீர் தேவை,onion,வெங்காயம்,laterite,சரளை மண்,"crop,soil; add district/season/stage when present",retrieve canonical answer; live lookup for price/weather/schemes
AGR|WATER_BUDGET|CROP=turmeric|SOIL=red,water_budget,நீர் தேவை,turmeric,மஞ்சள்,red,செம்மண்,"crop,soil; add district/season/stage when present",retrieve canonical answer; live lookup for price/weather/schemes
AGR|WATER_BUDGET|CROP=turmeric|SOIL=black,water_budget,நீர் தேவை,turmeric,மஞ்சள்,black,கரிசல் மண்,"crop,soil; add district/season/stage when present",retrieve canonical answer; live lookup for price/weather/schemes
AGR|WATER_BUDGET|CROP=turmeric|SOIL=alluvial,water_budget,நீர் தேவை,turmeric,மஞ்சள்,alluvial,வண்டல் மண்,"crop,soil; add district/season/stage when present",retrieve canonical answer; live lookup for price/weather/schemes
AGR|WATER_BUDGET|CROP=turmeric|SOIL=sandy,water_budget,நீர் தேவை,turmeric,மஞ்சள்,sandy,மணல் மண்,"crop,soil; add district/season/stage when present",retrieve canonical answer; live lookup for price/weather/schemes
AGR|WATER_BUDGET|CROP=turmeric|SOIL=clay,water_budget,நீர் தேவை,turmeric,மஞ்சள்,clay,களிமண்,"crop,soil; add district/season/stage when present",retrieve canonical answer; live lookup for price/weather/schemes
AGR|WATER_BUDGET|CROP=turmeric|SOIL=loamy,water_budget,நீர் தேவை,turmeric,மஞ்சள்,loamy,கலப்பு மண்,"crop,soil; add district/season/stage when present",retrieve canonical answer; live lookup for price/weather/schemes
AGR|WATER_BUDGET|CROP=turmeric|SOIL=laterite,water_budget,நீர் தேவை,turmeric,மஞ்சள்,laterite,சரளை மண்,"crop,soil; add district/season/stage when present",retrieve canonical answer; live lookup for price/weather/schemes
AGR|WATER_BUDGET|CROP=brinjal|SOIL=red,water_budget,நீர் தேவை,brinjal,கத்தரிக்காய்,red,செம்மண்,"crop,soil; add district/season/stage when present",retrieve canonical answer; live lookup for price/weather/schemes
AGR|WATER_BUDGET|CROP=brinjal|SOIL=black,water_budget,நீர் தேவை,brinjal,கத்தரிக்காய்,black,கரிசல் மண்,"crop,soil; add district/season/stage when present",retrieve canonical answer; live lookup for price/weather/schemes
AGR|WATER_BUDGET|CROP=brinjal|SOIL=alluvial,water_budget,நீர் தேவை,brinjal,கத்தரிக்காய்,alluvial,வண்டல் மண்,"crop,soil; add district/season/stage when present",retrieve canonical answer; live lookup for price/weather/schemes
AGR|WATER_BUDGET|CROP=brinjal|SOIL=sandy,water_budget,நீர் தேவை,brinjal,கத்தரிக்காய்,sandy,மணல் மண்,"crop,soil; add district/season/stage when present",retrieve canonical answer; live lookup for price/weather/schemes
AGR|WATER_BUDGET|CROP=brinjal|SOIL=clay,water_budget,நீர் தேவை,brinjal,கத்தரிக்காய்,clay,களிமண்,"crop,soil; add district/season/stage when present",retrieve canonical answer; live lookup for price/weather/schemes
AGR|WATER_BUDGET|CROP=brinjal|SOIL=loamy,water_budget,நீர் தேவை,brinjal,கத்தரிக்காய்,loamy,கலப்பு மண்,"crop,soil; add district/season/stage when present",retrieve canonical answer; live lookup for price/weather/schemes
AGR|WATER_BUDGET|CROP=brinjal|SOIL=laterite,water_budget,நீர் தேவை,brinjal,கத்தரிக்காய்,laterite,சரளை மண்,"crop,soil; add district/season/stage when present",retrieve canonical answer; live lookup for price/weather/schemes
AGR|WATER_BUDGET|CROP=okra|SOIL=red,water_budget,நீர் தேவை,okra,வெண்டைக்காய்,red,செம்மண்,"crop,soil; add district/season/stage when present",retrieve canonical answer; live lookup for price/weather/schemes
AGR|WATER_BUDGET|CROP=okra|SOIL=black,water_budget,நீர் தேவை,okra,வெண்டைக்காய்,black,கரிசல் மண்,"crop,soil; add district/season/stage when present",retrieve canonical answer; live lookup for price/weather/schemes
AGR|WATER_BUDGET|CROP=okra|SOIL=alluvial,water_budget,நீர் தேவை,okra,வெண்டைக்காய்,alluvial,வண்டல் மண்,"crop,soil; add district/season/stage when present",retrieve canonical answer; live lookup for price/weather/schemes
AGR|WATER_BUDGET|CROP=okra|SOIL=sandy,water_budget,நீர் தேவை,okra,வெண்டைக்காய்,sandy,மணல் மண்,"crop,soil; add district/season/stage when present",retrieve canonical answer; live lookup for price/weather/schemes
AGR|WATER_BUDGET|CROP=okra|SOIL=clay,water_budget,நீர் தேவை,okra,வெண்டைக்காய்,clay,களிமண்,"crop,soil; add district/season/stage when present",retrieve canonical answer; live lookup for price/weather/schemes
AGR|WATER_BUDGET|CROP=okra|SOIL=loamy,water_budget,நீர் தேவை,okra,வெண்டைக்காய்,loamy,கலப்பு மண்,"crop,soil; add district/season/stage when present",retrieve canonical answer; live lookup for price/weather/schemes
AGR|WATER_BUDGET|CROP=okra|SOIL=laterite,water_budget,நீர் தேவை,okra,வெண்டைக்காய்,laterite,சரளை மண்,"crop,soil; add district/season/stage when present",retrieve canonical answer; live lookup for price/weather/schemes
AGR|WATER_BUDGET|CROP=coconut|SOIL=red,water_budget,நீர் தேவை,coconut,தென்னை,red,செம்மண்,"crop,soil; add district/season/stage when present",retrieve canonical answer; live lookup for price/weather/schemes
AGR|WATER_BUDGET|CROP=coconut|SOIL=black,water_budget,நீர் தேவை,coconut,தென்னை,black,கரிசல் மண்,"crop,soil; add district/season/stage when present",retrieve canonical answer; live lookup for price/weather/schemes
AGR|WATER_BUDGET|CROP=coconut|SOIL=alluvial,water_budget,நீர் தேவை,coconut,தென்னை,alluvial,வண்டல் மண்,"crop,soil; add district/season/stage when present",retrieve canonical answer; live lookup for price/weather/schemes
AGR|WATER_BUDGET|CROP=coconut|SOIL=sandy,water_budget,நீர் தேவை,coconut,தென்னை,sandy,மணல் மண்,"crop,soil; add district/season/stage when present",retrieve canonical answer; live lookup for price/weather/schemes
AGR|WATER_BUDGET|CROP=coconut|SOIL=clay,water_budget,நீர் தேவை,coconut,தென்னை,clay,களிமண்,"crop,soil; add district/season/stage when present",retrieve canonical answer; live lookup for price/weather/schemes
AGR|WATER_BUDGET|CROP=coconut|SOIL=loamy,water_budget,நீர் தேவை,coconut,தென்னை,loamy,கலப்பு மண்,"crop,soil; add district/season/stage when present",retrieve canonical answer; live lookup for price/weather/schemes
AGR|WATER_BUDGET|CROP=coconut|SOIL=laterite,water_budget,நீர் தேவை,coconut,தென்னை,laterite,சரளை மண்,"crop,soil; add district/season/stage when present",retrieve canonical answer; live lookup for price/weather/schemes
AGR|WATER_BUDGET|CROP=pulses|SOIL=red,water_budget,நீர் தேவை,pulses,பயறு,red,செம்மண்,"crop,soil; add district/season/stage when present",retrieve canonical answer; live lookup for price/weather/schemes
AGR|WATER_BUDGET|CROP=pulses|SOIL=black,water_budget,நீர் தேவை,pulses,பயறு,black,கரிசல் மண்,"crop,soil; add district/season/stage when present",retrieve canonical answer; live lookup for price/weather/schemes
AGR|WATER_BUDGET|CROP=pulses|SOIL=alluvial,water_budget,நீர் தேவை,pulses,பயறு,alluvial,வண்டல் மண்,"crop,soil; add district/season/stage when present",retrieve canonical answer; live lookup for price/weather/schemes
AGR|WATER_BUDGET|CROP=pulses|SOIL=sandy,water_budget,நீர் தேவை,pulses,பயறு,sandy,மணல் மண்,"crop,soil; add district/season/stage when present",retrieve canonical answer; live lookup for price/weather/schemes
AGR|WATER_BUDGET|CROP=pulses|SOIL=clay,water_budget,நீர் தேவை,pulses,பயறு,clay,களிமண்,"crop,soil; add district/season/stage when present",retrieve canonical answer; live lookup for price/weather/schemes
AGR|WATER_BUDGET|CROP=pulses|SOIL=loamy,water_budget,நீர் தேவை,pulses,பயறு,loamy,கலப்பு மண்,"crop,soil; add district/season/stage when present",retrieve canonical answer; live lookup for price/weather/schemes
AGR|WATER_BUDGET|CROP=pulses|SOIL=laterite,water_budget,நீர் தேவை,pulses,பயறு,laterite,சரளை மண்,"crop,soil; add district/season/stage when present",retrieve canonical answer; live lookup for price/weather/schemes
AGR|WATER_BUDGET|CROP=sesame|SOIL=red,water_budget,நீர் தேவை,sesame,எள்,red,செம்மண்,"crop,soil; add district/season/stage when present",retrieve canonical answer; live lookup for price/weather/schemes
AGR|WATER_BUDGET|CROP=sesame|SOIL=black,water_budget,நீர் தேவை,sesame,எள்,black,கரிசல் மண்,"crop,soil; add district/season/stage when present",retrieve canonical answer; live lookup for price/weather/schemes
AGR|WATER_BUDGET|CROP=sesame|SOIL=alluvial,water_budget,நீர் தேவை,sesame,எள்,alluvial,வண்டல் மண்,"crop,soil; add district/season/stage when present",retrieve canonical answer; live lookup for price/weather/schemes
AGR|WATER_BUDGET|CROP=sesame|SOIL=sandy,water_budget,நீர் தேவை,sesame,எள்,sandy,மணல் மண்,"crop,soil; add district/season/stage when present",retrieve canonical answer; live lookup for price/weather/schemes
AGR|WATER_BUDGET|CROP=sesame|SOIL=clay,water_budget,நீர் தேவை,sesame,எள்,clay,களிமண்,"crop,soil; add district/season/stage when present",retrieve canonical answer; live lookup for price/weather/schemes
AGR|WATER_BUDGET|CROP=sesame|SOIL=loamy,water_budget,நீர் தேவை,sesame,எள்,loamy,கலப்பு மண்,"crop,soil; add district/season/stage when present",retrieve canonical answer; live lookup for price/weather/schemes
AGR|WATER_BUDGET|CROP=sesame|SOIL=laterite,water_budget,நீர் தேவை,sesame,எள்,laterite,சரளை மண்,"crop,soil; add district/season/stage when present",retrieve canonical answer; live lookup for price/weather/schemes
AGR|WATER_BUDGET|CROP=tapioca|SOIL=red,water_budget,நீர் தேவை,tapioca,மரவள்ளி,red,செம்மண்,"crop,soil; add district/season/stage when present",retrieve canonical answer; live lookup for price/weather/schemes
AGR|WATER_BUDGET|CROP=tapioca|SOIL=black,water_budget,நீர் தேவை,tapioca,மரவள்ளி,black,கரிசல் மண்,"crop,soil; add district/season/stage when present",retrieve canonical answer; live lookup for price/weather/schemes
AGR|WATER_BUDGET|CROP=tapioca|SOIL=alluvial,water_budget,நீர் தேவை,tapioca,மரவள்ளி,alluvial,வண்டல் மண்,"crop,soil; add district/season/stage when present",retrieve canonical answer; live lookup for price/weather/schemes
AGR|WATER_BUDGET|CROP=tapioca|SOIL=sandy,water_budget,நீர் தேவை,tapioca,மரவள்ளி,sandy,மணல் மண்,"crop,soil; add district/season/stage when present",retrieve canonical answer; live lookup for price/weather/schemes
AGR|WATER_BUDGET|CROP=tapioca|SOIL=clay,water_budget,நீர் தேவை,tapioca,மரவள்ளி,clay,களிமண்,"crop,soil; add district/season/stage when present",retrieve canonical answer; live lookup for price/weather/schemes
AGR|WATER_BUDGET|CROP=tapioca|SOIL=loamy,water_budget,நீர் தேவை,tapioca,மரவள்ளி,loamy,கலப்பு மண்,"crop,soil; add district/season/stage when present",retrieve canonical answer; live lookup for price/weather/schemes
AGR|WATER_BUDGET|CROP=tapioca|SOIL=laterite,water_budget,நீர் தேவை,tapioca,மரவள்ளி,laterite,சரளை மண்,"crop,soil; add district/season/stage when present",retrieve canonical answer; live lookup for price/weather/schemes
AGR|WATER_BUDGET|CROP=drumstick|SOIL=red,water_budget,நீர் தேவை,drumstick,முருங்கை,red,செம்மண்,"crop,soil; add district/season/stage when present",retrieve canonical answer; live lookup for price/weather/schemes
AGR|WATER_BUDGET|CROP=drumstick|SOIL=black,water_budget,நீர் தேவை,drumstick,முருங்கை,black,கரிசல் மண்,"crop,soil; add district/season/stage when present",retrieve canonical answer; live lookup for price/weather/schemes
AGR|WATER_BUDGET|CROP=drumstick|SOIL=alluvial,water_budget,நீர் தேவை,drumstick,முருங்கை,alluvial,வண்டல் மண்,"crop,soil; add district/season/stage when present",retrieve canonical answer; live lookup for price/weather/schemes
AGR|WATER_BUDGET|CROP=drumstick|SOIL=sandy,water_budget,நீர் தேவை,drumstick,முருங்கை,sandy,மணல் மண்,"crop,soil; add district/season/stage when present",retrieve canonical answer; live lookup for price/weather/schemes
AGR|WATER_BUDGET|CROP=drumstick|SOIL=clay,water_budget,நீர் தேவை,drumstick,முருங்கை,clay,களிமண்,"crop,soil; add district/season/stage when present",retrieve canonical answer; live lookup for price/weather/schemes
AGR|WATER_BUDGET|CROP=drumstick|SOIL=loamy,water_budget,நீர் தேவை,drumstick,முருங்கை,loamy,கலப்பு மண்,"crop,soil; add district/season/stage when present",retrieve canonical answer; live lookup for price/weather/schemes
AGR|WATER_BUDGET|CROP=drumstick|SOIL=laterite,water_budget,நீர் தேவை,drumstick,முருங்கை,laterite,சரளை மண்,"crop,soil; add district/season/stage when present",retrieve canonical answer; live lookup for price/weather/schemes
AGR|LEAF_PROBLEM|CROP=rice|SOIL=red,leaf_problem,இலை பிரச்சனை,rice,நெல்,red,செம்மண்,"crop,soil; add district/season/stage when present",retrieve canonical answer; live lookup for price/weather/schemes
AGR|LEAF_PROBLEM|CROP=rice|SOIL=black,leaf_problem,இலை பிரச்சனை,rice,நெல்,black,கரிசல் மண்,"crop,soil; add district/season/stage when present",retrieve canonical answer; live lookup for price/weather/schemes
AGR|LEAF_PROBLEM|CROP=rice|SOIL=alluvial,leaf_problem,இலை பிரச்சனை,rice,நெல்,alluvial,வண்டல் மண்,"crop,soil; add district/season/stage when present",retrieve canonical answer; live lookup for price/weather/schemes
AGR|LEAF_PROBLEM|CROP=rice|SOIL=sandy,leaf_problem,இலை பிரச்சனை,rice,நெல்,sandy,மணல் மண்,"crop,soil; add district/season/stage when present",retrieve canonical answer; live lookup for price/weather/schemes
AGR|LEAF_PROBLEM|CROP=rice|SOIL=clay,leaf_problem,இலை பிரச்சனை,rice,நெல்,clay,களிமண்,"crop,soil; add district/season/stage when present",retrieve canonical answer; live lookup for price/weather/schemes
AGR|LEAF_PROBLEM|CROP=rice|SOIL=loamy,leaf_problem,இலை பிரச்சனை,rice,நெல்,loamy,கலப்பு மண்,"crop,soil; add district/season/stage when present",retrieve canonical answer; live lookup for price/weather/schemes
AGR|LEAF_PROBLEM|CROP=rice|SOIL=laterite,leaf_problem,இலை பிரச்சனை,rice,நெல்,laterite,சரளை மண்,"crop,soil; add district/season/stage when present",retrieve canonical answer; live lookup for price/weather/schemes
AGR|LEAF_PROBLEM|CROP=banana|SOIL=red,leaf_problem,இலை பிரச்சனை,banana,வாழை,red,செம்மண்,"crop,soil; add district/season/stage when present",retrieve canonical answer; live lookup for price/weather/schemes
AGR|LEAF_PROBLEM|CROP=banana|SOIL=black,leaf_problem,இலை பிரச்சனை,banana,வாழை,black,கரிசல் மண்,"crop,soil; add district/season/stage when present",retrieve canonical answer; live lookup for price/weather/schemes
AGR|LEAF_PROBLEM|CROP=banana|SOIL=alluvial,leaf_problem,இலை பிரச்சனை,banana,வாழை,alluvial,வண்டல் மண்,"crop,soil; add district/season/stage when present",retrieve canonical answer; live lookup for price/weather/schemes
AGR|LEAF_PROBLEM|CROP=banana|SOIL=sandy,leaf_problem,இலை பிரச்சனை,banana,வாழை,sandy,மணல் மண்,"crop,soil; add district/season/stage when present",retrieve canonical answer; live lookup for price/weather/schemes
AGR|LEAF_PROBLEM|CROP=banana|SOIL=clay,leaf_problem,இலை பிரச்சனை,banana,வாழை,clay,களிமண்,"crop,soil; add district/season/stage when present",retrieve canonical answer; live lookup for price/weather/schemes
AGR|LEAF_PROBLEM|CROP=banana|SOIL=loamy,leaf_problem,இலை பிரச்சனை,banana,வாழை,loamy,கலப்பு மண்,"crop,soil; add district/season/stage when present",retrieve canonical answer; live lookup for price/weather/schemes
AGR|LEAF_PROBLEM|CROP=banana|SOIL=laterite,leaf_problem,இலை பிரச்சனை,banana,வாழை,laterite,சரளை மண்,"crop,soil; add district/season/stage when present",retrieve canonical answer; live lookup for price/weather/schemes
AGR|LEAF_PROBLEM|CROP=sugarcane|SOIL=red,leaf_problem,இலை பிரச்சனை,sugarcane,கரும்பு,red,செம்மண்,"crop,soil; add district/season/stage when present",retrieve canonical answer; live lookup for price/weather/schemes
AGR|LEAF_PROBLEM|CROP=sugarcane|SOIL=black,leaf_problem,இலை பிரச்சனை,sugarcane,கரும்பு,black,கரிசல் மண்,"crop,soil; add district/season/stage when present",retrieve canonical answer; live lookup for price/weather/schemes
AGR|LEAF_PROBLEM|CROP=sugarcane|SOIL=alluvial,leaf_problem,இலை பிரச்சனை,sugarcane,கரும்பு,alluvial,வண்டல் மண்,"crop,soil; add district/season/stage when present",retrieve canonical answer; live lookup for price/weather/schemes
AGR|LEAF_PROBLEM|CROP=sugarcane|SOIL=sandy,leaf_problem,இலை பிரச்சனை,sugarcane,கரும்பு,sandy,மணல் மண்,"crop,soil; add district/season/stage when present",retrieve canonical answer; live lookup for price/weather/schemes
AGR|LEAF_PROBLEM|CROP=sugarcane|SOIL=clay,leaf_problem,இலை பிரச்சனை,sugarcane,கரும்பு,clay,களிமண்,"crop,soil; add district/season/stage when present",retrieve canonical answer; live lookup for price/weather/schemes
AGR|LEAF_PROBLEM|CROP=sugarcane|SOIL=loamy,leaf_problem,இலை பிரச்சனை,sugarcane,கரும்பு,loamy,கலப்பு மண்,"crop,soil; add district/season/stage when present",retrieve canonical answer; live lookup for price/weather/schemes
AGR|LEAF_PROBLEM|CROP=sugarcane|SOIL=laterite,leaf_problem,இலை பிரச்சனை,sugarcane,கரும்பு,laterite,சரளை மண்,"crop,soil; add district/season/stage when present",retrieve canonical answer; live lookup for price/weather/schemes
AGR|LEAF_PROBLEM|CROP=cotton|SOIL=red,leaf_problem,இலை பிரச்சனை,cotton,பருத்தி,red,செம்மண்,"crop,soil; add district/season/stage when present",retrieve canonical answer; live lookup for price/weather/schemes
AGR|LEAF_PROBLEM|CROP=cotton|SOIL=black,leaf_problem,இலை பிரச்சனை,cotton,பருத்தி,black,கரிசல் மண்,"crop,soil; add district/season/stage when present",retrieve canonical answer; live lookup for price/weather/schemes
AGR|LEAF_PROBLEM|CROP=cotton|SOIL=alluvial,leaf_problem,இலை பிரச்சனை,cotton,பருத்தி,alluvial,வண்டல் மண்,"crop,soil; add district/season/stage when present",retrieve canonical answer; live lookup for price/weather/schemes
AGR|LEAF_PROBLEM|CROP=cotton|SOIL=sandy,leaf_problem,இலை பிரச்சனை,cotton,பருத்தி,sandy,மணல் மண்,"crop,soil; add district/season/stage when present",retrieve canonical answer; live lookup for price/weather/schemes
AGR|LEAF_PROBLEM|CROP=cotton|SOIL=clay,leaf_problem,இலை பிரச்சனை,cotton,பருத்தி,clay,களிமண்,"crop,soil; add district/season/stage when present",retrieve canonical answer; live lookup for price/weather/schemes
AGR|LEAF_PROBLEM|CROP=cotton|SOIL=loamy,leaf_problem,இலை பிரச்சனை,cotton,பருத்தி,loamy,கலப்பு மண்,"crop,soil; add district/season/stage when present",retrieve canonical answer; live lookup for price/weather/schemes
AGR|LEAF_PROBLEM|CROP=cotton|SOIL=laterite,leaf_problem,இலை பிரச்சனை,cotton,பருத்தி,laterite,சரளை மண்,"crop,soil; add district/season/stage when present",retrieve canonical answer; live lookup for price/weather/schemes
AGR|LEAF_PROBLEM|CROP=groundnut|SOIL=red,leaf_problem,இலை பிரச்சனை,groundnut,நிலக்கடலை,red,செம்மண்,"crop,soil; add district/season/stage when present",retrieve canonical answer; live lookup for price/weather/schemes
AGR|LEAF_PROBLEM|CROP=groundnut|SOIL=black,leaf_problem,இலை பிரச்சனை,groundnut,நிலக்கடலை,black,கரிசல் மண்,"crop,soil; add district/season/stage when present",retrieve canonical answer; live lookup for price/weather/schemes
AGR|LEAF_PROBLEM|CROP=groundnut|SOIL=alluvial,leaf_problem,இலை பிரச்சனை,groundnut,நிலக்கடலை,alluvial,வண்டல் மண்,"crop,soil; add district/season/stage when present",retrieve canonical answer; live lookup for price/weather/schemes
AGR|LEAF_PROBLEM|CROP=groundnut|SOIL=sandy,leaf_problem,இலை பிரச்சனை,groundnut,நிலக்கடலை,sandy,மணல் மண்,"crop,soil; add district/season/stage when present",retrieve canonical answer; live lookup for price/weather/schemes
AGR|LEAF_PROBLEM|CROP=groundnut|SOIL=clay,leaf_problem,இலை பிரச்சனை,groundnut,நிலக்கடலை,clay,களிமண்,"crop,soil; add district/season/stage when present",retrieve canonical answer; live lookup for price/weather/schemes
AGR|LEAF_PROBLEM|CROP=groundnut|SOIL=loamy,leaf_problem,இலை பிரச்சனை,groundnut,நிலக்கடலை,loamy,கலப்பு மண்,"crop,soil; add district/season/stage when present",retrieve canonical answer; live lookup for price/weather/schemes
AGR|LEAF_PROBLEM|CROP=groundnut|SOIL=laterite,leaf_problem,இலை பிரச்சனை,groundnut,நிலக்கடலை,laterite,சரளை மண்,"crop,soil; add district/season/stage when present",retrieve canonical answer; live lookup for price/weather/schemes
AGR|LEAF_PROBLEM|CROP=maize|SOIL=red,leaf_problem,இலை பிரச்சனை,maize,மக்காச்சோளம்,red,செம்மண்,"crop,soil; add district/season/stage when present",retrieve canonical answer; live lookup for price/weather/schemes
AGR|LEAF_PROBLEM|CROP=maize|SOIL=black,leaf_problem,இலை பிரச்சனை,maize,மக்காச்சோளம்,black,கரிசல் மண்,"crop,soil; add district/season/stage when present",retrieve canonical answer; live lookup for price/weather/schemes
AGR|LEAF_PROBLEM|CROP=maize|SOIL=alluvial,leaf_problem,இலை பிரச்சனை,maize,மக்காச்சோளம்,alluvial,வண்டல் மண்,"crop,soil; add district/season/stage when present",retrieve canonical answer; live lookup for price/weather/schemes
AGR|LEAF_PROBLEM|CROP=maize|SOIL=sandy,leaf_problem,இலை பிரச்சனை,maize,மக்காச்சோளம்,sandy,மணல் மண்,"crop,soil; add district/season/stage when present",retrieve canonical answer; live lookup for price/weather/schemes
AGR|LEAF_PROBLEM|CROP=maize|SOIL=clay,leaf_problem,இலை பிரச்சனை,maize,மக்காச்சோளம்,clay,களிமண்,"crop,soil; add district/season/stage when present",retrieve canonical answer; live lookup for price/weather/schemes
AGR|LEAF_PROBLEM|CROP=maize|SOIL=loamy,leaf_problem,இலை பிரச்சனை,maize,மக்காச்சோளம்,loamy,கலப்பு மண்,"crop,soil; add district/season/stage when present",retrieve canonical answer; live lookup for price/weather/schemes
AGR|LEAF_PROBLEM|CROP=maize|SOIL=laterite,leaf_problem,இலை பிரச்சனை,maize,மக்காச்சோளம்,laterite,சரளை மண்,"crop,soil; add district/season/stage when present",retrieve canonical answer; live lookup for price/weather/schemes
AGR|LEAF_PROBLEM|CROP=millet|SOIL=red,leaf_problem,இலை பிரச்சனை,millet,கம்பு,red,செம்மண்,"crop,soil; add district/season/stage when present",retrieve canonical answer; live lookup for price/weather/schemes
AGR|LEAF_PROBLEM|CROP=millet|SOIL=black,leaf_problem,இலை பிரச்சனை,millet,கம்பு,black,கரிசல் மண்,"crop,soil; add district/season/stage when present",retrieve canonical answer; live lookup for price/weather/schemes
AGR|LEAF_PROBLEM|CROP=millet|SOIL=alluvial,leaf_problem,இலை பிரச்சனை,millet,கம்பு,alluvial,வண்டல் மண்,"crop,soil; add district/season/stage when present",retrieve canonical answer; live lookup for price/weather/schemes
AGR|LEAF_PROBLEM|CROP=millet|SOIL=sandy,leaf_problem,இலை பிரச்சனை,millet,கம்பு,sandy,மணல் மண்,"crop,soil; add district/season/stage when present",retrieve canonical answer; live lookup for price/weather/schemes
AGR|LEAF_PROBLEM|CROP=millet|SOIL=clay,leaf_problem,இலை பிரச்சனை,millet,கம்பு,clay,களிமண்,"crop,soil; add district/season/stage when present",retrieve canonical answer; live lookup for price/weather/schemes
AGR|LEAF_PROBLEM|CROP=millet|SOIL=loamy,leaf_problem,இலை பிரச்சனை,millet,கம்பு,loamy,கலப்பு மண்,"crop,soil; add district/season/stage when present",retrieve canonical answer; live lookup for price/weather/schemes
AGR|LEAF_PROBLEM|CROP=millet|SOIL=laterite,leaf_problem,இலை பிரச்சனை,millet,கம்பு,laterite,சரளை மண்,"crop,soil; add district/season/stage when present",retrieve canonical answer; live lookup for price/weather/schemes
AGR|LEAF_PROBLEM|CROP=tomato|SOIL=red,leaf_problem,இலை பிரச்சனை,tomato,தக்காளி,red,செம்மண்,"crop,soil; add district/season/stage when present",retrieve canonical answer; live lookup for price/weather/schemes
AGR|LEAF_PROBLEM|CROP=tomato|SOIL=black,leaf_problem,இலை பிரச்சனை,tomato,தக்காளி,black,கரிசல் மண்,"crop,soil; add district/season/stage when present",retrieve canonical answer; live lookup for price/weather/schemes
AGR|LEAF_PROBLEM|CROP=tomato|SOIL=alluvial,leaf_problem,இலை பிரச்சனை,tomato,தக்காளி,alluvial,வண்டல் மண்,"crop,soil; add district/season/stage when present",retrieve canonical answer; live lookup for price/weather/schemes
AGR|LEAF_PROBLEM|CROP=tomato|SOIL=sandy,leaf_problem,இலை பிரச்சனை,tomato,தக்காளி,sandy,மணல் மண்,"crop,soil; add district/season/stage when present",retrieve canonical answer; live lookup for price/weather/schemes
AGR|LEAF_PROBLEM|CROP=tomato|SOIL=clay,leaf_problem,இலை பிரச்சனை,tomato,தக்காளி,clay,களிமண்,"crop,soil; add district/season/stage when present",retrieve canonical answer; live lookup for price/weather/schemes
AGR|LEAF_PROBLEM|CROP=tomato|SOIL=loamy,leaf_problem,இலை பிரச்சனை,tomato,தக்காளி,loamy,கலப்பு மண்,"crop,soil; add district/season/stage when present",retrieve canonical answer; live lookup for price/weather/schemes
AGR|LEAF_PROBLEM|CROP=tomato|SOIL=laterite,leaf_problem,இலை பிரச்சனை,tomato,தக்காளி,laterite,சரளை மண்,"crop,soil; add district/season/stage when present",retrieve canonical answer; live lookup for price/weather/schemes
AGR|LEAF_PROBLEM|CROP=chilli|SOIL=red,leaf_problem,இலை பிரச்சனை,chilli,மிளகாய்,red,செம்மண்,"crop,soil; add district/season/stage when present",retrieve canonical answer; live lookup for price/weather/schemes
AGR|LEAF_PROBLEM|CROP=chilli|SOIL=black,leaf_problem,இலை பிரச்சனை,chilli,மிளகாய்,black,கரிசல் மண்,"crop,soil; add district/season/stage when present",retrieve canonical answer; live lookup for price/weather/schemes
AGR|LEAF_PROBLEM|CROP=chilli|SOIL=alluvial,leaf_problem,இலை பிரச்சனை,chilli,மிளகாய்,alluvial,வண்டல் மண்,"crop,soil; add district/season/stage when present",retrieve canonical answer; live lookup for price/weather/schemes
AGR|LEAF_PROBLEM|CROP=chilli|SOIL=sandy,leaf_problem,இலை பிரச்சனை,chilli,மிளகாய்,sandy,மணல் மண்,"crop,soil; add district/season/stage when present",retrieve canonical answer; live lookup for price/weather/schemes
AGR|LEAF_PROBLEM|CROP=chilli|SOIL=clay,leaf_problem,இலை பிரச்சனை,chilli,மிளகாய்,clay,களிமண்,"crop,soil; add district/season/stage when present",retrieve canonical answer; live lookup for price/weather/schemes
AGR|LEAF_PROBLEM|CROP=chilli|SOIL=loamy,leaf_problem,இலை பிரச்சனை,chilli,மிளகாய்,loamy,கலப்பு மண்,"crop,soil; add district/season/stage when present",retrieve canonical answer; live lookup for price/weather/schemes
AGR|LEAF_PROBLEM|CROP=chilli|SOIL=laterite,leaf_problem,இலை பிரச்சனை,chilli,மிளகாய்,laterite,சரளை மண்,"crop,soil; add district/season/stage when present",retrieve canonical answer; live lookup for price/weather/schemes
AGR|LEAF_PROBLEM|CROP=onion|SOIL=red,leaf_problem,இலை பிரச்சனை,onion,வெங்காயம்,red,செம்மண்,"crop,soil; add district/season/stage when present",retrieve canonical answer; live lookup for price/weather/schemes
AGR|LEAF_PROBLEM|CROP=onion|SOIL=black,leaf_problem,இலை பிரச்சனை,onion,வெங்காயம்,black,கரிசல் மண்,"crop,soil; add district/season/stage when present",retrieve canonical answer; live lookup for price/weather/schemes
AGR|LEAF_PROBLEM|CROP=onion|SOIL=alluvial,leaf_problem,இலை பிரச்சனை,onion,வெங்காயம்,alluvial,வண்டல் மண்,"crop,soil; add district/season/stage when present",retrieve canonical answer; live lookup for price/weather/schemes
AGR|LEAF_PROBLEM|CROP=onion|SOIL=sandy,leaf_problem,இலை பிரச்சனை,onion,வெங்காயம்,sandy,மணல் மண்,"crop,soil; add district/season/stage when present",retrieve canonical answer; live lookup for price/weather/schemes
AGR|LEAF_PROBLEM|CROP=onion|SOIL=clay,leaf_problem,இலை பிரச்சனை,onion,வெங்காயம்,clay,களிமண்,"crop,soil; add district/season/stage when present",retrieve canonical answer; live lookup for price/weather/schemes
AGR|LEAF_PROBLEM|CROP=onion|SOIL=loamy,leaf_problem,இலை பிரச்சனை,onion,வெங்காயம்,loamy,கலப்பு மண்,"crop,soil; add district/season/stage when present",retrieve canonical answer; live lookup for price/weather/schemes
AGR|LEAF_PROBLEM|CROP=onion|SOIL=laterite,leaf_problem,இலை பிரச்சனை,onion,வெங்காயம்,laterite,சரளை மண்,"crop,soil; add district/season/stage when present",retrieve canonical answer; live lookup for price/weather/schemes
AGR|LEAF_PROBLEM|CROP=turmeric|SOIL=red,leaf_problem,இலை பிரச்சனை,turmeric,மஞ்சள்,red,செம்மண்,"crop,soil; add district/season/stage when present",retrieve canonical answer; live lookup for price/weather/schemes
AGR|LEAF_PROBLEM|CROP=turmeric|SOIL=black,leaf_problem,இலை பிரச்சனை,turmeric,மஞ்சள்,black,கரிசல் மண்,"crop,soil; add district/season/stage when present",retrieve canonical answer; live lookup for price/weather/schemes
AGR|LEAF_PROBLEM|CROP=turmeric|SOIL=alluvial,leaf_problem,இலை பிரச்சனை,turmeric,மஞ்சள்,alluvial,வண்டல் மண்,"crop,soil; add district/season/stage when present",retrieve canonical answer; live lookup for price/weather/schemes
AGR|LEAF_PROBLEM|CROP=turmeric|SOIL=sandy,leaf_problem,இலை பிரச்சனை,turmeric,மஞ்சள்,sandy,மணல் மண்,"crop,soil; add district/season/stage when present",retrieve canonical answer; live lookup for price/weather/schemes
AGR|LEAF_PROBLEM|CROP=turmeric|SOIL=clay,leaf_problem,இலை பிரச்சனை,turmeric,மஞ்சள்,clay,களிமண்,"crop,soil; add district/season/stage when present",retrieve canonical answer; live lookup for price/weather/schemes
AGR|LEAF_PROBLEM|CROP=turmeric|SOIL=loamy,leaf_problem,இலை பிரச்சனை,turmeric,மஞ்சள்,loamy,கலப்பு மண்,"crop,soil; add district/season/stage when present",retrieve canonical answer; live lookup for price/weather/schemes
AGR|LEAF_PROBLEM|CROP=turmeric|SOIL=laterite,leaf_problem,இலை பிரச்சனை,turmeric,மஞ்சள்,laterite,சரளை மண்,"crop,soil; add district/season/stage when present",retrieve canonical answer; live lookup for price/weather/schemes
AGR|LEAF_PROBLEM|CROP=brinjal|SOIL=red,leaf_problem,இலை பிரச்சனை,brinjal,கத்தரிக்காய்,red,செம்மண்,"crop,soil; add district/season/stage when present",retrieve canonical answer; live lookup for price/weather/schemes
AGR|LEAF_PROBLEM|CROP=brinjal|SOIL=black,leaf_problem,இலை பிரச்சனை,brinjal,கத்தரிக்காய்,black,கரிசல் மண்,"crop,soil; add district/season/stage when present",retrieve canonical answer; live lookup for price/weather/schemes
AGR|LEAF_PROBLEM|CROP=brinjal|SOIL=alluvial,leaf_problem,இலை பிரச்சனை,brinjal,கத்தரிக்காய்,alluvial,வண்டல் மண்,"crop,soil; add district/season/stage when present",retrieve canonical answer; live lookup for price/weather/schemes
AGR|LEAF_PROBLEM|CROP=brinjal|SOIL=sandy,leaf_problem,இலை பிரச்சனை,brinjal,கத்தரிக்காய்,sandy,மணல் மண்,"crop,soil; add district/season/stage when present",retrieve canonical answer; live lookup for price/weather/schemes
AGR|LEAF_PROBLEM|CROP=brinjal|SOIL=clay,leaf_problem,இலை பிரச்சனை,brinjal,கத்தரிக்காய்,clay,களிமண்,"crop,soil; add district/season/stage when present",retrieve canonical answer; live lookup for price/weather/schemes
AGR|LEAF_PROBLEM|CROP=brinjal|SOIL=loamy,leaf_problem,இலை பிரச்சனை,brinjal,கத்தரிக்காய்,loamy,கலப்பு மண்,"crop,soil; add district/season/stage when present",retrieve canonical answer; live lookup for price/weather/schemes
AGR|LEAF_PROBLEM|CROP=brinjal|SOIL=laterite,leaf_problem,இலை பிரச்சனை,brinjal,கத்தரிக்காய்,laterite,சரளை மண்,"crop,soil; add district/season/stage when present",retrieve canonical answer; live lookup for price/weather/schemes
AGR|LEAF_PROBLEM|CROP=okra|SOIL=red,leaf_problem,இலை பிரச்சனை,okra,வெண்டைக்காய்,red,செம்மண்,"crop,soil; add district/season/stage when present",retrieve canonical answer; live lookup for price/weather/schemes
AGR|LEAF_PROBLEM|CROP=okra|SOIL=black,leaf_problem,இலை பிரச்சனை,okra,வெண்டைக்காய்,black,கரிசல் மண்,"crop,soil; add district/season/stage when present",retrieve canonical answer; live lookup for price/weather/schemes
AGR|LEAF_PROBLEM|CROP=okra|SOIL=alluvial,leaf_problem,இலை பிரச்சனை,okra,வெண்டைக்காய்,alluvial,வண்டல் மண்,"crop,soil; add district/season/stage when present",retrieve canonical answer; live lookup for price/weather/schemes
AGR|LEAF_PROBLEM|CROP=okra|SOIL=sandy,leaf_problem,இலை பிரச்சனை,okra,வெண்டைக்காய்,sandy,மணல் மண்,"crop,soil; add district/season/stage when present",retrieve canonical answer; live lookup for price/weather/schemes
AGR|LEAF_PROBLEM|CROP=okra|SOIL=clay,leaf_problem,இலை பிரச்சனை,okra,வெண்டைக்காய்,clay,களிமண்,"crop,soil; add district/season/stage when present",retrieve canonical answer; live lookup for price/weather/schemes
AGR|LEAF_PROBLEM|CROP=okra|SOIL=loamy,leaf_problem,இலை பிரச்சனை,okra,வெண்டைக்காய்,loamy,கலப்பு மண்,"crop,soil; add district/season/stage when present",retrieve canonical answer; live lookup for price/weather/schemes
AGR|LEAF_PROBLEM|CROP=okra|SOIL=laterite,leaf_problem,இலை பிரச்சனை,okra,வெண்டைக்காய்,laterite,சரளை மண்,"crop,soil; add district/season/stage when present",retrieve canonical answer; live lookup for price/weather/schemes
AGR|LEAF_PROBLEM|CROP=coconut|SOIL=red,leaf_problem,இலை பிரச்சனை,coconut,தென்னை,red,செம்மண்,"crop,soil; add district/season/stage when present",retrieve canonical answer; live lookup for price/weather/schemes
AGR|LEAF_PROBLEM|CROP=coconut|SOIL=black,leaf_problem,இலை பிரச்சனை,coconut,தென்னை,black,கரிசல் மண்,"crop,soil; add district/season/stage when present",retrieve canonical answer; live lookup for price/weather/schemes
AGR|LEAF_PROBLEM|CROP=coconut|SOIL=alluvial,leaf_problem,இலை பிரச்சனை,coconut,தென்னை,alluvial,வண்டல் மண்,"crop,soil; add district/season/stage when present",retrieve canonical answer; live lookup for price/weather/schemes
AGR|LEAF_PROBLEM|CROP=coconut|SOIL=sandy,leaf_problem,இலை பிரச்சனை,coconut,தென்னை,sandy,மணல் மண்,"crop,soil; add district/season/stage when present",retrieve canonical answer; live lookup for price/weather/schemes
AGR|LEAF_PROBLEM|CROP=coconut|SOIL=clay,leaf_problem,இலை பிரச்சனை,coconut,தென்னை,clay,களிமண்,"crop,soil; add district/season/stage when present",retrieve canonical answer; live lookup for price/weather/schemes
AGR|LEAF_PROBLEM|CROP=coconut|SOIL=loamy,leaf_problem,இலை பிரச்சனை,coconut,தென்னை,loamy,கலப்பு மண்,"crop,soil; add district/season/stage when present",retrieve canonical answer; live lookup for price/weather/schemes
AGR|LEAF_PROBLEM|CROP=coconut|SOIL=laterite,leaf_problem,இலை பிரச்சனை,coconut,தென்னை,laterite,சரளை மண்,"crop,soil; add district/season/stage when present",retrieve canonical answer; live lookup for price/weather/schemes
AGR|LEAF_PROBLEM|CROP=pulses|SOIL=red,leaf_problem,இலை பிரச்சனை,pulses,பயறு,red,செம்மண்,"crop,soil; add district/season/stage when present",retrieve canonical answer; live lookup for price/weather/schemes
AGR|LEAF_PROBLEM|CROP=pulses|SOIL=black,leaf_problem,இலை பிரச்சனை,pulses,பயறு,black,கரிசல் மண்,"crop,soil; add district/season/stage when present",retrieve canonical answer; live lookup for price/weather/schemes
AGR|LEAF_PROBLEM|CROP=pulses|SOIL=alluvial,leaf_problem,இலை பிரச்சனை,pulses,பயறு,alluvial,வண்டல் மண்,"crop,soil; add district/season/stage when present",retrieve canonical answer; live lookup for price/weather/schemes
AGR|LEAF_PROBLEM|CROP=pulses|SOIL=sandy,leaf_problem,இலை பிரச்சனை,pulses,பயறு,sandy,மணல் மண்,"crop,soil; add district/season/stage when present",retrieve canonical answer; live lookup for price/weather/schemes
AGR|LEAF_PROBLEM|CROP=pulses|SOIL=clay,leaf_problem,இலை பிரச்சனை,pulses,பயறு,clay,களிமண்,"crop,soil; add district/season/stage when present",retrieve canonical answer; live lookup for price/weather/schemes
AGR|LEAF_PROBLEM|CROP=pulses|SOIL=loamy,leaf_problem,இலை பிரச்சனை,pulses,பயறு,loamy,கலப்பு மண்,"crop,soil; add district/season/stage when present",retrieve canonical answer; live lookup for price/weather/schemes
AGR|LEAF_PROBLEM|CROP=pulses|SOIL=laterite,leaf_problem,இலை பிரச்சனை,pulses,பயறு,laterite,சரளை மண்,"crop,soil; add district/season/stage when present",retrieve canonical answer; live lookup for price/weather/schemes
AGR|LEAF_PROBLEM|CROP=sesame|SOIL=red,leaf_problem,இலை பிரச்சனை,sesame,எள்,red,செம்மண்,"crop,soil; add district/season/stage when present",retrieve canonical answer; live lookup for price/weather/schemes
AGR|LEAF_PROBLEM|CROP=sesame|SOIL=black,leaf_problem,இலை பிரச்சனை,sesame,எள்,black,கரிசல் மண்,"crop,soil; add district/season/stage when present",retrieve canonical answer; live lookup for price/weather/schemes
AGR|LEAF_PROBLEM|CROP=sesame|SOIL=alluvial,leaf_problem,இலை பிரச்சனை,sesame,எள்,alluvial,வண்டல் மண்,"crop,soil; add district/season/stage when present",retrieve canonical answer; live lookup for price/weather/schemes
AGR|LEAF_PROBLEM|CROP=sesame|SOIL=sandy,leaf_problem,இலை பிரச்சனை,sesame,எள்,sandy,மணல் மண்,"crop,soil; add district/season/stage when present",retrieve canonical answer; live lookup for price/weather/schemes
AGR|LEAF_PROBLEM|CROP=sesame|SOIL=clay,leaf_problem,இலை பிரச்சனை,sesame,எள்,clay,களிமண்,"crop,soil; add district/season/stage when present",retrieve canonical answer; live lookup for price/weather/schemes
AGR|LEAF_PROBLEM|CROP=sesame|SOIL=loamy,leaf_problem,இலை பிரச்சனை,sesame,எள்,loamy,கலப்பு மண்,"crop,soil; add district/season/stage when present",retrieve canonical answer; live lookup for price/weather/schemes
AGR|LEAF_PROBLEM|CROP=sesame|SOIL=laterite,leaf_problem,இலை பிரச்சனை,sesame,எள்,laterite,சரளை மண்,"crop,soil; add district/season/stage when present",retrieve canonical answer; live lookup for price/weather/schemes
AGR|LEAF_PROBLEM|CROP=tapioca|SOIL=red,leaf_problem,இலை பிரச்சனை,tapioca,மரவள்ளி,red,செம்மண்,"crop,soil; add district/season/stage when present",retrieve canonical answer; live lookup for price/weather/schemes
AGR|LEAF_PROBLEM|CROP=tapioca|SOIL=black,leaf_problem,இலை பிரச்சனை,tapioca,மரவள்ளி,black,கரிசல் மண்,"crop,soil; add district/season/stage when present",retrieve canonical answer; live lookup for price/weather/schemes
AGR|LEAF_PROBLEM|CROP=tapioca|SOIL=alluvial,leaf_problem,இலை பிரச்சனை,tapioca,மரவள்ளி,alluvial,வண்டல் மண்,"crop,soil; add district/season/stage when present",retrieve canonical answer; live lookup for price/weather/schemes
AGR|LEAF_PROBLEM|CROP=tapioca|SOIL=sandy,leaf_problem,இலை பிரச்சனை,tapioca,மரவள்ளி,sandy,மணல் மண்,"crop,soil; add district/season/stage when present",retrieve canonical answer; live lookup for price/weather/schemes
AGR|LEAF_PROBLEM|CROP=tapioca|SOIL=clay,leaf_problem,இலை பிரச்சனை,tapioca,மரவள்ளி,clay,களிமண்,"crop,soil; add district/season/stage when present",retrieve canonical answer; live lookup for price/weather/schemes
AGR|LEAF_PROBLEM|CROP=tapioca|SOIL=loamy,leaf_problem,இலை பிரச்சனை,tapioca,மரவள்ளி,loamy,கலப்பு மண்,"crop,soil; add district/season/stage when present",retrieve canonical answer; live lookup for price/weather/schemes
AGR|LEAF_PROBLEM|CROP=tapioca|SOIL=laterite,leaf_problem,இலை பிரச்சனை,tapioca,மரவள்ளி,laterite,சரளை மண்,"crop,soil; add district/season/stage when present",retrieve canonical answer; live lookup for price/weather/schemes
AGR|LEAF_PROBLEM|CROP=drumstick|SOIL=red,leaf_problem,இலை பிரச்சனை,drumstick,முருங்கை,red,செம்மண்,"crop,soil; add district/season/stage when present",retrieve canonical answer; live lookup for price/weather/schemes
AGR|LEAF_PROBLEM|CROP=drumstick|SOIL=black,leaf_problem,இலை பிரச்சனை,drumstick,முருங்கை,black,கரிசல் மண்,"crop,soil; add district/season/stage when present",retrieve canonical answer; live lookup for price/weather/schemes
AGR|LEAF_PROBLEM|CROP=drumstick|SOIL=alluvial,leaf_problem,இலை பிரச்சனை,drumstick,முருங்கை,alluvial,வண்டல் மண்,"crop,soil; add district/season/stage when present",retrieve canonical answer; live lookup for price/weather/schemes
AGR|LEAF_PROBLEM|CROP=drumstick|SOIL=sandy,leaf_problem,இலை பிரச்சனை,drumstick,முருங்கை,sandy,மணல் மண்,"crop,soil; add district/season/stage when present",retrieve canonical answer; live lookup for price/weather/schemes
AGR|LEAF_PROBLEM|CROP=drumstick|SOIL=clay,leaf_problem,இலை பிரச்சனை,drumstick,முருங்கை,clay,களிமண்,"crop,soil; add district/season/stage when present",retrieve canonical answer; live lookup for price/weather/schemes
AGR|LEAF_PROBLEM|CROP=drumstick|SOIL=loamy,leaf_problem,இலை பிரச்சனை,drumstick,முருங்கை,loamy,கலப்பு மண்,"crop,soil; add district/season/stage when present",retrieve canonical answer; live lookup for price/weather/schemes
AGR|LEAF_PROBLEM|CROP=drumstick|SOIL=laterite,leaf_problem,இலை பிரச்சனை,drumstick,முருங்கை,laterite,சரளை மண்,"crop,soil; add district/season/stage when present",retrieve canonical answer; live lookup for price/weather/schemes
AGR|ROOT_PROBLEM|CROP=rice|SOIL=red,root_problem,வேர் பிரச்சனை,rice,நெல்,red,செம்மண்,"crop,soil; add district/season/stage when present",retrieve canonical answer; live lookup for price/weather/schemes
AGR|ROOT_PROBLEM|CROP=rice|SOIL=black,root_problem,வேர் பிரச்சனை,rice,நெல்,black,கரிசல் மண்,"crop,soil; add district/season/stage when present",retrieve canonical answer; live lookup for price/weather/schemes
AGR|ROOT_PROBLEM|CROP=rice|SOIL=alluvial,root_problem,வேர் பிரச்சனை,rice,நெல்,alluvial,வண்டல் மண்,"crop,soil; add district/season/stage when present",retrieve canonical answer; live lookup for price/weather/schemes
AGR|ROOT_PROBLEM|CROP=rice|SOIL=sandy,root_problem,வேர் பிரச்சனை,rice,நெல்,sandy,மணல் மண்,"crop,soil; add district/season/stage when present",retrieve canonical answer; live lookup for price/weather/schemes
AGR|ROOT_PROBLEM|CROP=rice|SOIL=clay,root_problem,வேர் பிரச்சனை,rice,நெல்,clay,களிமண்,"crop,soil; add district/season/stage when present",retrieve canonical answer; live lookup for price/weather/schemes
AGR|ROOT_PROBLEM|CROP=rice|SOIL=loamy,root_problem,வேர் பிரச்சனை,rice,நெல்,loamy,கலப்பு மண்,"crop,soil; add district/season/stage when present",retrieve canonical answer; live lookup for price/weather/schemes
AGR|ROOT_PROBLEM|CROP=rice|SOIL=laterite,root_problem,வேர் பிரச்சனை,rice,நெல்,laterite,சரளை மண்,"crop,soil; add district/season/stage when present",retrieve canonical answer; live lookup for price/weather/schemes
AGR|ROOT_PROBLEM|CROP=banana|SOIL=red,root_problem,வேர் பிரச்சனை,banana,வாழை,red,செம்மண்,"crop,soil; add district/season/stage when present",retrieve canonical answer; live lookup for price/weather/schemes
AGR|ROOT_PROBLEM|CROP=banana|SOIL=black,root_problem,வேர் பிரச்சனை,banana,வாழை,black,கரிசல் மண்,"crop,soil; add district/season/stage when present",retrieve canonical answer; live lookup for price/weather/schemes
AGR|ROOT_PROBLEM|CROP=banana|SOIL=alluvial,root_problem,வேர் பிரச்சனை,banana,வாழை,alluvial,வண்டல் மண்,"crop,soil; add district/season/stage when present",retrieve canonical answer; live lookup for price/weather/schemes
AGR|ROOT_PROBLEM|CROP=banana|SOIL=sandy,root_problem,வேர் பிரச்சனை,banana,வாழை,sandy,மணல் மண்,"crop,soil; add district/season/stage when present",retrieve canonical answer; live lookup for price/weather/schemes
AGR|ROOT_PROBLEM|CROP=banana|SOIL=clay,root_problem,வேர் பிரச்சனை,banana,வாழை,clay,களிமண்,"crop,soil; add district/season/stage when present",retrieve canonical answer; live lookup for price/weather/schemes
AGR|ROOT_PROBLEM|CROP=banana|SOIL=loamy,root_problem,வேர் பிரச்சனை,banana,வாழை,loamy,கலப்பு மண்,"crop,soil; add district/season/stage when present",retrieve canonical answer; live lookup for price/weather/schemes
AGR|ROOT_PROBLEM|CROP=banana|SOIL=laterite,root_problem,வேர் பிரச்சனை,banana,வாழை,laterite,சரளை மண்,"crop,soil; add district/season/stage when present",retrieve canonical answer; live lookup for price/weather/schemes
AGR|ROOT_PROBLEM|CROP=sugarcane|SOIL=red,root_problem,வேர் பிரச்சனை,sugarcane,கரும்பு,red,செம்மண்,"crop,soil; add district/season/stage when present",retrieve canonical answer; live lookup for price/weather/schemes
AGR|ROOT_PROBLEM|CROP=sugarcane|SOIL=black,root_problem,வேர் பிரச்சனை,sugarcane,கரும்பு,black,கரிசல் மண்,"crop,soil; add district/season/stage when present",retrieve canonical answer; live lookup for price/weather/schemes
AGR|ROOT_PROBLEM|CROP=sugarcane|SOIL=alluvial,root_problem,வேர் பிரச்சனை,sugarcane,கரும்பு,alluvial,வண்டல் மண்,"crop,soil; add district/season/stage when present",retrieve canonical answer; live lookup for price/weather/schemes
AGR|ROOT_PROBLEM|CROP=sugarcane|SOIL=sandy,root_problem,வேர் பிரச்சனை,sugarcane,கரும்பு,sandy,மணல் மண்,"crop,soil; add district/season/stage when present",retrieve canonical answer; live lookup for price/weather/schemes
AGR|ROOT_PROBLEM|CROP=sugarcane|SOIL=clay,root_problem,வேர் பிரச்சனை,sugarcane,கரும்பு,clay,களிமண்,"crop,soil; add district/season/stage when present",retrieve canonical answer; live lookup for price/weather/schemes
AGR|ROOT_PROBLEM|CROP=sugarcane|SOIL=loamy,root_problem,வேர் பிரச்சனை,sugarcane,கரும்பு,loamy,கலப்பு மண்,"crop,soil; add district/season/stage when present",retrieve canonical answer; live lookup for price/weather/schemes
AGR|ROOT_PROBLEM|CROP=sugarcane|SOIL=laterite,root_problem,வேர் பிரச்சனை,sugarcane,கரும்பு,laterite,சரளை மண்,"crop,soil; add district/season/stage when present",retrieve canonical answer; live lookup for price/weather/schemes
AGR|ROOT_PROBLEM|CROP=cotton|SOIL=red,root_problem,வேர் பிரச்சனை,cotton,பருத்தி,red,செம்மண்,"crop,soil; add district/season/stage when present",retrieve canonical answer; live lookup for price/weather/schemes
AGR|ROOT_PROBLEM|CROP=cotton|SOIL=black,root_problem,வேர் பிரச்சனை,cotton,பருத்தி,black,கரிசல் மண்,"crop,soil; add district/season/stage when present",retrieve canonical answer; live lookup for price/weather/schemes
AGR|ROOT_PROBLEM|CROP=cotton|SOIL=alluvial,root_problem,வேர் பிரச்சனை,cotton,பருத்தி,alluvial,வண்டல் மண்,"crop,soil; add district/season/stage when present",retrieve canonical answer; live lookup for price/weather/schemes
AGR|ROOT_PROBLEM|CROP=cotton|SOIL=sandy,root_problem,வேர் பிரச்சனை,cotton,பருத்தி,sandy,மணல் மண்,"crop,soil; add district/season/stage when present",retrieve canonical answer; live lookup for price/weather/schemes
AGR|ROOT_PROBLEM|CROP=cotton|SOIL=clay,root_problem,வேர் பிரச்சனை,cotton,பருத்தி,clay,களிமண்,"crop,soil; add district/season/stage when present",retrieve canonical answer; live lookup for price/weather/schemes
AGR|ROOT_PROBLEM|CROP=cotton|SOIL=loamy,root_problem,வேர் பிரச்சனை,cotton,பருத்தி,loamy,கலப்பு மண்,"crop,soil; add district/season/stage when present",retrieve canonical answer; live lookup for price/weather/schemes
AGR|ROOT_PROBLEM|CROP=cotton|SOIL=laterite,root_problem,வேர் பிரச்சனை,cotton,பருத்தி,laterite,சரளை மண்,"crop,soil; add district/season/stage when present",retrieve canonical answer; live lookup for price/weather/schemes
AGR|ROOT_PROBLEM|CROP=groundnut|SOIL=red,root_problem,வேர் பிரச்சனை,groundnut,நிலக்கடலை,red,செம்மண்,"crop,soil; add district/season/stage when present",retrieve canonical answer; live lookup for price/weather/schemes
AGR|ROOT_PROBLEM|CROP=groundnut|SOIL=black,root_problem,வேர் பிரச்சனை,groundnut,நிலக்கடலை,black,கரிசல் மண்,"crop,soil; add district/season/stage when present",retrieve canonical answer; live lookup for price/weather/schemes
AGR|ROOT_PROBLEM|CROP=groundnut|SOIL=alluvial,root_problem,வேர் பிரச்சனை,groundnut,நிலக்கடலை,alluvial,வண்டல் மண்,"crop,soil; add district/season/stage when present",retrieve canonical answer; live lookup for price/weather/schemes
AGR|ROOT_PROBLEM|CROP=groundnut|SOIL=sandy,root_problem,வேர் பிரச்சனை,groundnut,நிலக்கடலை,sandy,மணல் மண்,"crop,soil; add district/season/stage when present",retrieve canonical answer; live lookup for price/weather/schemes
AGR|ROOT_PROBLEM|CROP=groundnut|SOIL=clay,root_problem,வேர் பிரச்சனை,groundnut,நிலக்கடலை,clay,களிமண்,"crop,soil; add district/season/stage when present",retrieve canonical answer; live lookup for price/weather/schemes
AGR|ROOT_PROBLEM|CROP=groundnut|SOIL=loamy,root_problem,வேர் பிரச்சனை,groundnut,நிலக்கடலை,loamy,கலப்பு மண்,"crop,soil; add district/season/stage when present",retrieve canonical answer; live lookup for price/weather/schemes
AGR|ROOT_PROBLEM|CROP=groundnut|SOIL=laterite,root_problem,வேர் பிரச்சனை,groundnut,நிலக்கடலை,laterite,சரளை மண்,"crop,soil; add district/season/stage when present",retrieve canonical answer; live lookup for price/weather/schemes
AGR|ROOT_PROBLEM|CROP=maize|SOIL=red,root_problem,வேர் பிரச்சனை,maize,மக்காச்சோளம்,red,செம்மண்,"crop,soil; add district/season/stage when present",retrieve canonical answer; live lookup for price/weather/schemes
AGR|ROOT_PROBLEM|CROP=maize|SOIL=black,root_problem,வேர் பிரச்சனை,maize,மக்காச்சோளம்,black,கரிசல் மண்,"crop,soil; add district/season/stage when present",retrieve canonical answer; live lookup for price/weather/schemes
AGR|ROOT_PROBLEM|CROP=maize|SOIL=alluvial,root_problem,வேர் பிரச்சனை,maize,மக்காச்சோளம்,alluvial,வண்டல் மண்,"crop,soil; add district/season/stage when present",retrieve canonical answer; live lookup for price/weather/schemes
AGR|ROOT_PROBLEM|CROP=maize|SOIL=sandy,root_problem,வேர் பிரச்சனை,maize,மக்காச்சோளம்,sandy,மணல் மண்,"crop,soil; add district/season/stage when present",retrieve canonical answer; live lookup for price/weather/schemes
AGR|ROOT_PROBLEM|CROP=maize|SOIL=clay,root_problem,வேர் பிரச்சனை,maize,மக்காச்சோளம்,clay,களிமண்,"crop,soil; add district/season/stage when present",retrieve canonical answer; live lookup for price/weather/schemes
AGR|ROOT_PROBLEM|CROP=maize|SOIL=loamy,root_problem,வேர் பிரச்சனை,maize,மக்காச்சோளம்,loamy,கலப்பு மண்,"crop,soil; add district/season/stage when present",retrieve canonical answer; live lookup for price/weather/schemes
AGR|ROOT_PROBLEM|CROP=maize|SOIL=laterite,root_problem,வேர் பிரச்சனை,maize,மக்காச்சோளம்,laterite,சரளை மண்,"crop,soil; add district/season/stage when present",retrieve canonical answer; live lookup for price/weather/schemes
AGR|ROOT_PROBLEM|CROP=millet|SOIL=red,root_problem,வேர் பிரச்சனை,millet,கம்பு,red,செம்மண்,"crop,soil; add district/season/stage when present",retrieve canonical answer; live lookup for price/weather/schemes
AGR|ROOT_PROBLEM|CROP=millet|SOIL=black,root_problem,வேர் பிரச்சனை,millet,கம்பு,black,கரிசல் மண்,"crop,soil; add district/season/stage when present",retrieve canonical answer; live lookup for price/weather/schemes
AGR|ROOT_PROBLEM|CROP=millet|SOIL=alluvial,root_problem,வேர் பிரச்சனை,millet,கம்பு,alluvial,வண்டல் மண்,"crop,soil; add district/season/stage when present",retrieve canonical answer; live lookup for price/weather/schemes
AGR|ROOT_PROBLEM|CROP=millet|SOIL=sandy,root_problem,வேர் பிரச்சனை,millet,கம்பு,sandy,மணல் மண்,"crop,soil; add district/season/stage when present",retrieve canonical answer; live lookup for price/weather/schemes
AGR|ROOT_PROBLEM|CROP=millet|SOIL=clay,root_problem,வேர் பிரச்சனை,millet,கம்பு,clay,களிமண்,"crop,soil; add district/season/stage when present",retrieve canonical answer; live lookup for price/weather/schemes
AGR|ROOT_PROBLEM|CROP=millet|SOIL=loamy,root_problem,வேர் பிரச்சனை,millet,கம்பு,loamy,கலப்பு மண்,"crop,soil; add district/season/stage when present",retrieve canonical answer; live lookup for price/weather/schemes
AGR|ROOT_PROBLEM|CROP=millet|SOIL=laterite,root_problem,வேர் பிரச்சனை,millet,கம்பு,laterite,சரளை மண்,"crop,soil; add district/season/stage when present",retrieve canonical answer; live lookup for price/weather/schemes
AGR|ROOT_PROBLEM|CROP=tomato|SOIL=red,root_problem,வேர் பிரச்சனை,tomato,தக்காளி,red,செம்மண்,"crop,soil; add district/season/stage when present",retrieve canonical answer; live lookup for price/weather/schemes
AGR|ROOT_PROBLEM|CROP=tomato|SOIL=black,root_problem,வேர் பிரச்சனை,tomato,தக்காளி,black,கரிசல் மண்,"crop,soil; add district/season/stage when present",retrieve canonical answer; live lookup for price/weather/schemes
AGR|ROOT_PROBLEM|CROP=tomato|SOIL=alluvial,root_problem,வேர் பிரச்சனை,tomato,தக்காளி,alluvial,வண்டல் மண்,"crop,soil; add district/season/stage when present",retrieve canonical answer; live lookup for price/weather/schemes
AGR|ROOT_PROBLEM|CROP=tomato|SOIL=sandy,root_problem,வேர் பிரச்சனை,tomato,தக்காளி,sandy,மணல் மண்,"crop,soil; add district/season/stage when present",retrieve canonical answer; live lookup for price/weather/schemes
AGR|ROOT_PROBLEM|CROP=tomato|SOIL=clay,root_problem,வேர் பிரச்சனை,tomato,தக்காளி,clay,களிமண்,"crop,soil; add district/season/stage when present",retrieve canonical answer; live lookup for price/weather/schemes
AGR|ROOT_PROBLEM|CROP=tomato|SOIL=loamy,root_problem,வேர் பிரச்சனை,tomato,தக்காளி,loamy,கலப்பு மண்,"crop,soil; add district/season/stage when present",retrieve canonical answer; live lookup for price/weather/schemes
AGR|ROOT_PROBLEM|CROP=tomato|SOIL=laterite,root_problem,வேர் பிரச்சனை,tomato,தக்காளி,laterite,சரளை மண்,"crop,soil; add district/season/stage when present",retrieve canonical answer; live lookup for price/weather/schemes
AGR|ROOT_PROBLEM|CROP=chilli|SOIL=red,root_problem,வேர் பிரச்சனை,chilli,மிளகாய்,red,செம்மண்,"crop,soil; add district/season/stage when present",retrieve canonical answer; live lookup for price/weather/schemes
AGR|ROOT_PROBLEM|CROP=chilli|SOIL=black,root_problem,வேர் பிரச்சனை,chilli,மிளகாய்,black,கரிசல் மண்,"crop,soil; add district/season/stage when present",retrieve canonical answer; live lookup for price/weather/schemes
AGR|ROOT_PROBLEM|CROP=chilli|SOIL=alluvial,root_problem,வேர் பிரச்சனை,chilli,மிளகாய்,alluvial,வண்டல் மண்,"crop,soil; add district/season/stage when present",retrieve canonical answer; live lookup for price/weather/schemes
AGR|ROOT_PROBLEM|CROP=chilli|SOIL=sandy,root_problem,வேர் பிரச்சனை,chilli,மிளகாய்,sandy,மணல் மண்,"crop,soil; add district/season/stage when present",retrieve canonical answer; live lookup for price/weather/schemes
AGR|ROOT_PROBLEM|CROP=chilli|SOIL=clay,root_problem,வேர் பிரச்சனை,chilli,மிளகாய்,clay,களிமண்,"crop,soil; add district/season/stage when present",retrieve canonical answer; live lookup for price/weather/schemes
AGR|ROOT_PROBLEM|CROP=chilli|SOIL=loamy,root_problem,வேர் பிரச்சனை,chilli,மிளகாய்,loamy,கலப்பு மண்,"crop,soil; add district/season/stage when present",retrieve canonical answer; live lookup for price/weather/schemes
AGR|ROOT_PROBLEM|CROP=chilli|SOIL=laterite,root_problem,வேர் பிரச்சனை,chilli,மிளகாய்,laterite,சரளை மண்,"crop,soil; add district/season/stage when present",retrieve canonical answer; live lookup for price/weather/schemes
AGR|ROOT_PROBLEM|CROP=onion|SOIL=red,root_problem,வேர் பிரச்சனை,onion,வெங்காயம்,red,செம்மண்,"crop,soil; add district/season/stage when present",retrieve canonical answer; live lookup for price/weather/schemes
AGR|ROOT_PROBLEM|CROP=onion|SOIL=black,root_problem,வேர் பிரச்சனை,onion,வெங்காயம்,black,கரிசல் மண்,"crop,soil; add district/season/stage when present",retrieve canonical answer; live lookup for price/weather/schemes
AGR|ROOT_PROBLEM|CROP=onion|SOIL=alluvial,root_problem,வேர் பிரச்சனை,onion,வெங்காயம்,alluvial,வண்டல் மண்,"crop,soil; add district/season/stage when present",retrieve canonical answer; live lookup for price/weather/schemes
AGR|ROOT_PROBLEM|CROP=onion|SOIL=sandy,root_problem,வேர் பிரச்சனை,onion,வெங்காயம்,sandy,மணல் மண்,"crop,soil; add district/season/stage when present",retrieve canonical answer; live lookup for price/weather/schemes
AGR|ROOT_PROBLEM|CROP=onion|SOIL=clay,root_problem,வேர் பிரச்சனை,onion,வெங்காயம்,clay,களிமண்,"crop,soil; add district/season/stage when present",retrieve canonical answer; live lookup for price/weather/schemes
AGR|ROOT_PROBLEM|CROP=onion|SOIL=loamy,root_problem,வேர் பிரச்சனை,onion,வெங்காயம்,loamy,கலப்பு மண்,"crop,soil; add district/season/stage when present",retrieve canonical answer; live lookup for price/weather/schemes
AGR|ROOT_PROBLEM|CROP=onion|SOIL=laterite,root_problem,வேர் பிரச்சனை,onion,வெங்காயம்,laterite,சரளை மண்,"crop,soil; add district/season/stage when present",retrieve canonical answer; live lookup for price/weather/schemes
AGR|ROOT_PROBLEM|CROP=turmeric|SOIL=red,root_problem,வேர் பிரச்சனை,turmeric,மஞ்சள்,red,செம்மண்,"crop,soil; add district/season/stage when present",retrieve canonical answer; live lookup for price/weather/schemes
AGR|ROOT_PROBLEM|CROP=turmeric|SOIL=black,root_problem,வேர் பிரச்சனை,turmeric,மஞ்சள்,black,கரிசல் மண்,"crop,soil; add district/season/stage when present",retrieve canonical answer; live lookup for price/weather/schemes
AGR|ROOT_PROBLEM|CROP=turmeric|SOIL=alluvial,root_problem,வேர் பிரச்சனை,turmeric,மஞ்சள்,alluvial,வண்டல் மண்,"crop,soil; add district/season/stage when present",retrieve canonical answer; live lookup for price/weather/schemes
AGR|ROOT_PROBLEM|CROP=turmeric|SOIL=sandy,root_problem,வேர் பிரச்சனை,turmeric,மஞ்சள்,sandy,மணல் மண்,"crop,soil; add district/season/stage when present",retrieve canonical answer; live lookup for price/weather/schemes
AGR|ROOT_PROBLEM|CROP=turmeric|SOIL=clay,root_problem,வேர் பிரச்சனை,turmeric,மஞ்சள்,clay,களிமண்,"crop,soil; add district/season/stage when present",retrieve canonical answer; live lookup for price/weather/schemes
AGR|ROOT_PROBLEM|CROP=turmeric|SOIL=loamy,root_problem,வேர் பிரச்சனை,turmeric,மஞ்சள்,loamy,கலப்பு மண்,"crop,soil; add district/season/stage when present",retrieve canonical answer; live lookup for price/weather/schemes
AGR|ROOT_PROBLEM|CROP=turmeric|SOIL=laterite,root_problem,வேர் பிரச்சனை,turmeric,மஞ்சள்,laterite,சரளை மண்,"crop,soil; add district/season/stage when present",retrieve canonical answer; live lookup for price/weather/schemes
AGR|ROOT_PROBLEM|CROP=brinjal|SOIL=red,root_problem,வேர் பிரச்சனை,brinjal,கத்தரிக்காய்,red,செம்மண்,"crop,soil; add district/season/stage when present",retrieve canonical answer; live lookup for price/weather/schemes
AGR|ROOT_PROBLEM|CROP=brinjal|SOIL=black,root_problem,வேர் பிரச்சனை,brinjal,கத்தரிக்காய்,black,கரிசல் மண்,"crop,soil; add district/season/stage when present",retrieve canonical answer; live lookup for price/weather/schemes
AGR|ROOT_PROBLEM|CROP=brinjal|SOIL=alluvial,root_problem,வேர் பிரச்சனை,brinjal,கத்தரிக்காய்,alluvial,வண்டல் மண்,"crop,soil; add district/season/stage when present",retrieve canonical answer; live lookup for price/weather/schemes
AGR|ROOT_PROBLEM|CROP=brinjal|SOIL=sandy,root_problem,வேர் பிரச்சனை,brinjal,கத்தரிக்காய்,sandy,மணல் மண்,"crop,soil; add district/season/stage when present",retrieve canonical answer; live lookup for price/weather/schemes
AGR|ROOT_PROBLEM|CROP=brinjal|SOIL=clay,root_problem,வேர் பிரச்சனை,brinjal,கத்தரிக்காய்,clay,களிமண்,"crop,soil; add district/season/stage when present",retrieve canonical answer; live lookup for price/weather/schemes
AGR|ROOT_PROBLEM|CROP=brinjal|SOIL=loamy,root_problem,வேர் பிரச்சனை,brinjal,கத்தரிக்காய்,loamy,கலப்பு மண்,"crop,soil; add district/season/stage when present",retrieve canonical answer; live lookup for price/weather/schemes
AGR|ROOT_PROBLEM|CROP=brinjal|SOIL=laterite,root_problem,வேர் பிரச்சனை,brinjal,கத்தரிக்காய்,laterite,சரளை மண்,"crop,soil; add district/season/stage when present",retrieve canonical answer; live lookup for price/weather/schemes
AGR|ROOT_PROBLEM|CROP=okra|SOIL=red,root_problem,வேர் பிரச்சனை,okra,வெண்டைக்காய்,red,செம்மண்,"crop,soil; add district/season/stage when present",retrieve canonical answer; live lookup for price/weather/schemes
AGR|ROOT_PROBLEM|CROP=okra|SOIL=black,root_problem,வேர் பிரச்சனை,okra,வெண்டைக்காய்,black,கரிசல் மண்,"crop,soil; add district/season/stage when present",retrieve canonical answer; live lookup for price/weather/schemes
AGR|ROOT_PROBLEM|CROP=okra|SOIL=alluvial,root_problem,வேர் பிரச்சனை,okra,வெண்டைக்காய்,alluvial,வண்டல் மண்,"crop,soil; add district/season/stage when present",retrieve canonical answer; live lookup for price/weather/schemes
AGR|ROOT_PROBLEM|CROP=okra|SOIL=sandy,root_problem,வேர் பிரச்சனை,okra,வெண்டைக்காய்,sandy,மணல் மண்,"crop,soil; add district/season/stage when present",retrieve canonical answer; live lookup for price/weather/schemes
AGR|ROOT_PROBLEM|CROP=okra|SOIL=clay,root_problem,வேர் பிரச்சனை,okra,வெண்டைக்காய்,clay,களிமண்,"crop,soil; add district/season/stage when present",retrieve canonical answer; live lookup for price/weather/schemes
AGR|ROOT_PROBLEM|CROP=okra|SOIL=loamy,root_problem,வேர் பிரச்சனை,okra,வெண்டைக்காய்,loamy,கலப்பு மண்,"crop,soil; add district/season/stage when present",retrieve canonical answer; live lookup for price/weather/schemes
AGR|ROOT_PROBLEM|CROP=okra|SOIL=laterite,root_problem,வேர் பிரச்சனை,okra,வெண்டைக்காய்,laterite,சரளை மண்,"crop,soil; add district/season/stage when present",retrieve canonical answer; live lookup for price/weather/schemes
AGR|ROOT_PROBLEM|CROP=coconut|SOIL=red,root_problem,வேர் பிரச்சனை,coconut,தென்னை,red,செம்மண்,"crop,soil; add district/season/stage when present",retrieve canonical answer; live lookup for price/weather/schemes
AGR|ROOT_PROBLEM|CROP=coconut|SOIL=black,root_problem,வேர் பிரச்சனை,coconut,தென்னை,black,கரிசல் மண்,"crop,soil; add district/season/stage when present",retrieve canonical answer; live lookup for price/weather/schemes
AGR|ROOT_PROBLEM|CROP=coconut|SOIL=alluvial,root_problem,வேர் பிரச்சனை,coconut,தென்னை,alluvial,வண்டல் மண்,"crop,soil; add district/season/stage when present",retrieve canonical answer; live lookup for price/weather/schemes
AGR|ROOT_PROBLEM|CROP=coconut|SOIL=sandy,root_problem,வேர் பிரச்சனை,coconut,தென்னை,sandy,மணல் மண்,"crop,soil; add district/season/stage when present",retrieve canonical answer; live lookup for price/weather/schemes
AGR|ROOT_PROBLEM|CROP=coconut|SOIL=clay,root_problem,வேர் பிரச்சனை,coconut,தென்னை,clay,களிமண்,"crop,soil; add district/season/stage when present",retrieve canonical answer; live lookup for price/weather/schemes
AGR|ROOT_PROBLEM|CROP=coconut|SOIL=loamy,root_problem,வேர் பிரச்சனை,coconut,தென்னை,loamy,கலப்பு மண்,"crop,soil; add district/season/stage when present",retrieve canonical answer; live lookup for price/weather/schemes
AGR|ROOT_PROBLEM|CROP=coconut|SOIL=laterite,root_problem,வேர் பிரச்சனை,coconut,தென்னை,laterite,சரளை மண்,"crop,soil; add district/season/stage when present",retrieve canonical answer; live lookup for price/weather/schemes
AGR|ROOT_PROBLEM|CROP=pulses|SOIL=red,root_problem,வேர் பிரச்சனை,pulses,பயறு,red,செம்மண்,"crop,soil; add district/season/stage when present",retrieve canonical answer; live lookup for price/weather/schemes
AGR|ROOT_PROBLEM|CROP=pulses|SOIL=black,root_problem,வேர் பிரச்சனை,pulses,பயறு,black,கரிசல் மண்,"crop,soil; add district/season/stage when present",retrieve canonical answer; live lookup for price/weather/schemes
AGR|ROOT_PROBLEM|CROP=pulses|SOIL=alluvial,root_problem,வேர் பிரச்சனை,pulses,பயறு,alluvial,வண்டல் மண்,"crop,soil; add district/season/stage when present",retrieve canonical answer; live lookup for price/weather/schemes
AGR|ROOT_PROBLEM|CROP=pulses|SOIL=sandy,root_problem,வேர் பிரச்சனை,pulses,பயறு,sandy,மணல் மண்,"crop,soil; add district/season/stage when present",retrieve canonical answer; live lookup for price/weather/schemes
AGR|ROOT_PROBLEM|CROP=pulses|SOIL=clay,root_problem,வேர் பிரச்சனை,pulses,பயறு,clay,களிமண்,"crop,soil; add district/season/stage when present",retrieve canonical answer; live lookup for price/weather/schemes
AGR|ROOT_PROBLEM|CROP=pulses|SOIL=loamy,root_problem,வேர் பிரச்சனை,pulses,பயறு,loamy,கலப்பு மண்,"crop,soil; add district/season/stage when present",retrieve canonical answer; live lookup for price/weather/schemes
AGR|ROOT_PROBLEM|CROP=pulses|SOIL=laterite,root_problem,வேர் பிரச்சனை,pulses,பயறு,laterite,சரளை மண்,"crop,soil; add district/season/stage when present",retrieve canonical answer; live lookup for price/weather/schemes
AGR|ROOT_PROBLEM|CROP=sesame|SOIL=red,root_problem,வேர் பிரச்சனை,sesame,எள்,red,செம்மண்,"crop,soil; add district/season/stage when present",retrieve canonical answer; live lookup for price/weather/schemes
AGR|ROOT_PROBLEM|CROP=sesame|SOIL=black,root_problem,வேர் பிரச்சனை,sesame,எள்,black,கரிசல் மண்,"crop,soil; add district/season/stage when present",retrieve canonical answer; live lookup for price/weather/schemes
AGR|ROOT_PROBLEM|CROP=sesame|SOIL=alluvial,root_problem,வேர் பிரச்சனை,sesame,எள்,alluvial,வண்டல் மண்,"crop,soil; add district/season/stage when present",retrieve canonical answer; live lookup for price/weather/schemes
AGR|ROOT_PROBLEM|CROP=sesame|SOIL=sandy,root_problem,வேர் பிரச்சனை,sesame,எள்,sandy,மணல் மண்,"crop,soil; add district/season/stage when present",retrieve canonical answer; live lookup for price/weather/schemes
AGR|ROOT_PROBLEM|CROP=sesame|SOIL=clay,root_problem,வேர் பிரச்சனை,sesame,எள்,clay,களிமண்,"crop,soil; add district/season/stage when present",retrieve canonical answer; live lookup for price/weather/schemes
AGR|ROOT_PROBLEM|CROP=sesame|SOIL=loamy,root_problem,வேர் பிரச்சனை,sesame,எள்,loamy,கலப்பு மண்,"crop,soil; add district/season/stage when present",retrieve canonical answer; live lookup for price/weather/schemes
AGR|ROOT_PROBLEM|CROP=sesame|SOIL=laterite,root_problem,வேர் பிரச்சனை,sesame,எள்,laterite,சரளை மண்,"crop,soil; add district/season/stage when present",retrieve canonical answer; live lookup for price/weather/schemes
AGR|ROOT_PROBLEM|CROP=tapioca|SOIL=red,root_problem,வேர் பிரச்சனை,tapioca,மரவள்ளி,red,செம்மண்,"crop,soil; add district/season/stage when present",retrieve canonical answer; live lookup for price/weather/schemes
AGR|ROOT_PROBLEM|CROP=tapioca|SOIL=black,root_problem,வேர் பிரச்சனை,tapioca,மரவள்ளி,black,கரிசல் மண்,"crop,soil; add district/season/stage when present",retrieve canonical answer; live lookup for price/weather/schemes
AGR|ROOT_PROBLEM|CROP=tapioca|SOIL=alluvial,root_problem,வேர் பிரச்சனை,tapioca,மரவள்ளி,alluvial,வண்டல் மண்,"crop,soil; add district/season/stage when present",retrieve canonical answer; live lookup for price/weather/schemes
AGR|ROOT_PROBLEM|CROP=tapioca|SOIL=sandy,root_problem,வேர் பிரச்சனை,tapioca,மரவள்ளி,sandy,மணல் மண்,"crop,soil; add district/season/stage when present",retrieve canonical answer; live lookup for price/weather/schemes
AGR|ROOT_PROBLEM|CROP=tapioca|SOIL=clay,root_problem,வேர் பிரச்சனை,tapioca,மரவள்ளி,clay,களிமண்,"crop,soil; add district/season/stage when present",retrieve canonical answer; live lookup for price/weather/schemes
AGR|ROOT_PROBLEM|CROP=tapioca|SOIL=loamy,root_problem,வேர் பிரச்சனை,tapioca,மரவள்ளி,loamy,கலப்பு மண்,"crop,soil; add district/season/stage when present",retrieve canonical answer; live lookup for price/weather/schemes
AGR|ROOT_PROBLEM|CROP=tapioca|SOIL=laterite,root_problem,வேர் பிரச்சனை,tapioca,மரவள்ளி,laterite,சரளை மண்,"crop,soil; add district/season/stage when present",retrieve canonical answer; live lookup for price/weather/schemes
AGR|ROOT_PROBLEM|CROP=drumstick|SOIL=red,root_problem,வேர் பிரச்சனை,drumstick,முருங்கை,red,செம்மண்,"crop,soil; add district/season/stage when present",retrieve canonical answer; live lookup for price/weather/schemes
AGR|ROOT_PROBLEM|CROP=drumstick|SOIL=black,root_problem,வேர் பிரச்சனை,drumstick,முருங்கை,black,கரிசல் மண்,"crop,soil; add district/season/stage when present",retrieve canonical answer; live lookup for price/weather/schemes
AGR|ROOT_PROBLEM|CROP=drumstick|SOIL=alluvial,root_problem,வேர் பிரச்சனை,drumstick,முருங்கை,alluvial,வண்டல் மண்,"crop,soil; add district/season/stage when present",retrieve canonical answer; live lookup for price/weather/schemes
AGR|ROOT_PROBLEM|CROP=drumstick|SOIL=sandy,root_problem,வேர் பிரச்சனை,drumstick,முருங்கை,sandy,மணல் மண்,"crop,soil; add district/season/stage when present",retrieve canonical answer; live lookup for price/weather/schemes
AGR|ROOT_PROBLEM|CROP=drumstick|SOIL=clay,root_problem,வேர் பிரச்சனை,drumstick,முருங்கை,clay,களிமண்,"crop,soil; add district/season/stage when present",retrieve canonical answer; live lookup for price/weather/schemes
AGR|ROOT_PROBLEM|CROP=drumstick|SOIL=loamy,root_problem,வேர் பிரச்சனை,drumstick,முருங்கை,loamy,கலப்பு மண்,"crop,soil; add district/season/stage when present",retrieve canonical answer; live lookup for price/weather/schemes
AGR|ROOT_PROBLEM|CROP=drumstick|SOIL=laterite,root_problem,வேர் பிரச்சனை,drumstick,முருங்கை,laterite,சரளை மண்,"crop,soil; add district/season/stage when present",retrieve canonical answer; live lookup for price/weather/schemes
AGR|FLOWER_DROP|CROP=rice|SOIL=red,flower_drop,பூ உதிர்வு,rice,நெல்,red,செம்மண்,"crop,soil; add district/season/stage when present",retrieve canonical answer; live lookup for price/weather/schemes
AGR|FLOWER_DROP|CROP=rice|SOIL=black,flower_drop,பூ உதிர்வு,rice,நெல்,black,கரிசல் மண்,"crop,soil; add district/season/stage when present",retrieve canonical answer; live lookup for price/weather/schemes
AGR|FLOWER_DROP|CROP=rice|SOIL=alluvial,flower_drop,பூ உதிர்வு,rice,நெல்,alluvial,வண்டல் மண்,"crop,soil; add district/season/stage when present",retrieve canonical answer; live lookup for price/weather/schemes
AGR|FLOWER_DROP|CROP=rice|SOIL=sandy,flower_drop,பூ உதிர்வு,rice,நெல்,sandy,மணல் மண்,"crop,soil; add district/season/stage when present",retrieve canonical answer; live lookup for price/weather/schemes
AGR|FLOWER_DROP|CROP=rice|SOIL=clay,flower_drop,பூ உதிர்வு,rice,நெல்,clay,களிமண்,"crop,soil; add district/season/stage when present",retrieve canonical answer; live lookup for price/weather/schemes
AGR|FLOWER_DROP|CROP=rice|SOIL=loamy,flower_drop,பூ உதிர்வு,rice,நெல்,loamy,கலப்பு மண்,"crop,soil; add district/season/stage when present",retrieve canonical answer; live lookup for price/weather/schemes
AGR|FLOWER_DROP|CROP=rice|SOIL=laterite,flower_drop,பூ உதிர்வு,rice,நெல்,laterite,சரளை மண்,"crop,soil; add district/season/stage when present",retrieve canonical answer; live lookup for price/weather/schemes
AGR|FLOWER_DROP|CROP=banana|SOIL=red,flower_drop,பூ உதிர்வு,banana,வாழை,red,செம்மண்,"crop,soil; add district/season/stage when present",retrieve canonical answer; live lookup for price/weather/schemes
AGR|FLOWER_DROP|CROP=banana|SOIL=black,flower_drop,பூ உதிர்வு,banana,வாழை,black,கரிசல் மண்,"crop,soil; add district/season/stage when present",retrieve canonical answer; live lookup for price/weather/schemes
AGR|FLOWER_DROP|CROP=banana|SOIL=alluvial,flower_drop,பூ உதிர்வு,banana,வாழை,alluvial,வண்டல் மண்,"crop,soil; add district/season/stage when present",retrieve canonical answer; live lookup for price/weather/schemes
AGR|FLOWER_DROP|CROP=banana|SOIL=sandy,flower_drop,பூ உதிர்வு,banana,வாழை,sandy,மணல் மண்,"crop,soil; add district/season/stage when present",retrieve canonical answer; live lookup for price/weather/schemes
AGR|FLOWER_DROP|CROP=banana|SOIL=clay,flower_drop,பூ உதிர்வு,banana,வாழை,clay,களிமண்,"crop,soil; add district/season/stage when present",retrieve canonical answer; live lookup for price/weather/schemes
AGR|FLOWER_DROP|CROP=banana|SOIL=loamy,flower_drop,பூ உதிர்வு,banana,வாழை,loamy,கலப்பு மண்,"crop,soil; add district/season/stage when present",retrieve canonical answer; live lookup for price/weather/schemes
AGR|FLOWER_DROP|CROP=banana|SOIL=laterite,flower_drop,பூ உதிர்வு,banana,வாழை,laterite,சரளை மண்,"crop,soil; add district/season/stage when present",retrieve canonical answer; live lookup for price/weather/schemes
AGR|FLOWER_DROP|CROP=sugarcane|SOIL=red,flower_drop,பூ உதிர்வு,sugarcane,கரும்பு,red,செம்மண்,"crop,soil; add district/season/stage when present",retrieve canonical answer; live lookup for price/weather/schemes
AGR|FLOWER_DROP|CROP=sugarcane|SOIL=black,flower_drop,பூ உதிர்வு,sugarcane,கரும்பு,black,கரிசல் மண்,"crop,soil; add district/season/stage when present",retrieve canonical answer; live lookup for price/weather/schemes
AGR|FLOWER_DROP|CROP=sugarcane|SOIL=alluvial,flower_drop,பூ உதிர்வு,sugarcane,கரும்பு,alluvial,வண்டல் மண்,"crop,soil; add district/season/stage when present",retrieve canonical answer; live lookup for price/weather/schemes
AGR|FLOWER_DROP|CROP=sugarcane|SOIL=sandy,flower_drop,பூ உதிர்வு,sugarcane,கரும்பு,sandy,மணல் மண்,"crop,soil; add district/season/stage when present",retrieve canonical answer; live lookup for price/weather/schemes
AGR|FLOWER_DROP|CROP=sugarcane|SOIL=clay,flower_drop,பூ உதிர்வு,sugarcane,கரும்பு,clay,களிமண்,"crop,soil; add district/season/stage when present",retrieve canonical answer; live lookup for price/weather/schemes
AGR|FLOWER_DROP|CROP=sugarcane|SOIL=loamy,flower_drop,பூ உதிர்வு,sugarcane,கரும்பு,loamy,கலப்பு மண்,"crop,soil; add district/season/stage when present",retrieve canonical answer; live lookup for price/weather/schemes
AGR|FLOWER_DROP|CROP=sugarcane|SOIL=laterite,flower_drop,பூ உதிர்வு,sugarcane,கரும்பு,laterite,சரளை மண்,"crop,soil; add district/season/stage when present",retrieve canonical answer; live lookup for price/weather/schemes
AGR|FLOWER_DROP|CROP=cotton|SOIL=red,flower_drop,பூ உதிர்வு,cotton,பருத்தி,red,செம்மண்,"crop,soil; add district/season/stage when present",retrieve canonical answer; live lookup for price/weather/schemes
AGR|FLOWER_DROP|CROP=cotton|SOIL=black,flower_drop,பூ உதிர்வு,cotton,பருத்தி,black,கரிசல் மண்,"crop,soil; add district/season/stage when present",retrieve canonical answer; live lookup for price/weather/schemes
AGR|FLOWER_DROP|CROP=cotton|SOIL=alluvial,flower_drop,பூ உதிர்வு,cotton,பருத்தி,alluvial,வண்டல் மண்,"crop,soil; add district/season/stage when present",retrieve canonical answer; live lookup for price/weather/schemes
AGR|FLOWER_DROP|CROP=cotton|SOIL=sandy,flower_drop,பூ உதிர்வு,cotton,பருத்தி,sandy,மணல் மண்,"crop,soil; add district/season/stage when present",retrieve canonical answer; live lookup for price/weather/schemes
AGR|FLOWER_DROP|CROP=cotton|SOIL=clay,flower_drop,பூ உதிர்வு,cotton,பருத்தி,clay,களிமண்,"crop,soil; add district/season/stage when present",retrieve canonical answer; live lookup for price/weather/schemes
AGR|FLOWER_DROP|CROP=cotton|SOIL=loamy,flower_drop,பூ உதிர்வு,cotton,பருத்தி,loamy,கலப்பு மண்,"crop,soil; add district/season/stage when present",retrieve canonical answer; live lookup for price/weather/schemes
AGR|FLOWER_DROP|CROP=cotton|SOIL=laterite,flower_drop,பூ உதிர்வு,cotton,பருத்தி,laterite,சரளை மண்,"crop,soil; add district/season/stage when present",retrieve canonical answer; live lookup for price/weather/schemes
AGR|FLOWER_DROP|CROP=groundnut|SOIL=red,flower_drop,பூ உதிர்வு,groundnut,நிலக்கடலை,red,செம்மண்,"crop,soil; add district/season/stage when present",retrieve canonical answer; live lookup for price/weather/schemes
AGR|FLOWER_DROP|CROP=groundnut|SOIL=black,flower_drop,பூ உதிர்வு,groundnut,நிலக்கடலை,black,கரிசல் மண்,"crop,soil; add district/season/stage when present",retrieve canonical answer; live lookup for price/weather/schemes
AGR|FLOWER_DROP|CROP=groundnut|SOIL=alluvial,flower_drop,பூ உதிர்வு,groundnut,நிலக்கடலை,alluvial,வண்டல் மண்,"crop,soil; add district/season/stage when present",retrieve canonical answer; live lookup for price/weather/schemes
AGR|FLOWER_DROP|CROP=groundnut|SOIL=sandy,flower_drop,பூ உதிர்வு,groundnut,நிலக்கடலை,sandy,மணல் மண்,"crop,soil; add district/season/stage when present",retrieve canonical answer; live lookup for price/weather/schemes
AGR|FLOWER_DROP|CROP=groundnut|SOIL=clay,flower_drop,பூ உதிர்வு,groundnut,நிலக்கடலை,clay,களிமண்,"crop,soil; add district/season/stage when present",retrieve canonical answer; live lookup for price/weather/schemes
AGR|FLOWER_DROP|CROP=groundnut|SOIL=loamy,flower_drop,பூ உதிர்வு,groundnut,நிலக்கடலை,loamy,கலப்பு மண்,"crop,soil; add district/season/stage when present",retrieve canonical answer; live lookup for price/weather/schemes
AGR|FLOWER_DROP|CROP=groundnut|SOIL=laterite,flower_drop,பூ உதிர்வு,groundnut,நிலக்கடலை,laterite,சரளை மண்,"crop,soil; add district/season/stage when present",retrieve canonical answer; live lookup for price/weather/schemes
AGR|FLOWER_DROP|CROP=maize|SOIL=red,flower_drop,பூ உதிர்வு,maize,மக்காச்சோளம்,red,செம்மண்,"crop,soil; add district/season/stage when present",retrieve canonical answer; live lookup for price/weather/schemes
AGR|FLOWER_DROP|CROP=maize|SOIL=black,flower_drop,பூ உதிர்வு,maize,மக்காச்சோளம்,black,கரிசல் மண்,"crop,soil; add district/season/stage when present",retrieve canonical answer; live lookup for price/weather/schemes
AGR|FLOWER_DROP|CROP=maize|SOIL=alluvial,flower_drop,பூ உதிர்வு,maize,மக்காச்சோளம்,alluvial,வண்டல் மண்,"crop,soil; add district/season/stage when present",retrieve canonical answer; live lookup for price/weather/schemes
AGR|FLOWER_DROP|CROP=maize|SOIL=sandy,flower_drop,பூ உதிர்வு,maize,மக்காச்சோளம்,sandy,மணல் மண்,"crop,soil; add district/season/stage when present",retrieve canonical answer; live lookup for price/weather/schemes
AGR|FLOWER_DROP|CROP=maize|SOIL=clay,flower_drop,பூ உதிர்வு,maize,மக்காச்சோளம்,clay,களிமண்,"crop,soil; add district/season/stage when present",retrieve canonical answer; live lookup for price/weather/schemes
AGR|FLOWER_DROP|CROP=maize|SOIL=loamy,flower_drop,பூ உதிர்வு,maize,மக்காச்சோளம்,loamy,கலப்பு மண்,"crop,soil; add district/season/stage when present",retrieve canonical answer; live lookup for price/weather/schemes
AGR|FLOWER_DROP|CROP=maize|SOIL=laterite,flower_drop,பூ உதிர்வு,maize,மக்காச்சோளம்,laterite,சரளை மண்,"crop,soil; add district/season/stage when present",retrieve canonical answer; live lookup for price/weather/schemes
AGR|FLOWER_DROP|CROP=millet|SOIL=red,flower_drop,பூ உதிர்வு,millet,கம்பு,red,செம்மண்,"crop,soil; add district/season/stage when present",retrieve canonical answer; live lookup for price/weather/schemes
AGR|FLOWER_DROP|CROP=millet|SOIL=black,flower_drop,பூ உதிர்வு,millet,கம்பு,black,கரிசல் மண்,"crop,soil; add district/season/stage when present",retrieve canonical answer; live lookup for price/weather/schemes
AGR|FLOWER_DROP|CROP=millet|SOIL=alluvial,flower_drop,பூ உதிர்வு,millet,கம்பு,alluvial,வண்டல் மண்,"crop,soil; add district/season/stage when present",retrieve canonical answer; live lookup for price/weather/schemes
AGR|FLOWER_DROP|CROP=millet|SOIL=sandy,flower_drop,பூ உதிர்வு,millet,கம்பு,sandy,மணல் மண்,"crop,soil; add district/season/stage when present",retrieve canonical answer; live lookup for price/weather/schemes
AGR|FLOWER_DROP|CROP=millet|SOIL=clay,flower_drop,பூ உதிர்வு,millet,கம்பு,clay,களிமண்,"crop,soil; add district/season/stage when present",retrieve canonical answer; live lookup for price/weather/schemes
AGR|FLOWER_DROP|CROP=millet|SOIL=loamy,flower_drop,பூ உதிர்வு,millet,கம்பு,loamy,கலப்பு மண்,"crop,soil; add district/season/stage when present",retrieve canonical answer; live lookup for price/weather/schemes
AGR|FLOWER_DROP|CROP=millet|SOIL=laterite,flower_drop,பூ உதிர்வு,millet,கம்பு,laterite,சரளை மண்,"crop,soil; add district/season/stage when present",retrieve canonical answer; live lookup for price/weather/schemes
AGR|FLOWER_DROP|CROP=tomato|SOIL=red,flower_drop,பூ உதிர்வு,tomato,தக்காளி,red,செம்மண்,"crop,soil; add district/season/stage when present",retrieve canonical answer; live lookup for price/weather/schemes
AGR|FLOWER_DROP|CROP=tomato|SOIL=black,flower_drop,பூ உதிர்வு,tomato,தக்காளி,black,கரிசல் மண்,"crop,soil; add district/season/stage when present",retrieve canonical answer; live lookup for price/weather/schemes
AGR|FLOWER_DROP|CROP=tomato|SOIL=alluvial,flower_drop,பூ உதிர்வு,tomato,தக்காளி,alluvial,வண்டல் மண்,"crop,soil; add district/season/stage when present",retrieve canonical answer; live lookup for price/weather/schemes
AGR|FLOWER_DROP|CROP=tomato|SOIL=sandy,flower_drop,பூ உதிர்வு,tomato,தக்காளி,sandy,மணல் மண்,"crop,soil; add district/season/stage when present",retrieve canonical answer; live lookup for price/weather/schemes
AGR|FLOWER_DROP|CROP=tomato|SOIL=clay,flower_drop,பூ உதிர்வு,tomato,தக்காளி,clay,களிமண்,"crop,soil; add district/season/stage when present",retrieve canonical answer; live lookup for price/weather/schemes
AGR|FLOWER_DROP|CROP=tomato|SOIL=loamy,flower_drop,பூ உதிர்வு,tomato,தக்காளி,loamy,கலப்பு மண்,"crop,soil; add district/season/stage when present",retrieve canonical answer; live lookup for price/weather/schemes
AGR|FLOWER_DROP|CROP=tomato|SOIL=laterite,flower_drop,பூ உதிர்வு,tomato,தக்காளி,laterite,சரளை மண்,"crop,soil; add district/season/stage when present",retrieve canonical answer; live lookup for price/weather/schemes
AGR|FLOWER_DROP|CROP=chilli|SOIL=red,flower_drop,பூ உதிர்வு,chilli,மிளகாய்,red,செம்மண்,"crop,soil; add district/season/stage when present",retrieve canonical answer; live lookup for price/weather/schemes
AGR|FLOWER_DROP|CROP=chilli|SOIL=black,flower_drop,பூ உதிர்வு,chilli,மிளகாய்,black,கரிசல் மண்,"crop,soil; add district/season/stage when present",retrieve canonical answer; live lookup for price/weather/schemes
AGR|FLOWER_DROP|CROP=chilli|SOIL=alluvial,flower_drop,பூ உதிர்வு,chilli,மிளகாய்,alluvial,வண்டல் மண்,"crop,soil; add district/season/stage when present",retrieve canonical answer; live lookup for price/weather/schemes
AGR|FLOWER_DROP|CROP=chilli|SOIL=sandy,flower_drop,பூ உதிர்வு,chilli,மிளகாய்,sandy,மணல் மண்,"crop,soil; add district/season/stage when present",retrieve canonical answer; live lookup for price/weather/schemes
AGR|FLOWER_DROP|CROP=chilli|SOIL=clay,flower_drop,பூ உதிர்வு,chilli,மிளகாய்,clay,களிமண்,"crop,soil; add district/season/stage when present",retrieve canonical answer; live lookup for price/weather/schemes
AGR|FLOWER_DROP|CROP=chilli|SOIL=loamy,flower_drop,பூ உதிர்வு,chilli,மிளகாய்,loamy,கலப்பு மண்,"crop,soil; add district/season/stage when present",retrieve canonical answer; live lookup for price/weather/schemes
AGR|FLOWER_DROP|CROP=chilli|SOIL=laterite,flower_drop,பூ உதிர்வு,chilli,மிளகாய்,laterite,சரளை மண்,"crop,soil; add district/season/stage when present",retrieve canonical answer; live lookup for price/weather/schemes
AGR|FLOWER_DROP|CROP=onion|SOIL=red,flower_drop,பூ உதிர்வு,onion,வெங்காயம்,red,செம்மண்,"crop,soil; add district/season/stage when present",retrieve canonical answer; live lookup for price/weather/schemes
AGR|FLOWER_DROP|CROP=onion|SOIL=black,flower_drop,பூ உதிர்வு,onion,வெங்காயம்,black,கரிசல் மண்,"crop,soil; add district/season/stage when present",retrieve canonical answer; live lookup for price/weather/schemes
AGR|FLOWER_DROP|CROP=onion|SOIL=alluvial,flower_drop,பூ உதிர்வு,onion,வெங்காயம்,alluvial,வண்டல் மண்,"crop,soil; add district/season/stage when present",retrieve canonical answer; live lookup for price/weather/schemes
AGR|FLOWER_DROP|CROP=onion|SOIL=sandy,flower_drop,பூ உதிர்வு,onion,வெங்காயம்,sandy,மணல் மண்,"crop,soil; add district/season/stage when present",retrieve canonical answer; live lookup for price/weather/schemes
AGR|FLOWER_DROP|CROP=onion|SOIL=clay,flower_drop,பூ உதிர்வு,onion,வெங்காயம்,clay,களிமண்,"crop,soil; add district/season/stage when present",retrieve canonical answer; live lookup for price/weather/schemes
AGR|FLOWER_DROP|CROP=onion|SOIL=loamy,flower_drop,பூ உதிர்வு,onion,வெங்காயம்,loamy,கலப்பு மண்,"crop,soil; add district/season/stage when present",retrieve canonical answer; live lookup for price/weather/schemes
AGR|FLOWER_DROP|CROP=onion|SOIL=laterite,flower_drop,பூ உதிர்வு,onion,வெங்காயம்,laterite,சரளை மண்,"crop,soil; add district/season/stage when present",retrieve canonical answer; live lookup for price/weather/schemes
AGR|FLOWER_DROP|CROP=turmeric|SOIL=red,flower_drop,பூ உதிர்வு,turmeric,மஞ்சள்,red,செம்மண்,"crop,soil; add district/season/stage when present",retrieve canonical answer; live lookup for price/weather/schemes
AGR|FLOWER_DROP|CROP=turmeric|SOIL=black,flower_drop,பூ உதிர்வு,turmeric,மஞ்சள்,black,கரிசல் மண்,"crop,soil; add district/season/stage when present",retrieve canonical answer; live lookup for price/weather/schemes
AGR|FLOWER_DROP|CROP=turmeric|SOIL=alluvial,flower_drop,பூ உதிர்வு,turmeric,மஞ்சள்,alluvial,வண்டல் மண்,"crop,soil; add district/season/stage when present",retrieve canonical answer; live lookup for price/weather/schemes
AGR|FLOWER_DROP|CROP=turmeric|SOIL=sandy,flower_drop,பூ உதிர்வு,turmeric,மஞ்சள்,sandy,மணல் மண்,"crop,soil; add district/season/stage when present",retrieve canonical answer; live lookup for price/weather/schemes
AGR|FLOWER_DROP|CROP=turmeric|SOIL=clay,flower_drop,பூ உதிர்வு,turmeric,மஞ்சள்,clay,களிமண்,"crop,soil; add district/season/stage when present",retrieve canonical answer; live lookup for price/weather/schemes
AGR|FLOWER_DROP|CROP=turmeric|SOIL=loamy,flower_drop,பூ உதிர்வு,turmeric,மஞ்சள்,loamy,கலப்பு மண்,"crop,soil; add district/season/stage when present",retrieve canonical answer; live lookup for price/weather/schemes
AGR|FLOWER_DROP|CROP=turmeric|SOIL=laterite,flower_drop,பூ உதிர்வு,turmeric,மஞ்சள்,laterite,சரளை மண்,"crop,soil; add district/season/stage when present",retrieve canonical answer; live lookup for price/weather/schemes
AGR|FLOWER_DROP|CROP=brinjal|SOIL=red,flower_drop,பூ உதிர்வு,brinjal,கத்தரிக்காய்,red,செம்மண்,"crop,soil; add district/season/stage when present",retrieve canonical answer; live lookup for price/weather/schemes
AGR|FLOWER_DROP|CROP=brinjal|SOIL=black,flower_drop,பூ உதிர்வு,brinjal,கத்தரிக்காய்,black,கரிசல் மண்,"crop,soil; add district/season/stage when present",retrieve canonical answer; live lookup for price/weather/schemes
AGR|FLOWER_DROP|CROP=brinjal|SOIL=alluvial,flower_drop,பூ உதிர்வு,brinjal,கத்தரிக்காய்,alluvial,வண்டல் மண்,"crop,soil; add district/season/stage when present",retrieve canonical answer; live lookup for price/weather/schemes
AGR|FLOWER_DROP|CROP=brinjal|SOIL=sandy,flower_drop,பூ உதிர்வு,brinjal,கத்தரிக்காய்,sandy,மணல் மண்,"crop,soil; add district/season/stage when present",retrieve canonical answer; live lookup for price/weather/schemes
AGR|FLOWER_DROP|CROP=brinjal|SOIL=clay,flower_drop,பூ உதிர்வு,brinjal,கத்தரிக்காய்,clay,களிமண்,"crop,soil; add district/season/stage when present",retrieve canonical answer; live lookup for price/weather/schemes
AGR|FLOWER_DROP|CROP=brinjal|SOIL=loamy,flower_drop,பூ உதிர்வு,brinjal,கத்தரிக்காய்,loamy,கலப்பு மண்,"crop,soil; add district/season/stage when present",retrieve canonical answer; live lookup for price/weather/schemes
AGR|FLOWER_DROP|CROP=brinjal|SOIL=laterite,flower_drop,பூ உதிர்வு,brinjal,கத்தரிக்காய்,laterite,சரளை மண்,"crop,soil; add district/season/stage when present",retrieve canonical answer; live lookup for price/weather/schemes
AGR|FLOWER_DROP|CROP=okra|SOIL=red,flower_drop,பூ உதிர்வு,okra,வெண்டைக்காய்,red,செம்மண்,"crop,soil; add district/season/stage when present",retrieve canonical answer; live lookup for price/weather/schemes
AGR|FLOWER_DROP|CROP=okra|SOIL=black,flower_drop,பூ உதிர்வு,okra,வெண்டைக்காய்,black,கரிசல் மண்,"crop,soil; add district/season/stage when present",retrieve canonical answer; live lookup for price/weather/schemes
AGR|FLOWER_DROP|CROP=okra|SOIL=alluvial,flower_drop,பூ உதிர்வு,okra,வெண்டைக்காய்,alluvial,வண்டல் மண்,"crop,soil; add district/season/stage when present",retrieve canonical answer; live lookup for price/weather/schemes
AGR|FLOWER_DROP|CROP=okra|SOIL=sandy,flower_drop,பூ உதிர்வு,okra,வெண்டைக்காய்,sandy,மணல் மண்,"crop,soil; add district/season/stage when present",retrieve canonical answer; live lookup for price/weather/schemes
AGR|FLOWER_DROP|CROP=okra|SOIL=clay,flower_drop,பூ உதிர்வு,okra,வெண்டைக்காய்,clay,களிமண்,"crop,soil; add district/season/stage when present",retrieve canonical answer; live lookup for price/weather/schemes
AGR|FLOWER_DROP|CROP=okra|SOIL=loamy,flower_drop,பூ உதிர்வு,okra,வெண்டைக்காய்,loamy,கலப்பு மண்,"crop,soil; add district/season/stage when present",retrieve canonical answer; live lookup for price/weather/schemes
AGR|FLOWER_DROP|CROP=okra|SOIL=laterite,flower_drop,பூ உதிர்வு,okra,வெண்டைக்காய்,laterite,சரளை மண்,"crop,soil; add district/season/stage when present",retrieve canonical answer; live lookup for price/weather/schemes
AGR|FLOWER_DROP|CROP=coconut|SOIL=red,flower_drop,பூ உதிர்வு,coconut,தென்னை,red,செம்மண்,"crop,soil; add district/season/stage when present",retrieve canonical answer; live lookup for price/weather/schemes
AGR|FLOWER_DROP|CROP=coconut|SOIL=black,flower_drop,பூ உதிர்வு,coconut,தென்னை,black,கரிசல் மண்,"crop,soil; add district/season/stage when present",retrieve canonical answer; live lookup for price/weather/schemes
AGR|FLOWER_DROP|CROP=coconut|SOIL=alluvial,flower_drop,பூ உதிர்வு,coconut,தென்னை,alluvial,வண்டல் மண்,"crop,soil; add district/season/stage when present",retrieve canonical answer; live lookup for price/weather/schemes
AGR|FLOWER_DROP|CROP=coconut|SOIL=sandy,flower_drop,பூ உதிர்வு,coconut,தென்னை,sandy,மணல் மண்,"crop,soil; add district/season/stage when present",retrieve canonical answer; live lookup for price/weather/schemes
AGR|FLOWER_DROP|CROP=coconut|SOIL=clay,flower_drop,பூ உதிர்வு,coconut,தென்னை,clay,களிமண்,"crop,soil; add district/season/stage when present",retrieve canonical answer; live lookup for price/weather/schemes
AGR|FLOWER_DROP|CROP=coconut|SOIL=loamy,flower_drop,பூ உதிர்வு,coconut,தென்னை,loamy,கலப்பு மண்,"crop,soil; add district/season/stage when present",retrieve canonical answer; live lookup for price/weather/schemes
AGR|FLOWER_DROP|CROP=coconut|SOIL=laterite,flower_drop,பூ உதிர்வு,coconut,தென்னை,laterite,சரளை மண்,"crop,soil; add district/season/stage when present",retrieve canonical answer; live lookup for price/weather/schemes
AGR|FLOWER_DROP|CROP=pulses|SOIL=red,flower_drop,பூ உதிர்வு,pulses,பயறு,red,செம்மண்,"crop,soil; add district/season/stage when present",retrieve canonical answer; live lookup for price/weather/schemes
AGR|FLOWER_DROP|CROP=pulses|SOIL=black,flower_drop,பூ உதிர்வு,pulses,பயறு,black,கரிசல் மண்,"crop,soil; add district/season/stage when present",retrieve canonical answer; live lookup for price/weather/schemes
AGR|FLOWER_DROP|CROP=pulses|SOIL=alluvial,flower_drop,பூ உதிர்வு,pulses,பயறு,alluvial,வண்டல் மண்,"crop,soil; add district/season/stage when present",retrieve canonical answer; live lookup for price/weather/schemes
AGR|FLOWER_DROP|CROP=pulses|SOIL=sandy,flower_drop,பூ உதிர்வு,pulses,பயறு,sandy,மணல் மண்,"crop,soil; add district/season/stage when present",retrieve canonical answer; live lookup for price/weather/schemes
AGR|FLOWER_DROP|CROP=pulses|SOIL=clay,flower_drop,பூ உதிர்வு,pulses,பயறு,clay,களிமண்,"crop,soil; add district/season/stage when present",retrieve canonical answer; live lookup for price/weather/schemes
AGR|FLOWER_DROP|CROP=pulses|SOIL=loamy,flower_drop,பூ உதிர்வு,pulses,பயறு,loamy,கலப்பு மண்,"crop,soil; add district/season/stage when present",retrieve canonical answer; live lookup for price/weather/schemes
AGR|FLOWER_DROP|CROP=pulses|SOIL=laterite,flower_drop,பூ உதிர்வு,pulses,பயறு,laterite,சரளை மண்,"crop,soil; add district/season/stage when present",retrieve canonical answer; live lookup for price/weather/schemes
AGR|FLOWER_DROP|CROP=sesame|SOIL=red,flower_drop,பூ உதிர்வு,sesame,எள்,red,செம்மண்,"crop,soil; add district/season/stage when present",retrieve canonical answer; live lookup for price/weather/schemes
AGR|FLOWER_DROP|CROP=sesame|SOIL=black,flower_drop,பூ உதிர்வு,sesame,எள்,black,கரிசல் மண்,"crop,soil; add district/season/stage when present",retrieve canonical answer; live lookup for price/weather/schemes
AGR|FLOWER_DROP|CROP=sesame|SOIL=alluvial,flower_drop,பூ உதிர்வு,sesame,எள்,alluvial,வண்டல் மண்,"crop,soil; add district/season/stage when present",retrieve canonical answer; live lookup for price/weather/schemes
AGR|FLOWER_DROP|CROP=sesame|SOIL=sandy,flower_drop,பூ உதிர்வு,sesame,எள்,sandy,மணல் மண்,"crop,soil; add district/season/stage when present",retrieve canonical answer; live lookup for price/weather/schemes
AGR|FLOWER_DROP|CROP=sesame|SOIL=clay,flower_drop,பூ உதிர்வு,sesame,எள்,clay,களிமண்,"crop,soil; add district/season/stage when present",retrieve canonical answer; live lookup for price/weather/schemes
AGR|FLOWER_DROP|CROP=sesame|SOIL=loamy,flower_drop,பூ உதிர்வு,sesame,எள்,loamy,கலப்பு மண்,"crop,soil; add district/season/stage when present",retrieve canonical answer; live lookup for price/weather/schemes
AGR|FLOWER_DROP|CROP=sesame|SOIL=laterite,flower_drop,பூ உதிர்வு,sesame,எள்,laterite,சரளை மண்,"crop,soil; add district/season/stage when present",retrieve canonical answer; live lookup for price/weather/schemes
AGR|FLOWER_DROP|CROP=tapioca|SOIL=red,flower_drop,பூ உதிர்வு,tapioca,மரவள்ளி,red,செம்மண்,"crop,soil; add district/season/stage when present",retrieve canonical answer; live lookup for price/weather/schemes
AGR|FLOWER_DROP|CROP=tapioca|SOIL=black,flower_drop,பூ உதிர்வு,tapioca,மரவள்ளி,black,கரிசல் மண்,"crop,soil; add district/season/stage when present",retrieve canonical answer; live lookup for price/weather/schemes
AGR|FLOWER_DROP|CROP=tapioca|SOIL=alluvial,flower_drop,பூ உதிர்வு,tapioca,மரவள்ளி,alluvial,வண்டல் மண்,"crop,soil; add district/season/stage when present",retrieve canonical answer; live lookup for price/weather/schemes
AGR|FLOWER_DROP|CROP=tapioca|SOIL=sandy,flower_drop,பூ உதிர்வு,tapioca,மரவள்ளி,sandy,மணல் மண்,"crop,soil; add district/season/stage when present",retrieve canonical answer; live lookup for price/weather/schemes
AGR|FLOWER_DROP|CROP=tapioca|SOIL=clay,flower_drop,பூ உதிர்வு,tapioca,மரவள்ளி,clay,களிமண்,"crop,soil; add district/season/stage when present",retrieve canonical answer; live lookup for price/weather/schemes
AGR|FLOWER_DROP|CROP=tapioca|SOIL=loamy,flower_drop,பூ உதிர்வு,tapioca,மரவள்ளி,loamy,கலப்பு மண்,"crop,soil; add district/season/stage when present",retrieve canonical answer; live lookup for price/weather/schemes
AGR|FLOWER_DROP|CROP=tapioca|SOIL=laterite,flower_drop,பூ உதிர்வு,tapioca,மரவள்ளி,laterite,சரளை மண்,"crop,soil; add district/season/stage when present",retrieve canonical answer; live lookup for price/weather/schemes
AGR|FLOWER_DROP|CROP=drumstick|SOIL=red,flower_drop,பூ உதிர்வு,drumstick,முருங்கை,red,செம்மண்,"crop,soil; add district/season/stage when present",retrieve canonical answer; live lookup for price/weather/schemes
AGR|FLOWER_DROP|CROP=drumstick|SOIL=black,flower_drop,பூ உதிர்வு,drumstick,முருங்கை,black,கரிசல் மண்,"crop,soil; add district/season/stage when present",retrieve canonical answer; live lookup for price/weather/schemes
AGR|FLOWER_DROP|CROP=drumstick|SOIL=alluvial,flower_drop,பூ உதிர்வு,drumstick,முருங்கை,alluvial,வண்டல் மண்,"crop,soil; add district/season/stage when present",retrieve canonical answer; live lookup for price/weather/schemes
AGR|FLOWER_DROP|CROP=drumstick|SOIL=sandy,flower_drop,பூ உதிர்வு,drumstick,முருங்கை,sandy,மணல் மண்,"crop,soil; add district/season/stage when present",retrieve canonical answer; live lookup for price/weather/schemes
AGR|FLOWER_DROP|CROP=drumstick|SOIL=clay,flower_drop,பூ உதிர்வு,drumstick,முருங்கை,clay,களிமண்,"crop,soil; add district/season/stage when present",retrieve canonical answer; live lookup for price/weather/schemes
AGR|FLOWER_DROP|CROP=drumstick|SOIL=loamy,flower_drop,பூ உதிர்வு,drumstick,முருங்கை,loamy,கலப்பு மண்,"crop,soil; add district/season/stage when present",retrieve canonical answer; live lookup for price/weather/schemes
AGR|FLOWER_DROP|CROP=drumstick|SOIL=laterite,flower_drop,பூ உதிர்வு,drumstick,முருங்கை,laterite,சரளை மண்,"crop,soil; add district/season/stage when present",retrieve canonical answer; live lookup for price/weather/schemes
AGR|FRUIT_PROBLEM|CROP=rice|SOIL=red,fruit_problem,காய்/பழ பிரச்சனை,rice,நெல்,red,செம்மண்,"crop,soil; add district/season/stage when present",retrieve canonical answer; live lookup for price/weather/schemes
AGR|FRUIT_PROBLEM|CROP=rice|SOIL=black,fruit_problem,காய்/பழ பிரச்சனை,rice,நெல்,black,கரிசல் மண்,"crop,soil; add district/season/stage when present",retrieve canonical answer; live lookup for price/weather/schemes
AGR|FRUIT_PROBLEM|CROP=rice|SOIL=alluvial,fruit_problem,காய்/பழ பிரச்சனை,rice,நெல்,alluvial,வண்டல் மண்,"crop,soil; add district/season/stage when present",retrieve canonical answer; live lookup for price/weather/schemes
AGR|FRUIT_PROBLEM|CROP=rice|SOIL=sandy,fruit_problem,காய்/பழ பிரச்சனை,rice,நெல்,sandy,மணல் மண்,"crop,soil; add district/season/stage when present",retrieve canonical answer; live lookup for price/weather/schemes
AGR|FRUIT_PROBLEM|CROP=rice|SOIL=clay,fruit_problem,காய்/பழ பிரச்சனை,rice,நெல்,clay,களிமண்,"crop,soil; add district/season/stage when present",retrieve canonical answer; live lookup for price/weather/schemes
AGR|FRUIT_PROBLEM|CROP=rice|SOIL=loamy,fruit_problem,காய்/பழ பிரச்சனை,rice,நெல்,loamy,கலப்பு மண்,"crop,soil; add district/season/stage when present",retrieve canonical answer; live lookup for price/weather/schemes
AGR|FRUIT_PROBLEM|CROP=rice|SOIL=laterite,fruit_problem,காய்/பழ பிரச்சனை,rice,நெல்,laterite,சரளை மண்,"crop,soil; add district/season/stage when present",retrieve canonical answer; live lookup for price/weather/schemes
AGR|FRUIT_PROBLEM|CROP=banana|SOIL=red,fruit_problem,காய்/பழ பிரச்சனை,banana,வாழை,red,செம்மண்,"crop,soil; add district/season/stage when present",retrieve canonical answer; live lookup for price/weather/schemes
AGR|FRUIT_PROBLEM|CROP=banana|SOIL=black,fruit_problem,காய்/பழ பிரச்சனை,banana,வாழை,black,கரிசல் மண்,"crop,soil; add district/season/stage when present",retrieve canonical answer; live lookup for price/weather/schemes
AGR|FRUIT_PROBLEM|CROP=banana|SOIL=alluvial,fruit_problem,காய்/பழ பிரச்சனை,banana,வாழை,alluvial,வண்டல் மண்,"crop,soil; add district/season/stage when present",retrieve canonical answer; live lookup for price/weather/schemes
AGR|FRUIT_PROBLEM|CROP=banana|SOIL=sandy,fruit_problem,காய்/பழ பிரச்சனை,banana,வாழை,sandy,மணல் மண்,"crop,soil; add district/season/stage when present",retrieve canonical answer; live lookup for price/weather/schemes
AGR|FRUIT_PROBLEM|CROP=banana|SOIL=clay,fruit_problem,காய்/பழ பிரச்சனை,banana,வாழை,clay,களிமண்,"crop,soil; add district/season/stage when present",retrieve canonical answer; live lookup for price/weather/schemes
AGR|FRUIT_PROBLEM|CROP=banana|SOIL=loamy,fruit_problem,காய்/பழ பிரச்சனை,banana,வாழை,loamy,கலப்பு மண்,"crop,soil; add district/season/stage when present",retrieve canonical answer; live lookup for price/weather/schemes
AGR|FRUIT_PROBLEM|CROP=banana|SOIL=laterite,fruit_problem,காய்/பழ பிரச்சனை,banana,வாழை,laterite,சரளை மண்,"crop,soil; add district/season/stage when present",retrieve canonical answer; live lookup for price/weather/schemes
AGR|FRUIT_PROBLEM|CROP=sugarcane|SOIL=red,fruit_problem,காய்/பழ பிரச்சனை,sugarcane,கரும்பு,red,செம்மண்,"crop,soil; add district/season/stage when present",retrieve canonical answer; live lookup for price/weather/schemes
AGR|FRUIT_PROBLEM|CROP=sugarcane|SOIL=black,fruit_problem,காய்/பழ பிரச்சனை,sugarcane,கரும்பு,black,கரிசல் மண்,"crop,soil; add district/season/stage when present",retrieve canonical answer; live lookup for price/weather/schemes
AGR|FRUIT_PROBLEM|CROP=sugarcane|SOIL=alluvial,fruit_problem,காய்/பழ பிரச்சனை,sugarcane,கரும்பு,alluvial,வண்டல் மண்,"crop,soil; add district/season/stage when present",retrieve canonical answer; live lookup for price/weather/schemes
AGR|FRUIT_PROBLEM|CROP=sugarcane|SOIL=sandy,fruit_problem,காய்/பழ பிரச்சனை,sugarcane,கரும்பு,sandy,மணல் மண்,"crop,soil; add district/season/stage when present",retrieve canonical answer; live lookup for price/weather/schemes
AGR|FRUIT_PROBLEM|CROP=sugarcane|SOIL=clay,fruit_problem,காய்/பழ பிரச்சனை,sugarcane,கரும்பு,clay,களிமண்,"crop,soil; add district/season/stage when present",retrieve canonical answer; live lookup for price/weather/schemes
AGR|FRUIT_PROBLEM|CROP=sugarcane|SOIL=loamy,fruit_problem,காய்/பழ பிரச்சனை,sugarcane,கரும்பு,loamy,கலப்பு மண்,"crop,soil; add district/season/stage when present",retrieve canonical answer; live lookup for price/weather/schemes
AGR|FRUIT_PROBLEM|CROP=sugarcane|SOIL=laterite,fruit_problem,காய்/பழ பிரச்சனை,sugarcane,கரும்பு,laterite,சரளை மண்,"crop,soil; add district/season/stage when present",retrieve canonical answer; live lookup for price/weather/schemes
AGR|FRUIT_PROBLEM|CROP=cotton|SOIL=red,fruit_problem,காய்/பழ பிரச்சனை,cotton,பருத்தி,red,செம்மண்,"crop,soil; add district/season/stage when present",retrieve canonical answer; live lookup for price/weather/schemes
AGR|FRUIT_PROBLEM|CROP=cotton|SOIL=black,fruit_problem,காய்/பழ பிரச்சனை,cotton,பருத்தி,black,கரிசல் மண்,"crop,soil; add district/season/stage when present",retrieve canonical answer; live lookup for price/weather/schemes
AGR|FRUIT_PROBLEM|CROP=cotton|SOIL=alluvial,fruit_problem,காய்/பழ பிரச்சனை,cotton,பருத்தி,alluvial,வண்டல் மண்,"crop,soil; add district/season/stage when present",retrieve canonical answer; live lookup for price/weather/schemes
AGR|FRUIT_PROBLEM|CROP=cotton|SOIL=sandy,fruit_problem,காய்/பழ பிரச்சனை,cotton,பருத்தி,sandy,மணல் மண்,"crop,soil; add district/season/stage when present",retrieve canonical answer; live lookup for price/weather/schemes
AGR|FRUIT_PROBLEM|CROP=cotton|SOIL=clay,fruit_problem,காய்/பழ பிரச்சனை,cotton,பருத்தி,clay,களிமண்,"crop,soil; add district/season/stage when present",retrieve canonical answer; live lookup for price/weather/schemes
AGR|FRUIT_PROBLEM|CROP=cotton|SOIL=loamy,fruit_problem,காய்/பழ பிரச்சனை,cotton,பருத்தி,loamy,கலப்பு மண்,"crop,soil; add district/season/stage when present",retrieve canonical answer; live lookup for price/weather/schemes
AGR|FRUIT_PROBLEM|CROP=cotton|SOIL=laterite,fruit_problem,காய்/பழ பிரச்சனை,cotton,பருத்தி,laterite,சரளை மண்,"crop,soil; add district/season/stage when present",retrieve canonical answer; live lookup for price/weather/schemes
AGR|FRUIT_PROBLEM|CROP=groundnut|SOIL=red,fruit_problem,காய்/பழ பிரச்சனை,groundnut,நிலக்கடலை,red,செம்மண்,"crop,soil; add district/season/stage when present",retrieve canonical answer; live lookup for price/weather/schemes
AGR|FRUIT_PROBLEM|CROP=groundnut|SOIL=black,fruit_problem,காய்/பழ பிரச்சனை,groundnut,நிலக்கடலை,black,கரிசல் மண்,"crop,soil; add district/season/stage when present",retrieve canonical answer; live lookup for price/weather/schemes
AGR|FRUIT_PROBLEM|CROP=groundnut|SOIL=alluvial,fruit_problem,காய்/பழ பிரச்சனை,groundnut,நிலக்கடலை,alluvial,வண்டல் மண்,"crop,soil; add district/season/stage when present",retrieve canonical answer; live lookup for price/weather/schemes
AGR|FRUIT_PROBLEM|CROP=groundnut|SOIL=sandy,fruit_problem,காய்/பழ பிரச்சனை,groundnut,நிலக்கடலை,sandy,மணல் மண்,"crop,soil; add district/season/stage when present",retrieve canonical answer; live lookup for price/weather/schemes
AGR|FRUIT_PROBLEM|CROP=groundnut|SOIL=clay,fruit_problem,காய்/பழ பிரச்சனை,groundnut,நிலக்கடலை,clay,களிமண்,"crop,soil; add district/season/stage when present",retrieve canonical answer; live lookup for price/weather/schemes
AGR|FRUIT_PROBLEM|CROP=groundnut|SOIL=loamy,fruit_problem,காய்/பழ பிரச்சனை,groundnut,நிலக்கடலை,loamy,கலப்பு மண்,"crop,soil; add district/season/stage when present",retrieve canonical answer; live lookup for price/weather/schemes
AGR|FRUIT_PROBLEM|CROP=groundnut|SOIL=laterite,fruit_problem,காய்/பழ பிரச்சனை,groundnut,நிலக்கடலை,laterite,சரளை மண்,"crop,soil; add district/season/stage when present",retrieve canonical answer; live lookup for price/weather/schemes
AGR|FRUIT_PROBLEM|CROP=maize|SOIL=red,fruit_problem,காய்/பழ பிரச்சனை,maize,மக்காச்சோளம்,red,செம்மண்,"crop,soil; add district/season/stage when present",retrieve canonical answer; live lookup for price/weather/schemes
AGR|FRUIT_PROBLEM|CROP=maize|SOIL=black,fruit_problem,காய்/பழ பிரச்சனை,maize,மக்காச்சோளம்,black,கரிசல் மண்,"crop,soil; add district/season/stage when present",retrieve canonical answer; live lookup for price/weather/schemes
AGR|FRUIT_PROBLEM|CROP=maize|SOIL=alluvial,fruit_problem,காய்/பழ பிரச்சனை,maize,மக்காச்சோளம்,alluvial,வண்டல் மண்,"crop,soil; add district/season/stage when present",retrieve canonical answer; live lookup for price/weather/schemes
AGR|FRUIT_PROBLEM|CROP=maize|SOIL=sandy,fruit_problem,காய்/பழ பிரச்சனை,maize,மக்காச்சோளம்,sandy,மணல் மண்,"crop,soil; add district/season/stage when present",retrieve canonical answer; live lookup for price/weather/schemes
AGR|FRUIT_PROBLEM|CROP=maize|SOIL=clay,fruit_problem,காய்/பழ பிரச்சனை,maize,மக்காச்சோளம்,clay,களிமண்,"crop,soil; add district/season/stage when present",retrieve canonical answer; live lookup for price/weather/schemes
AGR|FRUIT_PROBLEM|CROP=maize|SOIL=loamy,fruit_problem,காய்/பழ பிரச்சனை,maize,மக்காச்சோளம்,loamy,கலப்பு மண்,"crop,soil; add district/season/stage when present",retrieve canonical answer; live lookup for price/weather/schemes
AGR|FRUIT_PROBLEM|CROP=maize|SOIL=laterite,fruit_problem,காய்/பழ பிரச்சனை,maize,மக்காச்சோளம்,laterite,சரளை மண்,"crop,soil; add district/season/stage when present",retrieve canonical answer; live lookup for price/weather/schemes
AGR|FRUIT_PROBLEM|CROP=millet|SOIL=red,fruit_problem,காய்/பழ பிரச்சனை,millet,கம்பு,red,செம்மண்,"crop,soil; add district/season/stage when present",retrieve canonical answer; live lookup for price/weather/schemes
AGR|FRUIT_PROBLEM|CROP=millet|SOIL=black,fruit_problem,காய்/பழ பிரச்சனை,millet,கம்பு,black,கரிசல் மண்,"crop,soil; add district/season/stage when present",retrieve canonical answer; live lookup for price/weather/schemes
AGR|FRUIT_PROBLEM|CROP=millet|SOIL=alluvial,fruit_problem,காய்/பழ பிரச்சனை,millet,கம்பு,alluvial,வண்டல் மண்,"crop,soil; add district/season/stage when present",retrieve canonical answer; live lookup for price/weather/schemes
AGR|FRUIT_PROBLEM|CROP=millet|SOIL=sandy,fruit_problem,காய்/பழ பிரச்சனை,millet,கம்பு,sandy,மணல் மண்,"crop,soil; add district/season/stage when present",retrieve canonical answer; live lookup for price/weather/schemes
AGR|FRUIT_PROBLEM|CROP=millet|SOIL=clay,fruit_problem,காய்/பழ பிரச்சனை,millet,கம்பு,clay,களிமண்,"crop,soil; add district/season/stage when present",retrieve canonical answer; live lookup for price/weather/schemes
AGR|FRUIT_PROBLEM|CROP=millet|SOIL=loamy,fruit_problem,காய்/பழ பிரச்சனை,millet,கம்பு,loamy,கலப்பு மண்,"crop,soil; add district/season/stage when present",retrieve canonical answer; live lookup for price/weather/schemes
AGR|FRUIT_PROBLEM|CROP=millet|SOIL=laterite,fruit_problem,காய்/பழ பிரச்சனை,millet,கம்பு,laterite,சரளை மண்,"crop,soil; add district/season/stage when present",retrieve canonical answer; live lookup for price/weather/schemes
AGR|FRUIT_PROBLEM|CROP=tomato|SOIL=red,fruit_problem,காய்/பழ பிரச்சனை,tomato,தக்காளி,red,செம்மண்,"crop,soil; add district/season/stage when present",retrieve canonical answer; live lookup for price/weather/schemes
AGR|FRUIT_PROBLEM|CROP=tomato|SOIL=black,fruit_problem,காய்/பழ பிரச்சனை,tomato,தக்காளி,black,கரிசல் மண்,"crop,soil; add district/season/stage when present",retrieve canonical answer; live lookup for price/weather/schemes
AGR|FRUIT_PROBLEM|CROP=tomato|SOIL=alluvial,fruit_problem,காய்/பழ பிரச்சனை,tomato,தக்காளி,alluvial,வண்டல் மண்,"crop,soil; add district/season/stage when present",retrieve canonical answer; live lookup for price/weather/schemes
AGR|FRUIT_PROBLEM|CROP=tomato|SOIL=sandy,fruit_problem,காய்/பழ பிரச்சனை,tomato,தக்காளி,sandy,மணல் மண்,"crop,soil; add district/season/stage when present",retrieve canonical answer; live lookup for price/weather/schemes
AGR|FRUIT_PROBLEM|CROP=tomato|SOIL=clay,fruit_problem,காய்/பழ பிரச்சனை,tomato,தக்காளி,clay,களிமண்,"crop,soil; add district/season/stage when present",retrieve canonical answer; live lookup for price/weather/schemes
AGR|FRUIT_PROBLEM|CROP=tomato|SOIL=loamy,fruit_problem,காய்/பழ பிரச்சனை,tomato,தக்காளி,loamy,கலப்பு மண்,"crop,soil; add district/season/stage when present",retrieve canonical answer; live lookup for price/weather/schemes
AGR|FRUIT_PROBLEM|CROP=tomato|SOIL=laterite,fruit_problem,காய்/பழ பிரச்சனை,tomato,தக்காளி,laterite,சரளை மண்,"crop,soil; add district/season/stage when present",retrieve canonical answer; live lookup for price/weather/schemes
AGR|FRUIT_PROBLEM|CROP=chilli|SOIL=red,fruit_problem,காய்/பழ பிரச்சனை,chilli,மிளகாய்,red,செம்மண்,"crop,soil; add district/season/stage when present",retrieve canonical answer; live lookup for price/weather/schemes
AGR|FRUIT_PROBLEM|CROP=chilli|SOIL=black,fruit_problem,காய்/பழ பிரச்சனை,chilli,மிளகாய்,black,கரிசல் மண்,"crop,soil; add district/season/stage when present",retrieve canonical answer; live lookup for price/weather/schemes
AGR|FRUIT_PROBLEM|CROP=chilli|SOIL=alluvial,fruit_problem,காய்/பழ பிரச்சனை,chilli,மிளகாய்,alluvial,வண்டல் மண்,"crop,soil; add district/season/stage when present",retrieve canonical answer; live lookup for price/weather/schemes
AGR|FRUIT_PROBLEM|CROP=chilli|SOIL=sandy,fruit_problem,காய்/பழ பிரச்சனை,chilli,மிளகாய்,sandy,மணல் மண்,"crop,soil; add district/season/stage when present",retrieve canonical answer; live lookup for price/weather/schemes
AGR|FRUIT_PROBLEM|CROP=chilli|SOIL=clay,fruit_problem,காய்/பழ பிரச்சனை,chilli,மிளகாய்,clay,களிமண்,"crop,soil; add district/season/stage when present",retrieve canonical answer; live lookup for price/weather/schemes
AGR|FRUIT_PROBLEM|CROP=chilli|SOIL=loamy,fruit_problem,காய்/பழ பிரச்சனை,chilli,மிளகாய்,loamy,கலப்பு மண்,"crop,soil; add district/season/stage when present",retrieve canonical answer; live lookup for price/weather/schemes
AGR|FRUIT_PROBLEM|CROP=chilli|SOIL=laterite,fruit_problem,காய்/பழ பிரச்சனை,chilli,மிளகாய்,laterite,சரளை மண்,"crop,soil; add district/season/stage when present",retrieve canonical answer; live lookup for price/weather/schemes
AGR|FRUIT_PROBLEM|CROP=onion|SOIL=red,fruit_problem,காய்/பழ பிரச்சனை,onion,வெங்காயம்,red,செம்மண்,"crop,soil; add district/season/stage when present",retrieve canonical answer; live lookup for price/weather/schemes
AGR|FRUIT_PROBLEM|CROP=onion|SOIL=black,fruit_problem,காய்/பழ பிரச்சனை,onion,வெங்காயம்,black,கரிசல் மண்,"crop,soil; add district/season/stage when present",retrieve canonical answer; live lookup for price/weather/schemes
AGR|FRUIT_PROBLEM|CROP=onion|SOIL=alluvial,fruit_problem,காய்/பழ பிரச்சனை,onion,வெங்காயம்,alluvial,வண்டல் மண்,"crop,soil; add district/season/stage when present",retrieve canonical answer; live lookup for price/weather/schemes
AGR|FRUIT_PROBLEM|CROP=onion|SOIL=sandy,fruit_problem,காய்/பழ பிரச்சனை,onion,வெங்காயம்,sandy,மணல் மண்,"crop,soil; add district/season/stage when present",retrieve canonical answer; live lookup for price/weather/schemes
AGR|FRUIT_PROBLEM|CROP=onion|SOIL=clay,fruit_problem,காய்/பழ பிரச்சனை,onion,வெங்காயம்,clay,களிமண்,"crop,soil; add district/season/stage when present",retrieve canonical answer; live lookup for price/weather/schemes
AGR|FRUIT_PROBLEM|CROP=onion|SOIL=loamy,fruit_problem,காய்/பழ பிரச்சனை,onion,வெங்காயம்,loamy,கலப்பு மண்,"crop,soil; add district/season/stage when present",retrieve canonical answer; live lookup for price/weather/schemes
AGR|FRUIT_PROBLEM|CROP=onion|SOIL=laterite,fruit_problem,காய்/பழ பிரச்சனை,onion,வெங்காயம்,laterite,சரளை மண்,"crop,soil; add district/season/stage when present",retrieve canonical answer; live lookup for price/weather/schemes
AGR|FRUIT_PROBLEM|CROP=turmeric|SOIL=red,fruit_problem,காய்/பழ பிரச்சனை,turmeric,மஞ்சள்,red,செம்மண்,"crop,soil; add district/season/stage when present",retrieve canonical answer; live lookup for price/weather/schemes
AGR|FRUIT_PROBLEM|CROP=turmeric|SOIL=black,fruit_problem,காய்/பழ பிரச்சனை,turmeric,மஞ்சள்,black,கரிசல் மண்,"crop,soil; add district/season/stage when present",retrieve canonical answer; live lookup for price/weather/schemes
AGR|FRUIT_PROBLEM|CROP=turmeric|SOIL=alluvial,fruit_problem,காய்/பழ பிரச்சனை,turmeric,மஞ்சள்,alluvial,வண்டல் மண்,"crop,soil; add district/season/stage when present",retrieve canonical answer; live lookup for price/weather/schemes
AGR|FRUIT_PROBLEM|CROP=turmeric|SOIL=sandy,fruit_problem,காய்/பழ பிரச்சனை,turmeric,மஞ்சள்,sandy,மணல் மண்,"crop,soil; add district/season/stage when present",retrieve canonical answer; live lookup for price/weather/schemes
AGR|FRUIT_PROBLEM|CROP=turmeric|SOIL=clay,fruit_problem,காய்/பழ பிரச்சனை,turmeric,மஞ்சள்,clay,களிமண்,"crop,soil; add district/season/stage when present",retrieve canonical answer; live lookup for price/weather/schemes
AGR|FRUIT_PROBLEM|CROP=turmeric|SOIL=loamy,fruit_problem,காய்/பழ பிரச்சனை,turmeric,மஞ்சள்,loamy,கலப்பு மண்,"crop,soil; add district/season/stage when present",retrieve canonical answer; live lookup for price/weather/schemes
AGR|FRUIT_PROBLEM|CROP=turmeric|SOIL=laterite,fruit_problem,காய்/பழ பிரச்சனை,turmeric,மஞ்சள்,laterite,சரளை மண்,"crop,soil; add district/season/stage when present",retrieve canonical answer; live lookup for price/weather/schemes
AGR|FRUIT_PROBLEM|CROP=brinjal|SOIL=red,fruit_problem,காய்/பழ பிரச்சனை,brinjal,கத்தரிக்காய்,red,செம்மண்,"crop,soil; add district/season/stage when present",retrieve canonical answer; live lookup for price/weather/schemes
AGR|FRUIT_PROBLEM|CROP=brinjal|SOIL=black,fruit_problem,காய்/பழ பிரச்சனை,brinjal,கத்தரிக்காய்,black,கரிசல் மண்,"crop,soil; add district/season/stage when present",retrieve canonical answer; live lookup for price/weather/schemes
AGR|FRUIT_PROBLEM|CROP=brinjal|SOIL=alluvial,fruit_problem,காய்/பழ பிரச்சனை,brinjal,கத்தரிக்காய்,alluvial,வண்டல் மண்,"crop,soil; add district/season/stage when present",retrieve canonical answer; live lookup for price/weather/schemes
AGR|FRUIT_PROBLEM|CROP=brinjal|SOIL=sandy,fruit_problem,காய்/பழ பிரச்சனை,brinjal,கத்தரிக்காய்,sandy,மணல் மண்,"crop,soil; add district/season/stage when present",retrieve canonical answer; live lookup for price/weather/schemes
AGR|FRUIT_PROBLEM|CROP=brinjal|SOIL=clay,fruit_problem,காய்/பழ பிரச்சனை,brinjal,கத்தரிக்காய்,clay,களிமண்,"crop,soil; add district/season/stage when present",retrieve canonical answer; live lookup for price/weather/schemes
AGR|FRUIT_PROBLEM|CROP=brinjal|SOIL=loamy,fruit_problem,காய்/பழ பிரச்சனை,brinjal,கத்தரிக்காய்,loamy,கலப்பு மண்,"crop,soil; add district/season/stage when present",retrieve canonical answer; live lookup for price/weather/schemes
AGR|FRUIT_PROBLEM|CROP=brinjal|SOIL=laterite,fruit_problem,காய்/பழ பிரச்சனை,brinjal,கத்தரிக்காய்,laterite,சரளை மண்,"crop,soil; add district/season/stage when present",retrieve canonical answer; live lookup for price/weather/schemes
AGR|FRUIT_PROBLEM|CROP=okra|SOIL=red,fruit_problem,காய்/பழ பிரச்சனை,okra,வெண்டைக்காய்,red,செம்மண்,"crop,soil; add district/season/stage when present",retrieve canonical answer; live lookup for price/weather/schemes
AGR|FRUIT_PROBLEM|CROP=okra|SOIL=black,fruit_problem,காய்/பழ பிரச்சனை,okra,வெண்டைக்காய்,black,கரிசல் மண்,"crop,soil; add district/season/stage when present",retrieve canonical answer; live lookup for price/weather/schemes
AGR|FRUIT_PROBLEM|CROP=okra|SOIL=alluvial,fruit_problem,காய்/பழ பிரச்சனை,okra,வெண்டைக்காய்,alluvial,வண்டல் மண்,"crop,soil; add district/season/stage when present",retrieve canonical answer; live lookup for price/weather/schemes
AGR|FRUIT_PROBLEM|CROP=okra|SOIL=sandy,fruit_problem,காய்/பழ பிரச்சனை,okra,வெண்டைக்காய்,sandy,மணல் மண்,"crop,soil; add district/season/stage when present",retrieve canonical answer; live lookup for price/weather/schemes
AGR|FRUIT_PROBLEM|CROP=okra|SOIL=clay,fruit_problem,காய்/பழ பிரச்சனை,okra,வெண்டைக்காய்,clay,களிமண்,"crop,soil; add district/season/stage when present",retrieve canonical answer; live lookup for price/weather/schemes
AGR|FRUIT_PROBLEM|CROP=okra|SOIL=loamy,fruit_problem,காய்/பழ பிரச்சனை,okra,வெண்டைக்காய்,loamy,கலப்பு மண்,"crop,soil; add district/season/stage when present",retrieve canonical answer; live lookup for price/weather/schemes
AGR|FRUIT_PROBLEM|CROP=okra|SOIL=laterite,fruit_problem,காய்/பழ பிரச்சனை,okra,வெண்டைக்காய்,laterite,சரளை மண்,"crop,soil; add district/season/stage when present",retrieve canonical answer; live lookup for price/weather/schemes
AGR|FRUIT_PROBLEM|CROP=coconut|SOIL=red,fruit_problem,காய்/பழ பிரச்சனை,coconut,தென்னை,red,செம்மண்,"crop,soil; add district/season/stage when present",retrieve canonical answer; live lookup for price/weather/schemes
AGR|FRUIT_PROBLEM|CROP=coconut|SOIL=black,fruit_problem,காய்/பழ பிரச்சனை,coconut,தென்னை,black,கரிசல் மண்,"crop,soil; add district/season/stage when present",retrieve canonical answer; live lookup for price/weather/schemes
AGR|FRUIT_PROBLEM|CROP=coconut|SOIL=alluvial,fruit_problem,காய்/பழ பிரச்சனை,coconut,தென்னை,alluvial,வண்டல் மண்,"crop,soil; add district/season/stage when present",retrieve canonical answer; live lookup for price/weather/schemes
AGR|FRUIT_PROBLEM|CROP=coconut|SOIL=sandy,fruit_problem,காய்/பழ பிரச்சனை,coconut,தென்னை,sandy,மணல் மண்,"crop,soil; add district/season/stage when present",retrieve canonical answer; live lookup for price/weather/schemes
AGR|FRUIT_PROBLEM|CROP=coconut|SOIL=clay,fruit_problem,காய்/பழ பிரச்சனை,coconut,தென்னை,clay,களிமண்,"crop,soil; add district/season/stage when present",retrieve canonical answer; live lookup for price/weather/schemes
AGR|FRUIT_PROBLEM|CROP=coconut|SOIL=loamy,fruit_problem,காய்/பழ பிரச்சனை,coconut,தென்னை,loamy,கலப்பு மண்,"crop,soil; add district/season/stage when present",retrieve canonical answer; live lookup for price/weather/schemes
AGR|FRUIT_PROBLEM|CROP=coconut|SOIL=laterite,fruit_problem,காய்/பழ பிரச்சனை,coconut,தென்னை,laterite,சரளை மண்,"crop,soil; add district/season/stage when present",retrieve canonical answer; live lookup for price/weather/schemes
AGR|FRUIT_PROBLEM|CROP=pulses|SOIL=red,fruit_problem,காய்/பழ பிரச்சனை,pulses,பயறு,red,செம்மண்,"crop,soil; add district/season/stage when present",retrieve canonical answer; live lookup for price/weather/schemes
AGR|FRUIT_PROBLEM|CROP=pulses|SOIL=black,fruit_problem,காய்/பழ பிரச்சனை,pulses,பயறு,black,கரிசல் மண்,"crop,soil; add district/season/stage when present",retrieve canonical answer; live lookup for price/weather/schemes
AGR|FRUIT_PROBLEM|CROP=pulses|SOIL=alluvial,fruit_problem,காய்/பழ பிரச்சனை,pulses,பயறு,alluvial,வண்டல் மண்,"crop,soil; add district/season/stage when present",retrieve canonical answer; live lookup for price/weather/schemes
AGR|FRUIT_PROBLEM|CROP=pulses|SOIL=sandy,fruit_problem,காய்/பழ பிரச்சனை,pulses,பயறு,sandy,மணல் மண்,"crop,soil; add district/season/stage when present",retrieve canonical answer; live lookup for price/weather/schemes
AGR|FRUIT_PROBLEM|CROP=pulses|SOIL=clay,fruit_problem,காய்/பழ பிரச்சனை,pulses,பயறு,clay,களிமண்,"crop,soil; add district/season/stage when present",retrieve canonical answer; live lookup for price/weather/schemes
AGR|FRUIT_PROBLEM|CROP=pulses|SOIL=loamy,fruit_problem,காய்/பழ பிரச்சனை,pulses,பயறு,loamy,கலப்பு மண்,"crop,soil; add district/season/stage when present",retrieve canonical answer; live lookup for price/weather/schemes
AGR|FRUIT_PROBLEM|CROP=pulses|SOIL=laterite,fruit_problem,காய்/பழ பிரச்சனை,pulses,பயறு,laterite,சரளை மண்,"crop,soil; add district/season/stage when present",retrieve canonical answer; live lookup for price/weather/schemes
AGR|FRUIT_PROBLEM|CROP=sesame|SOIL=red,fruit_problem,காய்/பழ பிரச்சனை,sesame,எள்,red,செம்மண்,"crop,soil; add district/season/stage when present",retrieve canonical answer; live lookup for price/weather/schemes
AGR|FRUIT_PROBLEM|CROP=sesame|SOIL=black,fruit_problem,காய்/பழ பிரச்சனை,sesame,எள்,black,கரிசல் மண்,"crop,soil; add district/season/stage when present",retrieve canonical answer; live lookup for price/weather/schemes
AGR|FRUIT_PROBLEM|CROP=sesame|SOIL=alluvial,fruit_problem,காய்/பழ பிரச்சனை,sesame,எள்,alluvial,வண்டல் மண்,"crop,soil; add district/season/stage when present",retrieve canonical answer; live lookup for price/weather/schemes
AGR|FRUIT_PROBLEM|CROP=sesame|SOIL=sandy,fruit_problem,காய்/பழ பிரச்சனை,sesame,எள்,sandy,மணல் மண்,"crop,soil; add district/season/stage when present",retrieve canonical answer; live lookup for price/weather/schemes
AGR|FRUIT_PROBLEM|CROP=sesame|SOIL=clay,fruit_problem,காய்/பழ பிரச்சனை,sesame,எள்,clay,களிமண்,"crop,soil; add district/season/stage when present",retrieve canonical answer; live lookup for price/weather/schemes
AGR|FRUIT_PROBLEM|CROP=sesame|SOIL=loamy,fruit_problem,காய்/பழ பிரச்சனை,sesame,எள்,loamy,கலப்பு மண்,"crop,soil; add district/season/stage when present",retrieve canonical answer; live lookup for price/weather/schemes
AGR|FRUIT_PROBLEM|CROP=sesame|SOIL=laterite,fruit_problem,காய்/பழ பிரச்சனை,sesame,எள்,laterite,சரளை மண்,"crop,soil; add district/season/stage when present",retrieve canonical answer; live lookup for price/weather/schemes
AGR|FRUIT_PROBLEM|CROP=tapioca|SOIL=red,fruit_problem,காய்/பழ பிரச்சனை,tapioca,மரவள்ளி,red,செம்மண்,"crop,soil; add district/season/stage when present",retrieve canonical answer; live lookup for price/weather/schemes
AGR|FRUIT_PROBLEM|CROP=tapioca|SOIL=black,fruit_problem,காய்/பழ பிரச்சனை,tapioca,மரவள்ளி,black,கரிசல் மண்,"crop,soil; add district/season/stage when present",retrieve canonical answer; live lookup for price/weather/schemes
AGR|FRUIT_PROBLEM|CROP=tapioca|SOIL=alluvial,fruit_problem,காய்/பழ பிரச்சனை,tapioca,மரவள்ளி,alluvial,வண்டல் மண்,"crop,soil; add district/season/stage when present",retrieve canonical answer; live lookup for price/weather/schemes
AGR|FRUIT_PROBLEM|CROP=tapioca|SOIL=sandy,fruit_problem,காய்/பழ பிரச்சனை,tapioca,மரவள்ளி,sandy,மணல் மண்,"crop,soil; add district/season/stage when present",retrieve canonical answer; live lookup for price/weather/schemes
AGR|FRUIT_PROBLEM|CROP=tapioca|SOIL=clay,fruit_problem,காய்/பழ பிரச்சனை,tapioca,மரவள்ளி,clay,களிமண்,"crop,soil; add district/season/stage when present",retrieve canonical answer; live lookup for price/weather/schemes
AGR|FRUIT_PROBLEM|CROP=tapioca|SOIL=loamy,fruit_problem,காய்/பழ பிரச்சனை,tapioca,மரவள்ளி,loamy,கலப்பு மண்,"crop,soil; add district/season/stage when present",retrieve canonical answer; live lookup for price/weather/schemes
AGR|FRUIT_PROBLEM|CROP=tapioca|SOIL=laterite,fruit_problem,காய்/பழ பிரச்சனை,tapioca,மரவள்ளி,laterite,சரளை மண்,"crop,soil; add district/season/stage when present",retrieve canonical answer; live lookup for price/weather/schemes
AGR|FRUIT_PROBLEM|CROP=drumstick|SOIL=red,fruit_problem,காய்/பழ பிரச்சனை,drumstick,முருங்கை,red,செம்மண்,"crop,soil; add district/season/stage when present",retrieve canonical answer; live lookup for price/weather/schemes
AGR|FRUIT_PROBLEM|CROP=drumstick|SOIL=black,fruit_problem,காய்/பழ பிரச்சனை,drumstick,முருங்கை,black,கரிசல் மண்,"crop,soil; add district/season/stage when present",retrieve canonical answer; live lookup for price/weather/schemes
AGR|FRUIT_PROBLEM|CROP=drumstick|SOIL=alluvial,fruit_problem,காய்/பழ பிரச்சனை,drumstick,முருங்கை,alluvial,வண்டல் மண்,"crop,soil; add district/season/stage when present",retrieve canonical answer; live lookup for price/weather/schemes
AGR|FRUIT_PROBLEM|CROP=drumstick|SOIL=sandy,fruit_problem,காய்/பழ பிரச்சனை,drumstick,முருங்கை,sandy,மணல் மண்,"crop,soil; add district/season/stage when present",retrieve canonical answer; live lookup for price/weather/schemes
AGR|FRUIT_PROBLEM|CROP=drumstick|SOIL=clay,fruit_problem,காய்/பழ பிரச்சனை,drumstick,முருங்கை,clay,களிமண்,"crop,soil; add district/season/stage when present",retrieve canonical answer; live lookup for price/weather/schemes
AGR|FRUIT_PROBLEM|CROP=drumstick|SOIL=loamy,fruit_problem,காய்/பழ பிரச்சனை,drumstick,முருங்கை,loamy,கலப்பு மண்,"crop,soil; add district/season/stage when present",retrieve canonical answer; live lookup for price/weather/schemes
AGR|FRUIT_PROBLEM|CROP=drumstick|SOIL=laterite,fruit_problem,காய்/பழ பிரச்சனை,drumstick,முருங்கை,laterite,சரளை மண்,"crop,soil; add district/season/stage when present",retrieve canonical answer; live lookup for price/weather/schemes
AGR|YELLOWING|CROP=rice|SOIL=red,yellowing,இலை மஞ்சளாதல்,rice,நெல்,red,செம்மண்,"crop,soil; add district/season/stage when present",retrieve canonical answer; live lookup for price/weather/schemes
AGR|YELLOWING|CROP=rice|SOIL=black,yellowing,இலை மஞ்சளாதல்,rice,நெல்,black,கரிசல் மண்,"crop,soil; add district/season/stage when present",retrieve canonical answer; live lookup for price/weather/schemes
AGR|YELLOWING|CROP=rice|SOIL=alluvial,yellowing,இலை மஞ்சளாதல்,rice,நெல்,alluvial,வண்டல் மண்,"crop,soil; add district/season/stage when present",retrieve canonical answer; live lookup for price/weather/schemes
AGR|YELLOWING|CROP=rice|SOIL=sandy,yellowing,இலை மஞ்சளாதல்,rice,நெல்,sandy,மணல் மண்,"crop,soil; add district/season/stage when present",retrieve canonical answer; live lookup for price/weather/schemes
AGR|YELLOWING|CROP=rice|SOIL=clay,yellowing,இலை மஞ்சளாதல்,rice,நெல்,clay,களிமண்,"crop,soil; add district/season/stage when present",retrieve canonical answer; live lookup for price/weather/schemes
AGR|YELLOWING|CROP=rice|SOIL=loamy,yellowing,இலை மஞ்சளாதல்,rice,நெல்,loamy,கலப்பு மண்,"crop,soil; add district/season/stage when present",retrieve canonical answer; live lookup for price/weather/schemes
AGR|YELLOWING|CROP=rice|SOIL=laterite,yellowing,இலை மஞ்சளாதல்,rice,நெல்,laterite,சரளை மண்,"crop,soil; add district/season/stage when present",retrieve canonical answer; live lookup for price/weather/schemes
AGR|YELLOWING|CROP=banana|SOIL=red,yellowing,இலை மஞ்சளாதல்,banana,வாழை,red,செம்மண்,"crop,soil; add district/season/stage when present",retrieve canonical answer; live lookup for price/weather/schemes
AGR|YELLOWING|CROP=banana|SOIL=black,yellowing,இலை மஞ்சளாதல்,banana,வாழை,black,கரிசல் மண்,"crop,soil; add district/season/stage when present",retrieve canonical answer; live lookup for price/weather/schemes
AGR|YELLOWING|CROP=banana|SOIL=alluvial,yellowing,இலை மஞ்சளாதல்,banana,வாழை,alluvial,வண்டல் மண்,"crop,soil; add district/season/stage when present",retrieve canonical answer; live lookup for price/weather/schemes
AGR|YELLOWING|CROP=banana|SOIL=sandy,yellowing,இலை மஞ்சளாதல்,banana,வாழை,sandy,மணல் மண்,"crop,soil; add district/season/stage when present",retrieve canonical answer; live lookup for price/weather/schemes
AGR|YELLOWING|CROP=banana|SOIL=clay,yellowing,இலை மஞ்சளாதல்,banana,வாழை,clay,களிமண்,"crop,soil; add district/season/stage when present",retrieve canonical answer; live lookup for price/weather/schemes
AGR|YELLOWING|CROP=banana|SOIL=loamy,yellowing,இலை மஞ்சளாதல்,banana,வாழை,loamy,கலப்பு மண்,"crop,soil; add district/season/stage when present",retrieve canonical answer; live lookup for price/weather/schemes
AGR|YELLOWING|CROP=banana|SOIL=laterite,yellowing,இலை மஞ்சளாதல்,banana,வாழை,laterite,சரளை மண்,"crop,soil; add district/season/stage when present",retrieve canonical answer; live lookup for price/weather/schemes
AGR|YELLOWING|CROP=sugarcane|SOIL=red,yellowing,இலை மஞ்சளாதல்,sugarcane,கரும்பு,red,செம்மண்,"crop,soil; add district/season/stage when present",retrieve canonical answer; live lookup for price/weather/schemes
AGR|YELLOWING|CROP=sugarcane|SOIL=black,yellowing,இலை மஞ்சளாதல்,sugarcane,கரும்பு,black,கரிசல் மண்,"crop,soil; add district/season/stage when present",retrieve canonical answer; live lookup for price/weather/schemes
AGR|YELLOWING|CROP=sugarcane|SOIL=alluvial,yellowing,இலை மஞ்சளாதல்,sugarcane,கரும்பு,alluvial,வண்டல் மண்,"crop,soil; add district/season/stage when present",retrieve canonical answer; live lookup for price/weather/schemes
AGR|YELLOWING|CROP=sugarcane|SOIL=sandy,yellowing,இலை மஞ்சளாதல்,sugarcane,கரும்பு,sandy,மணல் மண்,"crop,soil; add district/season/stage when present",retrieve canonical answer; live lookup for price/weather/schemes
AGR|YELLOWING|CROP=sugarcane|SOIL=clay,yellowing,இலை மஞ்சளாதல்,sugarcane,கரும்பு,clay,களிமண்,"crop,soil; add district/season/stage when present",retrieve canonical answer; live lookup for price/weather/schemes
AGR|YELLOWING|CROP=sugarcane|SOIL=loamy,yellowing,இலை மஞ்சளாதல்,sugarcane,கரும்பு,loamy,கலப்பு மண்,"crop,soil; add district/season/stage when present",retrieve canonical answer; live lookup for price/weather/schemes
AGR|YELLOWING|CROP=sugarcane|SOIL=laterite,yellowing,இலை மஞ்சளாதல்,sugarcane,கரும்பு,laterite,சரளை மண்,"crop,soil; add district/season/stage when present",retrieve canonical answer; live lookup for price/weather/schemes
AGR|YELLOWING|CROP=cotton|SOIL=red,yellowing,இலை மஞ்சளாதல்,cotton,பருத்தி,red,செம்மண்,"crop,soil; add district/season/stage when present",retrieve canonical answer; live lookup for price/weather/schemes
AGR|YELLOWING|CROP=cotton|SOIL=black,yellowing,இலை மஞ்சளாதல்,cotton,பருத்தி,black,கரிசல் மண்,"crop,soil; add district/season/stage when present",retrieve canonical answer; live lookup for price/weather/schemes
AGR|YELLOWING|CROP=cotton|SOIL=alluvial,yellowing,இலை மஞ்சளாதல்,cotton,பருத்தி,alluvial,வண்டல் மண்,"crop,soil; add district/season/stage when present",retrieve canonical answer; live lookup for price/weather/schemes
AGR|YELLOWING|CROP=cotton|SOIL=sandy,yellowing,இலை மஞ்சளாதல்,cotton,பருத்தி,sandy,மணல் மண்,"crop,soil; add district/season/stage when present",retrieve canonical answer; live lookup for price/weather/schemes
AGR|YELLOWING|CROP=cotton|SOIL=clay,yellowing,இலை மஞ்சளாதல்,cotton,பருத்தி,clay,களிமண்,"crop,soil; add district/season/stage when present",retrieve canonical answer; live lookup for price/weather/schemes
AGR|YELLOWING|CROP=cotton|SOIL=loamy,yellowing,இலை மஞ்சளாதல்,cotton,பருத்தி,loamy,கலப்பு மண்,"crop,soil; add district/season/stage when present",retrieve canonical answer; live lookup for price/weather/schemes
AGR|YELLOWING|CROP=cotton|SOIL=laterite,yellowing,இலை மஞ்சளாதல்,cotton,பருத்தி,laterite,சரளை மண்,"crop,soil; add district/season/stage when present",retrieve canonical answer; live lookup for price/weather/schemes
AGR|YELLOWING|CROP=groundnut|SOIL=red,yellowing,இலை மஞ்சளாதல்,groundnut,நிலக்கடலை,red,செம்மண்,"crop,soil; add district/season/stage when present",retrieve canonical answer; live lookup for price/weather/schemes
AGR|YELLOWING|CROP=groundnut|SOIL=black,yellowing,இலை மஞ்சளாதல்,groundnut,நிலக்கடலை,black,கரிசல் மண்,"crop,soil; add district/season/stage when present",retrieve canonical answer; live lookup for price/weather/schemes
AGR|YELLOWING|CROP=groundnut|SOIL=alluvial,yellowing,இலை மஞ்சளாதல்,groundnut,நிலக்கடலை,alluvial,வண்டல் மண்,"crop,soil; add district/season/stage when present",retrieve canonical answer; live lookup for price/weather/schemes
AGR|YELLOWING|CROP=groundnut|SOIL=sandy,yellowing,இலை மஞ்சளாதல்,groundnut,நிலக்கடலை,sandy,மணல் மண்,"crop,soil; add district/season/stage when present",retrieve canonical answer; live lookup for price/weather/schemes
AGR|YELLOWING|CROP=groundnut|SOIL=clay,yellowing,இலை மஞ்சளாதல்,groundnut,நிலக்கடலை,clay,களிமண்,"crop,soil; add district/season/stage when present",retrieve canonical answer; live lookup for price/weather/schemes
AGR|YELLOWING|CROP=groundnut|SOIL=loamy,yellowing,இலை மஞ்சளாதல்,groundnut,நிலக்கடலை,loamy,கலப்பு மண்,"crop,soil; add district/season/stage when present",retrieve canonical answer; live lookup for price/weather/schemes
AGR|YELLOWING|CROP=groundnut|SOIL=laterite,yellowing,இலை மஞ்சளாதல்,groundnut,நிலக்கடலை,laterite,சரளை மண்,"crop,soil; add district/season/stage when present",retrieve canonical answer; live lookup for price/weather/schemes
AGR|YELLOWING|CROP=maize|SOIL=red,yellowing,இலை மஞ்சளாதல்,maize,மக்காச்சோளம்,red,செம்மண்,"crop,soil; add district/season/stage when present",retrieve canonical answer; live lookup for price/weather/schemes
AGR|YELLOWING|CROP=maize|SOIL=black,yellowing,இலை மஞ்சளாதல்,maize,மக்காச்சோளம்,black,கரிசல் மண்,"crop,soil; add district/season/stage when present",retrieve canonical answer; live lookup for price/weather/schemes
AGR|YELLOWING|CROP=maize|SOIL=alluvial,yellowing,இலை மஞ்சளாதல்,maize,மக்காச்சோளம்,alluvial,வண்டல் மண்,"crop,soil; add district/season/stage when present",retrieve canonical answer; live lookup for price/weather/schemes
AGR|YELLOWING|CROP=maize|SOIL=sandy,yellowing,இலை மஞ்சளாதல்,maize,மக்காச்சோளம்,sandy,மணல் மண்,"crop,soil; add district/season/stage when present",retrieve canonical answer; live lookup for price/weather/schemes
AGR|YELLOWING|CROP=maize|SOIL=clay,yellowing,இலை மஞ்சளாதல்,maize,மக்காச்சோளம்,clay,களிமண்,"crop,soil; add district/season/stage when present",retrieve canonical answer; live lookup for price/weather/schemes
AGR|YELLOWING|CROP=maize|SOIL=loamy,yellowing,இலை மஞ்சளாதல்,maize,மக்காச்சோளம்,loamy,கலப்பு மண்,"crop,soil; add district/season/stage when present",retrieve canonical answer; live lookup for price/weather/schemes
AGR|YELLOWING|CROP=maize|SOIL=laterite,yellowing,இலை மஞ்சளாதல்,maize,மக்காச்சோளம்,laterite,சரளை மண்,"crop,soil; add district/season/stage when present",retrieve canonical answer; live lookup for price/weather/schemes
AGR|YELLOWING|CROP=millet|SOIL=red,yellowing,இலை மஞ்சளாதல்,millet,கம்பு,red,செம்மண்,"crop,soil; add district/season/stage when present",retrieve canonical answer; live lookup for price/weather/schemes
AGR|YELLOWING|CROP=millet|SOIL=black,yellowing,இலை மஞ்சளாதல்,millet,கம்பு,black,கரிசல் மண்,"crop,soil; add district/season/stage when present",retrieve canonical answer; live lookup for price/weather/schemes
AGR|YELLOWING|CROP=millet|SOIL=alluvial,yellowing,இலை மஞ்சளாதல்,millet,கம்பு,alluvial,வண்டல் மண்,"crop,soil; add district/season/stage when present",retrieve canonical answer; live lookup for price/weather/schemes
AGR|YELLOWING|CROP=millet|SOIL=sandy,yellowing,இலை மஞ்சளாதல்,millet,கம்பு,sandy,மணல் மண்,"crop,soil; add district/season/stage when present",retrieve canonical answer; live lookup for price/weather/schemes
AGR|YELLOWING|CROP=millet|SOIL=clay,yellowing,இலை மஞ்சளாதல்,millet,கம்பு,clay,களிமண்,"crop,soil; add district/season/stage when present",retrieve canonical answer; live lookup for price/weather/schemes
AGR|YELLOWING|CROP=millet|SOIL=loamy,yellowing,இலை மஞ்சளாதல்,millet,கம்பு,loamy,கலப்பு மண்,"crop,soil; add district/season/stage when present",retrieve canonical answer; live lookup for price/weather/schemes
AGR|YELLOWING|CROP=millet|SOIL=laterite,yellowing,இலை மஞ்சளாதல்,millet,கம்பு,laterite,சரளை மண்,"crop,soil; add district/season/stage when present",retrieve canonical answer; live lookup for price/weather/schemes
AGR|YELLOWING|CROP=tomato|SOIL=red,yellowing,இலை மஞ்சளாதல்,tomato,தக்காளி,red,செம்மண்,"crop,soil; add district/season/stage when present",retrieve canonical answer; live lookup for price/weather/schemes
AGR|YELLOWING|CROP=tomato|SOIL=black,yellowing,இலை மஞ்சளாதல்,tomato,தக்காளி,black,கரிசல் மண்,"crop,soil; add district/season/stage when present",retrieve canonical answer; live lookup for price/weather/schemes
AGR|YELLOWING|CROP=tomato|SOIL=alluvial,yellowing,இலை மஞ்சளாதல்,tomato,தக்காளி,alluvial,வண்டல் மண்,"crop,soil; add district/season/stage when present",retrieve canonical answer; live lookup for price/weather/schemes
AGR|YELLOWING|CROP=tomato|SOIL=sandy,yellowing,இலை மஞ்சளாதல்,tomato,தக்காளி,sandy,மணல் மண்,"crop,soil; add district/season/stage when present",retrieve canonical answer; live lookup for price/weather/schemes
AGR|YELLOWING|CROP=tomato|SOIL=clay,yellowing,இலை மஞ்சளாதல்,tomato,தக்காளி,clay,களிமண்,"crop,soil; add district/season/stage when present",retrieve canonical answer; live lookup for price/weather/schemes
AGR|YELLOWING|CROP=tomato|SOIL=loamy,yellowing,இலை மஞ்சளாதல்,tomato,தக்காளி,loamy,கலப்பு மண்,"crop,soil; add district/season/stage when present",retrieve canonical answer; live lookup for price/weather/schemes
AGR|YELLOWING|CROP=tomato|SOIL=laterite,yellowing,இலை மஞ்சளாதல்,tomato,தக்காளி,laterite,சரளை மண்,"crop,soil; add district/season/stage when present",retrieve canonical answer; live lookup for price/weather/schemes
AGR|YELLOWING|CROP=chilli|SOIL=red,yellowing,இலை மஞ்சளாதல்,chilli,மிளகாய்,red,செம்மண்,"crop,soil; add district/season/stage when present",retrieve canonical answer; live lookup for price/weather/schemes
AGR|YELLOWING|CROP=chilli|SOIL=black,yellowing,இலை மஞ்சளாதல்,chilli,மிளகாய்,black,கரிசல் மண்,"crop,soil; add district/season/stage when present",retrieve canonical answer; live lookup for price/weather/schemes
AGR|YELLOWING|CROP=chilli|SOIL=alluvial,yellowing,இலை மஞ்சளாதல்,chilli,மிளகாய்,alluvial,வண்டல் மண்,"crop,soil; add district/season/stage when present",retrieve canonical answer; live lookup for price/weather/schemes
AGR|YELLOWING|CROP=chilli|SOIL=sandy,yellowing,இலை மஞ்சளாதல்,chilli,மிளகாய்,sandy,மணல் மண்,"crop,soil; add district/season/stage when present",retrieve canonical answer; live lookup for price/weather/schemes
AGR|YELLOWING|CROP=chilli|SOIL=clay,yellowing,இலை மஞ்சளாதல்,chilli,மிளகாய்,clay,களிமண்,"crop,soil; add district/season/stage when present",retrieve canonical answer; live lookup for price/weather/schemes
AGR|YELLOWING|CROP=chilli|SOIL=loamy,yellowing,இலை மஞ்சளாதல்,chilli,மிளகாய்,loamy,கலப்பு மண்,"crop,soil; add district/season/stage when present",retrieve canonical answer; live lookup for price/weather/schemes
AGR|YELLOWING|CROP=chilli|SOIL=laterite,yellowing,இலை மஞ்சளாதல்,chilli,மிளகாய்,laterite,சரளை மண்,"crop,soil; add district/season/stage when present",retrieve canonical answer; live lookup for price/weather/schemes
AGR|YELLOWING|CROP=onion|SOIL=red,yellowing,இலை மஞ்சளாதல்,onion,வெங்காயம்,red,செம்மண்,"crop,soil; add district/season/stage when present",retrieve canonical answer; live lookup for price/weather/schemes
AGR|YELLOWING|CROP=onion|SOIL=black,yellowing,இலை மஞ்சளாதல்,onion,வெங்காயம்,black,கரிசல் மண்,"crop,soil; add district/season/stage when present",retrieve canonical answer; live lookup for price/weather/schemes
AGR|YELLOWING|CROP=onion|SOIL=alluvial,yellowing,இலை மஞ்சளாதல்,onion,வெங்காயம்,alluvial,வண்டல் மண்,"crop,soil; add district/season/stage when present",retrieve canonical answer; live lookup for price/weather/schemes
AGR|YELLOWING|CROP=onion|SOIL=sandy,yellowing,இலை மஞ்சளாதல்,onion,வெங்காயம்,sandy,மணல் மண்,"crop,soil; add district/season/stage when present",retrieve canonical answer; live lookup for price/weather/schemes
AGR|YELLOWING|CROP=onion|SOIL=clay,yellowing,இலை மஞ்சளாதல்,onion,வெங்காயம்,clay,களிமண்,"crop,soil; add district/season/stage when present",retrieve canonical answer; live lookup for price/weather/schemes
AGR|YELLOWING|CROP=onion|SOIL=loamy,yellowing,இலை மஞ்சளாதல்,onion,வெங்காயம்,loamy,கலப்பு மண்,"crop,soil; add district/season/stage when present",retrieve canonical answer; live lookup for price/weather/schemes
AGR|YELLOWING|CROP=onion|SOIL=laterite,yellowing,இலை மஞ்சளாதல்,onion,வெங்காயம்,laterite,சரளை மண்,"crop,soil; add district/season/stage when present",retrieve canonical answer; live lookup for price/weather/schemes
AGR|YELLOWING|CROP=turmeric|SOIL=red,yellowing,இலை மஞ்சளாதல்,turmeric,மஞ்சள்,red,செம்மண்,"crop,soil; add district/season/stage when present",retrieve canonical answer; live lookup for price/weather/schemes
AGR|YELLOWING|CROP=turmeric|SOIL=black,yellowing,இலை மஞ்சளாதல்,turmeric,மஞ்சள்,black,கரிசல் மண்,"crop,soil; add district/season/stage when present",retrieve canonical answer; live lookup for price/weather/schemes
AGR|YELLOWING|CROP=turmeric|SOIL=alluvial,yellowing,இலை மஞ்சளாதல்,turmeric,மஞ்சள்,alluvial,வண்டல் மண்,"crop,soil; add district/season/stage when present",retrieve canonical answer; live lookup for price/weather/schemes
AGR|YELLOWING|CROP=turmeric|SOIL=sandy,yellowing,இலை மஞ்சளாதல்,turmeric,மஞ்சள்,sandy,மணல் மண்,"crop,soil; add district/season/stage when present",retrieve canonical answer; live lookup for price/weather/schemes
AGR|YELLOWING|CROP=turmeric|SOIL=clay,yellowing,இலை மஞ்சளாதல்,turmeric,மஞ்சள்,clay,களிமண்,"crop,soil; add district/season/stage when present",retrieve canonical answer; live lookup for price/weather/schemes
AGR|YELLOWING|CROP=turmeric|SOIL=loamy,yellowing,இலை மஞ்சளாதல்,turmeric,மஞ்சள்,loamy,கலப்பு மண்,"crop,soil; add district/season/stage when present",retrieve canonical answer; live lookup for price/weather/schemes
AGR|YELLOWING|CROP=turmeric|SOIL=laterite,yellowing,இலை மஞ்சளாதல்,turmeric,மஞ்சள்,laterite,சரளை மண்,"crop,soil; add district/season/stage when present",retrieve canonical answer; live lookup for price/weather/schemes
AGR|YELLOWING|CROP=brinjal|SOIL=red,yellowing,இலை மஞ்சளாதல்,brinjal,கத்தரிக்காய்,red,செம்மண்,"crop,soil; add district/season/stage when present",retrieve canonical answer; live lookup for price/weather/schemes
AGR|YELLOWING|CROP=brinjal|SOIL=black,yellowing,இலை மஞ்சளாதல்,brinjal,கத்தரிக்காய்,black,கரிசல் மண்,"crop,soil; add district/season/stage when present",retrieve canonical answer; live lookup for price/weather/schemes
AGR|YELLOWING|CROP=brinjal|SOIL=alluvial,yellowing,இலை மஞ்சளாதல்,brinjal,கத்தரிக்காய்,alluvial,வண்டல் மண்,"crop,soil; add district/season/stage when present",retrieve canonical answer; live lookup for price/weather/schemes
AGR|YELLOWING|CROP=brinjal|SOIL=sandy,yellowing,இலை மஞ்சளாதல்,brinjal,கத்தரிக்காய்,sandy,மணல் மண்,"crop,soil; add district/season/stage when present",retrieve canonical answer; live lookup for price/weather/schemes
AGR|YELLOWING|CROP=brinjal|SOIL=clay,yellowing,இலை மஞ்சளாதல்,brinjal,கத்தரிக்காய்,clay,களிமண்,"crop,soil; add district/season/stage when present",retrieve canonical answer; live lookup for price/weather/schemes
AGR|YELLOWING|CROP=brinjal|SOIL=loamy,yellowing,இலை மஞ்சளாதல்,brinjal,கத்தரிக்காய்,loamy,கலப்பு மண்,"crop,soil; add district/season/stage when present",retrieve canonical answer; live lookup for price/weather/schemes
AGR|YELLOWING|CROP=brinjal|SOIL=laterite,yellowing,இலை மஞ்சளாதல்,brinjal,கத்தரிக்காய்,laterite,சரளை மண்,"crop,soil; add district/season/stage when present",retrieve canonical answer; live lookup for price/weather/schemes
AGR|YELLOWING|CROP=okra|SOIL=red,yellowing,இலை மஞ்சளாதல்,okra,வெண்டைக்காய்,red,செம்மண்,"crop,soil; add district/season/stage when present",retrieve canonical answer; live lookup for price/weather/schemes
AGR|YELLOWING|CROP=okra|SOIL=black,yellowing,இலை மஞ்சளாதல்,okra,வெண்டைக்காய்,black,கரிசல் மண்,"crop,soil; add district/season/stage when present",retrieve canonical answer; live lookup for price/weather/schemes
AGR|YELLOWING|CROP=okra|SOIL=alluvial,yellowing,இலை மஞ்சளாதல்,okra,வெண்டைக்காய்,alluvial,வண்டல் மண்,"crop,soil; add district/season/stage when present",retrieve canonical answer; live lookup for price/weather/schemes
AGR|YELLOWING|CROP=okra|SOIL=sandy,yellowing,இலை மஞ்சளாதல்,okra,வெண்டைக்காய்,sandy,மணல் மண்,"crop,soil; add district/season/stage when present",retrieve canonical answer; live lookup for price/weather/schemes
AGR|YELLOWING|CROP=okra|SOIL=clay,yellowing,இலை மஞ்சளாதல்,okra,வெண்டைக்காய்,clay,களிமண்,"crop,soil; add district/season/stage when present",retrieve canonical answer; live lookup for price/weather/schemes
AGR|YELLOWING|CROP=okra|SOIL=loamy,yellowing,இலை மஞ்சளாதல்,okra,வெண்டைக்காய்,loamy,கலப்பு மண்,"crop,soil; add district/season/stage when present",retrieve canonical answer; live lookup for price/weather/schemes
AGR|YELLOWING|CROP=okra|SOIL=laterite,yellowing,இலை மஞ்சளாதல்,okra,வெண்டைக்காய்,laterite,சரளை மண்,"crop,soil; add district/season/stage when present",retrieve canonical answer; live lookup for price/weather/schemes
AGR|YELLOWING|CROP=coconut|SOIL=red,yellowing,இலை மஞ்சளாதல்,coconut,தென்னை,red,செம்மண்,"crop,soil; add district/season/stage when present",retrieve canonical answer; live lookup for price/weather/schemes
AGR|YELLOWING|CROP=coconut|SOIL=black,yellowing,இலை மஞ்சளாதல்,coconut,தென்னை,black,கரிசல் மண்,"crop,soil; add district/season/stage when present",retrieve canonical answer; live lookup for price/weather/schemes
AGR|YELLOWING|CROP=coconut|SOIL=alluvial,yellowing,இலை மஞ்சளாதல்,coconut,தென்னை,alluvial,வண்டல் மண்,"crop,soil; add district/season/stage when present",retrieve canonical answer; live lookup for price/weather/schemes
AGR|YELLOWING|CROP=coconut|SOIL=sandy,yellowing,இலை மஞ்சளாதல்,coconut,தென்னை,sandy,மணல் மண்,"crop,soil; add district/season/stage when present",retrieve canonical answer; live lookup for price/weather/schemes
AGR|YELLOWING|CROP=coconut|SOIL=clay,yellowing,இலை மஞ்சளாதல்,coconut,தென்னை,clay,களிமண்,"crop,soil; add district/season/stage when present",retrieve canonical answer; live lookup for price/weather/schemes
AGR|YELLOWING|CROP=coconut|SOIL=loamy,yellowing,இலை மஞ்சளாதல்,coconut,தென்னை,loamy,கலப்பு மண்,"crop,soil; add district/season/stage when present",retrieve canonical answer; live lookup for price/weather/schemes
AGR|YELLOWING|CROP=coconut|SOIL=laterite,yellowing,இலை மஞ்சளாதல்,coconut,தென்னை,laterite,சரளை மண்,"crop,soil; add district/season/stage when present",retrieve canonical answer; live lookup for price/weather/schemes
AGR|YELLOWING|CROP=pulses|SOIL=red,yellowing,இலை மஞ்சளாதல்,pulses,பயறு,red,செம்மண்,"crop,soil; add district/season/stage when present",retrieve canonical answer; live lookup for price/weather/schemes
AGR|YELLOWING|CROP=pulses|SOIL=black,yellowing,இலை மஞ்சளாதல்,pulses,பயறு,black,கரிசல் மண்,"crop,soil; add district/season/stage when present",retrieve canonical answer; live lookup for price/weather/schemes
AGR|YELLOWING|CROP=pulses|SOIL=alluvial,yellowing,இலை மஞ்சளாதல்,pulses,பயறு,alluvial,வண்டல் மண்,"crop,soil; add district/season/stage when present",retrieve canonical answer; live lookup for price/weather/schemes
AGR|YELLOWING|CROP=pulses|SOIL=sandy,yellowing,இலை மஞ்சளாதல்,pulses,பயறு,sandy,மணல் மண்,"crop,soil; add district/season/stage when present",retrieve canonical answer; live lookup for price/weather/schemes
AGR|YELLOWING|CROP=pulses|SOIL=clay,yellowing,இலை மஞ்சளாதல்,pulses,பயறு,clay,களிமண்,"crop,soil; add district/season/stage when present",retrieve canonical answer; live lookup for price/weather/schemes
AGR|YELLOWING|CROP=pulses|SOIL=loamy,yellowing,இலை மஞ்சளாதல்,pulses,பயறு,loamy,கலப்பு மண்,"crop,soil; add district/season/stage when present",retrieve canonical answer; live lookup for price/weather/schemes
AGR|YELLOWING|CROP=pulses|SOIL=laterite,yellowing,இலை மஞ்சளாதல்,pulses,பயறு,laterite,சரளை மண்,"crop,soil; add district/season/stage when present",retrieve canonical answer; live lookup for price/weather/schemes
AGR|YELLOWING|CROP=sesame|SOIL=red,yellowing,இலை மஞ்சளாதல்,sesame,எள்,red,செம்மண்,"crop,soil; add district/season/stage when present",retrieve canonical answer; live lookup for price/weather/schemes
AGR|YELLOWING|CROP=sesame|SOIL=black,yellowing,இலை மஞ்சளாதல்,sesame,எள்,black,கரிசல் மண்,"crop,soil; add district/season/stage when present",retrieve canonical answer; live lookup for price/weather/schemes
AGR|YELLOWING|CROP=sesame|SOIL=alluvial,yellowing,இலை மஞ்சளாதல்,sesame,எள்,alluvial,வண்டல் மண்,"crop,soil; add district/season/stage when present",retrieve canonical answer; live lookup for price/weather/schemes
AGR|YELLOWING|CROP=sesame|SOIL=sandy,yellowing,இலை மஞ்சளாதல்,sesame,எள்,sandy,மணல் மண்,"crop,soil; add district/season/stage when present",retrieve canonical answer; live lookup for price/weather/schemes
AGR|YELLOWING|CROP=sesame|SOIL=clay,yellowing,இலை மஞ்சளாதல்,sesame,எள்,clay,களிமண்,"crop,soil; add district/season/stage when present",retrieve canonical answer; live lookup for price/weather/schemes
AGR|YELLOWING|CROP=sesame|SOIL=loamy,yellowing,இலை மஞ்சளாதல்,sesame,எள்,loamy,கலப்பு மண்,"crop,soil; add district/season/stage when present",retrieve canonical answer; live lookup for price/weather/schemes
AGR|YELLOWING|CROP=sesame|SOIL=laterite,yellowing,இலை மஞ்சளாதல்,sesame,எள்,laterite,சரளை மண்,"crop,soil; add district/season/stage when present",retrieve canonical answer; live lookup for price/weather/schemes
AGR|YELLOWING|CROP=tapioca|SOIL=red,yellowing,இலை மஞ்சளாதல்,tapioca,மரவள்ளி,red,செம்மண்,"crop,soil; add district/season/stage when present",retrieve canonical answer; live lookup for price/weather/schemes
AGR|YELLOWING|CROP=tapioca|SOIL=black,yellowing,இலை மஞ்சளாதல்,tapioca,மரவள்ளி,black,கரிசல் மண்,"crop,soil; add district/season/stage when present",retrieve canonical answer; live lookup for price/weather/schemes
AGR|YELLOWING|CROP=tapioca|SOIL=alluvial,yellowing,இலை மஞ்சளாதல்,tapioca,மரவள்ளி,alluvial,வண்டல் மண்,"crop,soil; add district/season/stage when present",retrieve canonical answer; live lookup for price/weather/schemes
AGR|YELLOWING|CROP=tapioca|SOIL=sandy,yellowing,இலை மஞ்சளாதல்,tapioca,மரவள்ளி,sandy,மணல் மண்,"crop,soil; add district/season/stage when present",retrieve canonical answer; live lookup for price/weather/schemes
AGR|YELLOWING|CROP=tapioca|SOIL=clay,yellowing,இலை மஞ்சளாதல்,tapioca,மரவள்ளி,clay,களிமண்,"crop,soil; add district/season/stage when present",retrieve canonical answer; live lookup for price/weather/schemes
AGR|YELLOWING|CROP=tapioca|SOIL=loamy,yellowing,இலை மஞ்சளாதல்,tapioca,மரவள்ளி,loamy,கலப்பு மண்,"crop,soil; add district/season/stage when present",retrieve canonical answer; live lookup for price/weather/schemes
AGR|YELLOWING|CROP=tapioca|SOIL=laterite,yellowing,இலை மஞ்சளாதல்,tapioca,மரவள்ளி,laterite,சரளை மண்,"crop,soil; add district/season/stage when present",retrieve canonical answer; live lookup for price/weather/schemes
AGR|YELLOWING|CROP=drumstick|SOIL=red,yellowing,இலை மஞ்சளாதல்,drumstick,முருங்கை,red,செம்மண்,"crop,soil; add district/season/stage when present",retrieve canonical answer; live lookup for price/weather/schemes
AGR|YELLOWING|CROP=drumstick|SOIL=black,yellowing,இலை மஞ்சளாதல்,drumstick,முருங்கை,black,கரிசல் மண்,"crop,soil; add district/season/stage when present",retrieve canonical answer; live lookup for price/weather/schemes
AGR|YELLOWING|CROP=drumstick|SOIL=alluvial,yellowing,இலை மஞ்சளாதல்,drumstick,முருங்கை,alluvial,வண்டல் மண்,"crop,soil; add district/season/stage when present",retrieve canonical answer; live lookup for price/weather/schemes
AGR|YELLOWING|CROP=drumstick|SOIL=sandy,yellowing,இலை மஞ்சளாதல்,drumstick,முருங்கை,sandy,மணல் மண்,"crop,soil; add district/season/stage when present",retrieve canonical answer; live lookup for price/weather/schemes
AGR|YELLOWING|CROP=drumstick|SOIL=clay,yellowing,இலை மஞ்சளாதல்,drumstick,முருங்கை,clay,களிமண்,"crop,soil; add district/season/stage when present",retrieve canonical answer; live lookup for price/weather/schemes
AGR|YELLOWING|CROP=drumstick|SOIL=loamy,yellowing,இலை மஞ்சளாதல்,drumstick,முருங்கை,loamy,கலப்பு மண்,"crop,soil; add district/season/stage when present",retrieve canonical answer; live lookup for price/weather/schemes
AGR|YELLOWING|CROP=drumstick|SOIL=laterite,yellowing,இலை மஞ்சளாதல்,drumstick,முருங்கை,laterite,சரளை மண்,"crop,soil; add district/season/stage when present",retrieve canonical answer; live lookup for price/weather/schemes
AGR|SOIL_TEST|CROP=rice|SOIL=red,soil_test,மண் பரிசோதனை,rice,நெல்,red,செம்மண்,"crop,soil; add district/season/stage when present",retrieve canonical answer; live lookup for price/weather/schemes
AGR|SOIL_TEST|CROP=rice|SOIL=black,soil_test,மண் பரிசோதனை,rice,நெல்,black,கரிசல் மண்,"crop,soil; add district/season/stage when present",retrieve canonical answer; live lookup for price/weather/schemes
AGR|SOIL_TEST|CROP=rice|SOIL=alluvial,soil_test,மண் பரிசோதனை,rice,நெல்,alluvial,வண்டல் மண்,"crop,soil; add district/season/stage when present",retrieve canonical answer; live lookup for price/weather/schemes
AGR|SOIL_TEST|CROP=rice|SOIL=sandy,soil_test,மண் பரிசோதனை,rice,நெல்,sandy,மணல் மண்,"crop,soil; add district/season/stage when present",retrieve canonical answer; live lookup for price/weather/schemes
AGR|SOIL_TEST|CROP=rice|SOIL=clay,soil_test,மண் பரிசோதனை,rice,நெல்,clay,களிமண்,"crop,soil; add district/season/stage when present",retrieve canonical answer; live lookup for price/weather/schemes
AGR|SOIL_TEST|CROP=rice|SOIL=loamy,soil_test,மண் பரிசோதனை,rice,நெல்,loamy,கலப்பு மண்,"crop,soil; add district/season/stage when present",retrieve canonical answer; live lookup for price/weather/schemes
AGR|SOIL_TEST|CROP=rice|SOIL=laterite,soil_test,மண் பரிசோதனை,rice,நெல்,laterite,சரளை மண்,"crop,soil; add district/season/stage when present",retrieve canonical answer; live lookup for price/weather/schemes
AGR|SOIL_TEST|CROP=banana|SOIL=red,soil_test,மண் பரிசோதனை,banana,வாழை,red,செம்மண்,"crop,soil; add district/season/stage when present",retrieve canonical answer; live lookup for price/weather/schemes
AGR|SOIL_TEST|CROP=banana|SOIL=black,soil_test,மண் பரிசோதனை,banana,வாழை,black,கரிசல் மண்,"crop,soil; add district/season/stage when present",retrieve canonical answer; live lookup for price/weather/schemes
AGR|SOIL_TEST|CROP=banana|SOIL=alluvial,soil_test,மண் பரிசோதனை,banana,வாழை,alluvial,வண்டல் மண்,"crop,soil; add district/season/stage when present",retrieve canonical answer; live lookup for price/weather/schemes
AGR|SOIL_TEST|CROP=banana|SOIL=sandy,soil_test,மண் பரிசோதனை,banana,வாழை,sandy,மணல் மண்,"crop,soil; add district/season/stage when present",retrieve canonical answer; live lookup for price/weather/schemes
AGR|SOIL_TEST|CROP=banana|SOIL=clay,soil_test,மண் பரிசோதனை,banana,வாழை,clay,களிமண்,"crop,soil; add district/season/stage when present",retrieve canonical answer; live lookup for price/weather/schemes
AGR|SOIL_TEST|CROP=banana|SOIL=loamy,soil_test,மண் பரிசோதனை,banana,வாழை,loamy,கலப்பு மண்,"crop,soil; add district/season/stage when present",retrieve canonical answer; live lookup for price/weather/schemes
AGR|SOIL_TEST|CROP=banana|SOIL=laterite,soil_test,மண் பரிசோதனை,banana,வாழை,laterite,சரளை மண்,"crop,soil; add district/season/stage when present",retrieve canonical answer; live lookup for price/weather/schemes
AGR|SOIL_TEST|CROP=sugarcane|SOIL=red,soil_test,மண் பரிசோதனை,sugarcane,கரும்பு,red,செம்மண்,"crop,soil; add district/season/stage when present",retrieve canonical answer; live lookup for price/weather/schemes
AGR|SOIL_TEST|CROP=sugarcane|SOIL=black,soil_test,மண் பரிசோதனை,sugarcane,கரும்பு,black,கரிசல் மண்,"crop,soil; add district/season/stage when present",retrieve canonical answer; live lookup for price/weather/schemes
AGR|SOIL_TEST|CROP=sugarcane|SOIL=alluvial,soil_test,மண் பரிசோதனை,sugarcane,கரும்பு,alluvial,வண்டல் மண்,"crop,soil; add district/season/stage when present",retrieve canonical answer; live lookup for price/weather/schemes
AGR|SOIL_TEST|CROP=sugarcane|SOIL=sandy,soil_test,மண் பரிசோதனை,sugarcane,கரும்பு,sandy,மணல் மண்,"crop,soil; add district/season/stage when present",retrieve canonical answer; live lookup for price/weather/schemes
AGR|SOIL_TEST|CROP=sugarcane|SOIL=clay,soil_test,மண் பரிசோதனை,sugarcane,கரும்பு,clay,களிமண்,"crop,soil; add district/season/stage when present",retrieve canonical answer; live lookup for price/weather/schemes
AGR|SOIL_TEST|CROP=sugarcane|SOIL=loamy,soil_test,மண் பரிசோதனை,sugarcane,கரும்பு,loamy,கலப்பு மண்,"crop,soil; add district/season/stage when present",retrieve canonical answer; live lookup for price/weather/schemes
AGR|SOIL_TEST|CROP=sugarcane|SOIL=laterite,soil_test,மண் பரிசோதனை,sugarcane,கரும்பு,laterite,சரளை மண்,"crop,soil; add district/season/stage when present",retrieve canonical answer; live lookup for price/weather/schemes
AGR|SOIL_TEST|CROP=cotton|SOIL=red,soil_test,மண் பரிசோதனை,cotton,பருத்தி,red,செம்மண்,"crop,soil; add district/season/stage when present",retrieve canonical answer; live lookup for price/weather/schemes
AGR|SOIL_TEST|CROP=cotton|SOIL=black,soil_test,மண் பரிசோதனை,cotton,பருத்தி,black,கரிசல் மண்,"crop,soil; add district/season/stage when present",retrieve canonical answer; live lookup for price/weather/schemes
AGR|SOIL_TEST|CROP=cotton|SOIL=alluvial,soil_test,மண் பரிசோதனை,cotton,பருத்தி,alluvial,வண்டல் மண்,"crop,soil; add district/season/stage when present",retrieve canonical answer; live lookup for price/weather/schemes
AGR|SOIL_TEST|CROP=cotton|SOIL=sandy,soil_test,மண் பரிசோதனை,cotton,பருத்தி,sandy,மணல் மண்,"crop,soil; add district/season/stage when present",retrieve canonical answer; live lookup for price/weather/schemes
AGR|SOIL_TEST|CROP=cotton|SOIL=clay,soil_test,மண் பரிசோதனை,cotton,பருத்தி,clay,களிமண்,"crop,soil; add district/season/stage when present",retrieve canonical answer; live lookup for price/weather/schemes
AGR|SOIL_TEST|CROP=cotton|SOIL=loamy,soil_test,மண் பரிசோதனை,cotton,பருத்தி,loamy,கலப்பு மண்,"crop,soil; add district/season/stage when present",retrieve canonical answer; live lookup for price/weather/schemes
AGR|SOIL_TEST|CROP=cotton|SOIL=laterite,soil_test,மண் பரிசோதனை,cotton,பருத்தி,laterite,சரளை மண்,"crop,soil; add district/season/stage when present",retrieve canonical answer; live lookup for price/weather/schemes
AGR|SOIL_TEST|CROP=groundnut|SOIL=red,soil_test,மண் பரிசோதனை,groundnut,நிலக்கடலை,red,செம்மண்,"crop,soil; add district/season/stage when present",retrieve canonical answer; live lookup for price/weather/schemes
AGR|SOIL_TEST|CROP=groundnut|SOIL=black,soil_test,மண் பரிசோதனை,groundnut,நிலக்கடலை,black,கரிசல் மண்,"crop,soil; add district/season/stage when present",retrieve canonical answer; live lookup for price/weather/schemes
AGR|SOIL_TEST|CROP=groundnut|SOIL=alluvial,soil_test,மண் பரிசோதனை,groundnut,நிலக்கடலை,alluvial,வண்டல் மண்,"crop,soil; add district/season/stage when present",retrieve canonical answer; live lookup for price/weather/schemes
AGR|SOIL_TEST|CROP=groundnut|SOIL=sandy,soil_test,மண் பரிசோதனை,groundnut,நிலக்கடலை,sandy,மணல் மண்,"crop,soil; add district/season/stage when present",retrieve canonical answer; live lookup for price/weather/schemes
AGR|SOIL_TEST|CROP=groundnut|SOIL=clay,soil_test,மண் பரிசோதனை,groundnut,நிலக்கடலை,clay,களிமண்,"crop,soil; add district/season/stage when present",retrieve canonical answer; live lookup for price/weather/schemes
AGR|SOIL_TEST|CROP=groundnut|SOIL=loamy,soil_test,மண் பரிசோதனை,groundnut,நிலக்கடலை,loamy,கலப்பு மண்,"crop,soil; add district/season/stage when present",retrieve canonical answer; live lookup for price/weather/schemes
AGR|SOIL_TEST|CROP=groundnut|SOIL=laterite,soil_test,மண் பரிசோதனை,groundnut,நிலக்கடலை,laterite,சரளை மண்,"crop,soil; add district/season/stage when present",retrieve canonical answer; live lookup for price/weather/schemes
AGR|SOIL_TEST|CROP=maize|SOIL=red,soil_test,மண் பரிசோதனை,maize,மக்காச்சோளம்,red,செம்மண்,"crop,soil; add district/season/stage when present",retrieve canonical answer; live lookup for price/weather/schemes
AGR|SOIL_TEST|CROP=maize|SOIL=black,soil_test,மண் பரிசோதனை,maize,மக்காச்சோளம்,black,கரிசல் மண்,"crop,soil; add district/season/stage when present",retrieve canonical answer; live lookup for price/weather/schemes
AGR|SOIL_TEST|CROP=maize|SOIL=alluvial,soil_test,மண் பரிசோதனை,maize,மக்காச்சோளம்,alluvial,வண்டல் மண்,"crop,soil; add district/season/stage when present",retrieve canonical answer; live lookup for price/weather/schemes
AGR|SOIL_TEST|CROP=maize|SOIL=sandy,soil_test,மண் பரிசோதனை,maize,மக்காச்சோளம்,sandy,மணல் மண்,"crop,soil; add district/season/stage when present",retrieve canonical answer; live lookup for price/weather/schemes
AGR|SOIL_TEST|CROP=maize|SOIL=clay,soil_test,மண் பரிசோதனை,maize,மக்காச்சோளம்,clay,களிமண்,"crop,soil; add district/season/stage when present",retrieve canonical answer; live lookup for price/weather/schemes
AGR|SOIL_TEST|CROP=maize|SOIL=loamy,soil_test,மண் பரிசோதனை,maize,மக்காச்சோளம்,loamy,கலப்பு மண்,"crop,soil; add district/season/stage when present",retrieve canonical answer; live lookup for price/weather/schemes
AGR|SOIL_TEST|CROP=maize|SOIL=laterite,soil_test,மண் பரிசோதனை,maize,மக்காச்சோளம்,laterite,சரளை மண்,"crop,soil; add district/season/stage when present",retrieve canonical answer; live lookup for price/weather/schemes
AGR|SOIL_TEST|CROP=millet|SOIL=red,soil_test,மண் பரிசோதனை,millet,கம்பு,red,செம்மண்,"crop,soil; add district/season/stage when present",retrieve canonical answer; live lookup for price/weather/schemes
AGR|SOIL_TEST|CROP=millet|SOIL=black,soil_test,மண் பரிசோதனை,millet,கம்பு,black,கரிசல் மண்,"crop,soil; add district/season/stage when present",retrieve canonical answer; live lookup for price/weather/schemes
AGR|SOIL_TEST|CROP=millet|SOIL=alluvial,soil_test,மண் பரிசோதனை,millet,கம்பு,alluvial,வண்டல் மண்,"crop,soil; add district/season/stage when present",retrieve canonical answer; live lookup for price/weather/schemes
AGR|SOIL_TEST|CROP=millet|SOIL=sandy,soil_test,மண் பரிசோதனை,millet,கம்பு,sandy,மணல் மண்,"crop,soil; add district/season/stage when present",retrieve canonical answer; live lookup for price/weather/schemes
AGR|SOIL_TEST|CROP=millet|SOIL=clay,soil_test,மண் பரிசோதனை,millet,கம்பு,clay,களிமண்,"crop,soil; add district/season/stage when present",retrieve canonical answer; live lookup for price/weather/schemes
AGR|SOIL_TEST|CROP=millet|SOIL=loamy,soil_test,மண் பரிசோதனை,millet,கம்பு,loamy,கலப்பு மண்,"crop,soil; add district/season/stage when present",retrieve canonical answer; live lookup for price/weather/schemes
AGR|SOIL_TEST|CROP=millet|SOIL=laterite,soil_test,மண் பரிசோதனை,millet,கம்பு,laterite,சரளை மண்,"crop,soil; add district/season/stage when present",retrieve canonical answer; live lookup for price/weather/schemes
AGR|SOIL_TEST|CROP=tomato|SOIL=red,soil_test,மண் பரிசோதனை,tomato,தக்காளி,red,செம்மண்,"crop,soil; add district/season/stage when present",retrieve canonical answer; live lookup for price/weather/schemes
AGR|SOIL_TEST|CROP=tomato|SOIL=black,soil_test,மண் பரிசோதனை,tomato,தக்காளி,black,கரிசல் மண்,"crop,soil; add district/season/stage when present",retrieve canonical answer; live lookup for price/weather/schemes
AGR|SOIL_TEST|CROP=tomato|SOIL=alluvial,soil_test,மண் பரிசோதனை,tomato,தக்காளி,alluvial,வண்டல் மண்,"crop,soil; add district/season/stage when present",retrieve canonical answer; live lookup for price/weather/schemes
AGR|SOIL_TEST|CROP=tomato|SOIL=sandy,soil_test,மண் பரிசோதனை,tomato,தக்காளி,sandy,மணல் மண்,"crop,soil; add district/season/stage when present",retrieve canonical answer; live lookup for price/weather/schemes
AGR|SOIL_TEST|CROP=tomato|SOIL=clay,soil_test,மண் பரிசோதனை,tomato,தக்காளி,clay,களிமண்,"crop,soil; add district/season/stage when present",retrieve canonical answer; live lookup for price/weather/schemes
AGR|SOIL_TEST|CROP=tomato|SOIL=loamy,soil_test,மண் பரிசோதனை,tomato,தக்காளி,loamy,கலப்பு மண்,"crop,soil; add district/season/stage when present",retrieve canonical answer; live lookup for price/weather/schemes
AGR|SOIL_TEST|CROP=tomato|SOIL=laterite,soil_test,மண் பரிசோதனை,tomato,தக்காளி,laterite,சரளை மண்,"crop,soil; add district/season/stage when present",retrieve canonical answer; live lookup for price/weather/schemes
AGR|SOIL_TEST|CROP=chilli|SOIL=red,soil_test,மண் பரிசோதனை,chilli,மிளகாய்,red,செம்மண்,"crop,soil; add district/season/stage when present",retrieve canonical answer; live lookup for price/weather/schemes
AGR|SOIL_TEST|CROP=chilli|SOIL=black,soil_test,மண் பரிசோதனை,chilli,மிளகாய்,black,கரிசல் மண்,"crop,soil; add district/season/stage when present",retrieve canonical answer; live lookup for price/weather/schemes
AGR|SOIL_TEST|CROP=chilli|SOIL=alluvial,soil_test,மண் பரிசோதனை,chilli,மிளகாய்,alluvial,வண்டல் மண்,"crop,soil; add district/season/stage when present",retrieve canonical answer; live lookup for price/weather/schemes
AGR|SOIL_TEST|CROP=chilli|SOIL=sandy,soil_test,மண் பரிசோதனை,chilli,மிளகாய்,sandy,மணல் மண்,"crop,soil; add district/season/stage when present",retrieve canonical answer; live lookup for price/weather/schemes
AGR|SOIL_TEST|CROP=chilli|SOIL=clay,soil_test,மண் பரிசோதனை,chilli,மிளகாய்,clay,களிமண்,"crop,soil; add district/season/stage when present",retrieve canonical answer; live lookup for price/weather/schemes
AGR|SOIL_TEST|CROP=chilli|SOIL=loamy,soil_test,மண் பரிசோதனை,chilli,மிளகாய்,loamy,கலப்பு மண்,"crop,soil; add district/season/stage when present",retrieve canonical answer; live lookup for price/weather/schemes
AGR|SOIL_TEST|CROP=chilli|SOIL=laterite,soil_test,மண் பரிசோதனை,chilli,மிளகாய்,laterite,சரளை மண்,"crop,soil; add district/season/stage when present",retrieve canonical answer; live lookup for price/weather/schemes
AGR|SOIL_TEST|CROP=onion|SOIL=red,soil_test,மண் பரிசோதனை,onion,வெங்காயம்,red,செம்மண்,"crop,soil; add district/season/stage when present",retrieve canonical answer; live lookup for price/weather/schemes
AGR|SOIL_TEST|CROP=onion|SOIL=black,soil_test,மண் பரிசோதனை,onion,வெங்காயம்,black,கரிசல் மண்,"crop,soil; add district/season/stage when present",retrieve canonical answer; live lookup for price/weather/schemes
AGR|SOIL_TEST|CROP=onion|SOIL=alluvial,soil_test,மண் பரிசோதனை,onion,வெங்காயம்,alluvial,வண்டல் மண்,"crop,soil; add district/season/stage when present",retrieve canonical answer; live lookup for price/weather/schemes
AGR|SOIL_TEST|CROP=onion|SOIL=sandy,soil_test,மண் பரிசோதனை,onion,வெங்காயம்,sandy,மணல் மண்,"crop,soil; add district/season/stage when present",retrieve canonical answer; live lookup for price/weather/schemes
AGR|SOIL_TEST|CROP=onion|SOIL=clay,soil_test,மண் பரிசோதனை,onion,வெங்காயம்,clay,களிமண்,"crop,soil; add district/season/stage when present",retrieve canonical answer; live lookup for price/weather/schemes
AGR|SOIL_TEST|CROP=onion|SOIL=loamy,soil_test,மண் பரிசோதனை,onion,வெங்காயம்,loamy,கலப்பு மண்,"crop,soil; add district/season/stage when present",retrieve canonical answer; live lookup for price/weather/schemes
AGR|SOIL_TEST|CROP=onion|SOIL=laterite,soil_test,மண் பரிசோதனை,onion,வெங்காயம்,laterite,சரளை மண்,"crop,soil; add district/season/stage when present",retrieve canonical answer; live lookup for price/weather/schemes
AGR|SOIL_TEST|CROP=turmeric|SOIL=red,soil_test,மண் பரிசோதனை,turmeric,மஞ்சள்,red,செம்மண்,"crop,soil; add district/season/stage when present",retrieve canonical answer; live lookup for price/weather/schemes
AGR|SOIL_TEST|CROP=turmeric|SOIL=black,soil_test,மண் பரிசோதனை,turmeric,மஞ்சள்,black,கரிசல் மண்,"crop,soil; add district/season/stage when present",retrieve canonical answer; live lookup for price/weather/schemes
AGR|SOIL_TEST|CROP=turmeric|SOIL=alluvial,soil_test,மண் பரிசோதனை,turmeric,மஞ்சள்,alluvial,வண்டல் மண்,"crop,soil; add district/season/stage when present",retrieve canonical answer; live lookup for price/weather/schemes
AGR|SOIL_TEST|CROP=turmeric|SOIL=sandy,soil_test,மண் பரிசோதனை,turmeric,மஞ்சள்,sandy,மணல் மண்,"crop,soil; add district/season/stage when present",retrieve canonical answer; live lookup for price/weather/schemes
AGR|SOIL_TEST|CROP=turmeric|SOIL=clay,soil_test,மண் பரிசோதனை,turmeric,மஞ்சள்,clay,களிமண்,"crop,soil; add district/season/stage when present",retrieve canonical answer; live lookup for price/weather/schemes
AGR|SOIL_TEST|CROP=turmeric|SOIL=loamy,soil_test,மண் பரிசோதனை,turmeric,மஞ்சள்,loamy,கலப்பு மண்,"crop,soil; add district/season/stage when present",retrieve canonical answer; live lookup for price/weather/schemes
AGR|SOIL_TEST|CROP=turmeric|SOIL=laterite,soil_test,மண் பரிசோதனை,turmeric,மஞ்சள்,laterite,சரளை மண்,"crop,soil; add district/season/stage when present",retrieve canonical answer; live lookup for price/weather/schemes
AGR|SOIL_TEST|CROP=brinjal|SOIL=red,soil_test,மண் பரிசோதனை,brinjal,கத்தரிக்காய்,red,செம்மண்,"crop,soil; add district/season/stage when present",retrieve canonical answer; live lookup for price/weather/schemes
AGR|SOIL_TEST|CROP=brinjal|SOIL=black,soil_test,மண் பரிசோதனை,brinjal,கத்தரிக்காய்,black,கரிசல் மண்,"crop,soil; add district/season/stage when present",retrieve canonical answer; live lookup for price/weather/schemes
AGR|SOIL_TEST|CROP=brinjal|SOIL=alluvial,soil_test,மண் பரிசோதனை,brinjal,கத்தரிக்காய்,alluvial,வண்டல் மண்,"crop,soil; add district/season/stage when present",retrieve canonical answer; live lookup for price/weather/schemes
AGR|SOIL_TEST|CROP=brinjal|SOIL=sandy,soil_test,மண் பரிசோதனை,brinjal,கத்தரிக்காய்,sandy,மணல் மண்,"crop,soil; add district/season/stage when present",retrieve canonical answer; live lookup for price/weather/schemes
AGR|SOIL_TEST|CROP=brinjal|SOIL=clay,soil_test,மண் பரிசோதனை,brinjal,கத்தரிக்காய்,clay,களிமண்,"crop,soil; add district/season/stage when present",retrieve canonical answer; live lookup for price/weather/schemes
AGR|SOIL_TEST|CROP=brinjal|SOIL=loamy,soil_test,மண் பரிசோதனை,brinjal,கத்தரிக்காய்,loamy,கலப்பு மண்,"crop,soil; add district/season/stage when present",retrieve canonical answer; live lookup for price/weather/schemes
AGR|SOIL_TEST|CROP=brinjal|SOIL=laterite,soil_test,மண் பரிசோதனை,brinjal,கத்தரிக்காய்,laterite,சரளை மண்,"crop,soil; add district/season/stage when present",retrieve canonical answer; live lookup for price/weather/schemes
AGR|SOIL_TEST|CROP=okra|SOIL=red,soil_test,மண் பரிசோதனை,okra,வெண்டைக்காய்,red,செம்மண்,"crop,soil; add district/season/stage when present",retrieve canonical answer; live lookup for price/weather/schemes
AGR|SOIL_TEST|CROP=okra|SOIL=black,soil_test,மண் பரிசோதனை,okra,வெண்டைக்காய்,black,கரிசல் மண்,"crop,soil; add district/season/stage when present",retrieve canonical answer; live lookup for price/weather/schemes
AGR|SOIL_TEST|CROP=okra|SOIL=alluvial,soil_test,மண் பரிசோதனை,okra,வெண்டைக்காய்,alluvial,வண்டல் மண்,"crop,soil; add district/season/stage when present",retrieve canonical answer; live lookup for price/weather/schemes
AGR|SOIL_TEST|CROP=okra|SOIL=sandy,soil_test,மண் பரிசோதனை,okra,வெண்டைக்காய்,sandy,மணல் மண்,"crop,soil; add district/season/stage when present",retrieve canonical answer; live lookup for price/weather/schemes
AGR|SOIL_TEST|CROP=okra|SOIL=clay,soil_test,மண் பரிசோதனை,okra,வெண்டைக்காய்,clay,களிமண்,"crop,soil; add district/season/stage when present",retrieve canonical answer; live lookup for price/weather/schemes
AGR|SOIL_TEST|CROP=okra|SOIL=loamy,soil_test,மண் பரிசோதனை,okra,வெண்டைக்காய்,loamy,கலப்பு மண்,"crop,soil; add district/season/stage when present",retrieve canonical answer; live lookup for price/weather/schemes
AGR|SOIL_TEST|CROP=okra|SOIL=laterite,soil_test,மண் பரிசோதனை,okra,வெண்டைக்காய்,laterite,சரளை மண்,"crop,soil; add district/season/stage when present",retrieve canonical answer; live lookup for price/weather/schemes
AGR|SOIL_TEST|CROP=coconut|SOIL=red,soil_test,மண் பரிசோதனை,coconut,தென்னை,red,செம்மண்,"crop,soil; add district/season/stage when present",retrieve canonical answer; live lookup for price/weather/schemes
AGR|SOIL_TEST|CROP=coconut|SOIL=black,soil_test,மண் பரிசோதனை,coconut,தென்னை,black,கரிசல் மண்,"crop,soil; add district/season/stage when present",retrieve canonical answer; live lookup for price/weather/schemes
AGR|SOIL_TEST|CROP=coconut|SOIL=alluvial,soil_test,மண் பரிசோதனை,coconut,தென்னை,alluvial,வண்டல் மண்,"crop,soil; add district/season/stage when present",retrieve canonical answer; live lookup for price/weather/schemes
AGR|SOIL_TEST|CROP=coconut|SOIL=sandy,soil_test,மண் பரிசோதனை,coconut,தென்னை,sandy,மணல் மண்,"crop,soil; add district/season/stage when present",retrieve canonical answer; live lookup for price/weather/schemes
AGR|SOIL_TEST|CROP=coconut|SOIL=clay,soil_test,மண் பரிசோதனை,coconut,தென்னை,clay,களிமண்,"crop,soil; add district/season/stage when present",retrieve canonical answer; live lookup for price/weather/schemes
AGR|SOIL_TEST|CROP=coconut|SOIL=loamy,soil_test,மண் பரிசோதனை,coconut,தென்னை,loamy,கலப்பு மண்,"crop,soil; add district/season/stage when present",retrieve canonical answer; live lookup for price/weather/schemes
AGR|SOIL_TEST|CROP=coconut|SOIL=laterite,soil_test,மண் பரிசோதனை,coconut,தென்னை,laterite,சரளை மண்,"crop,soil; add district/season/stage when present",retrieve canonical answer; live lookup for price/weather/schemes
AGR|SOIL_TEST|CROP=pulses|SOIL=red,soil_test,மண் பரிசோதனை,pulses,பயறு,red,செம்மண்,"crop,soil; add district/season/stage when present",retrieve canonical answer; live lookup for price/weather/schemes
AGR|SOIL_TEST|CROP=pulses|SOIL=black,soil_test,மண் பரிசோதனை,pulses,பயறு,black,கரிசல் மண்,"crop,soil; add district/season/stage when present",retrieve canonical answer; live lookup for price/weather/schemes
AGR|SOIL_TEST|CROP=pulses|SOIL=alluvial,soil_test,மண் பரிசோதனை,pulses,பயறு,alluvial,வண்டல் மண்,"crop,soil; add district/season/stage when present",retrieve canonical answer; live lookup for price/weather/schemes
AGR|SOIL_TEST|CROP=pulses|SOIL=sandy,soil_test,மண் பரிசோதனை,pulses,பயறு,sandy,மணல் மண்,"crop,soil; add district/season/stage when present",retrieve canonical answer; live lookup for price/weather/schemes
AGR|SOIL_TEST|CROP=pulses|SOIL=clay,soil_test,மண் பரிசோதனை,pulses,பயறு,clay,களிமண்,"crop,soil; add district/season/stage when present",retrieve canonical answer; live lookup for price/weather/schemes
AGR|SOIL_TEST|CROP=pulses|SOIL=loamy,soil_test,மண் பரிசோதனை,pulses,பயறு,loamy,கலப்பு மண்,"crop,soil; add district/season/stage when present",retrieve canonical answer; live lookup for price/weather/schemes
AGR|SOIL_TEST|CROP=pulses|SOIL=laterite,soil_test,மண் பரிசோதனை,pulses,பயறு,laterite,சரளை மண்,"crop,soil; add district/season/stage when present",retrieve canonical answer; live lookup for price/weather/schemes
AGR|SOIL_TEST|CROP=sesame|SOIL=red,soil_test,மண் பரிசோதனை,sesame,எள்,red,செம்மண்,"crop,soil; add district/season/stage when present",retrieve canonical answer; live lookup for price/weather/schemes
AGR|SOIL_TEST|CROP=sesame|SOIL=black,soil_test,மண் பரிசோதனை,sesame,எள்,black,கரிசல் மண்,"crop,soil; add district/season/stage when present",retrieve canonical answer; live lookup for price/weather/schemes
AGR|SOIL_TEST|CROP=sesame|SOIL=alluvial,soil_test,மண் பரிசோதனை,sesame,எள்,alluvial,வண்டல் மண்,"crop,soil; add district/season/stage when present",retrieve canonical answer; live lookup for price/weather/schemes
AGR|SOIL_TEST|CROP=sesame|SOIL=sandy,soil_test,மண் பரிசோதனை,sesame,எள்,sandy,மணல் மண்,"crop,soil; add district/season/stage when present",retrieve canonical answer; live lookup for price/weather/schemes
AGR|SOIL_TEST|CROP=sesame|SOIL=clay,soil_test,மண் பரிசோதனை,sesame,எள்,clay,களிமண்,"crop,soil; add district/season/stage when present",retrieve canonical answer; live lookup for price/weather/schemes
AGR|SOIL_TEST|CROP=sesame|SOIL=loamy,soil_test,மண் பரிசோதனை,sesame,எள்,loamy,கலப்பு மண்,"crop,soil; add district/season/stage when present",retrieve canonical answer; live lookup for price/weather/schemes
AGR|SOIL_TEST|CROP=sesame|SOIL=laterite,soil_test,மண் பரிசோதனை,sesame,எள்,laterite,சரளை மண்,"crop,soil; add district/season/stage when present",retrieve canonical answer; live lookup for price/weather/schemes
AGR|SOIL_TEST|CROP=tapioca|SOIL=red,soil_test,மண் பரிசோதனை,tapioca,மரவள்ளி,red,செம்மண்,"crop,soil; add district/season/stage when present",retrieve canonical answer; live lookup for price/weather/schemes
AGR|SOIL_TEST|CROP=tapioca|SOIL=black,soil_test,மண் பரிசோதனை,tapioca,மரவள்ளி,black,கரிசல் மண்,"crop,soil; add district/season/stage when present",retrieve canonical answer; live lookup for price/weather/schemes
AGR|SOIL_TEST|CROP=tapioca|SOIL=alluvial,soil_test,மண் பரிசோதனை,tapioca,மரவள்ளி,alluvial,வண்டல் மண்,"crop,soil; add district/season/stage when present",retrieve canonical answer; live lookup for price/weather/schemes
AGR|SOIL_TEST|CROP=tapioca|SOIL=sandy,soil_test,மண் பரிசோதனை,tapioca,மரவள்ளி,sandy,மணல் மண்,"crop,soil; add district/season/stage when present",retrieve canonical answer; live lookup for price/weather/schemes
AGR|SOIL_TEST|CROP=tapioca|SOIL=clay,soil_test,மண் பரிசோதனை,tapioca,மரவள்ளி,clay,களிமண்,"crop,soil; add district/season/stage when present",retrieve canonical answer; live lookup for price/weather/schemes
AGR|SOIL_TEST|CROP=tapioca|SOIL=loamy,soil_test,மண் பரிசோதனை,tapioca,மரவள்ளி,loamy,கலப்பு மண்,"crop,soil; add district/season/stage when present",retrieve canonical answer; live lookup for price/weather/schemes
AGR|SOIL_TEST|CROP=tapioca|SOIL=laterite,soil_test,மண் பரிசோதனை,tapioca,மரவள்ளி,laterite,சரளை மண்,"crop,soil; add district/season/stage when present",retrieve canonical answer; live lookup for price/weather/schemes
AGR|SOIL_TEST|CROP=drumstick|SOIL=red,soil_test,மண் பரிசோதனை,drumstick,முருங்கை,red,செம்மண்,"crop,soil; add district/season/stage when present",retrieve canonical answer; live lookup for price/weather/schemes
AGR|SOIL_TEST|CROP=drumstick|SOIL=black,soil_test,மண் பரிசோதனை,drumstick,முருங்கை,black,கரிசல் மண்,"crop,soil; add district/season/stage when present",retrieve canonical answer; live lookup for price/weather/schemes
AGR|SOIL_TEST|CROP=drumstick|SOIL=alluvial,soil_test,மண் பரிசோதனை,drumstick,முருங்கை,alluvial,வண்டல் மண்,"crop,soil; add district/season/stage when present",retrieve canonical answer; live lookup for price/weather/schemes
AGR|SOIL_TEST|CROP=drumstick|SOIL=sandy,soil_test,மண் பரிசோதனை,drumstick,முருங்கை,sandy,மணல் மண்,"crop,soil; add district/season/stage when present",retrieve canonical answer; live lookup for price/weather/schemes
AGR|SOIL_TEST|CROP=drumstick|SOIL=clay,soil_test,மண் பரிசோதனை,drumstick,முருங்கை,clay,களிமண்,"crop,soil; add district/season/stage when present",retrieve canonical answer; live lookup for price/weather/schemes
AGR|SOIL_TEST|CROP=drumstick|SOIL=loamy,soil_test,மண் பரிசோதனை,drumstick,முருங்கை,loamy,கலப்பு மண்,"crop,soil; add district/season/stage when present",retrieve canonical answer; live lookup for price/weather/schemes
AGR|SOIL_TEST|CROP=drumstick|SOIL=laterite,soil_test,மண் பரிசோதனை,drumstick,முருங்கை,laterite,சரளை மண்,"crop,soil; add district/season/stage when present",retrieve canonical answer; live lookup for price/weather/schemes
AGR|PESTICIDE_SAFETY|CROP=rice|SOIL=red,pesticide_safety,மருந்து பாதுகாப்பு,rice,நெல்,red,செம்மண்,"crop,soil; add district/season/stage when present",retrieve canonical answer; live lookup for price/weather/schemes
AGR|PESTICIDE_SAFETY|CROP=rice|SOIL=black,pesticide_safety,மருந்து பாதுகாப்பு,rice,நெல்,black,கரிசல் மண்,"crop,soil; add district/season/stage when present",retrieve canonical answer; live lookup for price/weather/schemes
AGR|PESTICIDE_SAFETY|CROP=rice|SOIL=alluvial,pesticide_safety,மருந்து பாதுகாப்பு,rice,நெல்,alluvial,வண்டல் மண்,"crop,soil; add district/season/stage when present",retrieve canonical answer; live lookup for price/weather/schemes
AGR|PESTICIDE_SAFETY|CROP=rice|SOIL=sandy,pesticide_safety,மருந்து பாதுகாப்பு,rice,நெல்,sandy,மணல் மண்,"crop,soil; add district/season/stage when present",retrieve canonical answer; live lookup for price/weather/schemes
AGR|PESTICIDE_SAFETY|CROP=rice|SOIL=clay,pesticide_safety,மருந்து பாதுகாப்பு,rice,நெல்,clay,களிமண்,"crop,soil; add district/season/stage when present",retrieve canonical answer; live lookup for price/weather/schemes
AGR|PESTICIDE_SAFETY|CROP=rice|SOIL=loamy,pesticide_safety,மருந்து பாதுகாப்பு,rice,நெல்,loamy,கலப்பு மண்,"crop,soil; add district/season/stage when present",retrieve canonical answer; live lookup for price/weather/schemes
AGR|PESTICIDE_SAFETY|CROP=rice|SOIL=laterite,pesticide_safety,மருந்து பாதுகாப்பு,rice,நெல்,laterite,சரளை மண்,"crop,soil; add district/season/stage when present",retrieve canonical answer; live lookup for price/weather/schemes
AGR|PESTICIDE_SAFETY|CROP=banana|SOIL=red,pesticide_safety,மருந்து பாதுகாப்பு,banana,வாழை,red,செம்மண்,"crop,soil; add district/season/stage when present",retrieve canonical answer; live lookup for price/weather/schemes
AGR|PESTICIDE_SAFETY|CROP=banana|SOIL=black,pesticide_safety,மருந்து பாதுகாப்பு,banana,வாழை,black,கரிசல் மண்,"crop,soil; add district/season/stage when present",retrieve canonical answer; live lookup for price/weather/schemes
AGR|PESTICIDE_SAFETY|CROP=banana|SOIL=alluvial,pesticide_safety,மருந்து பாதுகாப்பு,banana,வாழை,alluvial,வண்டல் மண்,"crop,soil; add district/season/stage when present",retrieve canonical answer; live lookup for price/weather/schemes
AGR|PESTICIDE_SAFETY|CROP=banana|SOIL=sandy,pesticide_safety,மருந்து பாதுகாப்பு,banana,வாழை,sandy,மணல் மண்,"crop,soil; add district/season/stage when present",retrieve canonical answer; live lookup for price/weather/schemes
AGR|PESTICIDE_SAFETY|CROP=banana|SOIL=clay,pesticide_safety,மருந்து பாதுகாப்பு,banana,வாழை,clay,களிமண்,"crop,soil; add district/season/stage when present",retrieve canonical answer; live lookup for price/weather/schemes
AGR|PESTICIDE_SAFETY|CROP=banana|SOIL=loamy,pesticide_safety,மருந்து பாதுகாப்பு,banana,வாழை,loamy,கலப்பு மண்,"crop,soil; add district/season/stage when present",retrieve canonical answer; live lookup for price/weather/schemes
AGR|PESTICIDE_SAFETY|CROP=banana|SOIL=laterite,pesticide_safety,மருந்து பாதுகாப்பு,banana,வாழை,laterite,சரளை மண்,"crop,soil; add district/season/stage when present",retrieve canonical answer; live lookup for price/weather/schemes
AGR|PESTICIDE_SAFETY|CROP=sugarcane|SOIL=red,pesticide_safety,மருந்து பாதுகாப்பு,sugarcane,கரும்பு,red,செம்மண்,"crop,soil; add district/season/stage when present",retrieve canonical answer; live lookup for price/weather/schemes
AGR|PESTICIDE_SAFETY|CROP=sugarcane|SOIL=black,pesticide_safety,மருந்து பாதுகாப்பு,sugarcane,கரும்பு,black,கரிசல் மண்,"crop,soil; add district/season/stage when present",retrieve canonical answer; live lookup for price/weather/schemes
AGR|PESTICIDE_SAFETY|CROP=sugarcane|SOIL=alluvial,pesticide_safety,மருந்து பாதுகாப்பு,sugarcane,கரும்பு,alluvial,வண்டல் மண்,"crop,soil; add district/season/stage when present",retrieve canonical answer; live lookup for price/weather/schemes
AGR|PESTICIDE_SAFETY|CROP=sugarcane|SOIL=sandy,pesticide_safety,மருந்து பாதுகாப்பு,sugarcane,கரும்பு,sandy,மணல் மண்,"crop,soil; add district/season/stage when present",retrieve canonical answer; live lookup for price/weather/schemes
AGR|PESTICIDE_SAFETY|CROP=sugarcane|SOIL=clay,pesticide_safety,மருந்து பாதுகாப்பு,sugarcane,கரும்பு,clay,களிமண்,"crop,soil; add district/season/stage when present",retrieve canonical answer; live lookup for price/weather/schemes
AGR|PESTICIDE_SAFETY|CROP=sugarcane|SOIL=loamy,pesticide_safety,மருந்து பாதுகாப்பு,sugarcane,கரும்பு,loamy,கலப்பு மண்,"crop,soil; add district/season/stage when present",retrieve canonical answer; live lookup for price/weather/schemes
AGR|PESTICIDE_SAFETY|CROP=sugarcane|SOIL=laterite,pesticide_safety,மருந்து பாதுகாப்பு,sugarcane,கரும்பு,laterite,சரளை மண்,"crop,soil; add district/season/stage when present",retrieve canonical answer; live lookup for price/weather/schemes
AGR|PESTICIDE_SAFETY|CROP=cotton|SOIL=red,pesticide_safety,மருந்து பாதுகாப்பு,cotton,பருத்தி,red,செம்மண்,"crop,soil; add district/season/stage when present",retrieve canonical answer; live lookup for price/weather/schemes
AGR|PESTICIDE_SAFETY|CROP=cotton|SOIL=black,pesticide_safety,மருந்து பாதுகாப்பு,cotton,பருத்தி,black,கரிசல் மண்,"crop,soil; add district/season/stage when present",retrieve canonical answer; live lookup for price/weather/schemes
AGR|PESTICIDE_SAFETY|CROP=cotton|SOIL=alluvial,pesticide_safety,மருந்து பாதுகாப்பு,cotton,பருத்தி,alluvial,வண்டல் மண்,"crop,soil; add district/season/stage when present",retrieve canonical answer; live lookup for price/weather/schemes
AGR|PESTICIDE_SAFETY|CROP=cotton|SOIL=sandy,pesticide_safety,மருந்து பாதுகாப்பு,cotton,பருத்தி,sandy,மணல் மண்,"crop,soil; add district/season/stage when present",retrieve canonical answer; live lookup for price/weather/schemes
AGR|PESTICIDE_SAFETY|CROP=cotton|SOIL=clay,pesticide_safety,மருந்து பாதுகாப்பு,cotton,பருத்தி,clay,களிமண்,"crop,soil; add district/season/stage when present",retrieve canonical answer; live lookup for price/weather/schemes
AGR|PESTICIDE_SAFETY|CROP=cotton|SOIL=loamy,pesticide_safety,மருந்து பாதுகாப்பு,cotton,பருத்தி,loamy,கலப்பு மண்,"crop,soil; add district/season/stage when present",retrieve canonical answer; live lookup for price/weather/schemes
AGR|PESTICIDE_SAFETY|CROP=cotton|SOIL=laterite,pesticide_safety,மருந்து பாதுகாப்பு,cotton,பருத்தி,laterite,சரளை மண்,"crop,soil; add district/season/stage when present",retrieve canonical answer; live lookup for price/weather/schemes
AGR|PESTICIDE_SAFETY|CROP=groundnut|SOIL=red,pesticide_safety,மருந்து பாதுகாப்பு,groundnut,நிலக்கடலை,red,செம்மண்,"crop,soil; add district/season/stage when present",retrieve canonical answer; live lookup for price/weather/schemes
AGR|PESTICIDE_SAFETY|CROP=groundnut|SOIL=black,pesticide_safety,மருந்து பாதுகாப்பு,groundnut,நிலக்கடலை,black,கரிசல் மண்,"crop,soil; add district/season/stage when present",retrieve canonical answer; live lookup for price/weather/schemes
AGR|PESTICIDE_SAFETY|CROP=groundnut|SOIL=alluvial,pesticide_safety,மருந்து பாதுகாப்பு,groundnut,நிலக்கடலை,alluvial,வண்டல் மண்,"crop,soil; add district/season/stage when present",retrieve canonical answer; live lookup for price/weather/schemes
AGR|PESTICIDE_SAFETY|CROP=groundnut|SOIL=sandy,pesticide_safety,மருந்து பாதுகாப்பு,groundnut,நிலக்கடலை,sandy,மணல் மண்,"crop,soil; add district/season/stage when present",retrieve canonical answer; live lookup for price/weather/schemes
AGR|PESTICIDE_SAFETY|CROP=groundnut|SOIL=clay,pesticide_safety,மருந்து பாதுகாப்பு,groundnut,நிலக்கடலை,clay,களிமண்,"crop,soil; add district/season/stage when present",retrieve canonical answer; live lookup for price/weather/schemes
AGR|PESTICIDE_SAFETY|CROP=groundnut|SOIL=loamy,pesticide_safety,மருந்து பாதுகாப்பு,groundnut,நிலக்கடலை,loamy,கலப்பு மண்,"crop,soil; add district/season/stage when present",retrieve canonical answer; live lookup for price/weather/schemes
AGR|PESTICIDE_SAFETY|CROP=groundnut|SOIL=laterite,pesticide_safety,மருந்து பாதுகாப்பு,groundnut,நிலக்கடலை,laterite,சரளை மண்,"crop,soil; add district/season/stage when present",retrieve canonical answer; live lookup for price/weather/schemes
AGR|PESTICIDE_SAFETY|CROP=maize|SOIL=red,pesticide_safety,மருந்து பாதுகாப்பு,maize,மக்காச்சோளம்,red,செம்மண்,"crop,soil; add district/season/stage when present",retrieve canonical answer; live lookup for price/weather/schemes
AGR|PESTICIDE_SAFETY|CROP=maize|SOIL=black,pesticide_safety,மருந்து பாதுகாப்பு,maize,மக்காச்சோளம்,black,கரிசல் மண்,"crop,soil; add district/season/stage when present",retrieve canonical answer; live lookup for price/weather/schemes
AGR|PESTICIDE_SAFETY|CROP=maize|SOIL=alluvial,pesticide_safety,மருந்து பாதுகாப்பு,maize,மக்காச்சோளம்,alluvial,வண்டல் மண்,"crop,soil; add district/season/stage when present",retrieve canonical answer; live lookup for price/weather/schemes
AGR|PESTICIDE_SAFETY|CROP=maize|SOIL=sandy,pesticide_safety,மருந்து பாதுகாப்பு,maize,மக்காச்சோளம்,sandy,மணல் மண்,"crop,soil; add district/season/stage when present",retrieve canonical answer; live lookup for price/weather/schemes
AGR|PESTICIDE_SAFETY|CROP=maize|SOIL=clay,pesticide_safety,மருந்து பாதுகாப்பு,maize,மக்காச்சோளம்,clay,களிமண்,"crop,soil; add district/season/stage when present",retrieve canonical answer; live lookup for price/weather/schemes
AGR|PESTICIDE_SAFETY|CROP=maize|SOIL=loamy,pesticide_safety,மருந்து பாதுகாப்பு,maize,மக்காச்சோளம்,loamy,கலப்பு மண்,"crop,soil; add district/season/stage when present",retrieve canonical answer; live lookup for price/weather/schemes
AGR|PESTICIDE_SAFETY|CROP=maize|SOIL=laterite,pesticide_safety,மருந்து பாதுகாப்பு,maize,மக்காச்சோளம்,laterite,சரளை மண்,"crop,soil; add district/season/stage when present",retrieve canonical answer; live lookup for price/weather/schemes
AGR|PESTICIDE_SAFETY|CROP=millet|SOIL=red,pesticide_safety,மருந்து பாதுகாப்பு,millet,கம்பு,red,செம்மண்,"crop,soil; add district/season/stage when present",retrieve canonical answer; live lookup for price/weather/schemes
AGR|PESTICIDE_SAFETY|CROP=millet|SOIL=black,pesticide_safety,மருந்து பாதுகாப்பு,millet,கம்பு,black,கரிசல் மண்,"crop,soil; add district/season/stage when present",retrieve canonical answer; live lookup for price/weather/schemes
AGR|PESTICIDE_SAFETY|CROP=millet|SOIL=alluvial,pesticide_safety,மருந்து பாதுகாப்பு,millet,கம்பு,alluvial,வண்டல் மண்,"crop,soil; add district/season/stage when present",retrieve canonical answer; live lookup for price/weather/schemes
AGR|PESTICIDE_SAFETY|CROP=millet|SOIL=sandy,pesticide_safety,மருந்து பாதுகாப்பு,millet,கம்பு,sandy,மணல் மண்,"crop,soil; add district/season/stage when present",retrieve canonical answer; live lookup for price/weather/schemes
AGR|PESTICIDE_SAFETY|CROP=millet|SOIL=clay,pesticide_safety,மருந்து பாதுகாப்பு,millet,கம்பு,clay,களிமண்,"crop,soil; add district/season/stage when present",retrieve canonical answer; live lookup for price/weather/schemes
AGR|PESTICIDE_SAFETY|CROP=millet|SOIL=loamy,pesticide_safety,மருந்து பாதுகாப்பு,millet,கம்பு,loamy,கலப்பு மண்,"crop,soil; add district/season/stage when present",retrieve canonical answer; live lookup for price/weather/schemes
AGR|PESTICIDE_SAFETY|CROP=millet|SOIL=laterite,pesticide_safety,மருந்து பாதுகாப்பு,millet,கம்பு,laterite,சரளை மண்,"crop,soil; add district/season/stage when present",retrieve canonical answer; live lookup for price/weather/schemes
AGR|PESTICIDE_SAFETY|CROP=tomato|SOIL=red,pesticide_safety,மருந்து பாதுகாப்பு,tomato,தக்காளி,red,செம்மண்,"crop,soil; add district/season/stage when present",retrieve canonical answer; live lookup for price/weather/schemes
AGR|PESTICIDE_SAFETY|CROP=tomato|SOIL=black,pesticide_safety,மருந்து பாதுகாப்பு,tomato,தக்காளி,black,கரிசல் மண்,"crop,soil; add district/season/stage when present",retrieve canonical answer; live lookup for price/weather/schemes
AGR|PESTICIDE_SAFETY|CROP=tomato|SOIL=alluvial,pesticide_safety,மருந்து பாதுகாப்பு,tomato,தக்காளி,alluvial,வண்டல் மண்,"crop,soil; add district/season/stage when present",retrieve canonical answer; live lookup for price/weather/schemes
AGR|PESTICIDE_SAFETY|CROP=tomato|SOIL=sandy,pesticide_safety,மருந்து பாதுகாப்பு,tomato,தக்காளி,sandy,மணல் மண்,"crop,soil; add district/season/stage when present",retrieve canonical answer; live lookup for price/weather/schemes
AGR|PESTICIDE_SAFETY|CROP=tomato|SOIL=clay,pesticide_safety,மருந்து பாதுகாப்பு,tomato,தக்காளி,clay,களிமண்,"crop,soil; add district/season/stage when present",retrieve canonical answer; live lookup for price/weather/schemes
AGR|PESTICIDE_SAFETY|CROP=tomato|SOIL=loamy,pesticide_safety,மருந்து பாதுகாப்பு,tomato,தக்காளி,loamy,கலப்பு மண்,"crop,soil; add district/season/stage when present",retrieve canonical answer; live lookup for price/weather/schemes
AGR|PESTICIDE_SAFETY|CROP=tomato|SOIL=laterite,pesticide_safety,மருந்து பாதுகாப்பு,tomato,தக்காளி,laterite,சரளை மண்,"crop,soil; add district/season/stage when present",retrieve canonical answer; live lookup for price/weather/schemes
AGR|PESTICIDE_SAFETY|CROP=chilli|SOIL=red,pesticide_safety,மருந்து பாதுகாப்பு,chilli,மிளகாய்,red,செம்மண்,"crop,soil; add district/season/stage when present",retrieve canonical answer; live lookup for price/weather/schemes
AGR|PESTICIDE_SAFETY|CROP=chilli|SOIL=black,pesticide_safety,மருந்து பாதுகாப்பு,chilli,மிளகாய்,black,கரிசல் மண்,"crop,soil; add district/season/stage when present",retrieve canonical answer; live lookup for price/weather/schemes
AGR|PESTICIDE_SAFETY|CROP=chilli|SOIL=alluvial,pesticide_safety,மருந்து பாதுகாப்பு,chilli,மிளகாய்,alluvial,வண்டல் மண்,"crop,soil; add district/season/stage when present",retrieve canonical answer; live lookup for price/weather/schemes
AGR|PESTICIDE_SAFETY|CROP=chilli|SOIL=sandy,pesticide_safety,மருந்து பாதுகாப்பு,chilli,மிளகாய்,sandy,மணல் மண்,"crop,soil; add district/season/stage when present",retrieve canonical answer; live lookup for price/weather/schemes
AGR|PESTICIDE_SAFETY|CROP=chilli|SOIL=clay,pesticide_safety,மருந்து பாதுகாப்பு,chilli,மிளகாய்,clay,களிமண்,"crop,soil; add district/season/stage when present",retrieve canonical answer; live lookup for price/weather/schemes
AGR|PESTICIDE_SAFETY|CROP=chilli|SOIL=loamy,pesticide_safety,மருந்து பாதுகாப்பு,chilli,மிளகாய்,loamy,கலப்பு மண்,"crop,soil; add district/season/stage when present",retrieve canonical answer; live lookup for price/weather/schemes
AGR|PESTICIDE_SAFETY|CROP=chilli|SOIL=laterite,pesticide_safety,மருந்து பாதுகாப்பு,chilli,மிளகாய்,laterite,சரளை மண்,"crop,soil; add district/season/stage when present",retrieve canonical answer; live lookup for price/weather/schemes
AGR|PESTICIDE_SAFETY|CROP=onion|SOIL=red,pesticide_safety,மருந்து பாதுகாப்பு,onion,வெங்காயம்,red,செம்மண்,"crop,soil; add district/season/stage when present",retrieve canonical answer; live lookup for price/weather/schemes
AGR|PESTICIDE_SAFETY|CROP=onion|SOIL=black,pesticide_safety,மருந்து பாதுகாப்பு,onion,வெங்காயம்,black,கரிசல் மண்,"crop,soil; add district/season/stage when present",retrieve canonical answer; live lookup for price/weather/schemes
AGR|PESTICIDE_SAFETY|CROP=onion|SOIL=alluvial,pesticide_safety,மருந்து பாதுகாப்பு,onion,வெங்காயம்,alluvial,வண்டல் மண்,"crop,soil; add district/season/stage when present",retrieve canonical answer; live lookup for price/weather/schemes
AGR|PESTICIDE_SAFETY|CROP=onion|SOIL=sandy,pesticide_safety,மருந்து பாதுகாப்பு,onion,வெங்காயம்,sandy,மணல் மண்,"crop,soil; add district/season/stage when present",retrieve canonical answer; live lookup for price/weather/schemes
AGR|PESTICIDE_SAFETY|CROP=onion|SOIL=clay,pesticide_safety,மருந்து பாதுகாப்பு,onion,வெங்காயம்,clay,களிமண்,"crop,soil; add district/season/stage when present",retrieve canonical answer; live lookup for price/weather/schemes
AGR|PESTICIDE_SAFETY|CROP=onion|SOIL=loamy,pesticide_safety,மருந்து பாதுகாப்பு,onion,வெங்காயம்,loamy,கலப்பு மண்,"crop,soil; add district/season/stage when present",retrieve canonical answer; live lookup for price/weather/schemes
AGR|PESTICIDE_SAFETY|CROP=onion|SOIL=laterite,pesticide_safety,மருந்து பாதுகாப்பு,onion,வெங்காயம்,laterite,சரளை மண்,"crop,soil; add district/season/stage when present",retrieve canonical answer; live lookup for price/weather/schemes
AGR|PESTICIDE_SAFETY|CROP=turmeric|SOIL=red,pesticide_safety,மருந்து பாதுகாப்பு,turmeric,மஞ்சள்,red,செம்மண்,"crop,soil; add district/season/stage when present",retrieve canonical answer; live lookup for price/weather/schemes
AGR|PESTICIDE_SAFETY|CROP=turmeric|SOIL=black,pesticide_safety,மருந்து பாதுகாப்பு,turmeric,மஞ்சள்,black,கரிசல் மண்,"crop,soil; add district/season/stage when present",retrieve canonical answer; live lookup for price/weather/schemes
AGR|PESTICIDE_SAFETY|CROP=turmeric|SOIL=alluvial,pesticide_safety,மருந்து பாதுகாப்பு,turmeric,மஞ்சள்,alluvial,வண்டல் மண்,"crop,soil; add district/season/stage when present",retrieve canonical answer; live lookup for price/weather/schemes
AGR|PESTICIDE_SAFETY|CROP=turmeric|SOIL=sandy,pesticide_safety,மருந்து பாதுகாப்பு,turmeric,மஞ்சள்,sandy,மணல் மண்,"crop,soil; add district/season/stage when present",retrieve canonical answer; live lookup for price/weather/schemes
AGR|PESTICIDE_SAFETY|CROP=turmeric|SOIL=clay,pesticide_safety,மருந்து பாதுகாப்பு,turmeric,மஞ்சள்,clay,களிமண்,"crop,soil; add district/season/stage when present",retrieve canonical answer; live lookup for price/weather/schemes
AGR|PESTICIDE_SAFETY|CROP=turmeric|SOIL=loamy,pesticide_safety,மருந்து பாதுகாப்பு,turmeric,மஞ்சள்,loamy,கலப்பு மண்,"crop,soil; add district/season/stage when present",retrieve canonical answer; live lookup for price/weather/schemes
AGR|PESTICIDE_SAFETY|CROP=turmeric|SOIL=laterite,pesticide_safety,மருந்து பாதுகாப்பு,turmeric,மஞ்சள்,laterite,சரளை மண்,"crop,soil; add district/season/stage when present",retrieve canonical answer; live lookup for price/weather/schemes
AGR|PESTICIDE_SAFETY|CROP=brinjal|SOIL=red,pesticide_safety,மருந்து பாதுகாப்பு,brinjal,கத்தரிக்காய்,red,செம்மண்,"crop,soil; add district/season/stage when present",retrieve canonical answer; live lookup for price/weather/schemes
AGR|PESTICIDE_SAFETY|CROP=brinjal|SOIL=black,pesticide_safety,மருந்து பாதுகாப்பு,brinjal,கத்தரிக்காய்,black,கரிசல் மண்,"crop,soil; add district/season/stage when present",retrieve canonical answer; live lookup for price/weather/schemes
AGR|PESTICIDE_SAFETY|CROP=brinjal|SOIL=alluvial,pesticide_safety,மருந்து பாதுகாப்பு,brinjal,கத்தரிக்காய்,alluvial,வண்டல் மண்,"crop,soil; add district/season/stage when present",retrieve canonical answer; live lookup for price/weather/schemes
AGR|PESTICIDE_SAFETY|CROP=brinjal|SOIL=sandy,pesticide_safety,மருந்து பாதுகாப்பு,brinjal,கத்தரிக்காய்,sandy,மணல் மண்,"crop,soil; add district/season/stage when present",retrieve canonical answer; live lookup for price/weather/schemes
AGR|PESTICIDE_SAFETY|CROP=brinjal|SOIL=clay,pesticide_safety,மருந்து பாதுகாப்பு,brinjal,கத்தரிக்காய்,clay,களிமண்,"crop,soil; add district/season/stage when present",retrieve canonical answer; live lookup for price/weather/schemes
AGR|PESTICIDE_SAFETY|CROP=brinjal|SOIL=loamy,pesticide_safety,மருந்து பாதுகாப்பு,brinjal,கத்தரிக்காய்,loamy,கலப்பு மண்,"crop,soil; add district/season/stage when present",retrieve canonical answer; live lookup for price/weather/schemes
AGR|PESTICIDE_SAFETY|CROP=brinjal|SOIL=laterite,pesticide_safety,மருந்து பாதுகாப்பு,brinjal,கத்தரிக்காய்,laterite,சரளை மண்,"crop,soil; add district/season/stage when present",retrieve canonical answer; live lookup for price/weather/schemes
AGR|PESTICIDE_SAFETY|CROP=okra|SOIL=red,pesticide_safety,மருந்து பாதுகாப்பு,okra,வெண்டைக்காய்,red,செம்மண்,"crop,soil; add district/season/stage when present",retrieve canonical answer; live lookup for price/weather/schemes
AGR|PESTICIDE_SAFETY|CROP=okra|SOIL=black,pesticide_safety,மருந்து பாதுகாப்பு,okra,வெண்டைக்காய்,black,கரிசல் மண்,"crop,soil; add district/season/stage when present",retrieve canonical answer; live lookup for price/weather/schemes
AGR|PESTICIDE_SAFETY|CROP=okra|SOIL=alluvial,pesticide_safety,மருந்து பாதுகாப்பு,okra,வெண்டைக்காய்,alluvial,வண்டல் மண்,"crop,soil; add district/season/stage when present",retrieve canonical answer; live lookup for price/weather/schemes
AGR|PESTICIDE_SAFETY|CROP=okra|SOIL=sandy,pesticide_safety,மருந்து பாதுகாப்பு,okra,வெண்டைக்காய்,sandy,மணல் மண்,"crop,soil; add district/season/stage when present",retrieve canonical answer; live lookup for price/weather/schemes
AGR|PESTICIDE_SAFETY|CROP=okra|SOIL=clay,pesticide_safety,மருந்து பாதுகாப்பு,okra,வெண்டைக்காய்,clay,களிமண்,"crop,soil; add district/season/stage when present",retrieve canonical answer; live lookup for price/weather/schemes
AGR|PESTICIDE_SAFETY|CROP=okra|SOIL=loamy,pesticide_safety,மருந்து பாதுகாப்பு,okra,வெண்டைக்காய்,loamy,கலப்பு மண்,"crop,soil; add district/season/stage when present",retrieve canonical answer; live lookup for price/weather/schemes
AGR|PESTICIDE_SAFETY|CROP=okra|SOIL=laterite,pesticide_safety,மருந்து பாதுகாப்பு,okra,வெண்டைக்காய்,laterite,சரளை மண்,"crop,soil; add district/season/stage when present",retrieve canonical answer; live lookup for price/weather/schemes
AGR|PESTICIDE_SAFETY|CROP=coconut|SOIL=red,pesticide_safety,மருந்து பாதுகாப்பு,coconut,தென்னை,red,செம்மண்,"crop,soil; add district/season/stage when present",retrieve canonical answer; live lookup for price/weather/schemes
AGR|PESTICIDE_SAFETY|CROP=coconut|SOIL=black,pesticide_safety,மருந்து பாதுகாப்பு,coconut,தென்னை,black,கரிசல் மண்,"crop,soil; add district/season/stage when present",retrieve canonical answer; live lookup for price/weather/schemes
AGR|PESTICIDE_SAFETY|CROP=coconut|SOIL=alluvial,pesticide_safety,மருந்து பாதுகாப்பு,coconut,தென்னை,alluvial,வண்டல் மண்,"crop,soil; add district/season/stage when present",retrieve canonical answer; live lookup for price/weather/schemes
AGR|PESTICIDE_SAFETY|CROP=coconut|SOIL=sandy,pesticide_safety,மருந்து பாதுகாப்பு,coconut,தென்னை,sandy,மணல் மண்,"crop,soil; add district/season/stage when present",retrieve canonical answer; live lookup for price/weather/schemes
AGR|PESTICIDE_SAFETY|CROP=coconut|SOIL=clay,pesticide_safety,மருந்து பாதுகாப்பு,coconut,தென்னை,clay,களிமண்,"crop,soil; add district/season/stage when present",retrieve canonical answer; live lookup for price/weather/schemes
AGR|PESTICIDE_SAFETY|CROP=coconut|SOIL=loamy,pesticide_safety,மருந்து பாதுகாப்பு,coconut,தென்னை,loamy,கலப்பு மண்,"crop,soil; add district/season/stage when present",retrieve canonical answer; live lookup for price/weather/schemes
AGR|PESTICIDE_SAFETY|CROP=coconut|SOIL=laterite,pesticide_safety,மருந்து பாதுகாப்பு,coconut,தென்னை,laterite,சரளை மண்,"crop,soil; add district/season/stage when present",retrieve canonical answer; live lookup for price/weather/schemes
AGR|PESTICIDE_SAFETY|CROP=pulses|SOIL=red,pesticide_safety,மருந்து பாதுகாப்பு,pulses,பயறு,red,செம்மண்,"crop,soil; add district/season/stage when present",retrieve canonical answer; live lookup for price/weather/schemes
AGR|PESTICIDE_SAFETY|CROP=pulses|SOIL=black,pesticide_safety,மருந்து பாதுகாப்பு,pulses,பயறு,black,கரிசல் மண்,"crop,soil; add district/season/stage when present",retrieve canonical answer; live lookup for price/weather/schemes
AGR|PESTICIDE_SAFETY|CROP=pulses|SOIL=alluvial,pesticide_safety,மருந்து பாதுகாப்பு,pulses,பயறு,alluvial,வண்டல் மண்,"crop,soil; add district/season/stage when present",retrieve canonical answer; live lookup for price/weather/schemes
AGR|PESTICIDE_SAFETY|CROP=pulses|SOIL=sandy,pesticide_safety,மருந்து பாதுகாப்பு,pulses,பயறு,sandy,மணல் மண்,"crop,soil; add district/season/stage when present",retrieve canonical answer; live lookup for price/weather/schemes
AGR|PESTICIDE_SAFETY|CROP=pulses|SOIL=clay,pesticide_safety,மருந்து பாதுகாப்பு,pulses,பயறு,clay,களிமண்,"crop,soil; add district/season/stage when present",retrieve canonical answer; live lookup for price/weather/schemes
AGR|PESTICIDE_SAFETY|CROP=pulses|SOIL=loamy,pesticide_safety,மருந்து பாதுகாப்பு,pulses,பயறு,loamy,கலப்பு மண்,"crop,soil; add district/season/stage when present",retrieve canonical answer; live lookup for price/weather/schemes
AGR|PESTICIDE_SAFETY|CROP=pulses|SOIL=laterite,pesticide_safety,மருந்து பாதுகாப்பு,pulses,பயறு,laterite,சரளை மண்,"crop,soil; add district/season/stage when present",retrieve canonical answer; live lookup for price/weather/schemes
AGR|PESTICIDE_SAFETY|CROP=sesame|SOIL=red,pesticide_safety,மருந்து பாதுகாப்பு,sesame,எள்,red,செம்மண்,"crop,soil; add district/season/stage when present",retrieve canonical answer; live lookup for price/weather/schemes
AGR|PESTICIDE_SAFETY|CROP=sesame|SOIL=black,pesticide_safety,மருந்து பாதுகாப்பு,sesame,எள்,black,கரிசல் மண்,"crop,soil; add district/season/stage when present",retrieve canonical answer; live lookup for price/weather/schemes
AGR|PESTICIDE_SAFETY|CROP=sesame|SOIL=alluvial,pesticide_safety,மருந்து பாதுகாப்பு,sesame,எள்,alluvial,வண்டல் மண்,"crop,soil; add district/season/stage when present",retrieve canonical answer; live lookup for price/weather/schemes
AGR|PESTICIDE_SAFETY|CROP=sesame|SOIL=sandy,pesticide_safety,மருந்து பாதுகாப்பு,sesame,எள்,sandy,மணல் மண்,"crop,soil; add district/season/stage when present",retrieve canonical answer; live lookup for price/weather/schemes
AGR|PESTICIDE_SAFETY|CROP=sesame|SOIL=clay,pesticide_safety,மருந்து பாதுகாப்பு,sesame,எள்,clay,களிமண்,"crop,soil; add district/season/stage when present",retrieve canonical answer; live lookup for price/weather/schemes
AGR|PESTICIDE_SAFETY|CROP=sesame|SOIL=loamy,pesticide_safety,மருந்து பாதுகாப்பு,sesame,எள்,loamy,கலப்பு மண்,"crop,soil; add district/season/stage when present",retrieve canonical answer; live lookup for price/weather/schemes
AGR|PESTICIDE_SAFETY|CROP=sesame|SOIL=laterite,pesticide_safety,மருந்து பாதுகாப்பு,sesame,எள்,laterite,சரளை மண்,"crop,soil; add district/season/stage when present",retrieve canonical answer; live lookup for price/weather/schemes
AGR|PESTICIDE_SAFETY|CROP=tapioca|SOIL=red,pesticide_safety,மருந்து பாதுகாப்பு,tapioca,மரவள்ளி,red,செம்மண்,"crop,soil; add district/season/stage when present",retrieve canonical answer; live lookup for price/weather/schemes
AGR|PESTICIDE_SAFETY|CROP=tapioca|SOIL=black,pesticide_safety,மருந்து பாதுகாப்பு,tapioca,மரவள்ளி,black,கரிசல் மண்,"crop,soil; add district/season/stage when present",retrieve canonical answer; live lookup for price/weather/schemes
AGR|PESTICIDE_SAFETY|CROP=tapioca|SOIL=alluvial,pesticide_safety,மருந்து பாதுகாப்பு,tapioca,மரவள்ளி,alluvial,வண்டல் மண்,"crop,soil; add district/season/stage when present",retrieve canonical answer; live lookup for price/weather/schemes
AGR|PESTICIDE_SAFETY|CROP=tapioca|SOIL=sandy,pesticide_safety,மருந்து பாதுகாப்பு,tapioca,மரவள்ளி,sandy,மணல் மண்,"crop,soil; add district/season/stage when present",retrieve canonical answer; live lookup for price/weather/schemes
AGR|PESTICIDE_SAFETY|CROP=tapioca|SOIL=clay,pesticide_safety,மருந்து பாதுகாப்பு,tapioca,மரவள்ளி,clay,களிமண்,"crop,soil; add district/season/stage when present",retrieve canonical answer; live lookup for price/weather/schemes
AGR|PESTICIDE_SAFETY|CROP=tapioca|SOIL=loamy,pesticide_safety,மருந்து பாதுகாப்பு,tapioca,மரவள்ளி,loamy,கலப்பு மண்,"crop,soil; add district/season/stage when present",retrieve canonical answer; live lookup for price/weather/schemes
AGR|PESTICIDE_SAFETY|CROP=tapioca|SOIL=laterite,pesticide_safety,மருந்து பாதுகாப்பு,tapioca,மரவள்ளி,laterite,சரளை மண்,"crop,soil; add district/season/stage when present",retrieve canonical answer; live lookup for price/weather/schemes
AGR|PESTICIDE_SAFETY|CROP=drumstick|SOIL=red,pesticide_safety,மருந்து பாதுகாப்பு,drumstick,முருங்கை,red,செம்மண்,"crop,soil; add district/season/stage when present",retrieve canonical answer; live lookup for price/weather/schemes
AGR|PESTICIDE_SAFETY|CROP=drumstick|SOIL=black,pesticide_safety,மருந்து பாதுகாப்பு,drumstick,முருங்கை,black,கரிசல் மண்,"crop,soil; add district/season/stage when present",retrieve canonical answer; live lookup for price/weather/schemes
AGR|PESTICIDE_SAFETY|CROP=drumstick|SOIL=alluvial,pesticide_safety,மருந்து பாதுகாப்பு,drumstick,முருங்கை,alluvial,வண்டல் மண்,"crop,soil; add district/season/stage when present",retrieve canonical answer; live lookup for price/weather/schemes
AGR|PESTICIDE_SAFETY|CROP=drumstick|SOIL=sandy,pesticide_safety,மருந்து பாதுகாப்பு,drumstick,முருங்கை,sandy,மணல் மண்,"crop,soil; add district/season/stage when present",retrieve canonical answer; live lookup for price/weather/schemes
AGR|PESTICIDE_SAFETY|CROP=drumstick|SOIL=clay,pesticide_safety,மருந்து பாதுகாப்பு,drumstick,முருங்கை,clay,களிமண்,"crop,soil; add district/season/stage when present",retrieve canonical answer; live lookup for price/weather/schemes
AGR|PESTICIDE_SAFETY|CROP=drumstick|SOIL=loamy,pesticide_safety,மருந்து பாதுகாப்பு,drumstick,முருங்கை,loamy,கலப்பு மண்,"crop,soil; add district/season/stage when present",retrieve canonical answer; live lookup for price/weather/schemes
AGR|PESTICIDE_SAFETY|CROP=drumstick|SOIL=laterite,pesticide_safety,மருந்து பாதுகாப்பு,drumstick,முருங்கை,laterite,சரளை மண்,"crop,soil; add district/season/stage when present",retrieve canonical answer; live lookup for price/weather/schemes
AGR|ORGANIC_FARMING|CROP=rice|SOIL=red,organic_farming,இயற்கை விவசாயம்,rice,நெல்,red,செம்மண்,"crop,soil; add district/season/stage when present",retrieve canonical answer; live lookup for price/weather/schemes
AGR|ORGANIC_FARMING|CROP=rice|SOIL=black,organic_farming,இயற்கை விவசாயம்,rice,நெல்,black,கரிசல் மண்,"crop,soil; add district/season/stage when present",retrieve canonical answer; live lookup for price/weather/schemes
AGR|ORGANIC_FARMING|CROP=rice|SOIL=alluvial,organic_farming,இயற்கை விவசாயம்,rice,நெல்,alluvial,வண்டல் மண்,"crop,soil; add district/season/stage when present",retrieve canonical answer; live lookup for price/weather/schemes
AGR|ORGANIC_FARMING|CROP=rice|SOIL=sandy,organic_farming,இயற்கை விவசாயம்,rice,நெல்,sandy,மணல் மண்,"crop,soil; add district/season/stage when present",retrieve canonical answer; live lookup for price/weather/schemes
AGR|ORGANIC_FARMING|CROP=rice|SOIL=clay,organic_farming,இயற்கை விவசாயம்,rice,நெல்,clay,களிமண்,"crop,soil; add district/season/stage when present",retrieve canonical answer; live lookup for price/weather/schemes
AGR|ORGANIC_FARMING|CROP=rice|SOIL=loamy,organic_farming,இயற்கை விவசாயம்,rice,நெல்,loamy,கலப்பு மண்,"crop,soil; add district/season/stage when present",retrieve canonical answer; live lookup for price/weather/schemes
AGR|ORGANIC_FARMING|CROP=rice|SOIL=laterite,organic_farming,இயற்கை விவசாயம்,rice,நெல்,laterite,சரளை மண்,"crop,soil; add district/season/stage when present",retrieve canonical answer; live lookup for price/weather/schemes
AGR|ORGANIC_FARMING|CROP=banana|SOIL=red,organic_farming,இயற்கை விவசாயம்,banana,வாழை,red,செம்மண்,"crop,soil; add district/season/stage when present",retrieve canonical answer; live lookup for price/weather/schemes
AGR|ORGANIC_FARMING|CROP=banana|SOIL=black,organic_farming,இயற்கை விவசாயம்,banana,வாழை,black,கரிசல் மண்,"crop,soil; add district/season/stage when present",retrieve canonical answer; live lookup for price/weather/schemes
AGR|ORGANIC_FARMING|CROP=banana|SOIL=alluvial,organic_farming,இயற்கை விவசாயம்,banana,வாழை,alluvial,வண்டல் மண்,"crop,soil; add district/season/stage when present",retrieve canonical answer; live lookup for price/weather/schemes
AGR|ORGANIC_FARMING|CROP=banana|SOIL=sandy,organic_farming,இயற்கை விவசாயம்,banana,வாழை,sandy,மணல் மண்,"crop,soil; add district/season/stage when present",retrieve canonical answer; live lookup for price/weather/schemes
AGR|ORGANIC_FARMING|CROP=banana|SOIL=clay,organic_farming,இயற்கை விவசாயம்,banana,வாழை,clay,களிமண்,"crop,soil; add district/season/stage when present",retrieve canonical answer; live lookup for price/weather/schemes
AGR|ORGANIC_FARMING|CROP=banana|SOIL=loamy,organic_farming,இயற்கை விவசாயம்,banana,வாழை,loamy,கலப்பு மண்,"crop,soil; add district/season/stage when present",retrieve canonical answer; live lookup for price/weather/schemes
AGR|ORGANIC_FARMING|CROP=banana|SOIL=laterite,organic_farming,இயற்கை விவசாயம்,banana,வாழை,laterite,சரளை மண்,"crop,soil; add district/season/stage when present",retrieve canonical answer; live lookup for price/weather/schemes
AGR|ORGANIC_FARMING|CROP=sugarcane|SOIL=red,organic_farming,இயற்கை விவசாயம்,sugarcane,கரும்பு,red,செம்மண்,"crop,soil; add district/season/stage when present",retrieve canonical answer; live lookup for price/weather/schemes
AGR|ORGANIC_FARMING|CROP=sugarcane|SOIL=black,organic_farming,இயற்கை விவசாயம்,sugarcane,கரும்பு,black,கரிசல் மண்,"crop,soil; add district/season/stage when present",retrieve canonical answer; live lookup for price/weather/schemes
AGR|ORGANIC_FARMING|CROP=sugarcane|SOIL=alluvial,organic_farming,இயற்கை விவசாயம்,sugarcane,கரும்பு,alluvial,வண்டல் மண்,"crop,soil; add district/season/stage when present",retrieve canonical answer; live lookup for price/weather/schemes
AGR|ORGANIC_FARMING|CROP=sugarcane|SOIL=sandy,organic_farming,இயற்கை விவசாயம்,sugarcane,கரும்பு,sandy,மணல் மண்,"crop,soil; add district/season/stage when present",retrieve canonical answer; live lookup for price/weather/schemes
AGR|ORGANIC_FARMING|CROP=sugarcane|SOIL=clay,organic_farming,இயற்கை விவசாயம்,sugarcane,கரும்பு,clay,களிமண்,"crop,soil; add district/season/stage when present",retrieve canonical answer; live lookup for price/weather/schemes
AGR|ORGANIC_FARMING|CROP=sugarcane|SOIL=loamy,organic_farming,இயற்கை விவசாயம்,sugarcane,கரும்பு,loamy,கலப்பு மண்,"crop,soil; add district/season/stage when present",retrieve canonical answer; live lookup for price/weather/schemes
AGR|ORGANIC_FARMING|CROP=sugarcane|SOIL=laterite,organic_farming,இயற்கை விவசாயம்,sugarcane,கரும்பு,laterite,சரளை மண்,"crop,soil; add district/season/stage when present",retrieve canonical answer; live lookup for price/weather/schemes
AGR|ORGANIC_FARMING|CROP=cotton|SOIL=red,organic_farming,இயற்கை விவசாயம்,cotton,பருத்தி,red,செம்மண்,"crop,soil; add district/season/stage when present",retrieve canonical answer; live lookup for price/weather/schemes
AGR|ORGANIC_FARMING|CROP=cotton|SOIL=black,organic_farming,இயற்கை விவசாயம்,cotton,பருத்தி,black,கரிசல் மண்,"crop,soil; add district/season/stage when present",retrieve canonical answer; live lookup for price/weather/schemes
AGR|ORGANIC_FARMING|CROP=cotton|SOIL=alluvial,organic_farming,இயற்கை விவசாயம்,cotton,பருத்தி,alluvial,வண்டல் மண்,"crop,soil; add district/season/stage when present",retrieve canonical answer; live lookup for price/weather/schemes
AGR|ORGANIC_FARMING|CROP=cotton|SOIL=sandy,organic_farming,இயற்கை விவசாயம்,cotton,பருத்தி,sandy,மணல் மண்,"crop,soil; add district/season/stage when present",retrieve canonical answer; live lookup for price/weather/schemes
AGR|ORGANIC_FARMING|CROP=cotton|SOIL=clay,organic_farming,இயற்கை விவசாயம்,cotton,பருத்தி,clay,களிமண்,"crop,soil; add district/season/stage when present",retrieve canonical answer; live lookup for price/weather/schemes
AGR|ORGANIC_FARMING|CROP=cotton|SOIL=loamy,organic_farming,இயற்கை விவசாயம்,cotton,பருத்தி,loamy,கலப்பு மண்,"crop,soil; add district/season/stage when present",retrieve canonical answer; live lookup for price/weather/schemes
AGR|ORGANIC_FARMING|CROP=cotton|SOIL=laterite,organic_farming,இயற்கை விவசாயம்,cotton,பருத்தி,laterite,சரளை மண்,"crop,soil; add district/season/stage when present",retrieve canonical answer; live lookup for price/weather/schemes
AGR|ORGANIC_FARMING|CROP=groundnut|SOIL=red,organic_farming,இயற்கை விவசாயம்,groundnut,நிலக்கடலை,red,செம்மண்,"crop,soil; add district/season/stage when present",retrieve canonical answer; live lookup for price/weather/schemes
AGR|ORGANIC_FARMING|CROP=groundnut|SOIL=black,organic_farming,இயற்கை விவசாயம்,groundnut,நிலக்கடலை,black,கரிசல் மண்,"crop,soil; add district/season/stage when present",retrieve canonical answer; live lookup for price/weather/schemes
AGR|ORGANIC_FARMING|CROP=groundnut|SOIL=alluvial,organic_farming,இயற்கை விவசாயம்,groundnut,நிலக்கடலை,alluvial,வண்டல் மண்,"crop,soil; add district/season/stage when present",retrieve canonical answer; live lookup for price/weather/schemes
AGR|ORGANIC_FARMING|CROP=groundnut|SOIL=sandy,organic_farming,இயற்கை விவசாயம்,groundnut,நிலக்கடலை,sandy,மணல் மண்,"crop,soil; add district/season/stage when present",retrieve canonical answer; live lookup for price/weather/schemes
AGR|ORGANIC_FARMING|CROP=groundnut|SOIL=clay,organic_farming,இயற்கை விவசாயம்,groundnut,நிலக்கடலை,clay,களிமண்,"crop,soil; add district/season/stage when present",retrieve canonical answer; live lookup for price/weather/schemes
AGR|ORGANIC_FARMING|CROP=groundnut|SOIL=loamy,organic_farming,இயற்கை விவசாயம்,groundnut,நிலக்கடலை,loamy,கலப்பு மண்,"crop,soil; add district/season/stage when present",retrieve canonical answer; live lookup for price/weather/schemes
AGR|ORGANIC_FARMING|CROP=groundnut|SOIL=laterite,organic_farming,இயற்கை விவசாயம்,groundnut,நிலக்கடலை,laterite,சரளை மண்,"crop,soil; add district/season/stage when present",retrieve canonical answer; live lookup for price/weather/schemes
AGR|ORGANIC_FARMING|CROP=maize|SOIL=red,organic_farming,இயற்கை விவசாயம்,maize,மக்காச்சோளம்,red,செம்மண்,"crop,soil; add district/season/stage when present",retrieve canonical answer; live lookup for price/weather/schemes
AGR|ORGANIC_FARMING|CROP=maize|SOIL=black,organic_farming,இயற்கை விவசாயம்,maize,மக்காச்சோளம்,black,கரிசல் மண்,"crop,soil; add district/season/stage when present",retrieve canonical answer; live lookup for price/weather/schemes
AGR|ORGANIC_FARMING|CROP=maize|SOIL=alluvial,organic_farming,இயற்கை விவசாயம்,maize,மக்காச்சோளம்,alluvial,வண்டல் மண்,"crop,soil; add district/season/stage when present",retrieve canonical answer; live lookup for price/weather/schemes
AGR|ORGANIC_FARMING|CROP=maize|SOIL=sandy,organic_farming,இயற்கை விவசாயம்,maize,மக்காச்சோளம்,sandy,மணல் மண்,"crop,soil; add district/season/stage when present",retrieve canonical answer; live lookup for price/weather/schemes
AGR|ORGANIC_FARMING|CROP=maize|SOIL=clay,organic_farming,இயற்கை விவசாயம்,maize,மக்காச்சோளம்,clay,களிமண்,"crop,soil; add district/season/stage when present",retrieve canonical answer; live lookup for price/weather/schemes
AGR|ORGANIC_FARMING|CROP=maize|SOIL=loamy,organic_farming,இயற்கை விவசாயம்,maize,மக்காச்சோளம்,loamy,கலப்பு மண்,"crop,soil; add district/season/stage when present",retrieve canonical answer; live lookup for price/weather/schemes
AGR|ORGANIC_FARMING|CROP=maize|SOIL=laterite,organic_farming,இயற்கை விவசாயம்,maize,மக்காச்சோளம்,laterite,சரளை மண்,"crop,soil; add district/season/stage when present",retrieve canonical answer; live lookup for price/weather/schemes
AGR|ORGANIC_FARMING|CROP=millet|SOIL=red,organic_farming,இயற்கை விவசாயம்,millet,கம்பு,red,செம்மண்,"crop,soil; add district/season/stage when present",retrieve canonical answer; live lookup for price/weather/schemes
AGR|ORGANIC_FARMING|CROP=millet|SOIL=black,organic_farming,இயற்கை விவசாயம்,millet,கம்பு,black,கரிசல் மண்,"crop,soil; add district/season/stage when present",retrieve canonical answer; live lookup for price/weather/schemes
AGR|ORGANIC_FARMING|CROP=millet|SOIL=alluvial,organic_farming,இயற்கை விவசாயம்,millet,கம்பு,alluvial,வண்டல் மண்,"crop,soil; add district/season/stage when present",retrieve canonical answer; live lookup for price/weather/schemes
AGR|ORGANIC_FARMING|CROP=millet|SOIL=sandy,organic_farming,இயற்கை விவசாயம்,millet,கம்பு,sandy,மணல் மண்,"crop,soil; add district/season/stage when present",retrieve canonical answer; live lookup for price/weather/schemes
AGR|ORGANIC_FARMING|CROP=millet|SOIL=clay,organic_farming,இயற்கை விவசாயம்,millet,கம்பு,clay,களிமண்,"crop,soil; add district/season/stage when present",retrieve canonical answer; live lookup for price/weather/schemes
AGR|ORGANIC_FARMING|CROP=millet|SOIL=loamy,organic_farming,இயற்கை விவசாயம்,millet,கம்பு,loamy,கலப்பு மண்,"crop,soil; add district/season/stage when present",retrieve canonical answer; live lookup for price/weather/schemes
AGR|ORGANIC_FARMING|CROP=millet|SOIL=laterite,organic_farming,இயற்கை விவசாயம்,millet,கம்பு,laterite,சரளை மண்,"crop,soil; add district/season/stage when present",retrieve canonical answer; live lookup for price/weather/schemes
AGR|ORGANIC_FARMING|CROP=tomato|SOIL=red,organic_farming,இயற்கை விவசாயம்,tomato,தக்காளி,red,செம்மண்,"crop,soil; add district/season/stage when present",retrieve canonical answer; live lookup for price/weather/schemes
AGR|ORGANIC_FARMING|CROP=tomato|SOIL=black,organic_farming,இயற்கை விவசாயம்,tomato,தக்காளி,black,கரிசல் மண்,"crop,soil; add district/season/stage when present",retrieve canonical answer; live lookup for price/weather/schemes
AGR|ORGANIC_FARMING|CROP=tomato|SOIL=alluvial,organic_farming,இயற்கை விவசாயம்,tomato,தக்காளி,alluvial,வண்டல் மண்,"crop,soil; add district/season/stage when present",retrieve canonical answer; live lookup for price/weather/schemes
AGR|ORGANIC_FARMING|CROP=tomato|SOIL=sandy,organic_farming,இயற்கை விவசாயம்,tomato,தக்காளி,sandy,மணல் மண்,"crop,soil; add district/season/stage when present",retrieve canonical answer; live lookup for price/weather/schemes
AGR|ORGANIC_FARMING|CROP=tomato|SOIL=clay,organic_farming,இயற்கை விவசாயம்,tomato,தக்காளி,clay,களிமண்,"crop,soil; add district/season/stage when present",retrieve canonical answer; live lookup for price/weather/schemes
AGR|ORGANIC_FARMING|CROP=tomato|SOIL=loamy,organic_farming,இயற்கை விவசாயம்,tomato,தக்காளி,loamy,கலப்பு மண்,"crop,soil; add district/season/stage when present",retrieve canonical answer; live lookup for price/weather/schemes
AGR|ORGANIC_FARMING|CROP=tomato|SOIL=laterite,organic_farming,இயற்கை விவசாயம்,tomato,தக்காளி,laterite,சரளை மண்,"crop,soil; add district/season/stage when present",retrieve canonical answer; live lookup for price/weather/schemes
AGR|ORGANIC_FARMING|CROP=chilli|SOIL=red,organic_farming,இயற்கை விவசாயம்,chilli,மிளகாய்,red,செம்மண்,"crop,soil; add district/season/stage when present",retrieve canonical answer; live lookup for price/weather/schemes
AGR|ORGANIC_FARMING|CROP=chilli|SOIL=black,organic_farming,இயற்கை விவசாயம்,chilli,மிளகாய்,black,கரிசல் மண்,"crop,soil; add district/season/stage when present",retrieve canonical answer; live lookup for price/weather/schemes
AGR|ORGANIC_FARMING|CROP=chilli|SOIL=alluvial,organic_farming,இயற்கை விவசாயம்,chilli,மிளகாய்,alluvial,வண்டல் மண்,"crop,soil; add district/season/stage when present",retrieve canonical answer; live lookup for price/weather/schemes
AGR|ORGANIC_FARMING|CROP=chilli|SOIL=sandy,organic_farming,இயற்கை விவசாயம்,chilli,மிளகாய்,sandy,மணல் மண்,"crop,soil; add district/season/stage when present",retrieve canonical answer; live lookup for price/weather/schemes
AGR|ORGANIC_FARMING|CROP=chilli|SOIL=clay,organic_farming,இயற்கை விவசாயம்,chilli,மிளகாய்,clay,களிமண்,"crop,soil; add district/season/stage when present",retrieve canonical answer; live lookup for price/weather/schemes
AGR|ORGANIC_FARMING|CROP=chilli|SOIL=loamy,organic_farming,இயற்கை விவசாயம்,chilli,மிளகாய்,loamy,கலப்பு மண்,"crop,soil; add district/season/stage when present",retrieve canonical answer; live lookup for price/weather/schemes
AGR|ORGANIC_FARMING|CROP=chilli|SOIL=laterite,organic_farming,இயற்கை விவசாயம்,chilli,மிளகாய்,laterite,சரளை மண்,"crop,soil; add district/season/stage when present",retrieve canonical answer; live lookup for price/weather/schemes
AGR|ORGANIC_FARMING|CROP=onion|SOIL=red,organic_farming,இயற்கை விவசாயம்,onion,வெங்காயம்,red,செம்மண்,"crop,soil; add district/season/stage when present",retrieve canonical answer; live lookup for price/weather/schemes
AGR|ORGANIC_FARMING|CROP=onion|SOIL=black,organic_farming,இயற்கை விவசாயம்,onion,வெங்காயம்,black,கரிசல் மண்,"crop,soil; add district/season/stage when present",retrieve canonical answer; live lookup for price/weather/schemes
AGR|ORGANIC_FARMING|CROP=onion|SOIL=alluvial,organic_farming,இயற்கை விவசாயம்,onion,வெங்காயம்,alluvial,வண்டல் மண்,"crop,soil; add district/season/stage when present",retrieve canonical answer; live lookup for price/weather/schemes
AGR|ORGANIC_FARMING|CROP=onion|SOIL=sandy,organic_farming,இயற்கை விவசாயம்,onion,வெங்காயம்,sandy,மணல் மண்,"crop,soil; add district/season/stage when present",retrieve canonical answer; live lookup for price/weather/schemes
AGR|ORGANIC_FARMING|CROP=onion|SOIL=clay,organic_farming,இயற்கை விவசாயம்,onion,வெங்காயம்,clay,களிமண்,"crop,soil; add district/season/stage when present",retrieve canonical answer; live lookup for price/weather/schemes
AGR|ORGANIC_FARMING|CROP=onion|SOIL=loamy,organic_farming,இயற்கை விவசாயம்,onion,வெங்காயம்,loamy,கலப்பு மண்,"crop,soil; add district/season/stage when present",retrieve canonical answer; live lookup for price/weather/schemes
AGR|ORGANIC_FARMING|CROP=onion|SOIL=laterite,organic_farming,இயற்கை விவசாயம்,onion,வெங்காயம்,laterite,சரளை மண்,"crop,soil; add district/season/stage when present",retrieve canonical answer; live lookup for price/weather/schemes
AGR|ORGANIC_FARMING|CROP=turmeric|SOIL=red,organic_farming,இயற்கை விவசாயம்,turmeric,மஞ்சள்,red,செம்மண்,"crop,soil; add district/season/stage when present",retrieve canonical answer; live lookup for price/weather/schemes
AGR|ORGANIC_FARMING|CROP=turmeric|SOIL=black,organic_farming,இயற்கை விவசாயம்,turmeric,மஞ்சள்,black,கரிசல் மண்,"crop,soil; add district/season/stage when present",retrieve canonical answer; live lookup for price/weather/schemes
AGR|ORGANIC_FARMING|CROP=turmeric|SOIL=alluvial,organic_farming,இயற்கை விவசாயம்,turmeric,மஞ்சள்,alluvial,வண்டல் மண்,"crop,soil; add district/season/stage when present",retrieve canonical answer; live lookup for price/weather/schemes
AGR|ORGANIC_FARMING|CROP=turmeric|SOIL=sandy,organic_farming,இயற்கை விவசாயம்,turmeric,மஞ்சள்,sandy,மணல் மண்,"crop,soil; add district/season/stage when present",retrieve canonical answer; live lookup for price/weather/schemes
AGR|ORGANIC_FARMING|CROP=turmeric|SOIL=clay,organic_farming,இயற்கை விவசாயம்,turmeric,மஞ்சள்,clay,களிமண்,"crop,soil; add district/season/stage when present",retrieve canonical answer; live lookup for price/weather/schemes
AGR|ORGANIC_FARMING|CROP=turmeric|SOIL=loamy,organic_farming,இயற்கை விவசாயம்,turmeric,மஞ்சள்,loamy,கலப்பு மண்,"crop,soil; add district/season/stage when present",retrieve canonical answer; live lookup for price/weather/schemes
AGR|ORGANIC_FARMING|CROP=turmeric|SOIL=laterite,organic_farming,இயற்கை விவசாயம்,turmeric,மஞ்சள்,laterite,சரளை மண்,"crop,soil; add district/season/stage when present",retrieve canonical answer; live lookup for price/weather/schemes
AGR|ORGANIC_FARMING|CROP=brinjal|SOIL=red,organic_farming,இயற்கை விவசாயம்,brinjal,கத்தரிக்காய்,red,செம்மண்,"crop,soil; add district/season/stage when present",retrieve canonical answer; live lookup for price/weather/schemes
AGR|ORGANIC_FARMING|CROP=brinjal|SOIL=black,organic_farming,இயற்கை விவசாயம்,brinjal,கத்தரிக்காய்,black,கரிசல் மண்,"crop,soil; add district/season/stage when present",retrieve canonical answer; live lookup for price/weather/schemes
AGR|ORGANIC_FARMING|CROP=brinjal|SOIL=alluvial,organic_farming,இயற்கை விவசாயம்,brinjal,கத்தரிக்காய்,alluvial,வண்டல் மண்,"crop,soil; add district/season/stage when present",retrieve canonical answer; live lookup for price/weather/schemes
AGR|ORGANIC_FARMING|CROP=brinjal|SOIL=sandy,organic_farming,இயற்கை விவசாயம்,brinjal,கத்தரிக்காய்,sandy,மணல் மண்,"crop,soil; add district/season/stage when present",retrieve canonical answer; live lookup for price/weather/schemes
AGR|ORGANIC_FARMING|CROP=brinjal|SOIL=clay,organic_farming,இயற்கை விவசாயம்,brinjal,கத்தரிக்காய்,clay,களிமண்,"crop,soil; add district/season/stage when present",retrieve canonical answer; live lookup for price/weather/schemes
AGR|ORGANIC_FARMING|CROP=brinjal|SOIL=loamy,organic_farming,இயற்கை விவசாயம்,brinjal,கத்தரிக்காய்,loamy,கலப்பு மண்,"crop,soil; add district/season/stage when present",retrieve canonical answer; live lookup for price/weather/schemes
AGR|ORGANIC_FARMING|CROP=brinjal|SOIL=laterite,organic_farming,இயற்கை விவசாயம்,brinjal,கத்தரிக்காய்,laterite,சரளை மண்,"crop,soil; add district/season/stage when present",retrieve canonical answer; live lookup for price/weather/schemes
AGR|ORGANIC_FARMING|CROP=okra|SOIL=red,organic_farming,இயற்கை விவசாயம்,okra,வெண்டைக்காய்,red,செம்மண்,"crop,soil; add district/season/stage when present",retrieve canonical answer; live lookup for price/weather/schemes
AGR|ORGANIC_FARMING|CROP=okra|SOIL=black,organic_farming,இயற்கை விவசாயம்,okra,வெண்டைக்காய்,black,கரிசல் மண்,"crop,soil; add district/season/stage when present",retrieve canonical answer; live lookup for price/weather/schemes
AGR|ORGANIC_FARMING|CROP=okra|SOIL=alluvial,organic_farming,இயற்கை விவசாயம்,okra,வெண்டைக்காய்,alluvial,வண்டல் மண்,"crop,soil; add district/season/stage when present",retrieve canonical answer; live lookup for price/weather/schemes
AGR|ORGANIC_FARMING|CROP=okra|SOIL=sandy,organic_farming,இயற்கை விவசாயம்,okra,வெண்டைக்காய்,sandy,மணல் மண்,"crop,soil; add district/season/stage when present",retrieve canonical answer; live lookup for price/weather/schemes
AGR|ORGANIC_FARMING|CROP=okra|SOIL=clay,organic_farming,இயற்கை விவசாயம்,okra,வெண்டைக்காய்,clay,களிமண்,"crop,soil; add district/season/stage when present",retrieve canonical answer; live lookup for price/weather/schemes
AGR|ORGANIC_FARMING|CROP=okra|SOIL=loamy,organic_farming,இயற்கை விவசாயம்,okra,வெண்டைக்காய்,loamy,கலப்பு மண்,"crop,soil; add district/season/stage when present",retrieve canonical answer; live lookup for price/weather/schemes
AGR|ORGANIC_FARMING|CROP=okra|SOIL=laterite,organic_farming,இயற்கை விவசாயம்,okra,வெண்டைக்காய்,laterite,சரளை மண்,"crop,soil; add district/season/stage when present",retrieve canonical answer; live lookup for price/weather/schemes
AGR|ORGANIC_FARMING|CROP=coconut|SOIL=red,organic_farming,இயற்கை விவசாயம்,coconut,தென்னை,red,செம்மண்,"crop,soil; add district/season/stage when present",retrieve canonical answer; live lookup for price/weather/schemes
AGR|ORGANIC_FARMING|CROP=coconut|SOIL=black,organic_farming,இயற்கை விவசாயம்,coconut,தென்னை,black,கரிசல் மண்,"crop,soil; add district/season/stage when present",retrieve canonical answer; live lookup for price/weather/schemes
AGR|ORGANIC_FARMING|CROP=coconut|SOIL=alluvial,organic_farming,இயற்கை விவசாயம்,coconut,தென்னை,alluvial,வண்டல் மண்,"crop,soil; add district/season/stage when present",retrieve canonical answer; live lookup for price/weather/schemes
AGR|ORGANIC_FARMING|CROP=coconut|SOIL=sandy,organic_farming,இயற்கை விவசாயம்,coconut,தென்னை,sandy,மணல் மண்,"crop,soil; add district/season/stage when present",retrieve canonical answer; live lookup for price/weather/schemes
AGR|ORGANIC_FARMING|CROP=coconut|SOIL=clay,organic_farming,இயற்கை விவசாயம்,coconut,தென்னை,clay,களிமண்,"crop,soil; add district/season/stage when present",retrieve canonical answer; live lookup for price/weather/schemes
AGR|ORGANIC_FARMING|CROP=coconut|SOIL=loamy,organic_farming,இயற்கை விவசாயம்,coconut,தென்னை,loamy,கலப்பு மண்,"crop,soil; add district/season/stage when present",retrieve canonical answer; live lookup for price/weather/schemes
AGR|ORGANIC_FARMING|CROP=coconut|SOIL=laterite,organic_farming,இயற்கை விவசாயம்,coconut,தென்னை,laterite,சரளை மண்,"crop,soil; add district/season/stage when present",retrieve canonical answer; live lookup for price/weather/schemes
AGR|ORGANIC_FARMING|CROP=pulses|SOIL=red,organic_farming,இயற்கை விவசாயம்,pulses,பயறு,red,செம்மண்,"crop,soil; add district/season/stage when present",retrieve canonical answer; live lookup for price/weather/schemes
AGR|ORGANIC_FARMING|CROP=pulses|SOIL=black,organic_farming,இயற்கை விவசாயம்,pulses,பயறு,black,கரிசல் மண்,"crop,soil; add district/season/stage when present",retrieve canonical answer; live lookup for price/weather/schemes
AGR|ORGANIC_FARMING|CROP=pulses|SOIL=alluvial,organic_farming,இயற்கை விவசாயம்,pulses,பயறு,alluvial,வண்டல் மண்,"crop,soil; add district/season/stage when present",retrieve canonical answer; live lookup for price/weather/schemes
AGR|ORGANIC_FARMING|CROP=pulses|SOIL=sandy,organic_farming,இயற்கை விவசாயம்,pulses,பயறு,sandy,மணல் மண்,"crop,soil; add district/season/stage when present",retrieve canonical answer; live lookup for price/weather/schemes
AGR|ORGANIC_FARMING|CROP=pulses|SOIL=clay,organic_farming,இயற்கை விவசாயம்,pulses,பயறு,clay,களிமண்,"crop,soil; add district/season/stage when present",retrieve canonical answer; live lookup for price/weather/schemes
AGR|ORGANIC_FARMING|CROP=pulses|SOIL=loamy,organic_farming,இயற்கை விவசாயம்,pulses,பயறு,loamy,கலப்பு மண்,"crop,soil; add district/season/stage when present",retrieve canonical answer; live lookup for price/weather/schemes
AGR|ORGANIC_FARMING|CROP=pulses|SOIL=laterite,organic_farming,இயற்கை விவசாயம்,pulses,பயறு,laterite,சரளை மண்,"crop,soil; add district/season/stage when present",retrieve canonical answer; live lookup for price/weather/schemes
AGR|ORGANIC_FARMING|CROP=sesame|SOIL=red,organic_farming,இயற்கை விவசாயம்,sesame,எள்,red,செம்மண்,"crop,soil; add district/season/stage when present",retrieve canonical answer; live lookup for price/weather/schemes
AGR|ORGANIC_FARMING|CROP=sesame|SOIL=black,organic_farming,இயற்கை விவசாயம்,sesame,எள்,black,கரிசல் மண்,"crop,soil; add district/season/stage when present",retrieve canonical answer; live lookup for price/weather/schemes
AGR|ORGANIC_FARMING|CROP=sesame|SOIL=alluvial,organic_farming,இயற்கை விவசாயம்,sesame,எள்,alluvial,வண்டல் மண்,"crop,soil; add district/season/stage when present",retrieve canonical answer; live lookup for price/weather/schemes
AGR|ORGANIC_FARMING|CROP=sesame|SOIL=sandy,organic_farming,இயற்கை விவசாயம்,sesame,எள்,sandy,மணல் மண்,"crop,soil; add district/season/stage when present",retrieve canonical answer; live lookup for price/weather/schemes
AGR|ORGANIC_FARMING|CROP=sesame|SOIL=clay,organic_farming,இயற்கை விவசாயம்,sesame,எள்,clay,களிமண்,"crop,soil; add district/season/stage when present",retrieve canonical answer; live lookup for price/weather/schemes
AGR|ORGANIC_FARMING|CROP=sesame|SOIL=loamy,organic_farming,இயற்கை விவசாயம்,sesame,எள்,loamy,கலப்பு மண்,"crop,soil; add district/season/stage when present",retrieve canonical answer; live lookup for price/weather/schemes
AGR|ORGANIC_FARMING|CROP=sesame|SOIL=laterite,organic_farming,இயற்கை விவசாயம்,sesame,எள்,laterite,சரளை மண்,"crop,soil; add district/season/stage when present",retrieve canonical answer; live lookup for price/weather/schemes
AGR|ORGANIC_FARMING|CROP=tapioca|SOIL=red,organic_farming,இயற்கை விவசாயம்,tapioca,மரவள்ளி,red,செம்மண்,"crop,soil; add district/season/stage when present",retrieve canonical answer; live lookup for price/weather/schemes
AGR|ORGANIC_FARMING|CROP=tapioca|SOIL=black,organic_farming,இயற்கை விவசாயம்,tapioca,மரவள்ளி,black,கரிசல் மண்,"crop,soil; add district/season/stage when present",retrieve canonical answer; live lookup for price/weather/schemes
AGR|ORGANIC_FARMING|CROP=tapioca|SOIL=alluvial,organic_farming,இயற்கை விவசாயம்,tapioca,மரவள்ளி,alluvial,வண்டல் மண்,"crop,soil; add district/season/stage when present",retrieve canonical answer; live lookup for price/weather/schemes
AGR|ORGANIC_FARMING|CROP=tapioca|SOIL=sandy,organic_farming,இயற்கை விவசாயம்,tapioca,மரவள்ளி,sandy,மணல் மண்,"crop,soil; add district/season/stage when present",retrieve canonical answer; live lookup for price/weather/schemes
AGR|ORGANIC_FARMING|CROP=tapioca|SOIL=clay,organic_farming,இயற்கை விவசாயம்,tapioca,மரவள்ளி,clay,களிமண்,"crop,soil; add district/season/stage when present",retrieve canonical answer; live lookup for price/weather/schemes
AGR|ORGANIC_FARMING|CROP=tapioca|SOIL=loamy,organic_farming,இயற்கை விவசாயம்,tapioca,மரவள்ளி,loamy,கலப்பு மண்,"crop,soil; add district/season/stage when present",retrieve canonical answer; live lookup for price/weather/schemes
AGR|ORGANIC_FARMING|CROP=tapioca|SOIL=laterite,organic_farming,இயற்கை விவசாயம்,tapioca,மரவள்ளி,laterite,சரளை மண்,"crop,soil; add district/season/stage when present",retrieve canonical answer; live lookup for price/weather/schemes
AGR|ORGANIC_FARMING|CROP=drumstick|SOIL=red,organic_farming,இயற்கை விவசாயம்,drumstick,முருங்கை,red,செம்மண்,"crop,soil; add district/season/stage when present",retrieve canonical answer; live lookup for price/weather/schemes
AGR|ORGANIC_FARMING|CROP=drumstick|SOIL=black,organic_farming,இயற்கை விவசாயம்,drumstick,முருங்கை,black,கரிசல் மண்,"crop,soil; add district/season/stage when present",retrieve canonical answer; live lookup for price/weather/schemes
AGR|ORGANIC_FARMING|CROP=drumstick|SOIL=alluvial,organic_farming,இயற்கை விவசாயம்,drumstick,முருங்கை,alluvial,வண்டல் மண்,"crop,soil; add district/season/stage when present",retrieve canonical answer; live lookup for price/weather/schemes
AGR|ORGANIC_FARMING|CROP=drumstick|SOIL=sandy,organic_farming,இயற்கை விவசாயம்,drumstick,முருங்கை,sandy,மணல் மண்,"crop,soil; add district/season/stage when present",retrieve canonical answer; live lookup for price/weather/schemes
AGR|ORGANIC_FARMING|CROP=drumstick|SOIL=clay,organic_farming,இயற்கை விவசாயம்,drumstick,முருங்கை,clay,களிமண்,"crop,soil; add district/season/stage when present",retrieve canonical answer; live lookup for price/weather/schemes
AGR|ORGANIC_FARMING|CROP=drumstick|SOIL=loamy,organic_farming,இயற்கை விவசாயம்,drumstick,முருங்கை,loamy,கலப்பு மண்,"crop,soil; add district/season/stage when present",retrieve canonical answer; live lookup for price/weather/schemes
AGR|ORGANIC_FARMING|CROP=drumstick|SOIL=laterite,organic_farming,இயற்கை விவசாயம்,drumstick,முருங்கை,laterite,சரளை மண்,"crop,soil; add district/season/stage when present",retrieve canonical answer; live lookup for price/weather/schemes
AGR|DRIP|CROP=rice|SOIL=red,drip,சொட்டு நீர்,rice,நெல்,red,செம்மண்,"crop,soil; add district/season/stage when present",retrieve canonical answer; live lookup for price/weather/schemes
AGR|DRIP|CROP=rice|SOIL=black,drip,சொட்டு நீர்,rice,நெல்,black,கரிசல் மண்,"crop,soil; add district/season/stage when present",retrieve canonical answer; live lookup for price/weather/schemes
AGR|DRIP|CROP=rice|SOIL=alluvial,drip,சொட்டு நீர்,rice,நெல்,alluvial,வண்டல் மண்,"crop,soil; add district/season/stage when present",retrieve canonical answer; live lookup for price/weather/schemes
AGR|DRIP|CROP=rice|SOIL=sandy,drip,சொட்டு நீர்,rice,நெல்,sandy,மணல் மண்,"crop,soil; add district/season/stage when present",retrieve canonical answer; live lookup for price/weather/schemes
AGR|DRIP|CROP=rice|SOIL=clay,drip,சொட்டு நீர்,rice,நெல்,clay,களிமண்,"crop,soil; add district/season/stage when present",retrieve canonical answer; live lookup for price/weather/schemes
AGR|DRIP|CROP=rice|SOIL=loamy,drip,சொட்டு நீர்,rice,நெல்,loamy,கலப்பு மண்,"crop,soil; add district/season/stage when present",retrieve canonical answer; live lookup for price/weather/schemes
AGR|DRIP|CROP=rice|SOIL=laterite,drip,சொட்டு நீர்,rice,நெல்,laterite,சரளை மண்,"crop,soil; add district/season/stage when present",retrieve canonical answer; live lookup for price/weather/schemes
AGR|DRIP|CROP=banana|SOIL=red,drip,சொட்டு நீர்,banana,வாழை,red,செம்மண்,"crop,soil; add district/season/stage when present",retrieve canonical answer; live lookup for price/weather/schemes
AGR|DRIP|CROP=banana|SOIL=black,drip,சொட்டு நீர்,banana,வாழை,black,கரிசல் மண்,"crop,soil; add district/season/stage when present",retrieve canonical answer; live lookup for price/weather/schemes
AGR|DRIP|CROP=banana|SOIL=alluvial,drip,சொட்டு நீர்,banana,வாழை,alluvial,வண்டல் மண்,"crop,soil; add district/season/stage when present",retrieve canonical answer; live lookup for price/weather/schemes
AGR|DRIP|CROP=banana|SOIL=sandy,drip,சொட்டு நீர்,banana,வாழை,sandy,மணல் மண்,"crop,soil; add district/season/stage when present",retrieve canonical answer; live lookup for price/weather/schemes
AGR|DRIP|CROP=banana|SOIL=clay,drip,சொட்டு நீர்,banana,வாழை,clay,களிமண்,"crop,soil; add district/season/stage when present",retrieve canonical answer; live lookup for price/weather/schemes
AGR|DRIP|CROP=banana|SOIL=loamy,drip,சொட்டு நீர்,banana,வாழை,loamy,கலப்பு மண்,"crop,soil; add district/season/stage when present",retrieve canonical answer; live lookup for price/weather/schemes
AGR|DRIP|CROP=banana|SOIL=laterite,drip,சொட்டு நீர்,banana,வாழை,laterite,சரளை மண்,"crop,soil; add district/season/stage when present",retrieve canonical answer; live lookup for price/weather/schemes
AGR|DRIP|CROP=sugarcane|SOIL=red,drip,சொட்டு நீர்,sugarcane,கரும்பு,red,செம்மண்,"crop,soil; add district/season/stage when present",retrieve canonical answer; live lookup for price/weather/schemes
AGR|DRIP|CROP=sugarcane|SOIL=black,drip,சொட்டு நீர்,sugarcane,கரும்பு,black,கரிசல் மண்,"crop,soil; add district/season/stage when present",retrieve canonical answer; live lookup for price/weather/schemes
AGR|DRIP|CROP=sugarcane|SOIL=alluvial,drip,சொட்டு நீர்,sugarcane,கரும்பு,alluvial,வண்டல் மண்,"crop,soil; add district/season/stage when present",retrieve canonical answer; live lookup for price/weather/schemes
AGR|DRIP|CROP=sugarcane|SOIL=sandy,drip,சொட்டு நீர்,sugarcane,கரும்பு,sandy,மணல் மண்,"crop,soil; add district/season/stage when present",retrieve canonical answer; live lookup for price/weather/schemes
AGR|DRIP|CROP=sugarcane|SOIL=clay,drip,சொட்டு நீர்,sugarcane,கரும்பு,clay,களிமண்,"crop,soil; add district/season/stage when present",retrieve canonical answer; live lookup for price/weather/schemes
AGR|DRIP|CROP=sugarcane|SOIL=loamy,drip,சொட்டு நீர்,sugarcane,கரும்பு,loamy,கலப்பு மண்,"crop,soil; add district/season/stage when present",retrieve canonical answer; live lookup for price/weather/schemes
AGR|DRIP|CROP=sugarcane|SOIL=laterite,drip,சொட்டு நீர்,sugarcane,கரும்பு,laterite,சரளை மண்,"crop,soil; add district/season/stage when present",retrieve canonical answer; live lookup for price/weather/schemes
AGR|DRIP|CROP=cotton|SOIL=red,drip,சொட்டு நீர்,cotton,பருத்தி,red,செம்மண்,"crop,soil; add district/season/stage when present",retrieve canonical answer; live lookup for price/weather/schemes
AGR|DRIP|CROP=cotton|SOIL=black,drip,சொட்டு நீர்,cotton,பருத்தி,black,கரிசல் மண்,"crop,soil; add district/season/stage when present",retrieve canonical answer; live lookup for price/weather/schemes
AGR|DRIP|CROP=cotton|SOIL=alluvial,drip,சொட்டு நீர்,cotton,பருத்தி,alluvial,வண்டல் மண்,"crop,soil; add district/season/stage when present",retrieve canonical answer; live lookup for price/weather/schemes
AGR|DRIP|CROP=cotton|SOIL=sandy,drip,சொட்டு நீர்,cotton,பருத்தி,sandy,மணல் மண்,"crop,soil; add district/season/stage when present",retrieve canonical answer; live lookup for price/weather/schemes
AGR|DRIP|CROP=cotton|SOIL=clay,drip,சொட்டு நீர்,cotton,பருத்தி,clay,களிமண்,"crop,soil; add district/season/stage when present",retrieve canonical answer; live lookup for price/weather/schemes
AGR|DRIP|CROP=cotton|SOIL=loamy,drip,சொட்டு நீர்,cotton,பருத்தி,loamy,கலப்பு மண்,"crop,soil; add district/season/stage when present",retrieve canonical answer; live lookup for price/weather/schemes
AGR|DRIP|CROP=cotton|SOIL=laterite,drip,சொட்டு நீர்,cotton,பருத்தி,laterite,சரளை மண்,"crop,soil; add district/season/stage when present",retrieve canonical answer; live lookup for price/weather/schemes
AGR|DRIP|CROP=groundnut|SOIL=red,drip,சொட்டு நீர்,groundnut,நிலக்கடலை,red,செம்மண்,"crop,soil; add district/season/stage when present",retrieve canonical answer; live lookup for price/weather/schemes
AGR|DRIP|CROP=groundnut|SOIL=black,drip,சொட்டு நீர்,groundnut,நிலக்கடலை,black,கரிசல் மண்,"crop,soil; add district/season/stage when present",retrieve canonical answer; live lookup for price/weather/schemes
AGR|DRIP|CROP=groundnut|SOIL=alluvial,drip,சொட்டு நீர்,groundnut,நிலக்கடலை,alluvial,வண்டல் மண்,"crop,soil; add district/season/stage when present",retrieve canonical answer; live lookup for price/weather/schemes
AGR|DRIP|CROP=groundnut|SOIL=sandy,drip,சொட்டு நீர்,groundnut,நிலக்கடலை,sandy,மணல் மண்,"crop,soil; add district/season/stage when present",retrieve canonical answer; live lookup for price/weather/schemes
AGR|DRIP|CROP=groundnut|SOIL=clay,drip,சொட்டு நீர்,groundnut,நிலக்கடலை,clay,களிமண்,"crop,soil; add district/season/stage when present",retrieve canonical answer; live lookup for price/weather/schemes
AGR|DRIP|CROP=groundnut|SOIL=loamy,drip,சொட்டு நீர்,groundnut,நிலக்கடலை,loamy,கலப்பு மண்,"crop,soil; add district/season/stage when present",retrieve canonical answer; live lookup for price/weather/schemes
AGR|DRIP|CROP=groundnut|SOIL=laterite,drip,சொட்டு நீர்,groundnut,நிலக்கடலை,laterite,சரளை மண்,"crop,soil; add district/season/stage when present",retrieve canonical answer; live lookup for price/weather/schemes
AGR|DRIP|CROP=maize|SOIL=red,drip,சொட்டு நீர்,maize,மக்காச்சோளம்,red,செம்மண்,"crop,soil; add district/season/stage when present",retrieve canonical answer; live lookup for price/weather/schemes
AGR|DRIP|CROP=maize|SOIL=black,drip,சொட்டு நீர்,maize,மக்காச்சோளம்,black,கரிசல் மண்,"crop,soil; add district/season/stage when present",retrieve canonical answer; live lookup for price/weather/schemes
AGR|DRIP|CROP=maize|SOIL=alluvial,drip,சொட்டு நீர்,maize,மக்காச்சோளம்,alluvial,வண்டல் மண்,"crop,soil; add district/season/stage when present",retrieve canonical answer; live lookup for price/weather/schemes
AGR|DRIP|CROP=maize|SOIL=sandy,drip,சொட்டு நீர்,maize,மக்காச்சோளம்,sandy,மணல் மண்,"crop,soil; add district/season/stage when present",retrieve canonical answer; live lookup for price/weather/schemes
AGR|DRIP|CROP=maize|SOIL=clay,drip,சொட்டு நீர்,maize,மக்காச்சோளம்,clay,களிமண்,"crop,soil; add district/season/stage when present",retrieve canonical answer; live lookup for price/weather/schemes
AGR|DRIP|CROP=maize|SOIL=loamy,drip,சொட்டு நீர்,maize,மக்காச்சோளம்,loamy,கலப்பு மண்,"crop,soil; add district/season/stage when present",retrieve canonical answer; live lookup for price/weather/schemes
AGR|DRIP|CROP=maize|SOIL=laterite,drip,சொட்டு நீர்,maize,மக்காச்சோளம்,laterite,சரளை மண்,"crop,soil; add district/season/stage when present",retrieve canonical answer; live lookup for price/weather/schemes
AGR|DRIP|CROP=millet|SOIL=red,drip,சொட்டு நீர்,millet,கம்பு,red,செம்மண்,"crop,soil; add district/season/stage when present",retrieve canonical answer; live lookup for price/weather/schemes
AGR|DRIP|CROP=millet|SOIL=black,drip,சொட்டு நீர்,millet,கம்பு,black,கரிசல் மண்,"crop,soil; add district/season/stage when present",retrieve canonical answer; live lookup for price/weather/schemes
AGR|DRIP|CROP=millet|SOIL=alluvial,drip,சொட்டு நீர்,millet,கம்பு,alluvial,வண்டல் மண்,"crop,soil; add district/season/stage when present",retrieve canonical answer; live lookup for price/weather/schemes
AGR|DRIP|CROP=millet|SOIL=sandy,drip,சொட்டு நீர்,millet,கம்பு,sandy,மணல் மண்,"crop,soil; add district/season/stage when present",retrieve canonical answer; live lookup for price/weather/schemes
AGR|DRIP|CROP=millet|SOIL=clay,drip,சொட்டு நீர்,millet,கம்பு,clay,களிமண்,"crop,soil; add district/season/stage when present",retrieve canonical answer; live lookup for price/weather/schemes
AGR|DRIP|CROP=millet|SOIL=loamy,drip,சொட்டு நீர்,millet,கம்பு,loamy,கலப்பு மண்,"crop,soil; add district/season/stage when present",retrieve canonical answer; live lookup for price/weather/schemes
AGR|DRIP|CROP=millet|SOIL=laterite,drip,சொட்டு நீர்,millet,கம்பு,laterite,சரளை மண்,"crop,soil; add district/season/stage when present",retrieve canonical answer; live lookup for price/weather/schemes
AGR|DRIP|CROP=tomato|SOIL=red,drip,சொட்டு நீர்,tomato,தக்காளி,red,செம்மண்,"crop,soil; add district/season/stage when present",retrieve canonical answer; live lookup for price/weather/schemes
AGR|DRIP|CROP=tomato|SOIL=black,drip,சொட்டு நீர்,tomato,தக்காளி,black,கரிசல் மண்,"crop,soil; add district/season/stage when present",retrieve canonical answer; live lookup for price/weather/schemes
AGR|DRIP|CROP=tomato|SOIL=alluvial,drip,சொட்டு நீர்,tomato,தக்காளி,alluvial,வண்டல் மண்,"crop,soil; add district/season/stage when present",retrieve canonical answer; live lookup for price/weather/schemes
AGR|DRIP|CROP=tomato|SOIL=sandy,drip,சொட்டு நீர்,tomato,தக்காளி,sandy,மணல் மண்,"crop,soil; add district/season/stage when present",retrieve canonical answer; live lookup for price/weather/schemes
AGR|DRIP|CROP=tomato|SOIL=clay,drip,சொட்டு நீர்,tomato,தக்காளி,clay,களிமண்,"crop,soil; add district/season/stage when present",retrieve canonical answer; live lookup for price/weather/schemes
AGR|DRIP|CROP=tomato|SOIL=loamy,drip,சொட்டு நீர்,tomato,தக்காளி,loamy,கலப்பு மண்,"crop,soil; add district/season/stage when present",retrieve canonical answer; live lookup for price/weather/schemes
AGR|DRIP|CROP=tomato|SOIL=laterite,drip,சொட்டு நீர்,tomato,தக்காளி,laterite,சரளை மண்,"crop,soil; add district/season/stage when present",retrieve canonical answer; live lookup for price/weather/schemes
AGR|DRIP|CROP=chilli|SOIL=red,drip,சொட்டு நீர்,chilli,மிளகாய்,red,செம்மண்,"crop,soil; add district/season/stage when present",retrieve canonical answer; live lookup for price/weather/schemes
AGR|DRIP|CROP=chilli|SOIL=black,drip,சொட்டு நீர்,chilli,மிளகாய்,black,கரிசல் மண்,"crop,soil; add district/season/stage when present",retrieve canonical answer; live lookup for price/weather/schemes
AGR|DRIP|CROP=chilli|SOIL=alluvial,drip,சொட்டு நீர்,chilli,மிளகாய்,alluvial,வண்டல் மண்,"crop,soil; add district/season/stage when present",retrieve canonical answer; live lookup for price/weather/schemes
AGR|DRIP|CROP=chilli|SOIL=sandy,drip,சொட்டு நீர்,chilli,மிளகாய்,sandy,மணல் மண்,"crop,soil; add district/season/stage when present",retrieve canonical answer; live lookup for price/weather/schemes
AGR|DRIP|CROP=chilli|SOIL=clay,drip,சொட்டு நீர்,chilli,மிளகாய்,clay,களிமண்,"crop,soil; add district/season/stage when present",retrieve canonical answer; live lookup for price/weather/schemes
AGR|DRIP|CROP=chilli|SOIL=loamy,drip,சொட்டு நீர்,chilli,மிளகாய்,loamy,கலப்பு மண்,"crop,soil; add district/season/stage when present",retrieve canonical answer; live lookup for price/weather/schemes
AGR|DRIP|CROP=chilli|SOIL=laterite,drip,சொட்டு நீர்,chilli,மிளகாய்,laterite,சரளை மண்,"crop,soil; add district/season/stage when present",retrieve canonical answer; live lookup for price/weather/schemes
AGR|DRIP|CROP=onion|SOIL=red,drip,சொட்டு நீர்,onion,வெங்காயம்,red,செம்மண்,"crop,soil; add district/season/stage when present",retrieve canonical answer; live lookup for price/weather/schemes
AGR|DRIP|CROP=onion|SOIL=black,drip,சொட்டு நீர்,onion,வெங்காயம்,black,கரிசல் மண்,"crop,soil; add district/season/stage when present",retrieve canonical answer; live lookup for price/weather/schemes
AGR|DRIP|CROP=onion|SOIL=alluvial,drip,சொட்டு நீர்,onion,வெங்காயம்,alluvial,வண்டல் மண்,"crop,soil; add district/season/stage when present",retrieve canonical answer; live lookup for price/weather/schemes
AGR|DRIP|CROP=onion|SOIL=sandy,drip,சொட்டு நீர்,onion,வெங்காயம்,sandy,மணல் மண்,"crop,soil; add district/season/stage when present",retrieve canonical answer; live lookup for price/weather/schemes
AGR|DRIP|CROP=onion|SOIL=clay,drip,சொட்டு நீர்,onion,வெங்காயம்,clay,களிமண்,"crop,soil; add district/season/stage when present",retrieve canonical answer; live lookup for price/weather/schemes
AGR|DRIP|CROP=onion|SOIL=loamy,drip,சொட்டு நீர்,onion,வெங்காயம்,loamy,கலப்பு மண்,"crop,soil; add district/season/stage when present",retrieve canonical answer; live lookup for price/weather/schemes
AGR|DRIP|CROP=onion|SOIL=laterite,drip,சொட்டு நீர்,onion,வெங்காயம்,laterite,சரளை மண்,"crop,soil; add district/season/stage when present",retrieve canonical answer; live lookup for price/weather/schemes
AGR|DRIP|CROP=turmeric|SOIL=red,drip,சொட்டு நீர்,turmeric,மஞ்சள்,red,செம்மண்,"crop,soil; add district/season/stage when present",retrieve canonical answer; live lookup for price/weather/schemes
AGR|DRIP|CROP=turmeric|SOIL=black,drip,சொட்டு நீர்,turmeric,மஞ்சள்,black,கரிசல் மண்,"crop,soil; add district/season/stage when present",retrieve canonical answer; live lookup for price/weather/schemes
AGR|DRIP|CROP=turmeric|SOIL=alluvial,drip,சொட்டு நீர்,turmeric,மஞ்சள்,alluvial,வண்டல் மண்,"crop,soil; add district/season/stage when present",retrieve canonical answer; live lookup for price/weather/schemes
AGR|DRIP|CROP=turmeric|SOIL=sandy,drip,சொட்டு நீர்,turmeric,மஞ்சள்,sandy,மணல் மண்,"crop,soil; add district/season/stage when present",retrieve canonical answer; live lookup for price/weather/schemes
AGR|DRIP|CROP=turmeric|SOIL=clay,drip,சொட்டு நீர்,turmeric,மஞ்சள்,clay,களிமண்,"crop,soil; add district/season/stage when present",retrieve canonical answer; live lookup for price/weather/schemes
AGR|DRIP|CROP=turmeric|SOIL=loamy,drip,சொட்டு நீர்,turmeric,மஞ்சள்,loamy,கலப்பு மண்,"crop,soil; add district/season/stage when present",retrieve canonical answer; live lookup for price/weather/schemes
AGR|DRIP|CROP=turmeric|SOIL=laterite,drip,சொட்டு நீர்,turmeric,மஞ்சள்,laterite,சரளை மண்,"crop,soil; add district/season/stage when present",retrieve canonical answer; live lookup for price/weather/schemes
AGR|DRIP|CROP=brinjal|SOIL=red,drip,சொட்டு நீர்,brinjal,கத்தரிக்காய்,red,செம்மண்,"crop,soil; add district/season/stage when present",retrieve canonical answer; live lookup for price/weather/schemes
AGR|DRIP|CROP=brinjal|SOIL=black,drip,சொட்டு நீர்,brinjal,கத்தரிக்காய்,black,கரிசல் மண்,"crop,soil; add district/season/stage when present",retrieve canonical answer; live lookup for price/weather/schemes
AGR|DRIP|CROP=brinjal|SOIL=alluvial,drip,சொட்டு நீர்,brinjal,கத்தரிக்காய்,alluvial,வண்டல் மண்,"crop,soil; add district/season/stage when present",retrieve canonical answer; live lookup for price/weather/schemes
AGR|DRIP|CROP=brinjal|SOIL=sandy,drip,சொட்டு நீர்,brinjal,கத்தரிக்காய்,sandy,மணல் மண்,"crop,soil; add district/season/stage when present",retrieve canonical answer; live lookup for price/weather/schemes
AGR|DRIP|CROP=brinjal|SOIL=clay,drip,சொட்டு நீர்,brinjal,கத்தரிக்காய்,clay,களிமண்,"crop,soil; add district/season/stage when present",retrieve canonical answer; live lookup for price/weather/schemes
AGR|DRIP|CROP=brinjal|SOIL=loamy,drip,சொட்டு நீர்,brinjal,கத்தரிக்காய்,loamy,கலப்பு மண்,"crop,soil; add district/season/stage when present",retrieve canonical answer; live lookup for price/weather/schemes
AGR|DRIP|CROP=brinjal|SOIL=laterite,drip,சொட்டு நீர்,brinjal,கத்தரிக்காய்,laterite,சரளை மண்,"crop,soil; add district/season/stage when present",retrieve canonical answer; live lookup for price/weather/schemes
AGR|DRIP|CROP=okra|SOIL=red,drip,சொட்டு நீர்,okra,வெண்டைக்காய்,red,செம்மண்,"crop,soil; add district/season/stage when present",retrieve canonical answer; live lookup for price/weather/schemes
AGR|DRIP|CROP=okra|SOIL=black,drip,சொட்டு நீர்,okra,வெண்டைக்காய்,black,கரிசல் மண்,"crop,soil; add district/season/stage when present",retrieve canonical answer; live lookup for price/weather/schemes
AGR|DRIP|CROP=okra|SOIL=alluvial,drip,சொட்டு நீர்,okra,வெண்டைக்காய்,alluvial,வண்டல் மண்,"crop,soil; add district/season/stage when present",retrieve canonical answer; live lookup for price/weather/schemes
AGR|DRIP|CROP=okra|SOIL=sandy,drip,சொட்டு நீர்,okra,வெண்டைக்காய்,sandy,மணல் மண்,"crop,soil; add district/season/stage when present",retrieve canonical answer; live lookup for price/weather/schemes
AGR|DRIP|CROP=okra|SOIL=clay,drip,சொட்டு நீர்,okra,வெண்டைக்காய்,clay,களிமண்,"crop,soil; add district/season/stage when present",retrieve canonical answer; live lookup for price/weather/schemes
AGR|DRIP|CROP=okra|SOIL=loamy,drip,சொட்டு நீர்,okra,வெண்டைக்காய்,loamy,கலப்பு மண்,"crop,soil; add district/season/stage when present",retrieve canonical answer; live lookup for price/weather/schemes
AGR|DRIP|CROP=okra|SOIL=laterite,drip,சொட்டு நீர்,okra,வெண்டைக்காய்,laterite,சரளை மண்,"crop,soil; add district/season/stage when present",retrieve canonical answer; live lookup for price/weather/schemes
AGR|DRIP|CROP=coconut|SOIL=red,drip,சொட்டு நீர்,coconut,தென்னை,red,செம்மண்,"crop,soil; add district/season/stage when present",retrieve canonical answer; live lookup for price/weather/schemes
AGR|DRIP|CROP=coconut|SOIL=black,drip,சொட்டு நீர்,coconut,தென்னை,black,கரிசல் மண்,"crop,soil; add district/season/stage when present",retrieve canonical answer; live lookup for price/weather/schemes
AGR|DRIP|CROP=coconut|SOIL=alluvial,drip,சொட்டு நீர்,coconut,தென்னை,alluvial,வண்டல் மண்,"crop,soil; add district/season/stage when present",retrieve canonical answer; live lookup for price/weather/schemes
AGR|DRIP|CROP=coconut|SOIL=sandy,drip,சொட்டு நீர்,coconut,தென்னை,sandy,மணல் மண்,"crop,soil; add district/season/stage when present",retrieve canonical answer; live lookup for price/weather/schemes
AGR|DRIP|CROP=coconut|SOIL=clay,drip,சொட்டு நீர்,coconut,தென்னை,clay,களிமண்,"crop,soil; add district/season/stage when present",retrieve canonical answer; live lookup for price/weather/schemes
AGR|DRIP|CROP=coconut|SOIL=loamy,drip,சொட்டு நீர்,coconut,தென்னை,loamy,கலப்பு மண்,"crop,soil; add district/season/stage when present",retrieve canonical answer; live lookup for price/weather/schemes
AGR|DRIP|CROP=coconut|SOIL=laterite,drip,சொட்டு நீர்,coconut,தென்னை,laterite,சரளை மண்,"crop,soil; add district/season/stage when present",retrieve canonical answer; live lookup for price/weather/schemes
AGR|DRIP|CROP=pulses|SOIL=red,drip,சொட்டு நீர்,pulses,பயறு,red,செம்மண்,"crop,soil; add district/season/stage when present",retrieve canonical answer; live lookup for price/weather/schemes
AGR|DRIP|CROP=pulses|SOIL=black,drip,சொட்டு நீர்,pulses,பயறு,black,கரிசல் மண்,"crop,soil; add district/season/stage when present",retrieve canonical answer; live lookup for price/weather/schemes
AGR|DRIP|CROP=pulses|SOIL=alluvial,drip,சொட்டு நீர்,pulses,பயறு,alluvial,வண்டல் மண்,"crop,soil; add district/season/stage when present",retrieve canonical answer; live lookup for price/weather/schemes
AGR|DRIP|CROP=pulses|SOIL=sandy,drip,சொட்டு நீர்,pulses,பயறு,sandy,மணல் மண்,"crop,soil; add district/season/stage when present",retrieve canonical answer; live lookup for price/weather/schemes
AGR|DRIP|CROP=pulses|SOIL=clay,drip,சொட்டு நீர்,pulses,பயறு,clay,களிமண்,"crop,soil; add district/season/stage when present",retrieve canonical answer; live lookup for price/weather/schemes
AGR|DRIP|CROP=pulses|SOIL=loamy,drip,சொட்டு நீர்,pulses,பயறு,loamy,கலப்பு மண்,"crop,soil; add district/season/stage when present",retrieve canonical answer; live lookup for price/weather/schemes
AGR|DRIP|CROP=pulses|SOIL=laterite,drip,சொட்டு நீர்,pulses,பயறு,laterite,சரளை மண்,"crop,soil; add district/season/stage when present",retrieve canonical answer; live lookup for price/weather/schemes
AGR|DRIP|CROP=sesame|SOIL=red,drip,சொட்டு நீர்,sesame,எள்,red,செம்மண்,"crop,soil; add district/season/stage when present",retrieve canonical answer; live lookup for price/weather/schemes
AGR|DRIP|CROP=sesame|SOIL=black,drip,சொட்டு நீர்,sesame,எள்,black,கரிசல் மண்,"crop,soil; add district/season/stage when present",retrieve canonical answer; live lookup for price/weather/schemes
AGR|DRIP|CROP=sesame|SOIL=alluvial,drip,சொட்டு நீர்,sesame,எள்,alluvial,வண்டல் மண்,"crop,soil; add district/season/stage when present",retrieve canonical answer; live lookup for price/weather/schemes
AGR|DRIP|CROP=sesame|SOIL=sandy,drip,சொட்டு நீர்,sesame,எள்,sandy,மணல் மண்,"crop,soil; add district/season/stage when present",retrieve canonical answer; live lookup for price/weather/schemes
AGR|DRIP|CROP=sesame|SOIL=clay,drip,சொட்டு நீர்,sesame,எள்,clay,களிமண்,"crop,soil; add district/season/stage when present",retrieve canonical answer; live lookup for price/weather/schemes
AGR|DRIP|CROP=sesame|SOIL=loamy,drip,சொட்டு நீர்,sesame,எள்,loamy,கலப்பு மண்,"crop,soil; add district/season/stage when present",retrieve canonical answer; live lookup for price/weather/schemes
AGR|DRIP|CROP=sesame|SOIL=laterite,drip,சொட்டு நீர்,sesame,எள்,laterite,சரளை மண்,"crop,soil; add district/season/stage when present",retrieve canonical answer; live lookup for price/weather/schemes
AGR|DRIP|CROP=tapioca|SOIL=red,drip,சொட்டு நீர்,tapioca,மரவள்ளி,red,செம்மண்,"crop,soil; add district/season/stage when present",retrieve canonical answer; live lookup for price/weather/schemes
AGR|DRIP|CROP=tapioca|SOIL=black,drip,சொட்டு நீர்,tapioca,மரவள்ளி,black,கரிசல் மண்,"crop,soil; add district/season/stage when present",retrieve canonical answer; live lookup for price/weather/schemes
AGR|DRIP|CROP=tapioca|SOIL=alluvial,drip,சொட்டு நீர்,tapioca,மரவள்ளி,alluvial,வண்டல் மண்,"crop,soil; add district/season/stage when present",retrieve canonical answer; live lookup for price/weather/schemes
AGR|DRIP|CROP=tapioca|SOIL=sandy,drip,சொட்டு நீர்,tapioca,மரவள்ளி,sandy,மணல் மண்,"crop,soil; add district/season/stage when present",retrieve canonical answer; live lookup for price/weather/schemes
AGR|DRIP|CROP=tapioca|SOIL=clay,drip,சொட்டு நீர்,tapioca,மரவள்ளி,clay,களிமண்,"crop,soil; add district/season/stage when present",retrieve canonical answer; live lookup for price/weather/schemes
AGR|DRIP|CROP=tapioca|SOIL=loamy,drip,சொட்டு நீர்,tapioca,மரவள்ளி,loamy,கலப்பு மண்,"crop,soil; add district/season/stage when present",retrieve canonical answer; live lookup for price/weather/schemes
AGR|DRIP|CROP=tapioca|SOIL=laterite,drip,சொட்டு நீர்,tapioca,மரவள்ளி,laterite,சரளை மண்,"crop,soil; add district/season/stage when present",retrieve canonical answer; live lookup for price/weather/schemes
AGR|DRIP|CROP=drumstick|SOIL=red,drip,சொட்டு நீர்,drumstick,முருங்கை,red,செம்மண்,"crop,soil; add district/season/stage when present",retrieve canonical answer; live lookup for price/weather/schemes
AGR|DRIP|CROP=drumstick|SOIL=black,drip,சொட்டு நீர்,drumstick,முருங்கை,black,கரிசல் மண்,"crop,soil; add district/season/stage when present",retrieve canonical answer; live lookup for price/weather/schemes
AGR|DRIP|CROP=drumstick|SOIL=alluvial,drip,சொட்டு நீர்,drumstick,முருங்கை,alluvial,வண்டல் மண்,"crop,soil; add district/season/stage when present",retrieve canonical answer; live lookup for price/weather/schemes
AGR|DRIP|CROP=drumstick|SOIL=sandy,drip,சொட்டு நீர்,drumstick,முருங்கை,sandy,மணல் மண்,"crop,soil; add district/season/stage when present",retrieve canonical answer; live lookup for price/weather/schemes
AGR|DRIP|CROP=drumstick|SOIL=clay,drip,சொட்டு நீர்,drumstick,முருங்கை,clay,களிமண்,"crop,soil; add district/season/stage when present",retrieve canonical answer; live lookup for price/weather/schemes
AGR|DRIP|CROP=drumstick|SOIL=loamy,drip,சொட்டு நீர்,drumstick,முருங்கை,loamy,கலப்பு மண்,"crop,soil; add district/season/stage when present",retrieve canonical answer; live lookup for price/weather/schemes
AGR|DRIP|CROP=drumstick|SOIL=laterite,drip,சொட்டு நீர்,drumstick,முருங்கை,laterite,சரளை மண்,"crop,soil; add district/season/stage when present",retrieve canonical answer; live lookup for price/weather/schemes
AGR|RAINFALL|CROP=rice|SOIL=red,rainfall,மழை மேலாண்மை,rice,நெல்,red,செம்மண்,"crop,soil; add district/season/stage when present",retrieve canonical answer; live lookup for price/weather/schemes
AGR|RAINFALL|CROP=rice|SOIL=black,rainfall,மழை மேலாண்மை,rice,நெல்,black,கரிசல் மண்,"crop,soil; add district/season/stage when present",retrieve canonical answer; live lookup for price/weather/schemes
AGR|RAINFALL|CROP=rice|SOIL=alluvial,rainfall,மழை மேலாண்மை,rice,நெல்,alluvial,வண்டல் மண்,"crop,soil; add district/season/stage when present",retrieve canonical answer; live lookup for price/weather/schemes
AGR|RAINFALL|CROP=rice|SOIL=sandy,rainfall,மழை மேலாண்மை,rice,நெல்,sandy,மணல் மண்,"crop,soil; add district/season/stage when present",retrieve canonical answer; live lookup for price/weather/schemes
AGR|RAINFALL|CROP=rice|SOIL=clay,rainfall,மழை மேலாண்மை,rice,நெல்,clay,களிமண்,"crop,soil; add district/season/stage when present",retrieve canonical answer; live lookup for price/weather/schemes
AGR|RAINFALL|CROP=rice|SOIL=loamy,rainfall,மழை மேலாண்மை,rice,நெல்,loamy,கலப்பு மண்,"crop,soil; add district/season/stage when present",retrieve canonical answer; live lookup for price/weather/schemes
AGR|RAINFALL|CROP=rice|SOIL=laterite,rainfall,மழை மேலாண்மை,rice,நெல்,laterite,சரளை மண்,"crop,soil; add district/season/stage when present",retrieve canonical answer; live lookup for price/weather/schemes
AGR|RAINFALL|CROP=banana|SOIL=red,rainfall,மழை மேலாண்மை,banana,வாழை,red,செம்மண்,"crop,soil; add district/season/stage when present",retrieve canonical answer; live lookup for price/weather/schemes
AGR|RAINFALL|CROP=banana|SOIL=black,rainfall,மழை மேலாண்மை,banana,வாழை,black,கரிசல் மண்,"crop,soil; add district/season/stage when present",retrieve canonical answer; live lookup for price/weather/schemes
AGR|RAINFALL|CROP=banana|SOIL=alluvial,rainfall,மழை மேலாண்மை,banana,வாழை,alluvial,வண்டல் மண்,"crop,soil; add district/season/stage when present",retrieve canonical answer; live lookup for price/weather/schemes
AGR|RAINFALL|CROP=banana|SOIL=sandy,rainfall,மழை மேலாண்மை,banana,வாழை,sandy,மணல் மண்,"crop,soil; add district/season/stage when present",retrieve canonical answer; live lookup for price/weather/schemes
AGR|RAINFALL|CROP=banana|SOIL=clay,rainfall,மழை மேலாண்மை,banana,வாழை,clay,களிமண்,"crop,soil; add district/season/stage when present",retrieve canonical answer; live lookup for price/weather/schemes
AGR|RAINFALL|CROP=banana|SOIL=loamy,rainfall,மழை மேலாண்மை,banana,வாழை,loamy,கலப்பு மண்,"crop,soil; add district/season/stage when present",retrieve canonical answer; live lookup for price/weather/schemes
AGR|RAINFALL|CROP=banana|SOIL=laterite,rainfall,மழை மேலாண்மை,banana,வாழை,laterite,சரளை மண்,"crop,soil; add district/season/stage when present",retrieve canonical answer; live lookup for price/weather/schemes
AGR|RAINFALL|CROP=sugarcane|SOIL=red,rainfall,மழை மேலாண்மை,sugarcane,கரும்பு,red,செம்மண்,"crop,soil; add district/season/stage when present",retrieve canonical answer; live lookup for price/weather/schemes
AGR|RAINFALL|CROP=sugarcane|SOIL=black,rainfall,மழை மேலாண்மை,sugarcane,கரும்பு,black,கரிசல் மண்,"crop,soil; add district/season/stage when present",retrieve canonical answer; live lookup for price/weather/schemes
AGR|RAINFALL|CROP=sugarcane|SOIL=alluvial,rainfall,மழை மேலாண்மை,sugarcane,கரும்பு,alluvial,வண்டல் மண்,"crop,soil; add district/season/stage when present",retrieve canonical answer; live lookup for price/weather/schemes
AGR|RAINFALL|CROP=sugarcane|SOIL=sandy,rainfall,மழை மேலாண்மை,sugarcane,கரும்பு,sandy,மணல் மண்,"crop,soil; add district/season/stage when present",retrieve canonical answer; live lookup for price/weather/schemes
AGR|RAINFALL|CROP=sugarcane|SOIL=clay,rainfall,மழை மேலாண்மை,sugarcane,கரும்பு,clay,களிமண்,"crop,soil; add district/season/stage when present",retrieve canonical answer; live lookup for price/weather/schemes
AGR|RAINFALL|CROP=sugarcane|SOIL=loamy,rainfall,மழை மேலாண்மை,sugarcane,கரும்பு,loamy,கலப்பு மண்,"crop,soil; add district/season/stage when present",retrieve canonical answer; live lookup for price/weather/schemes
AGR|RAINFALL|CROP=sugarcane|SOIL=laterite,rainfall,மழை மேலாண்மை,sugarcane,கரும்பு,laterite,சரளை மண்,"crop,soil; add district/season/stage when present",retrieve canonical answer; live lookup for price/weather/schemes
AGR|RAINFALL|CROP=cotton|SOIL=red,rainfall,மழை மேலாண்மை,cotton,பருத்தி,red,செம்மண்,"crop,soil; add district/season/stage when present",retrieve canonical answer; live lookup for price/weather/schemes
AGR|RAINFALL|CROP=cotton|SOIL=black,rainfall,மழை மேலாண்மை,cotton,பருத்தி,black,கரிசல் மண்,"crop,soil; add district/season/stage when present",retrieve canonical answer; live lookup for price/weather/schemes
AGR|RAINFALL|CROP=cotton|SOIL=alluvial,rainfall,மழை மேலாண்மை,cotton,பருத்தி,alluvial,வண்டல் மண்,"crop,soil; add district/season/stage when present",retrieve canonical answer; live lookup for price/weather/schemes
AGR|RAINFALL|CROP=cotton|SOIL=sandy,rainfall,மழை மேலாண்மை,cotton,பருத்தி,sandy,மணல் மண்,"crop,soil; add district/season/stage when present",retrieve canonical answer; live lookup for price/weather/schemes
AGR|RAINFALL|CROP=cotton|SOIL=clay,rainfall,மழை மேலாண்மை,cotton,பருத்தி,clay,களிமண்,"crop,soil; add district/season/stage when present",retrieve canonical answer; live lookup for price/weather/schemes
AGR|RAINFALL|CROP=cotton|SOIL=loamy,rainfall,மழை மேலாண்மை,cotton,பருத்தி,loamy,கலப்பு மண்,"crop,soil; add district/season/stage when present",retrieve canonical answer; live lookup for price/weather/schemes
AGR|RAINFALL|CROP=cotton|SOIL=laterite,rainfall,மழை மேலாண்மை,cotton,பருத்தி,laterite,சரளை மண்,"crop,soil; add district/season/stage when present",retrieve canonical answer; live lookup for price/weather/schemes
AGR|RAINFALL|CROP=groundnut|SOIL=red,rainfall,மழை மேலாண்மை,groundnut,நிலக்கடலை,red,செம்மண்,"crop,soil; add district/season/stage when present",retrieve canonical answer; live lookup for price/weather/schemes
AGR|RAINFALL|CROP=groundnut|SOIL=black,rainfall,மழை மேலாண்மை,groundnut,நிலக்கடலை,black,கரிசல் மண்,"crop,soil; add district/season/stage when present",retrieve canonical answer; live lookup for price/weather/schemes
AGR|RAINFALL|CROP=groundnut|SOIL=alluvial,rainfall,மழை மேலாண்மை,groundnut,நிலக்கடலை,alluvial,வண்டல் மண்,"crop,soil; add district/season/stage when present",retrieve canonical answer; live lookup for price/weather/schemes
AGR|RAINFALL|CROP=groundnut|SOIL=sandy,rainfall,மழை மேலாண்மை,groundnut,நிலக்கடலை,sandy,மணல் மண்,"crop,soil; add district/season/stage when present",retrieve canonical answer; live lookup for price/weather/schemes
AGR|RAINFALL|CROP=groundnut|SOIL=clay,rainfall,மழை மேலாண்மை,groundnut,நிலக்கடலை,clay,களிமண்,"crop,soil; add district/season/stage when present",retrieve canonical answer; live lookup for price/weather/schemes
AGR|RAINFALL|CROP=groundnut|SOIL=loamy,rainfall,மழை மேலாண்மை,groundnut,நிலக்கடலை,loamy,கலப்பு மண்,"crop,soil; add district/season/stage when present",retrieve canonical answer; live lookup for price/weather/schemes
AGR|RAINFALL|CROP=groundnut|SOIL=laterite,rainfall,மழை மேலாண்மை,groundnut,நிலக்கடலை,laterite,சரளை மண்,"crop,soil; add district/season/stage when present",retrieve canonical answer; live lookup for price/weather/schemes
AGR|RAINFALL|CROP=maize|SOIL=red,rainfall,மழை மேலாண்மை,maize,மக்காச்சோளம்,red,செம்மண்,"crop,soil; add district/season/stage when present",retrieve canonical answer; live lookup for price/weather/schemes
AGR|RAINFALL|CROP=maize|SOIL=black,rainfall,மழை மேலாண்மை,maize,மக்காச்சோளம்,black,கரிசல் மண்,"crop,soil; add district/season/stage when present",retrieve canonical answer; live lookup for price/weather/schemes
AGR|RAINFALL|CROP=maize|SOIL=alluvial,rainfall,மழை மேலாண்மை,maize,மக்காச்சோளம்,alluvial,வண்டல் மண்,"crop,soil; add district/season/stage when present",retrieve canonical answer; live lookup for price/weather/schemes
AGR|RAINFALL|CROP=maize|SOIL=sandy,rainfall,மழை மேலாண்மை,maize,மக்காச்சோளம்,sandy,மணல் மண்,"crop,soil; add district/season/stage when present",retrieve canonical answer; live lookup for price/weather/schemes
AGR|RAINFALL|CROP=maize|SOIL=clay,rainfall,மழை மேலாண்மை,maize,மக்காச்சோளம்,clay,களிமண்,"crop,soil; add district/season/stage when present",retrieve canonical answer; live lookup for price/weather/schemes
AGR|RAINFALL|CROP=maize|SOIL=loamy,rainfall,மழை மேலாண்மை,maize,மக்காச்சோளம்,loamy,கலப்பு மண்,"crop,soil; add district/season/stage when present",retrieve canonical answer; live lookup for price/weather/schemes
AGR|RAINFALL|CROP=maize|SOIL=laterite,rainfall,மழை மேலாண்மை,maize,மக்காச்சோளம்,laterite,சரளை மண்,"crop,soil; add district/season/stage when present",retrieve canonical answer; live lookup for price/weather/schemes
AGR|RAINFALL|CROP=millet|SOIL=red,rainfall,மழை மேலாண்மை,millet,கம்பு,red,செம்மண்,"crop,soil; add district/season/stage when present",retrieve canonical answer; live lookup for price/weather/schemes
AGR|RAINFALL|CROP=millet|SOIL=black,rainfall,மழை மேலாண்மை,millet,கம்பு,black,கரிசல் மண்,"crop,soil; add district/season/stage when present",retrieve canonical answer; live lookup for price/weather/schemes
AGR|RAINFALL|CROP=millet|SOIL=alluvial,rainfall,மழை மேலாண்மை,millet,கம்பு,alluvial,வண்டல் மண்,"crop,soil; add district/season/stage when present",retrieve canonical answer; live lookup for price/weather/schemes
AGR|RAINFALL|CROP=millet|SOIL=sandy,rainfall,மழை மேலாண்மை,millet,கம்பு,sandy,மணல் மண்,"crop,soil; add district/season/stage when present",retrieve canonical answer; live lookup for price/weather/schemes
AGR|RAINFALL|CROP=millet|SOIL=clay,rainfall,மழை மேலாண்மை,millet,கம்பு,clay,களிமண்,"crop,soil; add district/season/stage when present",retrieve canonical answer; live lookup for price/weather/schemes
AGR|RAINFALL|CROP=millet|SOIL=loamy,rainfall,மழை மேலாண்மை,millet,கம்பு,loamy,கலப்பு மண்,"crop,soil; add district/season/stage when present",retrieve canonical answer; live lookup for price/weather/schemes
AGR|RAINFALL|CROP=millet|SOIL=laterite,rainfall,மழை மேலாண்மை,millet,கம்பு,laterite,சரளை மண்,"crop,soil; add district/season/stage when present",retrieve canonical answer; live lookup for price/weather/schemes
AGR|RAINFALL|CROP=tomato|SOIL=red,rainfall,மழை மேலாண்மை,tomato,தக்காளி,red,செம்மண்,"crop,soil; add district/season/stage when present",retrieve canonical answer; live lookup for price/weather/schemes
AGR|RAINFALL|CROP=tomato|SOIL=black,rainfall,மழை மேலாண்மை,tomato,தக்காளி,black,கரிசல் மண்,"crop,soil; add district/season/stage when present",retrieve canonical answer; live lookup for price/weather/schemes
AGR|RAINFALL|CROP=tomato|SOIL=alluvial,rainfall,மழை மேலாண்மை,tomato,தக்காளி,alluvial,வண்டல் மண்,"crop,soil; add district/season/stage when present",retrieve canonical answer; live lookup for price/weather/schemes
AGR|RAINFALL|CROP=tomato|SOIL=sandy,rainfall,மழை மேலாண்மை,tomato,தக்காளி,sandy,மணல் மண்,"crop,soil; add district/season/stage when present",retrieve canonical answer; live lookup for price/weather/schemes
AGR|RAINFALL|CROP=tomato|SOIL=clay,rainfall,மழை மேலாண்மை,tomato,தக்காளி,clay,களிமண்,"crop,soil; add district/season/stage when present",retrieve canonical answer; live lookup for price/weather/schemes
AGR|RAINFALL|CROP=tomato|SOIL=loamy,rainfall,மழை மேலாண்மை,tomato,தக்காளி,loamy,கலப்பு மண்,"crop,soil; add district/season/stage when present",retrieve canonical answer; live lookup for price/weather/schemes
AGR|RAINFALL|CROP=tomato|SOIL=laterite,rainfall,மழை மேலாண்மை,tomato,தக்காளி,laterite,சரளை மண்,"crop,soil; add district/season/stage when present",retrieve canonical answer; live lookup for price/weather/schemes
AGR|RAINFALL|CROP=chilli|SOIL=red,rainfall,மழை மேலாண்மை,chilli,மிளகாய்,red,செம்மண்,"crop,soil; add district/season/stage when present",retrieve canonical answer; live lookup for price/weather/schemes
AGR|RAINFALL|CROP=chilli|SOIL=black,rainfall,மழை மேலாண்மை,chilli,மிளகாய்,black,கரிசல் மண்,"crop,soil; add district/season/stage when present",retrieve canonical answer; live lookup for price/weather/schemes
AGR|RAINFALL|CROP=chilli|SOIL=alluvial,rainfall,மழை மேலாண்மை,chilli,மிளகாய்,alluvial,வண்டல் மண்,"crop,soil; add district/season/stage when present",retrieve canonical answer; live lookup for price/weather/schemes
AGR|RAINFALL|CROP=chilli|SOIL=sandy,rainfall,மழை மேலாண்மை,chilli,மிளகாய்,sandy,மணல் மண்,"crop,soil; add district/season/stage when present",retrieve canonical answer; live lookup for price/weather/schemes
AGR|RAINFALL|CROP=chilli|SOIL=clay,rainfall,மழை மேலாண்மை,chilli,மிளகாய்,clay,களிமண்,"crop,soil; add district/season/stage when present",retrieve canonical answer; live lookup for price/weather/schemes
AGR|RAINFALL|CROP=chilli|SOIL=loamy,rainfall,மழை மேலாண்மை,chilli,மிளகாய்,loamy,கலப்பு மண்,"crop,soil; add district/season/stage when present",retrieve canonical answer; live lookup for price/weather/schemes
AGR|RAINFALL|CROP=chilli|SOIL=laterite,rainfall,மழை மேலாண்மை,chilli,மிளகாய்,laterite,சரளை மண்,"crop,soil; add district/season/stage when present",retrieve canonical answer; live lookup for price/weather/schemes
AGR|RAINFALL|CROP=onion|SOIL=red,rainfall,மழை மேலாண்மை,onion,வெங்காயம்,red,செம்மண்,"crop,soil; add district/season/stage when present",retrieve canonical answer; live lookup for price/weather/schemes
AGR|RAINFALL|CROP=onion|SOIL=black,rainfall,மழை மேலாண்மை,onion,வெங்காயம்,black,கரிசல் மண்,"crop,soil; add district/season/stage when present",retrieve canonical answer; live lookup for price/weather/schemes
AGR|RAINFALL|CROP=onion|SOIL=alluvial,rainfall,மழை மேலாண்மை,onion,வெங்காயம்,alluvial,வண்டல் மண்,"crop,soil; add district/season/stage when present",retrieve canonical answer; live lookup for price/weather/schemes
AGR|RAINFALL|CROP=onion|SOIL=sandy,rainfall,மழை மேலாண்மை,onion,வெங்காயம்,sandy,மணல் மண்,"crop,soil; add district/season/stage when present",retrieve canonical answer; live lookup for price/weather/schemes
AGR|RAINFALL|CROP=onion|SOIL=clay,rainfall,மழை மேலாண்மை,onion,வெங்காயம்,clay,களிமண்,"crop,soil; add district/season/stage when present",retrieve canonical answer; live lookup for price/weather/schemes
AGR|RAINFALL|CROP=onion|SOIL=loamy,rainfall,மழை மேலாண்மை,onion,வெங்காயம்,loamy,கலப்பு மண்,"crop,soil; add district/season/stage when present",retrieve canonical answer; live lookup for price/weather/schemes
AGR|RAINFALL|CROP=onion|SOIL=laterite,rainfall,மழை மேலாண்மை,onion,வெங்காயம்,laterite,சரளை மண்,"crop,soil; add district/season/stage when present",retrieve canonical answer; live lookup for price/weather/schemes
AGR|RAINFALL|CROP=turmeric|SOIL=red,rainfall,மழை மேலாண்மை,turmeric,மஞ்சள்,red,செம்மண்,"crop,soil; add district/season/stage when present",retrieve canonical answer; live lookup for price/weather/schemes
AGR|RAINFALL|CROP=turmeric|SOIL=black,rainfall,மழை மேலாண்மை,turmeric,மஞ்சள்,black,கரிசல் மண்,"crop,soil; add district/season/stage when present",retrieve canonical answer; live lookup for price/weather/schemes
AGR|RAINFALL|CROP=turmeric|SOIL=alluvial,rainfall,மழை மேலாண்மை,turmeric,மஞ்சள்,alluvial,வண்டல் மண்,"crop,soil; add district/season/stage when present",retrieve canonical answer; live lookup for price/weather/schemes
AGR|RAINFALL|CROP=turmeric|SOIL=sandy,rainfall,மழை மேலாண்மை,turmeric,மஞ்சள்,sandy,மணல் மண்,"crop,soil; add district/season/stage when present",retrieve canonical answer; live lookup for price/weather/schemes
AGR|RAINFALL|CROP=turmeric|SOIL=clay,rainfall,மழை மேலாண்மை,turmeric,மஞ்சள்,clay,களிமண்,"crop,soil; add district/season/stage when present",retrieve canonical answer; live lookup for price/weather/schemes
AGR|RAINFALL|CROP=turmeric|SOIL=loamy,rainfall,மழை மேலாண்மை,turmeric,மஞ்சள்,loamy,கலப்பு மண்,"crop,soil; add district/season/stage when present",retrieve canonical answer; live lookup for price/weather/schemes
AGR|RAINFALL|CROP=turmeric|SOIL=laterite,rainfall,மழை மேலாண்மை,turmeric,மஞ்சள்,laterite,சரளை மண்,"crop,soil; add district/season/stage when present",retrieve canonical answer; live lookup for price/weather/schemes
AGR|RAINFALL|CROP=brinjal|SOIL=red,rainfall,மழை மேலாண்மை,brinjal,கத்தரிக்காய்,red,செம்மண்,"crop,soil; add district/season/stage when present",retrieve canonical answer; live lookup for price/weather/schemes
AGR|RAINFALL|CROP=brinjal|SOIL=black,rainfall,மழை மேலாண்மை,brinjal,கத்தரிக்காய்,black,கரிசல் மண்,"crop,soil; add district/season/stage when present",retrieve canonical answer; live lookup for price/weather/schemes
AGR|RAINFALL|CROP=brinjal|SOIL=alluvial,rainfall,மழை மேலாண்மை,brinjal,கத்தரிக்காய்,alluvial,வண்டல் மண்,"crop,soil; add district/season/stage when present",retrieve canonical answer; live lookup for price/weather/schemes
AGR|RAINFALL|CROP=brinjal|SOIL=sandy,rainfall,மழை மேலாண்மை,brinjal,கத்தரிக்காய்,sandy,மணல் மண்,"crop,soil; add district/season/stage when present",retrieve canonical answer; live lookup for price/weather/schemes
AGR|RAINFALL|CROP=brinjal|SOIL=clay,rainfall,மழை மேலாண்மை,brinjal,கத்தரிக்காய்,clay,களிமண்,"crop,soil; add district/season/stage when present",retrieve canonical answer; live lookup for price/weather/schemes
AGR|RAINFALL|CROP=brinjal|SOIL=loamy,rainfall,மழை மேலாண்மை,brinjal,கத்தரிக்காய்,loamy,கலப்பு மண்,"crop,soil; add district/season/stage when present",retrieve canonical answer; live lookup for price/weather/schemes
AGR|RAINFALL|CROP=brinjal|SOIL=laterite,rainfall,மழை மேலாண்மை,brinjal,கத்தரிக்காய்,laterite,சரளை மண்,"crop,soil; add district/season/stage when present",retrieve canonical answer; live lookup for price/weather/schemes
AGR|RAINFALL|CROP=okra|SOIL=red,rainfall,மழை மேலாண்மை,okra,வெண்டைக்காய்,red,செம்மண்,"crop,soil; add district/season/stage when present",retrieve canonical answer; live lookup for price/weather/schemes
AGR|RAINFALL|CROP=okra|SOIL=black,rainfall,மழை மேலாண்மை,okra,வெண்டைக்காய்,black,கரிசல் மண்,"crop,soil; add district/season/stage when present",retrieve canonical answer; live lookup for price/weather/schemes
AGR|RAINFALL|CROP=okra|SOIL=alluvial,rainfall,மழை மேலாண்மை,okra,வெண்டைக்காய்,alluvial,வண்டல் மண்,"crop,soil; add district/season/stage when present",retrieve canonical answer; live lookup for price/weather/schemes
AGR|RAINFALL|CROP=okra|SOIL=sandy,rainfall,மழை மேலாண்மை,okra,வெண்டைக்காய்,sandy,மணல் மண்,"crop,soil; add district/season/stage when present",retrieve canonical answer; live lookup for price/weather/schemes
AGR|RAINFALL|CROP=okra|SOIL=clay,rainfall,மழை மேலாண்மை,okra,வெண்டைக்காய்,clay,களிமண்,"crop,soil; add district/season/stage when present",retrieve canonical answer; live lookup for price/weather/schemes
AGR|RAINFALL|CROP=okra|SOIL=loamy,rainfall,மழை மேலாண்மை,okra,வெண்டைக்காய்,loamy,கலப்பு மண்,"crop,soil; add district/season/stage when present",retrieve canonical answer; live lookup for price/weather/schemes
AGR|RAINFALL|CROP=okra|SOIL=laterite,rainfall,மழை மேலாண்மை,okra,வெண்டைக்காய்,laterite,சரளை மண்,"crop,soil; add district/season/stage when present",retrieve canonical answer; live lookup for price/weather/schemes
AGR|RAINFALL|CROP=coconut|SOIL=red,rainfall,மழை மேலாண்மை,coconut,தென்னை,red,செம்மண்,"crop,soil; add district/season/stage when present",retrieve canonical answer; live lookup for price/weather/schemes
AGR|RAINFALL|CROP=coconut|SOIL=black,rainfall,மழை மேலாண்மை,coconut,தென்னை,black,கரிசல் மண்,"crop,soil; add district/season/stage when present",retrieve canonical answer; live lookup for price/weather/schemes
AGR|RAINFALL|CROP=coconut|SOIL=alluvial,rainfall,மழை மேலாண்மை,coconut,தென்னை,alluvial,வண்டல் மண்,"crop,soil; add district/season/stage when present",retrieve canonical answer; live lookup for price/weather/schemes
AGR|RAINFALL|CROP=coconut|SOIL=sandy,rainfall,மழை மேலாண்மை,coconut,தென்னை,sandy,மணல் மண்,"crop,soil; add district/season/stage when present",retrieve canonical answer; live lookup for price/weather/schemes
AGR|RAINFALL|CROP=coconut|SOIL=clay,rainfall,மழை மேலாண்மை,coconut,தென்னை,clay,களிமண்,"crop,soil; add district/season/stage when present",retrieve canonical answer; live lookup for price/weather/schemes
AGR|RAINFALL|CROP=coconut|SOIL=loamy,rainfall,மழை மேலாண்மை,coconut,தென்னை,loamy,கலப்பு மண்,"crop,soil; add district/season/stage when present",retrieve canonical answer; live lookup for price/weather/schemes
AGR|RAINFALL|CROP=coconut|SOIL=laterite,rainfall,மழை மேலாண்மை,coconut,தென்னை,laterite,சரளை மண்,"crop,soil; add district/season/stage when present",retrieve canonical answer; live lookup for price/weather/schemes
AGR|RAINFALL|CROP=pulses|SOIL=red,rainfall,மழை மேலாண்மை,pulses,பயறு,red,செம்மண்,"crop,soil; add district/season/stage when present",retrieve canonical answer; live lookup for price/weather/schemes
AGR|RAINFALL|CROP=pulses|SOIL=black,rainfall,மழை மேலாண்மை,pulses,பயறு,black,கரிசல் மண்,"crop,soil; add district/season/stage when present",retrieve canonical answer; live lookup for price/weather/schemes
AGR|RAINFALL|CROP=pulses|SOIL=alluvial,rainfall,மழை மேலாண்மை,pulses,பயறு,alluvial,வண்டல் மண்,"crop,soil; add district/season/stage when present",retrieve canonical answer; live lookup for price/weather/schemes
AGR|RAINFALL|CROP=pulses|SOIL=sandy,rainfall,மழை மேலாண்மை,pulses,பயறு,sandy,மணல் மண்,"crop,soil; add district/season/stage when present",retrieve canonical answer; live lookup for price/weather/schemes
AGR|RAINFALL|CROP=pulses|SOIL=clay,rainfall,மழை மேலாண்மை,pulses,பயறு,clay,களிமண்,"crop,soil; add district/season/stage when present",retrieve canonical answer; live lookup for price/weather/schemes
AGR|RAINFALL|CROP=pulses|SOIL=loamy,rainfall,மழை மேலாண்மை,pulses,பயறு,loamy,கலப்பு மண்,"crop,soil; add district/season/stage when present",retrieve canonical answer; live lookup for price/weather/schemes
AGR|RAINFALL|CROP=pulses|SOIL=laterite,rainfall,மழை மேலாண்மை,pulses,பயறு,laterite,சரளை மண்,"crop,soil; add district/season/stage when present",retrieve canonical answer; live lookup for price/weather/schemes
AGR|RAINFALL|CROP=sesame|SOIL=red,rainfall,மழை மேலாண்மை,sesame,எள்,red,செம்மண்,"crop,soil; add district/season/stage when present",retrieve canonical answer; live lookup for price/weather/schemes
AGR|RAINFALL|CROP=sesame|SOIL=black,rainfall,மழை மேலாண்மை,sesame,எள்,black,கரிசல் மண்,"crop,soil; add district/season/stage when present",retrieve canonical answer; live lookup for price/weather/schemes
AGR|RAINFALL|CROP=sesame|SOIL=alluvial,rainfall,மழை மேலாண்மை,sesame,எள்,alluvial,வண்டல் மண்,"crop,soil; add district/season/stage when present",retrieve canonical answer; live lookup for price/weather/schemes
AGR|RAINFALL|CROP=sesame|SOIL=sandy,rainfall,மழை மேலாண்மை,sesame,எள்,sandy,மணல் மண்,"crop,soil; add district/season/stage when present",retrieve canonical answer; live lookup for price/weather/schemes
AGR|RAINFALL|CROP=sesame|SOIL=clay,rainfall,மழை மேலாண்மை,sesame,எள்,clay,களிமண்,"crop,soil; add district/season/stage when present",retrieve canonical answer; live lookup for price/weather/schemes
AGR|RAINFALL|CROP=sesame|SOIL=loamy,rainfall,மழை மேலாண்மை,sesame,எள்,loamy,கலப்பு மண்,"crop,soil; add district/season/stage when present",retrieve canonical answer; live lookup for price/weather/schemes
AGR|RAINFALL|CROP=sesame|SOIL=laterite,rainfall,மழை மேலாண்மை,sesame,எள்,laterite,சரளை மண்,"crop,soil; add district/season/stage when present",retrieve canonical answer; live lookup for price/weather/schemes
AGR|RAINFALL|CROP=tapioca|SOIL=red,rainfall,மழை மேலாண்மை,tapioca,மரவள்ளி,red,செம்மண்,"crop,soil; add district/season/stage when present",retrieve canonical answer; live lookup for price/weather/schemes
AGR|RAINFALL|CROP=tapioca|SOIL=black,rainfall,மழை மேலாண்மை,tapioca,மரவள்ளி,black,கரிசல் மண்,"crop,soil; add district/season/stage when present",retrieve canonical answer; live lookup for price/weather/schemes
AGR|RAINFALL|CROP=tapioca|SOIL=alluvial,rainfall,மழை மேலாண்மை,tapioca,மரவள்ளி,alluvial,வண்டல் மண்,"crop,soil; add district/season/stage when present",retrieve canonical answer; live lookup for price/weather/schemes
AGR|RAINFALL|CROP=tapioca|SOIL=sandy,rainfall,மழை மேலாண்மை,tapioca,மரவள்ளி,sandy,மணல் மண்,"crop,soil; add district/season/stage when present",retrieve canonical answer; live lookup for price/weather/schemes
AGR|RAINFALL|CROP=tapioca|SOIL=clay,rainfall,மழை மேலாண்மை,tapioca,மரவள்ளி,clay,களிமண்,"crop,soil; add district/season/stage when present",retrieve canonical answer; live lookup for price/weather/schemes
AGR|RAINFALL|CROP=tapioca|SOIL=loamy,rainfall,மழை மேலாண்மை,tapioca,மரவள்ளி,loamy,கலப்பு மண்,"crop,soil; add district/season/stage when present",retrieve canonical answer; live lookup for price/weather/schemes
AGR|RAINFALL|CROP=tapioca|SOIL=laterite,rainfall,மழை மேலாண்மை,tapioca,மரவள்ளி,laterite,சரளை மண்,"crop,soil; add district/season/stage when present",retrieve canonical answer; live lookup for price/weather/schemes
AGR|RAINFALL|CROP=drumstick|SOIL=red,rainfall,மழை மேலாண்மை,drumstick,முருங்கை,red,செம்மண்,"crop,soil; add district/season/stage when present",retrieve canonical answer; live lookup for price/weather/schemes
AGR|RAINFALL|CROP=drumstick|SOIL=black,rainfall,மழை மேலாண்மை,drumstick,முருங்கை,black,கரிசல் மண்,"crop,soil; add district/season/stage when present",retrieve canonical answer; live lookup for price/weather/schemes
AGR|RAINFALL|CROP=drumstick|SOIL=alluvial,rainfall,மழை மேலாண்மை,drumstick,முருங்கை,alluvial,வண்டல் மண்,"crop,soil; add district/season/stage when present",retrieve canonical answer; live lookup for price/weather/schemes
AGR|RAINFALL|CROP=drumstick|SOIL=sandy,rainfall,மழை மேலாண்மை,drumstick,முருங்கை,sandy,மணல் மண்,"crop,soil; add district/season/stage when present",retrieve canonical answer; live lookup for price/weather/schemes
AGR|RAINFALL|CROP=drumstick|SOIL=clay,rainfall,மழை மேலாண்மை,drumstick,முருங்கை,clay,களிமண்,"crop,soil; add district/season/stage when present",retrieve canonical answer; live lookup for price/weather/schemes
AGR|RAINFALL|CROP=drumstick|SOIL=loamy,rainfall,மழை மேலாண்மை,drumstick,முருங்கை,loamy,கலப்பு மண்,"crop,soil; add district/season/stage when present",retrieve canonical answer; live lookup for price/weather/schemes
AGR|RAINFALL|CROP=drumstick|SOIL=laterite,rainfall,மழை மேலாண்மை,drumstick,முருங்கை,laterite,சரளை மண்,"crop,soil; add district/season/stage when present",retrieve canonical answer; live lookup for price/weather/schemes
AGR|CROP_ROTATION|CROP=rice|SOIL=red,crop_rotation,பயிர் சுழற்சி,rice,நெல்,red,செம்மண்,"crop,soil; add district/season/stage when present",retrieve canonical answer; live lookup for price/weather/schemes
AGR|CROP_ROTATION|CROP=rice|SOIL=black,crop_rotation,பயிர் சுழற்சி,rice,நெல்,black,கரிசல் மண்,"crop,soil; add district/season/stage when present",retrieve canonical answer; live lookup for price/weather/schemes
AGR|CROP_ROTATION|CROP=rice|SOIL=alluvial,crop_rotation,பயிர் சுழற்சி,rice,நெல்,alluvial,வண்டல் மண்,"crop,soil; add district/season/stage when present",retrieve canonical answer; live lookup for price/weather/schemes
AGR|CROP_ROTATION|CROP=rice|SOIL=sandy,crop_rotation,பயிர் சுழற்சி,rice,நெல்,sandy,மணல் மண்,"crop,soil; add district/season/stage when present",retrieve canonical answer; live lookup for price/weather/schemes
AGR|CROP_ROTATION|CROP=rice|SOIL=clay,crop_rotation,பயிர் சுழற்சி,rice,நெல்,clay,களிமண்,"crop,soil; add district/season/stage when present",retrieve canonical answer; live lookup for price/weather/schemes
AGR|CROP_ROTATION|CROP=rice|SOIL=loamy,crop_rotation,பயிர் சுழற்சி,rice,நெல்,loamy,கலப்பு மண்,"crop,soil; add district/season/stage when present",retrieve canonical answer; live lookup for price/weather/schemes
AGR|CROP_ROTATION|CROP=rice|SOIL=laterite,crop_rotation,பயிர் சுழற்சி,rice,நெல்,laterite,சரளை மண்,"crop,soil; add district/season/stage when present",retrieve canonical answer; live lookup for price/weather/schemes
AGR|CROP_ROTATION|CROP=banana|SOIL=red,crop_rotation,பயிர் சுழற்சி,banana,வாழை,red,செம்மண்,"crop,soil; add district/season/stage when present",retrieve canonical answer; live lookup for price/weather/schemes
AGR|CROP_ROTATION|CROP=banana|SOIL=black,crop_rotation,பயிர் சுழற்சி,banana,வாழை,black,கரிசல் மண்,"crop,soil; add district/season/stage when present",retrieve canonical answer; live lookup for price/weather/schemes
AGR|CROP_ROTATION|CROP=banana|SOIL=alluvial,crop_rotation,பயிர் சுழற்சி,banana,வாழை,alluvial,வண்டல் மண்,"crop,soil; add district/season/stage when present",retrieve canonical answer; live lookup for price/weather/schemes
AGR|CROP_ROTATION|CROP=banana|SOIL=sandy,crop_rotation,பயிர் சுழற்சி,banana,வாழை,sandy,மணல் மண்,"crop,soil; add district/season/stage when present",retrieve canonical answer; live lookup for price/weather/schemes
AGR|CROP_ROTATION|CROP=banana|SOIL=clay,crop_rotation,பயிர் சுழற்சி,banana,வாழை,clay,களிமண்,"crop,soil; add district/season/stage when present",retrieve canonical answer; live lookup for price/weather/schemes
AGR|CROP_ROTATION|CROP=banana|SOIL=loamy,crop_rotation,பயிர் சுழற்சி,banana,வாழை,loamy,கலப்பு மண்,"crop,soil; add district/season/stage when present",retrieve canonical answer; live lookup for price/weather/schemes
AGR|CROP_ROTATION|CROP=banana|SOIL=laterite,crop_rotation,பயிர் சுழற்சி,banana,வாழை,laterite,சரளை மண்,"crop,soil; add district/season/stage when present",retrieve canonical answer; live lookup for price/weather/schemes
AGR|CROP_ROTATION|CROP=sugarcane|SOIL=red,crop_rotation,பயிர் சுழற்சி,sugarcane,கரும்பு,red,செம்மண்,"crop,soil; add district/season/stage when present",retrieve canonical answer; live lookup for price/weather/schemes
AGR|CROP_ROTATION|CROP=sugarcane|SOIL=black,crop_rotation,பயிர் சுழற்சி,sugarcane,கரும்பு,black,கரிசல் மண்,"crop,soil; add district/season/stage when present",retrieve canonical answer; live lookup for price/weather/schemes
AGR|CROP_ROTATION|CROP=sugarcane|SOIL=alluvial,crop_rotation,பயிர் சுழற்சி,sugarcane,கரும்பு,alluvial,வண்டல் மண்,"crop,soil; add district/season/stage when present",retrieve canonical answer; live lookup for price/weather/schemes
AGR|CROP_ROTATION|CROP=sugarcane|SOIL=sandy,crop_rotation,பயிர் சுழற்சி,sugarcane,கரும்பு,sandy,மணல் மண்,"crop,soil; add district/season/stage when present",retrieve canonical answer; live lookup for price/weather/schemes
AGR|CROP_ROTATION|CROP=sugarcane|SOIL=clay,crop_rotation,பயிர் சுழற்சி,sugarcane,கரும்பு,clay,களிமண்,"crop,soil; add district/season/stage when present",retrieve canonical answer; live lookup for price/weather/schemes
AGR|CROP_ROTATION|CROP=sugarcane|SOIL=loamy,crop_rotation,பயிர் சுழற்சி,sugarcane,கரும்பு,loamy,கலப்பு மண்,"crop,soil; add district/season/stage when present",retrieve canonical answer; live lookup for price/weather/schemes
AGR|CROP_ROTATION|CROP=sugarcane|SOIL=laterite,crop_rotation,பயிர் சுழற்சி,sugarcane,கரும்பு,laterite,சரளை மண்,"crop,soil; add district/season/stage when present",retrieve canonical answer; live lookup for price/weather/schemes
AGR|CROP_ROTATION|CROP=cotton|SOIL=red,crop_rotation,பயிர் சுழற்சி,cotton,பருத்தி,red,செம்மண்,"crop,soil; add district/season/stage when present",retrieve canonical answer; live lookup for price/weather/schemes
AGR|CROP_ROTATION|CROP=cotton|SOIL=black,crop_rotation,பயிர் சுழற்சி,cotton,பருத்தி,black,கரிசல் மண்,"crop,soil; add district/season/stage when present",retrieve canonical answer; live lookup for price/weather/schemes
AGR|CROP_ROTATION|CROP=cotton|SOIL=alluvial,crop_rotation,பயிர் சுழற்சி,cotton,பருத்தி,alluvial,வண்டல் மண்,"crop,soil; add district/season/stage when present",retrieve canonical answer; live lookup for price/weather/schemes
AGR|CROP_ROTATION|CROP=cotton|SOIL=sandy,crop_rotation,பயிர் சுழற்சி,cotton,பருத்தி,sandy,மணல் மண்,"crop,soil; add district/season/stage when present",retrieve canonical answer; live lookup for price/weather/schemes
AGR|CROP_ROTATION|CROP=cotton|SOIL=clay,crop_rotation,பயிர் சுழற்சி,cotton,பருத்தி,clay,களிமண்,"crop,soil; add district/season/stage when present",retrieve canonical answer; live lookup for price/weather/schemes
AGR|CROP_ROTATION|CROP=cotton|SOIL=loamy,crop_rotation,பயிர் சுழற்சி,cotton,பருத்தி,loamy,கலப்பு மண்,"crop,soil; add district/season/stage when present",retrieve canonical answer; live lookup for price/weather/schemes
AGR|CROP_ROTATION|CROP=cotton|SOIL=laterite,crop_rotation,பயிர் சுழற்சி,cotton,பருத்தி,laterite,சரளை மண்,"crop,soil; add district/season/stage when present",retrieve canonical answer; live lookup for price/weather/schemes
AGR|CROP_ROTATION|CROP=groundnut|SOIL=red,crop_rotation,பயிர் சுழற்சி,groundnut,நிலக்கடலை,red,செம்மண்,"crop,soil; add district/season/stage when present",retrieve canonical answer; live lookup for price/weather/schemes
AGR|CROP_ROTATION|CROP=groundnut|SOIL=black,crop_rotation,பயிர் சுழற்சி,groundnut,நிலக்கடலை,black,கரிசல் மண்,"crop,soil; add district/season/stage when present",retrieve canonical answer; live lookup for price/weather/schemes
AGR|CROP_ROTATION|CROP=groundnut|SOIL=alluvial,crop_rotation,பயிர் சுழற்சி,groundnut,நிலக்கடலை,alluvial,வண்டல் மண்,"crop,soil; add district/season/stage when present",retrieve canonical answer; live lookup for price/weather/schemes
AGR|CROP_ROTATION|CROP=groundnut|SOIL=sandy,crop_rotation,பயிர் சுழற்சி,groundnut,நிலக்கடலை,sandy,மணல் மண்,"crop,soil; add district/season/stage when present",retrieve canonical answer; live lookup for price/weather/schemes
AGR|CROP_ROTATION|CROP=groundnut|SOIL=clay,crop_rotation,பயிர் சுழற்சி,groundnut,நிலக்கடலை,clay,களிமண்,"crop,soil; add district/season/stage when present",retrieve canonical answer; live lookup for price/weather/schemes
AGR|CROP_ROTATION|CROP=groundnut|SOIL=loamy,crop_rotation,பயிர் சுழற்சி,groundnut,நிலக்கடலை,loamy,கலப்பு மண்,"crop,soil; add district/season/stage when present",retrieve canonical answer; live lookup for price/weather/schemes
AGR|CROP_ROTATION|CROP=groundnut|SOIL=laterite,crop_rotation,பயிர் சுழற்சி,groundnut,நிலக்கடலை,laterite,சரளை மண்,"crop,soil; add district/season/stage when present",retrieve canonical answer; live lookup for price/weather/schemes
AGR|CROP_ROTATION|CROP=maize|SOIL=red,crop_rotation,பயிர் சுழற்சி,maize,மக்காச்சோளம்,red,செம்மண்,"crop,soil; add district/season/stage when present",retrieve canonical answer; live lookup for price/weather/schemes
AGR|CROP_ROTATION|CROP=maize|SOIL=black,crop_rotation,பயிர் சுழற்சி,maize,மக்காச்சோளம்,black,கரிசல் மண்,"crop,soil; add district/season/stage when present",retrieve canonical answer; live lookup for price/weather/schemes
AGR|CROP_ROTATION|CROP=maize|SOIL=alluvial,crop_rotation,பயிர் சுழற்சி,maize,மக்காச்சோளம்,alluvial,வண்டல் மண்,"crop,soil; add district/season/stage when present",retrieve canonical answer; live lookup for price/weather/schemes
AGR|CROP_ROTATION|CROP=maize|SOIL=sandy,crop_rotation,பயிர் சுழற்சி,maize,மக்காச்சோளம்,sandy,மணல் மண்,"crop,soil; add district/season/stage when present",retrieve canonical answer; live lookup for price/weather/schemes
AGR|CROP_ROTATION|CROP=maize|SOIL=clay,crop_rotation,பயிர் சுழற்சி,maize,மக்காச்சோளம்,clay,களிமண்,"crop,soil; add district/season/stage when present",retrieve canonical answer; live lookup for price/weather/schemes
AGR|CROP_ROTATION|CROP=maize|SOIL=loamy,crop_rotation,பயிர் சுழற்சி,maize,மக்காச்சோளம்,loamy,கலப்பு மண்,"crop,soil; add district/season/stage when present",retrieve canonical answer; live lookup for price/weather/schemes
AGR|CROP_ROTATION|CROP=maize|SOIL=laterite,crop_rotation,பயிர் சுழற்சி,maize,மக்காச்சோளம்,laterite,சரளை மண்,"crop,soil; add district/season/stage when present",retrieve canonical answer; live lookup for price/weather/schemes
AGR|CROP_ROTATION|CROP=millet|SOIL=red,crop_rotation,பயிர் சுழற்சி,millet,கம்பு,red,செம்மண்,"crop,soil; add district/season/stage when present",retrieve canonical answer; live lookup for price/weather/schemes
AGR|CROP_ROTATION|CROP=millet|SOIL=black,crop_rotation,பயிர் சுழற்சி,millet,கம்பு,black,கரிசல் மண்,"crop,soil; add district/season/stage when present",retrieve canonical answer; live lookup for price/weather/schemes
AGR|CROP_ROTATION|CROP=millet|SOIL=alluvial,crop_rotation,பயிர் சுழற்சி,millet,கம்பு,alluvial,வண்டல் மண்,"crop,soil; add district/season/stage when present",retrieve canonical answer; live lookup for price/weather/schemes
AGR|CROP_ROTATION|CROP=millet|SOIL=sandy,crop_rotation,பயிர் சுழற்சி,millet,கம்பு,sandy,மணல் மண்,"crop,soil; add district/season/stage when present",retrieve canonical answer; live lookup for price/weather/schemes
AGR|CROP_ROTATION|CROP=millet|SOIL=clay,crop_rotation,பயிர் சுழற்சி,millet,கம்பு,clay,களிமண்,"crop,soil; add district/season/stage when present",retrieve canonical answer; live lookup for price/weather/schemes
AGR|CROP_ROTATION|CROP=millet|SOIL=loamy,crop_rotation,பயிர் சுழற்சி,millet,கம்பு,loamy,கலப்பு மண்,"crop,soil; add district/season/stage when present",retrieve canonical answer; live lookup for price/weather/schemes
AGR|CROP_ROTATION|CROP=millet|SOIL=laterite,crop_rotation,பயிர் சுழற்சி,millet,கம்பு,laterite,சரளை மண்,"crop,soil; add district/season/stage when present",retrieve canonical answer; live lookup for price/weather/schemes
AGR|CROP_ROTATION|CROP=tomato|SOIL=red,crop_rotation,பயிர் சுழற்சி,tomato,தக்காளி,red,செம்மண்,"crop,soil; add district/season/stage when present",retrieve canonical answer; live lookup for price/weather/schemes
AGR|CROP_ROTATION|CROP=tomato|SOIL=black,crop_rotation,பயிர் சுழற்சி,tomato,தக்காளி,black,கரிசல் மண்,"crop,soil; add district/season/stage when present",retrieve canonical answer; live lookup for price/weather/schemes
AGR|CROP_ROTATION|CROP=tomato|SOIL=alluvial,crop_rotation,பயிர் சுழற்சி,tomato,தக்காளி,alluvial,வண்டல் மண்,"crop,soil; add district/season/stage when present",retrieve canonical answer; live lookup for price/weather/schemes
AGR|CROP_ROTATION|CROP=tomato|SOIL=sandy,crop_rotation,பயிர் சுழற்சி,tomato,தக்காளி,sandy,மணல் மண்,"crop,soil; add district/season/stage when present",retrieve canonical answer; live lookup for price/weather/schemes
AGR|CROP_ROTATION|CROP=tomato|SOIL=clay,crop_rotation,பயிர் சுழற்சி,tomato,தக்காளி,clay,களிமண்,"crop,soil; add district/season/stage when present",retrieve canonical answer; live lookup for price/weather/schemes
AGR|CROP_ROTATION|CROP=tomato|SOIL=loamy,crop_rotation,பயிர் சுழற்சி,tomato,தக்காளி,loamy,கலப்பு மண்,"crop,soil; add district/season/stage when present",retrieve canonical answer; live lookup for price/weather/schemes
AGR|CROP_ROTATION|CROP=tomato|SOIL=laterite,crop_rotation,பயிர் சுழற்சி,tomato,தக்காளி,laterite,சரளை மண்,"crop,soil; add district/season/stage when present",retrieve canonical answer; live lookup for price/weather/schemes
AGR|CROP_ROTATION|CROP=chilli|SOIL=red,crop_rotation,பயிர் சுழற்சி,chilli,மிளகாய்,red,செம்மண்,"crop,soil; add district/season/stage when present",retrieve canonical answer; live lookup for price/weather/schemes
AGR|CROP_ROTATION|CROP=chilli|SOIL=black,crop_rotation,பயிர் சுழற்சி,chilli,மிளகாய்,black,கரிசல் மண்,"crop,soil; add district/season/stage when present",retrieve canonical answer; live lookup for price/weather/schemes
AGR|CROP_ROTATION|CROP=chilli|SOIL=alluvial,crop_rotation,பயிர் சுழற்சி,chilli,மிளகாய்,alluvial,வண்டல் மண்,"crop,soil; add district/season/stage when present",retrieve canonical answer; live lookup for price/weather/schemes
AGR|CROP_ROTATION|CROP=chilli|SOIL=sandy,crop_rotation,பயிர் சுழற்சி,chilli,மிளகாய்,sandy,மணல் மண்,"crop,soil; add district/season/stage when present",retrieve canonical answer; live lookup for price/weather/schemes
AGR|CROP_ROTATION|CROP=chilli|SOIL=clay,crop_rotation,பயிர் சுழற்சி,chilli,மிளகாய்,clay,களிமண்,"crop,soil; add district/season/stage when present",retrieve canonical answer; live lookup for price/weather/schemes
AGR|CROP_ROTATION|CROP=chilli|SOIL=loamy,crop_rotation,பயிர் சுழற்சி,chilli,மிளகாய்,loamy,கலப்பு மண்,"crop,soil; add district/season/stage when present",retrieve canonical answer; live lookup for price/weather/schemes
AGR|CROP_ROTATION|CROP=chilli|SOIL=laterite,crop_rotation,பயிர் சுழற்சி,chilli,மிளகாய்,laterite,சரளை மண்,"crop,soil; add district/season/stage when present",retrieve canonical answer; live lookup for price/weather/schemes
AGR|CROP_ROTATION|CROP=onion|SOIL=red,crop_rotation,பயிர் சுழற்சி,onion,வெங்காயம்,red,செம்மண்,"crop,soil; add district/season/stage when present",retrieve canonical answer; live lookup for price/weather/schemes
AGR|CROP_ROTATION|CROP=onion|SOIL=black,crop_rotation,பயிர் சுழற்சி,onion,வெங்காயம்,black,கரிசல் மண்,"crop,soil; add district/season/stage when present",retrieve canonical answer; live lookup for price/weather/schemes
AGR|CROP_ROTATION|CROP=onion|SOIL=alluvial,crop_rotation,பயிர் சுழற்சி,onion,வெங்காயம்,alluvial,வண்டல் மண்,"crop,soil; add district/season/stage when present",retrieve canonical answer; live lookup for price/weather/schemes
AGR|CROP_ROTATION|CROP=onion|SOIL=sandy,crop_rotation,பயிர் சுழற்சி,onion,வெங்காயம்,sandy,மணல் மண்,"crop,soil; add district/season/stage when present",retrieve canonical answer; live lookup for price/weather/schemes
AGR|CROP_ROTATION|CROP=onion|SOIL=clay,crop_rotation,பயிர் சுழற்சி,onion,வெங்காயம்,clay,களிமண்,"crop,soil; add district/season/stage when present",retrieve canonical answer; live lookup for price/weather/schemes
AGR|CROP_ROTATION|CROP=onion|SOIL=loamy,crop_rotation,பயிர் சுழற்சி,onion,வெங்காயம்,loamy,கலப்பு மண்,"crop,soil; add district/season/stage when present",retrieve canonical answer; live lookup for price/weather/schemes
AGR|CROP_ROTATION|CROP=onion|SOIL=laterite,crop_rotation,பயிர் சுழற்சி,onion,வெங்காயம்,laterite,சரளை மண்,"crop,soil; add district/season/stage when present",retrieve canonical answer; live lookup for price/weather/schemes
AGR|CROP_ROTATION|CROP=turmeric|SOIL=red,crop_rotation,பயிர் சுழற்சி,turmeric,மஞ்சள்,red,செம்மண்,"crop,soil; add district/season/stage when present",retrieve canonical answer; live lookup for price/weather/schemes
AGR|CROP_ROTATION|CROP=turmeric|SOIL=black,crop_rotation,பயிர் சுழற்சி,turmeric,மஞ்சள்,black,கரிசல் மண்,"crop,soil; add district/season/stage when present",retrieve canonical answer; live lookup for price/weather/schemes
AGR|CROP_ROTATION|CROP=turmeric|SOIL=alluvial,crop_rotation,பயிர் சுழற்சி,turmeric,மஞ்சள்,alluvial,வண்டல் மண்,"crop,soil; add district/season/stage when present",retrieve canonical answer; live lookup for price/weather/schemes
AGR|CROP_ROTATION|CROP=turmeric|SOIL=sandy,crop_rotation,பயிர் சுழற்சி,turmeric,மஞ்சள்,sandy,மணல் மண்,"crop,soil; add district/season/stage when present",retrieve canonical answer; live lookup for price/weather/schemes
AGR|CROP_ROTATION|CROP=turmeric|SOIL=clay,crop_rotation,பயிர் சுழற்சி,turmeric,மஞ்சள்,clay,களிமண்,"crop,soil; add district/season/stage when present",retrieve canonical answer; live lookup for price/weather/schemes
AGR|CROP_ROTATION|CROP=turmeric|SOIL=loamy,crop_rotation,பயிர் சுழற்சி,turmeric,மஞ்சள்,loamy,கலப்பு மண்,"crop,soil; add district/season/stage when present",retrieve canonical answer; live lookup for price/weather/schemes
AGR|CROP_ROTATION|CROP=turmeric|SOIL=laterite,crop_rotation,பயிர் சுழற்சி,turmeric,மஞ்சள்,laterite,சரளை மண்,"crop,soil; add district/season/stage when present",retrieve canonical answer; live lookup for price/weather/schemes
AGR|CROP_ROTATION|CROP=brinjal|SOIL=red,crop_rotation,பயிர் சுழற்சி,brinjal,கத்தரிக்காய்,red,செம்மண்,"crop,soil; add district/season/stage when present",retrieve canonical answer; live lookup for price/weather/schemes
AGR|CROP_ROTATION|CROP=brinjal|SOIL=black,crop_rotation,பயிர் சுழற்சி,brinjal,கத்தரிக்காய்,black,கரிசல் மண்,"crop,soil; add district/season/stage when present",retrieve canonical answer; live lookup for price/weather/schemes
AGR|CROP_ROTATION|CROP=brinjal|SOIL=alluvial,crop_rotation,பயிர் சுழற்சி,brinjal,கத்தரிக்காய்,alluvial,வண்டல் மண்,"crop,soil; add district/season/stage when present",retrieve canonical answer; live lookup for price/weather/schemes
AGR|CROP_ROTATION|CROP=brinjal|SOIL=sandy,crop_rotation,பயிர் சுழற்சி,brinjal,கத்தரிக்காய்,sandy,மணல் மண்,"crop,soil; add district/season/stage when present",retrieve canonical answer; live lookup for price/weather/schemes
AGR|CROP_ROTATION|CROP=brinjal|SOIL=clay,crop_rotation,பயிர் சுழற்சி,brinjal,கத்தரிக்காய்,clay,களிமண்,"crop,soil; add district/season/stage when present",retrieve canonical answer; live lookup for price/weather/schemes
AGR|CROP_ROTATION|CROP=brinjal|SOIL=loamy,crop_rotation,பயிர் சுழற்சி,brinjal,கத்தரிக்காய்,loamy,கலப்பு மண்,"crop,soil; add district/season/stage when present",retrieve canonical answer; live lookup for price/weather/schemes
AGR|CROP_ROTATION|CROP=brinjal|SOIL=laterite,crop_rotation,பயிர் சுழற்சி,brinjal,கத்தரிக்காய்,laterite,சரளை மண்,"crop,soil; add district/season/stage when present",retrieve canonical answer; live lookup for price/weather/schemes
AGR|CROP_ROTATION|CROP=okra|SOIL=red,crop_rotation,பயிர் சுழற்சி,okra,வெண்டைக்காய்,red,செம்மண்,"crop,soil; add district/season/stage when present",retrieve canonical answer; live lookup for price/weather/schemes
AGR|CROP_ROTATION|CROP=okra|SOIL=black,crop_rotation,பயிர் சுழற்சி,okra,வெண்டைக்காய்,black,கரிசல் மண்,"crop,soil; add district/season/stage when present",retrieve canonical answer; live lookup for price/weather/schemes
AGR|CROP_ROTATION|CROP=okra|SOIL=alluvial,crop_rotation,பயிர் சுழற்சி,okra,வெண்டைக்காய்,alluvial,வண்டல் மண்,"crop,soil; add district/season/stage when present",retrieve canonical answer; live lookup for price/weather/schemes
AGR|CROP_ROTATION|CROP=okra|SOIL=sandy,crop_rotation,பயிர் சுழற்சி,okra,வெண்டைக்காய்,sandy,மணல் மண்,"crop,soil; add district/season/stage when present",retrieve canonical answer; live lookup for price/weather/schemes
AGR|CROP_ROTATION|CROP=okra|SOIL=clay,crop_rotation,பயிர் சுழற்சி,okra,வெண்டைக்காய்,clay,களிமண்,"crop,soil; add district/season/stage when present",retrieve canonical answer; live lookup for price/weather/schemes
AGR|CROP_ROTATION|CROP=okra|SOIL=loamy,crop_rotation,பயிர் சுழற்சி,okra,வெண்டைக்காய்,loamy,கலப்பு மண்,"crop,soil; add district/season/stage when present",retrieve canonical answer; live lookup for price/weather/schemes
AGR|CROP_ROTATION|CROP=okra|SOIL=laterite,crop_rotation,பயிர் சுழற்சி,okra,வெண்டைக்காய்,laterite,சரளை மண்,"crop,soil; add district/season/stage when present",retrieve canonical answer; live lookup for price/weather/schemes
AGR|CROP_ROTATION|CROP=coconut|SOIL=red,crop_rotation,பயிர் சுழற்சி,coconut,தென்னை,red,செம்மண்,"crop,soil; add district/season/stage when present",retrieve canonical answer; live lookup for price/weather/schemes
AGR|CROP_ROTATION|CROP=coconut|SOIL=black,crop_rotation,பயிர் சுழற்சி,coconut,தென்னை,black,கரிசல் மண்,"crop,soil; add district/season/stage when present",retrieve canonical answer; live lookup for price/weather/schemes
AGR|CROP_ROTATION|CROP=coconut|SOIL=alluvial,crop_rotation,பயிர் சுழற்சி,coconut,தென்னை,alluvial,வண்டல் மண்,"crop,soil; add district/season/stage when present",retrieve canonical answer; live lookup for price/weather/schemes
AGR|CROP_ROTATION|CROP=coconut|SOIL=sandy,crop_rotation,பயிர் சுழற்சி,coconut,தென்னை,sandy,மணல் மண்,"crop,soil; add district/season/stage when present",retrieve canonical answer; live lookup for price/weather/schemes
AGR|CROP_ROTATION|CROP=coconut|SOIL=clay,crop_rotation,பயிர் சுழற்சி,coconut,தென்னை,clay,களிமண்,"crop,soil; add district/season/stage when present",retrieve canonical answer; live lookup for price/weather/schemes
AGR|CROP_ROTATION|CROP=coconut|SOIL=loamy,crop_rotation,பயிர் சுழற்சி,coconut,தென்னை,loamy,கலப்பு மண்,"crop,soil; add district/season/stage when present",retrieve canonical answer; live lookup for price/weather/schemes
AGR|CROP_ROTATION|CROP=coconut|SOIL=laterite,crop_rotation,பயிர் சுழற்சி,coconut,தென்னை,laterite,சரளை மண்,"crop,soil; add district/season/stage when present",retrieve canonical answer; live lookup for price/weather/schemes
AGR|CROP_ROTATION|CROP=pulses|SOIL=red,crop_rotation,பயிர் சுழற்சி,pulses,பயறு,red,செம்மண்,"crop,soil; add district/season/stage when present",retrieve canonical answer; live lookup for price/weather/schemes
AGR|CROP_ROTATION|CROP=pulses|SOIL=black,crop_rotation,பயிர் சுழற்சி,pulses,பயறு,black,கரிசல் மண்,"crop,soil; add district/season/stage when present",retrieve canonical answer; live lookup for price/weather/schemes
AGR|CROP_ROTATION|CROP=pulses|SOIL=alluvial,crop_rotation,பயிர் சுழற்சி,pulses,பயறு,alluvial,வண்டல் மண்,"crop,soil; add district/season/stage when present",retrieve canonical answer; live lookup for price/weather/schemes
AGR|CROP_ROTATION|CROP=pulses|SOIL=sandy,crop_rotation,பயிர் சுழற்சி,pulses,பயறு,sandy,மணல் மண்,"crop,soil; add district/season/stage when present",retrieve canonical answer; live lookup for price/weather/schemes
AGR|CROP_ROTATION|CROP=pulses|SOIL=clay,crop_rotation,பயிர் சுழற்சி,pulses,பயறு,clay,களிமண்,"crop,soil; add district/season/stage when present",retrieve canonical answer; live lookup for price/weather/schemes
AGR|CROP_ROTATION|CROP=pulses|SOIL=loamy,crop_rotation,பயிர் சுழற்சி,pulses,பயறு,loamy,கலப்பு மண்,"crop,soil; add district/season/stage when present",retrieve canonical answer; live lookup for price/weather/schemes
AGR|CROP_ROTATION|CROP=pulses|SOIL=laterite,crop_rotation,பயிர் சுழற்சி,pulses,பயறு,laterite,சரளை மண்,"crop,soil; add district/season/stage when present",retrieve canonical answer; live lookup for price/weather/schemes
AGR|CROP_ROTATION|CROP=sesame|SOIL=red,crop_rotation,பயிர் சுழற்சி,sesame,எள்,red,செம்மண்,"crop,soil; add district/season/stage when present",retrieve canonical answer; live lookup for price/weather/schemes
AGR|CROP_ROTATION|CROP=sesame|SOIL=black,crop_rotation,பயிர் சுழற்சி,sesame,எள்,black,கரிசல் மண்,"crop,soil; add district/season/stage when present",retrieve canonical answer; live lookup for price/weather/schemes
AGR|CROP_ROTATION|CROP=sesame|SOIL=alluvial,crop_rotation,பயிர் சுழற்சி,sesame,எள்,alluvial,வண்டல் மண்,"crop,soil; add district/season/stage when present",retrieve canonical answer; live lookup for price/weather/schemes
AGR|CROP_ROTATION|CROP=sesame|SOIL=sandy,crop_rotation,பயிர் சுழற்சி,sesame,எள்,sandy,மணல் மண்,"crop,soil; add district/season/stage when present",retrieve canonical answer; live lookup for price/weather/schemes
AGR|CROP_ROTATION|CROP=sesame|SOIL=clay,crop_rotation,பயிர் சுழற்சி,sesame,எள்,clay,களிமண்,"crop,soil; add district/season/stage when present",retrieve canonical answer; live lookup for price/weather/schemes
AGR|CROP_ROTATION|CROP=sesame|SOIL=loamy,crop_rotation,பயிர் சுழற்சி,sesame,எள்,loamy,கலப்பு மண்,"crop,soil; add district/season/stage when present",retrieve canonical answer; live lookup for price/weather/schemes
AGR|CROP_ROTATION|CROP=sesame|SOIL=laterite,crop_rotation,பயிர் சுழற்சி,sesame,எள்,laterite,சரளை மண்,"crop,soil; add district/season/stage when present",retrieve canonical answer; live lookup for price/weather/schemes
AGR|CROP_ROTATION|CROP=tapioca|SOIL=red,crop_rotation,பயிர் சுழற்சி,tapioca,மரவள்ளி,red,செம்மண்,"crop,soil; add district/season/stage when present",retrieve canonical answer; live lookup for price/weather/schemes
AGR|CROP_ROTATION|CROP=tapioca|SOIL=black,crop_rotation,பயிர் சுழற்சி,tapioca,மரவள்ளி,black,கரிசல் மண்,"crop,soil; add district/season/stage when present",retrieve canonical answer; live lookup for price/weather/schemes
AGR|CROP_ROTATION|CROP=tapioca|SOIL=alluvial,crop_rotation,பயிர் சுழற்சி,tapioca,மரவள்ளி,alluvial,வண்டல் மண்,"crop,soil; add district/season/stage when present",retrieve canonical answer; live lookup for price/weather/schemes
AGR|CROP_ROTATION|CROP=tapioca|SOIL=sandy,crop_rotation,பயிர் சுழற்சி,tapioca,மரவள்ளி,sandy,மணல் மண்,"crop,soil; add district/season/stage when present",retrieve canonical answer; live lookup for price/weather/schemes
AGR|CROP_ROTATION|CROP=tapioca|SOIL=clay,crop_rotation,பயிர் சுழற்சி,tapioca,மரவள்ளி,clay,களிமண்,"crop,soil; add district/season/stage when present",retrieve canonical answer; live lookup for price/weather/schemes
AGR|CROP_ROTATION|CROP=tapioca|SOIL=loamy,crop_rotation,பயிர் சுழற்சி,tapioca,மரவள்ளி,loamy,கலப்பு மண்,"crop,soil; add district/season/stage when present",retrieve canonical answer; live lookup for price/weather/schemes
AGR|CROP_ROTATION|CROP=tapioca|SOIL=laterite,crop_rotation,பயிர் சுழற்சி,tapioca,மரவள்ளி,laterite,சரளை மண்,"crop,soil; add district/season/stage when present",retrieve canonical answer; live lookup for price/weather/schemes
AGR|CROP_ROTATION|CROP=drumstick|SOIL=red,crop_rotation,பயிர் சுழற்சி,drumstick,முருங்கை,red,செம்மண்,"crop,soil; add district/season/stage when present",retrieve canonical answer; live lookup for price/weather/schemes
AGR|CROP_ROTATION|CROP=drumstick|SOIL=black,crop_rotation,பயிர் சுழற்சி,drumstick,முருங்கை,black,கரிசல் மண்,"crop,soil; add district/season/stage when present",retrieve canonical answer; live lookup for price/weather/schemes
AGR|CROP_ROTATION|CROP=drumstick|SOIL=alluvial,crop_rotation,பயிர் சுழற்சி,drumstick,முருங்கை,alluvial,வண்டல் மண்,"crop,soil; add district/season/stage when present",retrieve canonical answer; live lookup for price/weather/schemes
AGR|CROP_ROTATION|CROP=drumstick|SOIL=sandy,crop_rotation,பயிர் சுழற்சி,drumstick,முருங்கை,sandy,மணல் மண்,"crop,soil; add district/season/stage when present",retrieve canonical answer; live lookup for price/weather/schemes
AGR|CROP_ROTATION|CROP=drumstick|SOIL=clay,crop_rotation,பயிர் சுழற்சி,drumstick,முருங்கை,clay,களிமண்,"crop,soil; add district/season/stage when present",retrieve canonical answer; live lookup for price/weather/schemes
AGR|CROP_ROTATION|CROP=drumstick|SOIL=loamy,crop_rotation,பயிர் சுழற்சி,drumstick,முருங்கை,loamy,கலப்பு மண்,"crop,soil; add district/season/stage when present",retrieve canonical answer; live lookup for price/weather/schemes
AGR|CROP_ROTATION|CROP=drumstick|SOIL=laterite,crop_rotation,பயிர் சுழற்சி,drumstick,முருங்கை,laterite,சரளை மண்,"crop,soil; add district/season/stage when present",retrieve canonical answer; live lookup for price/weather/schemes
AGR|INTERCROP|CROP=rice|SOIL=red,intercrop,ஊடுபயிர்,rice,நெல்,red,செம்மண்,"crop,soil; add district/season/stage when present",retrieve canonical answer; live lookup for price/weather/schemes
AGR|INTERCROP|CROP=rice|SOIL=black,intercrop,ஊடுபயிர்,rice,நெல்,black,கரிசல் மண்,"crop,soil; add district/season/stage when present",retrieve canonical answer; live lookup for price/weather/schemes
AGR|INTERCROP|CROP=rice|SOIL=alluvial,intercrop,ஊடுபயிர்,rice,நெல்,alluvial,வண்டல் மண்,"crop,soil; add district/season/stage when present",retrieve canonical answer; live lookup for price/weather/schemes
AGR|INTERCROP|CROP=rice|SOIL=sandy,intercrop,ஊடுபயிர்,rice,நெல்,sandy,மணல் மண்,"crop,soil; add district/season/stage when present",retrieve canonical answer; live lookup for price/weather/schemes
AGR|INTERCROP|CROP=rice|SOIL=clay,intercrop,ஊடுபயிர்,rice,நெல்,clay,களிமண்,"crop,soil; add district/season/stage when present",retrieve canonical answer; live lookup for price/weather/schemes
AGR|INTERCROP|CROP=rice|SOIL=loamy,intercrop,ஊடுபயிர்,rice,நெல்,loamy,கலப்பு மண்,"crop,soil; add district/season/stage when present",retrieve canonical answer; live lookup for price/weather/schemes
AGR|INTERCROP|CROP=rice|SOIL=laterite,intercrop,ஊடுபயிர்,rice,நெல்,laterite,சரளை மண்,"crop,soil; add district/season/stage when present",retrieve canonical answer; live lookup for price/weather/schemes
AGR|INTERCROP|CROP=banana|SOIL=red,intercrop,ஊடுபயிர்,banana,வாழை,red,செம்மண்,"crop,soil; add district/season/stage when present",retrieve canonical answer; live lookup for price/weather/schemes
AGR|INTERCROP|CROP=banana|SOIL=black,intercrop,ஊடுபயிர்,banana,வாழை,black,கரிசல் மண்,"crop,soil; add district/season/stage when present",retrieve canonical answer; live lookup for price/weather/schemes
AGR|INTERCROP|CROP=banana|SOIL=alluvial,intercrop,ஊடுபயிர்,banana,வாழை,alluvial,வண்டல் மண்,"crop,soil; add district/season/stage when present",retrieve canonical answer; live lookup for price/weather/schemes
AGR|INTERCROP|CROP=banana|SOIL=sandy,intercrop,ஊடுபயிர்,banana,வாழை,sandy,மணல் மண்,"crop,soil; add district/season/stage when present",retrieve canonical answer; live lookup for price/weather/schemes
AGR|INTERCROP|CROP=banana|SOIL=clay,intercrop,ஊடுபயிர்,banana,வாழை,clay,களிமண்,"crop,soil; add district/season/stage when present",retrieve canonical answer; live lookup for price/weather/schemes
AGR|INTERCROP|CROP=banana|SOIL=loamy,intercrop,ஊடுபயிர்,banana,வாழை,loamy,கலப்பு மண்,"crop,soil; add district/season/stage when present",retrieve canonical answer; live lookup for price/weather/schemes
AGR|INTERCROP|CROP=banana|SOIL=laterite,intercrop,ஊடுபயிர்,banana,வாழை,laterite,சரளை மண்,"crop,soil; add district/season/stage when present",retrieve canonical answer; live lookup for price/weather/schemes
AGR|INTERCROP|CROP=sugarcane|SOIL=red,intercrop,ஊடுபயிர்,sugarcane,கரும்பு,red,செம்மண்,"crop,soil; add district/season/stage when present",retrieve canonical answer; live lookup for price/weather/schemes
AGR|INTERCROP|CROP=sugarcane|SOIL=black,intercrop,ஊடுபயிர்,sugarcane,கரும்பு,black,கரிசல் மண்,"crop,soil; add district/season/stage when present",retrieve canonical answer; live lookup for price/weather/schemes
AGR|INTERCROP|CROP=sugarcane|SOIL=alluvial,intercrop,ஊடுபயிர்,sugarcane,கரும்பு,alluvial,வண்டல் மண்,"crop,soil; add district/season/stage when present",retrieve canonical answer; live lookup for price/weather/schemes
AGR|INTERCROP|CROP=sugarcane|SOIL=sandy,intercrop,ஊடுபயிர்,sugarcane,கரும்பு,sandy,மணல் மண்,"crop,soil; add district/season/stage when present",retrieve canonical answer; live lookup for price/weather/schemes
AGR|INTERCROP|CROP=sugarcane|SOIL=clay,intercrop,ஊடுபயிர்,sugarcane,கரும்பு,clay,களிமண்,"crop,soil; add district/season/stage when present",retrieve canonical answer; live lookup for price/weather/schemes
AGR|INTERCROP|CROP=sugarcane|SOIL=loamy,intercrop,ஊடுபயிர்,sugarcane,கரும்பு,loamy,கலப்பு மண்,"crop,soil; add district/season/stage when present",retrieve canonical answer; live lookup for price/weather/schemes
AGR|INTERCROP|CROP=sugarcane|SOIL=laterite,intercrop,ஊடுபயிர்,sugarcane,கரும்பு,laterite,சரளை மண்,"crop,soil; add district/season/stage when present",retrieve canonical answer; live lookup for price/weather/schemes
AGR|INTERCROP|CROP=cotton|SOIL=red,intercrop,ஊடுபயிர்,cotton,பருத்தி,red,செம்மண்,"crop,soil; add district/season/stage when present",retrieve canonical answer; live lookup for price/weather/schemes
AGR|INTERCROP|CROP=cotton|SOIL=black,intercrop,ஊடுபயிர்,cotton,பருத்தி,black,கரிசல் மண்,"crop,soil; add district/season/stage when present",retrieve canonical answer; live lookup for price/weather/schemes
AGR|INTERCROP|CROP=cotton|SOIL=alluvial,intercrop,ஊடுபயிர்,cotton,பருத்தி,alluvial,வண்டல் மண்,"crop,soil; add district/season/stage when present",retrieve canonical answer; live lookup for price/weather/schemes
AGR|INTERCROP|CROP=cotton|SOIL=sandy,intercrop,ஊடுபயிர்,cotton,பருத்தி,sandy,மணல் மண்,"crop,soil; add district/season/stage when present",retrieve canonical answer; live lookup for price/weather/schemes
AGR|INTERCROP|CROP=cotton|SOIL=clay,intercrop,ஊடுபயிர்,cotton,பருத்தி,clay,களிமண்,"crop,soil; add district/season/stage when present",retrieve canonical answer; live lookup for price/weather/schemes
AGR|INTERCROP|CROP=cotton|SOIL=loamy,intercrop,ஊடுபயிர்,cotton,பருத்தி,loamy,கலப்பு மண்,"crop,soil; add district/season/stage when present",retrieve canonical answer; live lookup for price/weather/schemes
AGR|INTERCROP|CROP=cotton|SOIL=laterite,intercrop,ஊடுபயிர்,cotton,பருத்தி,laterite,சரளை மண்,"crop,soil; add district/season/stage when present",retrieve canonical answer; live lookup for price/weather/schemes
AGR|INTERCROP|CROP=groundnut|SOIL=red,intercrop,ஊடுபயிர்,groundnut,நிலக்கடலை,red,செம்மண்,"crop,soil; add district/season/stage when present",retrieve canonical answer; live lookup for price/weather/schemes
AGR|INTERCROP|CROP=groundnut|SOIL=black,intercrop,ஊடுபயிர்,groundnut,நிலக்கடலை,black,கரிசல் மண்,"crop,soil; add district/season/stage when present",retrieve canonical answer; live lookup for price/weather/schemes
AGR|INTERCROP|CROP=groundnut|SOIL=alluvial,intercrop,ஊடுபயிர்,groundnut,நிலக்கடலை,alluvial,வண்டல் மண்,"crop,soil; add district/season/stage when present",retrieve canonical answer; live lookup for price/weather/schemes
AGR|INTERCROP|CROP=groundnut|SOIL=sandy,intercrop,ஊடுபயிர்,groundnut,நிலக்கடலை,sandy,மணல் மண்,"crop,soil; add district/season/stage when present",retrieve canonical answer; live lookup for price/weather/schemes
AGR|INTERCROP|CROP=groundnut|SOIL=clay,intercrop,ஊடுபயிர்,groundnut,நிலக்கடலை,clay,களிமண்,"crop,soil; add district/season/stage when present",retrieve canonical answer; live lookup for price/weather/schemes
AGR|INTERCROP|CROP=groundnut|SOIL=loamy,intercrop,ஊடுபயிர்,groundnut,நிலக்கடலை,loamy,கலப்பு மண்,"crop,soil; add district/season/stage when present",retrieve canonical answer; live lookup for price/weather/schemes
AGR|INTERCROP|CROP=groundnut|SOIL=laterite,intercrop,ஊடுபயிர்,groundnut,நிலக்கடலை,laterite,சரளை மண்,"crop,soil; add district/season/stage when present",retrieve canonical answer; live lookup for price/weather/schemes
AGR|INTERCROP|CROP=maize|SOIL=red,intercrop,ஊடுபயிர்,maize,மக்காச்சோளம்,red,செம்மண்,"crop,soil; add district/season/stage when present",retrieve canonical answer; live lookup for price/weather/schemes
AGR|INTERCROP|CROP=maize|SOIL=black,intercrop,ஊடுபயிர்,maize,மக்காச்சோளம்,black,கரிசல் மண்,"crop,soil; add district/season/stage when present",retrieve canonical answer; live lookup for price/weather/schemes
AGR|INTERCROP|CROP=maize|SOIL=alluvial,intercrop,ஊடுபயிர்,maize,மக்காச்சோளம்,alluvial,வண்டல் மண்,"crop,soil; add district/season/stage when present",retrieve canonical answer; live lookup for price/weather/schemes
AGR|INTERCROP|CROP=maize|SOIL=sandy,intercrop,ஊடுபயிர்,maize,மக்காச்சோளம்,sandy,மணல் மண்,"crop,soil; add district/season/stage when present",retrieve canonical answer; live lookup for price/weather/schemes
AGR|INTERCROP|CROP=maize|SOIL=clay,intercrop,ஊடுபயிர்,maize,மக்காச்சோளம்,clay,களிமண்,"crop,soil; add district/season/stage when present",retrieve canonical answer; live lookup for price/weather/schemes
AGR|INTERCROP|CROP=maize|SOIL=loamy,intercrop,ஊடுபயிர்,maize,மக்காச்சோளம்,loamy,கலப்பு மண்,"crop,soil; add district/season/stage when present",retrieve canonical answer; live lookup for price/weather/schemes
AGR|INTERCROP|CROP=maize|SOIL=laterite,intercrop,ஊடுபயிர்,maize,மக்காச்சோளம்,laterite,சரளை மண்,"crop,soil; add district/season/stage when present",retrieve canonical answer; live lookup for price/weather/schemes
AGR|INTERCROP|CROP=millet|SOIL=red,intercrop,ஊடுபயிர்,millet,கம்பு,red,செம்மண்,"crop,soil; add district/season/stage when present",retrieve canonical answer; live lookup for price/weather/schemes
AGR|INTERCROP|CROP=millet|SOIL=black,intercrop,ஊடுபயிர்,millet,கம்பு,black,கரிசல் மண்,"crop,soil; add district/season/stage when present",retrieve canonical answer; live lookup for price/weather/schemes
AGR|INTERCROP|CROP=millet|SOIL=alluvial,intercrop,ஊடுபயிர்,millet,கம்பு,alluvial,வண்டல் மண்,"crop,soil; add district/season/stage when present",retrieve canonical answer; live lookup for price/weather/schemes
AGR|INTERCROP|CROP=millet|SOIL=sandy,intercrop,ஊடுபயிர்,millet,கம்பு,sandy,மணல் மண்,"crop,soil; add district/season/stage when present",retrieve canonical answer; live lookup for price/weather/schemes
AGR|INTERCROP|CROP=millet|SOIL=clay,intercrop,ஊடுபயிர்,millet,கம்பு,clay,களிமண்,"crop,soil; add district/season/stage when present",retrieve canonical answer; live lookup for price/weather/schemes
AGR|INTERCROP|CROP=millet|SOIL=loamy,intercrop,ஊடுபயிர்,millet,கம்பு,loamy,கலப்பு மண்,"crop,soil; add district/season/stage when present",retrieve canonical answer; live lookup for price/weather/schemes
AGR|INTERCROP|CROP=millet|SOIL=laterite,intercrop,ஊடுபயிர்,millet,கம்பு,laterite,சரளை மண்,"crop,soil; add district/season/stage when present",retrieve canonical answer; live lookup for price/weather/schemes
AGR|INTERCROP|CROP=tomato|SOIL=red,intercrop,ஊடுபயிர்,tomato,தக்காளி,red,செம்மண்,"crop,soil; add district/season/stage when present",retrieve canonical answer; live lookup for price/weather/schemes
AGR|INTERCROP|CROP=tomato|SOIL=black,intercrop,ஊடுபயிர்,tomato,தக்காளி,black,கரிசல் மண்,"crop,soil; add district/season/stage when present",retrieve canonical answer; live lookup for price/weather/schemes
AGR|INTERCROP|CROP=tomato|SOIL=alluvial,intercrop,ஊடுபயிர்,tomato,தக்காளி,alluvial,வண்டல் மண்,"crop,soil; add district/season/stage when present",retrieve canonical answer; live lookup for price/weather/schemes
AGR|INTERCROP|CROP=tomato|SOIL=sandy,intercrop,ஊடுபயிர்,tomato,தக்காளி,sandy,மணல் மண்,"crop,soil; add district/season/stage when present",retrieve canonical answer; live lookup for price/weather/schemes
AGR|INTERCROP|CROP=tomato|SOIL=clay,intercrop,ஊடுபயிர்,tomato,தக்காளி,clay,களிமண்,"crop,soil; add district/season/stage when present",retrieve canonical answer; live lookup for price/weather/schemes
AGR|INTERCROP|CROP=tomato|SOIL=loamy,intercrop,ஊடுபயிர்,tomato,தக்காளி,loamy,கலப்பு மண்,"crop,soil; add district/season/stage when present",retrieve canonical answer; live lookup for price/weather/schemes
AGR|INTERCROP|CROP=tomato|SOIL=laterite,intercrop,ஊடுபயிர்,tomato,தக்காளி,laterite,சரளை மண்,"crop,soil; add district/season/stage when present",retrieve canonical answer; live lookup for price/weather/schemes
AGR|INTERCROP|CROP=chilli|SOIL=red,intercrop,ஊடுபயிர்,chilli,மிளகாய்,red,செம்மண்,"crop,soil; add district/season/stage when present",retrieve canonical answer; live lookup for price/weather/schemes
AGR|INTERCROP|CROP=chilli|SOIL=black,intercrop,ஊடுபயிர்,chilli,மிளகாய்,black,கரிசல் மண்,"crop,soil; add district/season/stage when present",retrieve canonical answer; live lookup for price/weather/schemes
AGR|INTERCROP|CROP=chilli|SOIL=alluvial,intercrop,ஊடுபயிர்,chilli,மிளகாய்,alluvial,வண்டல் மண்,"crop,soil; add district/season/stage when present",retrieve canonical answer; live lookup for price/weather/schemes
AGR|INTERCROP|CROP=chilli|SOIL=sandy,intercrop,ஊடுபயிர்,chilli,மிளகாய்,sandy,மணல் மண்,"crop,soil; add district/season/stage when present",retrieve canonical answer; live lookup for price/weather/schemes
AGR|INTERCROP|CROP=chilli|SOIL=clay,intercrop,ஊடுபயிர்,chilli,மிளகாய்,clay,களிமண்,"crop,soil; add district/season/stage when present",retrieve canonical answer; live lookup for price/weather/schemes
AGR|INTERCROP|CROP=chilli|SOIL=loamy,intercrop,ஊடுபயிர்,chilli,மிளகாய்,loamy,கலப்பு மண்,"crop,soil; add district/season/stage when present",retrieve canonical answer; live lookup for price/weather/schemes
AGR|INTERCROP|CROP=chilli|SOIL=laterite,intercrop,ஊடுபயிர்,chilli,மிளகாய்,laterite,சரளை மண்,"crop,soil; add district/season/stage when present",retrieve canonical answer; live lookup for price/weather/schemes
AGR|INTERCROP|CROP=onion|SOIL=red,intercrop,ஊடுபயிர்,onion,வெங்காயம்,red,செம்மண்,"crop,soil; add district/season/stage when present",retrieve canonical answer; live lookup for price/weather/schemes
AGR|INTERCROP|CROP=onion|SOIL=black,intercrop,ஊடுபயிர்,onion,வெங்காயம்,black,கரிசல் மண்,"crop,soil; add district/season/stage when present",retrieve canonical answer; live lookup for price/weather/schemes
AGR|INTERCROP|CROP=onion|SOIL=alluvial,intercrop,ஊடுபயிர்,onion,வெங்காயம்,alluvial,வண்டல் மண்,"crop,soil; add district/season/stage when present",retrieve canonical answer; live lookup for price/weather/schemes
AGR|INTERCROP|CROP=onion|SOIL=sandy,intercrop,ஊடுபயிர்,onion,வெங்காயம்,sandy,மணல் மண்,"crop,soil; add district/season/stage when present",retrieve canonical answer; live lookup for price/weather/schemes
AGR|INTERCROP|CROP=onion|SOIL=clay,intercrop,ஊடுபயிர்,onion,வெங்காயம்,clay,களிமண்,"crop,soil; add district/season/stage when present",retrieve canonical answer; live lookup for price/weather/schemes
AGR|INTERCROP|CROP=onion|SOIL=loamy,intercrop,ஊடுபயிர்,onion,வெங்காயம்,loamy,கலப்பு மண்,"crop,soil; add district/season/stage when present",retrieve canonical answer; live lookup for price/weather/schemes
AGR|INTERCROP|CROP=onion|SOIL=laterite,intercrop,ஊடுபயிர்,onion,வெங்காயம்,laterite,சரளை மண்,"crop,soil; add district/season/stage when present",retrieve canonical answer; live lookup for price/weather/schemes
AGR|INTERCROP|CROP=turmeric|SOIL=red,intercrop,ஊடுபயிர்,turmeric,மஞ்சள்,red,செம்மண்,"crop,soil; add district/season/stage when present",retrieve canonical answer; live lookup for price/weather/schemes
AGR|INTERCROP|CROP=turmeric|SOIL=black,intercrop,ஊடுபயிர்,turmeric,மஞ்சள்,black,கரிசல் மண்,"crop,soil; add district/season/stage when present",retrieve canonical answer; live lookup for price/weather/schemes
AGR|INTERCROP|CROP=turmeric|SOIL=alluvial,intercrop,ஊடுபயிர்,turmeric,மஞ்சள்,alluvial,வண்டல் மண்,"crop,soil; add district/season/stage when present",retrieve canonical answer; live lookup for price/weather/schemes
AGR|INTERCROP|CROP=turmeric|SOIL=sandy,intercrop,ஊடுபயிர்,turmeric,மஞ்சள்,sandy,மணல் மண்,"crop,soil; add district/season/stage when present",retrieve canonical answer; live lookup for price/weather/schemes
AGR|INTERCROP|CROP=turmeric|SOIL=clay,intercrop,ஊடுபயிர்,turmeric,மஞ்சள்,clay,களிமண்,"crop,soil; add district/season/stage when present",retrieve canonical answer; live lookup for price/weather/schemes
AGR|INTERCROP|CROP=turmeric|SOIL=loamy,intercrop,ஊடுபயிர்,turmeric,மஞ்சள்,loamy,கலப்பு மண்,"crop,soil; add district/season/stage when present",retrieve canonical answer; live lookup for price/weather/schemes
AGR|INTERCROP|CROP=turmeric|SOIL=laterite,intercrop,ஊடுபயிர்,turmeric,மஞ்சள்,laterite,சரளை மண்,"crop,soil; add district/season/stage when present",retrieve canonical answer; live lookup for price/weather/schemes
AGR|INTERCROP|CROP=brinjal|SOIL=red,intercrop,ஊடுபயிர்,brinjal,கத்தரிக்காய்,red,செம்மண்,"crop,soil; add district/season/stage when present",retrieve canonical answer; live lookup for price/weather/schemes
AGR|INTERCROP|CROP=brinjal|SOIL=black,intercrop,ஊடுபயிர்,brinjal,கத்தரிக்காய்,black,கரிசல் மண்,"crop,soil; add district/season/stage when present",retrieve canonical answer; live lookup for price/weather/schemes
AGR|INTERCROP|CROP=brinjal|SOIL=alluvial,intercrop,ஊடுபயிர்,brinjal,கத்தரிக்காய்,alluvial,வண்டல் மண்,"crop,soil; add district/season/stage when present",retrieve canonical answer; live lookup for price/weather/schemes
AGR|INTERCROP|CROP=brinjal|SOIL=sandy,intercrop,ஊடுபயிர்,brinjal,கத்தரிக்காய்,sandy,மணல் மண்,"crop,soil; add district/season/stage when present",retrieve canonical answer; live lookup for price/weather/schemes
AGR|INTERCROP|CROP=brinjal|SOIL=clay,intercrop,ஊடுபயிர்,brinjal,கத்தரிக்காய்,clay,களிமண்,"crop,soil; add district/season/stage when present",retrieve canonical answer; live lookup for price/weather/schemes
AGR|INTERCROP|CROP=brinjal|SOIL=loamy,intercrop,ஊடுபயிர்,brinjal,கத்தரிக்காய்,loamy,கலப்பு மண்,"crop,soil; add district/season/stage when present",retrieve canonical answer; live lookup for price/weather/schemes
AGR|INTERCROP|CROP=brinjal|SOIL=laterite,intercrop,ஊடுபயிர்,brinjal,கத்தரிக்காய்,laterite,சரளை மண்,"crop,soil; add district/season/stage when present",retrieve canonical answer; live lookup for price/weather/schemes
AGR|INTERCROP|CROP=okra|SOIL=red,intercrop,ஊடுபயிர்,okra,வெண்டைக்காய்,red,செம்மண்,"crop,soil; add district/season/stage when present",retrieve canonical answer; live lookup for price/weather/schemes
AGR|INTERCROP|CROP=okra|SOIL=black,intercrop,ஊடுபயிர்,okra,வெண்டைக்காய்,black,கரிசல் மண்,"crop,soil; add district/season/stage when present",retrieve canonical answer; live lookup for price/weather/schemes
AGR|INTERCROP|CROP=okra|SOIL=alluvial,intercrop,ஊடுபயிர்,okra,வெண்டைக்காய்,alluvial,வண்டல் மண்,"crop,soil; add district/season/stage when present",retrieve canonical answer; live lookup for price/weather/schemes
AGR|INTERCROP|CROP=okra|SOIL=sandy,intercrop,ஊடுபயிர்,okra,வெண்டைக்காய்,sandy,மணல் மண்,"crop,soil; add district/season/stage when present",retrieve canonical answer; live lookup for price/weather/schemes
AGR|INTERCROP|CROP=okra|SOIL=clay,intercrop,ஊடுபயிர்,okra,வெண்டைக்காய்,clay,களிமண்,"crop,soil; add district/season/stage when present",retrieve canonical answer; live lookup for price/weather/schemes
AGR|INTERCROP|CROP=okra|SOIL=loamy,intercrop,ஊடுபயிர்,okra,வெண்டைக்காய்,loamy,கலப்பு மண்,"crop,soil; add district/season/stage when present",retrieve canonical answer; live lookup for price/weather/schemes
AGR|INTERCROP|CROP=okra|SOIL=laterite,intercrop,ஊடுபயிர்,okra,வெண்டைக்காய்,laterite,சரளை மண்,"crop,soil; add district/season/stage when present",retrieve canonical answer; live lookup for price/weather/schemes
AGR|INTERCROP|CROP=coconut|SOIL=red,intercrop,ஊடுபயிர்,coconut,தென்னை,red,செம்மண்,"crop,soil; add district/season/stage when present",retrieve canonical answer; live lookup for price/weather/schemes
AGR|INTERCROP|CROP=coconut|SOIL=black,intercrop,ஊடுபயிர்,coconut,தென்னை,black,கரிசல் மண்,"crop,soil; add district/season/stage when present",retrieve canonical answer; live lookup for price/weather/schemes
AGR|INTERCROP|CROP=coconut|SOIL=alluvial,intercrop,ஊடுபயிர்,coconut,தென்னை,alluvial,வண்டல் மண்,"crop,soil; add district/season/stage when present",retrieve canonical answer; live lookup for price/weather/schemes
AGR|INTERCROP|CROP=coconut|SOIL=sandy,intercrop,ஊடுபயிர்,coconut,தென்னை,sandy,மணல் மண்,"crop,soil; add district/season/stage when present",retrieve canonical answer; live lookup for price/weather/schemes
AGR|INTERCROP|CROP=coconut|SOIL=clay,intercrop,ஊடுபயிர்,coconut,தென்னை,clay,களிமண்,"crop,soil; add district/season/stage when present",retrieve canonical answer; live lookup for price/weather/schemes
AGR|INTERCROP|CROP=coconut|SOIL=loamy,intercrop,ஊடுபயிர்,coconut,தென்னை,loamy,கலப்பு மண்,"crop,soil; add district/season/stage when present",retrieve canonical answer; live lookup for price/weather/schemes
AGR|INTERCROP|CROP=coconut|SOIL=laterite,intercrop,ஊடுபயிர்,coconut,தென்னை,laterite,சரளை மண்,"crop,soil; add district/season/stage when present",retrieve canonical answer; live lookup for price/weather/schemes
AGR|INTERCROP|CROP=pulses|SOIL=red,intercrop,ஊடுபயிர்,pulses,பயறு,red,செம்மண்,"crop,soil; add district/season/stage when present",retrieve canonical answer; live lookup for price/weather/schemes
AGR|INTERCROP|CROP=pulses|SOIL=black,intercrop,ஊடுபயிர்,pulses,பயறு,black,கரிசல் மண்,"crop,soil; add district/season/stage when present",retrieve canonical answer; live lookup for price/weather/schemes
AGR|INTERCROP|CROP=pulses|SOIL=alluvial,intercrop,ஊடுபயிர்,pulses,பயறு,alluvial,வண்டல் மண்,"crop,soil; add district/season/stage when present",retrieve canonical answer; live lookup for price/weather/schemes
AGR|INTERCROP|CROP=pulses|SOIL=sandy,intercrop,ஊடுபயிர்,pulses,பயறு,sandy,மணல் மண்,"crop,soil; add district/season/stage when present",retrieve canonical answer; live lookup for price/weather/schemes
AGR|INTERCROP|CROP=pulses|SOIL=clay,intercrop,ஊடுபயிர்,pulses,பயறு,clay,களிமண்,"crop,soil; add district/season/stage when present",retrieve canonical answer; live lookup for price/weather/schemes
AGR|INTERCROP|CROP=pulses|SOIL=loamy,intercrop,ஊடுபயிர்,pulses,பயறு,loamy,கலப்பு மண்,"crop,soil; add district/season/stage when present",retrieve canonical answer; live lookup for price/weather/schemes
AGR|INTERCROP|CROP=pulses|SOIL=laterite,intercrop,ஊடுபயிர்,pulses,பயறு,laterite,சரளை மண்,"crop,soil; add district/season/stage when present",retrieve canonical answer; live lookup for price/weather/schemes
AGR|INTERCROP|CROP=sesame|SOIL=red,intercrop,ஊடுபயிர்,sesame,எள்,red,செம்மண்,"crop,soil; add district/season/stage when present",retrieve canonical answer; live lookup for price/weather/schemes
AGR|INTERCROP|CROP=sesame|SOIL=black,intercrop,ஊடுபயிர்,sesame,எள்,black,கரிசல் மண்,"crop,soil; add district/season/stage when present",retrieve canonical answer; live lookup for price/weather/schemes
AGR|INTERCROP|CROP=sesame|SOIL=alluvial,intercrop,ஊடுபயிர்,sesame,எள்,alluvial,வண்டல் மண்,"crop,soil; add district/season/stage when present",retrieve canonical answer; live lookup for price/weather/schemes
AGR|INTERCROP|CROP=sesame|SOIL=sandy,intercrop,ஊடுபயிர்,sesame,எள்,sandy,மணல் மண்,"crop,soil; add district/season/stage when present",retrieve canonical answer; live lookup for price/weather/schemes
AGR|INTERCROP|CROP=sesame|SOIL=clay,intercrop,ஊடுபயிர்,sesame,எள்,clay,களிமண்,"crop,soil; add district/season/stage when present",retrieve canonical answer; live lookup for price/weather/schemes
AGR|INTERCROP|CROP=sesame|SOIL=loamy,intercrop,ஊடுபயிர்,sesame,எள்,loamy,கலப்பு மண்,"crop,soil; add district/season/stage when present",retrieve canonical answer; live lookup for price/weather/schemes
AGR|INTERCROP|CROP=sesame|SOIL=laterite,intercrop,ஊடுபயிர்,sesame,எள்,laterite,சரளை மண்,"crop,soil; add district/season/stage when present",retrieve canonical answer; live lookup for price/weather/schemes
AGR|INTERCROP|CROP=tapioca|SOIL=red,intercrop,ஊடுபயிர்,tapioca,மரவள்ளி,red,செம்மண்,"crop,soil; add district/season/stage when present",retrieve canonical answer; live lookup for price/weather/schemes
AGR|INTERCROP|CROP=tapioca|SOIL=black,intercrop,ஊடுபயிர்,tapioca,மரவள்ளி,black,கரிசல் மண்,"crop,soil; add district/season/stage when present",retrieve canonical answer; live lookup for price/weather/schemes
AGR|INTERCROP|CROP=tapioca|SOIL=alluvial,intercrop,ஊடுபயிர்,tapioca,மரவள்ளி,alluvial,வண்டல் மண்,"crop,soil; add district/season/stage when present",retrieve canonical answer; live lookup for price/weather/schemes
AGR|INTERCROP|CROP=tapioca|SOIL=sandy,intercrop,ஊடுபயிர்,tapioca,மரவள்ளி,sandy,மணல் மண்,"crop,soil; add district/season/stage when present",retrieve canonical answer; live lookup for price/weather/schemes
AGR|INTERCROP|CROP=tapioca|SOIL=clay,intercrop,ஊடுபயிர்,tapioca,மரவள்ளி,clay,களிமண்,"crop,soil; add district/season/stage when present",retrieve canonical answer; live lookup for price/weather/schemes
AGR|INTERCROP|CROP=tapioca|SOIL=loamy,intercrop,ஊடுபயிர்,tapioca,மரவள்ளி,loamy,கலப்பு மண்,"crop,soil; add district/season/stage when present",retrieve canonical answer; live lookup for price/weather/schemes
AGR|INTERCROP|CROP=tapioca|SOIL=laterite,intercrop,ஊடுபயிர்,tapioca,மரவள்ளி,laterite,சரளை மண்,"crop,soil; add district/season/stage when present",retrieve canonical answer; live lookup for price/weather/schemes
AGR|INTERCROP|CROP=drumstick|SOIL=red,intercrop,ஊடுபயிர்,drumstick,முருங்கை,red,செம்மண்,"crop,soil; add district/season/stage when present",retrieve canonical answer; live lookup for price/weather/schemes
AGR|INTERCROP|CROP=drumstick|SOIL=black,intercrop,ஊடுபயிர்,drumstick,முருங்கை,black,கரிசல் மண்,"crop,soil; add district/season/stage when present",retrieve canonical answer; live lookup for price/weather/schemes
AGR|INTERCROP|CROP=drumstick|SOIL=alluvial,intercrop,ஊடுபயிர்,drumstick,முருங்கை,alluvial,வண்டல் மண்,"crop,soil; add district/season/stage when present",retrieve canonical answer; live lookup for price/weather/schemes
AGR|INTERCROP|CROP=drumstick|SOIL=sandy,intercrop,ஊடுபயிர்,drumstick,முருங்கை,sandy,மணல் மண்,"crop,soil; add district/season/stage when present",retrieve canonical answer; live lookup for price/weather/schemes
AGR|INTERCROP|CROP=drumstick|SOIL=clay,intercrop,ஊடுபயிர்,drumstick,முருங்கை,clay,களிமண்,"crop,soil; add district/season/stage when present",retrieve canonical answer; live lookup for price/weather/schemes
AGR|INTERCROP|CROP=drumstick|SOIL=loamy,intercrop,ஊடுபயிர்,drumstick,முருங்கை,loamy,கலப்பு மண்,"crop,soil; add district/season/stage when present",retrieve canonical answer; live lookup for price/weather/schemes
AGR|INTERCROP|CROP=drumstick|SOIL=laterite,intercrop,ஊடுபயிர்,drumstick,முருங்கை,laterite,சரளை மண்,"crop,soil; add district/season/stage when present",retrieve canonical answer; live lookup for price/weather/schemes
AGR|POST_HARVEST|CROP=rice|SOIL=red,post_harvest,அறுவடை பிந்தைய மேலாண்மை,rice,நெல்,red,செம்மண்,"crop,soil; add district/season/stage when present",retrieve canonical answer; live lookup for price/weather/schemes
AGR|POST_HARVEST|CROP=rice|SOIL=black,post_harvest,அறுவடை பிந்தைய மேலாண்மை,rice,நெல்,black,கரிசல் மண்,"crop,soil; add district/season/stage when present",retrieve canonical answer; live lookup for price/weather/schemes
AGR|POST_HARVEST|CROP=rice|SOIL=alluvial,post_harvest,அறுவடை பிந்தைய மேலாண்மை,rice,நெல்,alluvial,வண்டல் மண்,"crop,soil; add district/season/stage when present",retrieve canonical answer; live lookup for price/weather/schemes
AGR|POST_HARVEST|CROP=rice|SOIL=sandy,post_harvest,அறுவடை பிந்தைய மேலாண்மை,rice,நெல்,sandy,மணல் மண்,"crop,soil; add district/season/stage when present",retrieve canonical answer; live lookup for price/weather/schemes
AGR|POST_HARVEST|CROP=rice|SOIL=clay,post_harvest,அறுவடை பிந்தைய மேலாண்மை,rice,நெல்,clay,களிமண்,"crop,soil; add district/season/stage when present",retrieve canonical answer; live lookup for price/weather/schemes
AGR|POST_HARVEST|CROP=rice|SOIL=loamy,post_harvest,அறுவடை பிந்தைய மேலாண்மை,rice,நெல்,loamy,கலப்பு மண்,"crop,soil; add district/season/stage when present",retrieve canonical answer; live lookup for price/weather/schemes
AGR|POST_HARVEST|CROP=rice|SOIL=laterite,post_harvest,அறுவடை பிந்தைய மேலாண்மை,rice,நெல்,laterite,சரளை மண்,"crop,soil; add district/season/stage when present",retrieve canonical answer; live lookup for price/weather/schemes
AGR|POST_HARVEST|CROP=banana|SOIL=red,post_harvest,அறுவடை பிந்தைய மேலாண்மை,banana,வாழை,red,செம்மண்,"crop,soil; add district/season/stage when present",retrieve canonical answer; live lookup for price/weather/schemes
AGR|POST_HARVEST|CROP=banana|SOIL=black,post_harvest,அறுவடை பிந்தைய மேலாண்மை,banana,வாழை,black,கரிசல் மண்,"crop,soil; add district/season/stage when present",retrieve canonical answer; live lookup for price/weather/schemes
AGR|POST_HARVEST|CROP=banana|SOIL=alluvial,post_harvest,அறுவடை பிந்தைய மேலாண்மை,banana,வாழை,alluvial,வண்டல் மண்,"crop,soil; add district/season/stage when present",retrieve canonical answer; live lookup for price/weather/schemes
AGR|POST_HARVEST|CROP=banana|SOIL=sandy,post_harvest,அறுவடை பிந்தைய மேலாண்மை,banana,வாழை,sandy,மணல் மண்,"crop,soil; add district/season/stage when present",retrieve canonical answer; live lookup for price/weather/schemes
AGR|POST_HARVEST|CROP=banana|SOIL=clay,post_harvest,அறுவடை பிந்தைய மேலாண்மை,banana,வாழை,clay,களிமண்,"crop,soil; add district/season/stage when present",retrieve canonical answer; live lookup for price/weather/schemes
AGR|POST_HARVEST|CROP=banana|SOIL=loamy,post_harvest,அறுவடை பிந்தைய மேலாண்மை,banana,வாழை,loamy,கலப்பு மண்,"crop,soil; add district/season/stage when present",retrieve canonical answer; live lookup for price/weather/schemes
AGR|POST_HARVEST|CROP=banana|SOIL=laterite,post_harvest,அறுவடை பிந்தைய மேலாண்மை,banana,வாழை,laterite,சரளை மண்,"crop,soil; add district/season/stage when present",retrieve canonical answer; live lookup for price/weather/schemes
AGR|POST_HARVEST|CROP=sugarcane|SOIL=red,post_harvest,அறுவடை பிந்தைய மேலாண்மை,sugarcane,கரும்பு,red,செம்மண்,"crop,soil; add district/season/stage when present",retrieve canonical answer; live lookup for price/weather/schemes
AGR|POST_HARVEST|CROP=sugarcane|SOIL=black,post_harvest,அறுவடை பிந்தைய மேலாண்மை,sugarcane,கரும்பு,black,கரிசல் மண்,"crop,soil; add district/season/stage when present",retrieve canonical answer; live lookup for price/weather/schemes
AGR|POST_HARVEST|CROP=sugarcane|SOIL=alluvial,post_harvest,அறுவடை பிந்தைய மேலாண்மை,sugarcane,கரும்பு,alluvial,வண்டல் மண்,"crop,soil; add district/season/stage when present",retrieve canonical answer; live lookup for price/weather/schemes
AGR|POST_HARVEST|CROP=sugarcane|SOIL=sandy,post_harvest,அறுவடை பிந்தைய மேலாண்மை,sugarcane,கரும்பு,sandy,மணல் மண்,"crop,soil; add district/season/stage when present",retrieve canonical answer; live lookup for price/weather/schemes
AGR|POST_HARVEST|CROP=sugarcane|SOIL=clay,post_harvest,அறுவடை பிந்தைய மேலாண்மை,sugarcane,கரும்பு,clay,களிமண்,"crop,soil; add district/season/stage when present",retrieve canonical answer; live lookup for price/weather/schemes
AGR|POST_HARVEST|CROP=sugarcane|SOIL=loamy,post_harvest,அறுவடை பிந்தைய மேலாண்மை,sugarcane,கரும்பு,loamy,கலப்பு மண்,"crop,soil; add district/season/stage when present",retrieve canonical answer; live lookup for price/weather/schemes
AGR|POST_HARVEST|CROP=sugarcane|SOIL=laterite,post_harvest,அறுவடை பிந்தைய மேலாண்மை,sugarcane,கரும்பு,laterite,சரளை மண்,"crop,soil; add district/season/stage when present",retrieve canonical answer; live lookup for price/weather/schemes
AGR|POST_HARVEST|CROP=cotton|SOIL=red,post_harvest,அறுவடை பிந்தைய மேலாண்மை,cotton,பருத்தி,red,செம்மண்,"crop,soil; add district/season/stage when present",retrieve canonical answer; live lookup for price/weather/schemes
AGR|POST_HARVEST|CROP=cotton|SOIL=black,post_harvest,அறுவடை பிந்தைய மேலாண்மை,cotton,பருத்தி,black,கரிசல் மண்,"crop,soil; add district/season/stage when present",retrieve canonical answer; live lookup for price/weather/schemes
AGR|POST_HARVEST|CROP=cotton|SOIL=alluvial,post_harvest,அறுவடை பிந்தைய மேலாண்மை,cotton,பருத்தி,alluvial,வண்டல் மண்,"crop,soil; add district/season/stage when present",retrieve canonical answer; live lookup for price/weather/schemes
AGR|POST_HARVEST|CROP=cotton|SOIL=sandy,post_harvest,அறுவடை பிந்தைய மேலாண்மை,cotton,பருத்தி,sandy,மணல் மண்,"crop,soil; add district/season/stage when present",retrieve canonical answer; live lookup for price/weather/schemes
AGR|POST_HARVEST|CROP=cotton|SOIL=clay,post_harvest,அறுவடை பிந்தைய மேலாண்மை,cotton,பருத்தி,clay,களிமண்,"crop,soil; add district/season/stage when present",retrieve canonical answer; live lookup for price/weather/schemes
AGR|POST_HARVEST|CROP=cotton|SOIL=loamy,post_harvest,அறுவடை பிந்தைய மேலாண்மை,cotton,பருத்தி,loamy,கலப்பு மண்,"crop,soil; add district/season/stage when present",retrieve canonical answer; live lookup for price/weather/schemes
AGR|POST_HARVEST|CROP=cotton|SOIL=laterite,post_harvest,அறுவடை பிந்தைய மேலாண்மை,cotton,பருத்தி,laterite,சரளை மண்,"crop,soil; add district/season/stage when present",retrieve canonical answer; live lookup for price/weather/schemes
AGR|POST_HARVEST|CROP=groundnut|SOIL=red,post_harvest,அறுவடை பிந்தைய மேலாண்மை,groundnut,நிலக்கடலை,red,செம்மண்,"crop,soil; add district/season/stage when present",retrieve canonical answer; live lookup for price/weather/schemes
AGR|POST_HARVEST|CROP=groundnut|SOIL=black,post_harvest,அறுவடை பிந்தைய மேலாண்மை,groundnut,நிலக்கடலை,black,கரிசல் மண்,"crop,soil; add district/season/stage when present",retrieve canonical answer; live lookup for price/weather/schemes
AGR|POST_HARVEST|CROP=groundnut|SOIL=alluvial,post_harvest,அறுவடை பிந்தைய மேலாண்மை,groundnut,நிலக்கடலை,alluvial,வண்டல் மண்,"crop,soil; add district/season/stage when present",retrieve canonical answer; live lookup for price/weather/schemes
AGR|POST_HARVEST|CROP=groundnut|SOIL=sandy,post_harvest,அறுவடை பிந்தைய மேலாண்மை,groundnut,நிலக்கடலை,sandy,மணல் மண்,"crop,soil; add district/season/stage when present",retrieve canonical answer; live lookup for price/weather/schemes
AGR|POST_HARVEST|CROP=groundnut|SOIL=clay,post_harvest,அறுவடை பிந்தைய மேலாண்மை,groundnut,நிலக்கடலை,clay,களிமண்,"crop,soil; add district/season/stage when present",retrieve canonical answer; live lookup for price/weather/schemes
AGR|POST_HARVEST|CROP=groundnut|SOIL=loamy,post_harvest,அறுவடை பிந்தைய மேலாண்மை,groundnut,நிலக்கடலை,loamy,கலப்பு மண்,"crop,soil; add district/season/stage when present",retrieve canonical answer; live lookup for price/weather/schemes
AGR|POST_HARVEST|CROP=groundnut|SOIL=laterite,post_harvest,அறுவடை பிந்தைய மேலாண்மை,groundnut,நிலக்கடலை,laterite,சரளை மண்,"crop,soil; add district/season/stage when present",retrieve canonical answer; live lookup for price/weather/schemes
AGR|POST_HARVEST|CROP=maize|SOIL=red,post_harvest,அறுவடை பிந்தைய மேலாண்மை,maize,மக்காச்சோளம்,red,செம்மண்,"crop,soil; add district/season/stage when present",retrieve canonical answer; live lookup for price/weather/schemes
AGR|POST_HARVEST|CROP=maize|SOIL=black,post_harvest,அறுவடை பிந்தைய மேலாண்மை,maize,மக்காச்சோளம்,black,கரிசல் மண்,"crop,soil; add district/season/stage when present",retrieve canonical answer; live lookup for price/weather/schemes
AGR|POST_HARVEST|CROP=maize|SOIL=alluvial,post_harvest,அறுவடை பிந்தைய மேலாண்மை,maize,மக்காச்சோளம்,alluvial,வண்டல் மண்,"crop,soil; add district/season/stage when present",retrieve canonical answer; live lookup for price/weather/schemes
AGR|POST_HARVEST|CROP=maize|SOIL=sandy,post_harvest,அறுவடை பிந்தைய மேலாண்மை,maize,மக்காச்சோளம்,sandy,மணல் மண்,"crop,soil; add district/season/stage when present",retrieve canonical answer; live lookup for price/weather/schemes
AGR|POST_HARVEST|CROP=maize|SOIL=clay,post_harvest,அறுவடை பிந்தைய மேலாண்மை,maize,மக்காச்சோளம்,clay,களிமண்,"crop,soil; add district/season/stage when present",retrieve canonical answer; live lookup for price/weather/schemes
AGR|POST_HARVEST|CROP=maize|SOIL=loamy,post_harvest,அறுவடை பிந்தைய மேலாண்மை,maize,மக்காச்சோளம்,loamy,கலப்பு மண்,"crop,soil; add district/season/stage when present",retrieve canonical answer; live lookup for price/weather/schemes
AGR|POST_HARVEST|CROP=maize|SOIL=laterite,post_harvest,அறுவடை பிந்தைய மேலாண்மை,maize,மக்காச்சோளம்,laterite,சரளை மண்,"crop,soil; add district/season/stage when present",retrieve canonical answer; live lookup for price/weather/schemes
AGR|POST_HARVEST|CROP=millet|SOIL=red,post_harvest,அறுவடை பிந்தைய மேலாண்மை,millet,கம்பு,red,செம்மண்,"crop,soil; add district/season/stage when present",retrieve canonical answer; live lookup for price/weather/schemes
AGR|POST_HARVEST|CROP=millet|SOIL=black,post_harvest,அறுவடை பிந்தைய மேலாண்மை,millet,கம்பு,black,கரிசல் மண்,"crop,soil; add district/season/stage when present",retrieve canonical answer; live lookup for price/weather/schemes
AGR|POST_HARVEST|CROP=millet|SOIL=alluvial,post_harvest,அறுவடை பிந்தைய மேலாண்மை,millet,கம்பு,alluvial,வண்டல் மண்,"crop,soil; add district/season/stage when present",retrieve canonical answer; live lookup for price/weather/schemes
AGR|POST_HARVEST|CROP=millet|SOIL=sandy,post_harvest,அறுவடை பிந்தைய மேலாண்மை,millet,கம்பு,sandy,மணல் மண்,"crop,soil; add district/season/stage when present",retrieve canonical answer; live lookup for price/weather/schemes
AGR|POST_HARVEST|CROP=millet|SOIL=clay,post_harvest,அறுவடை பிந்தைய மேலாண்மை,millet,கம்பு,clay,களிமண்,"crop,soil; add district/season/stage when present",retrieve canonical answer; live lookup for price/weather/schemes
AGR|POST_HARVEST|CROP=millet|SOIL=loamy,post_harvest,அறுவடை பிந்தைய மேலாண்மை,millet,கம்பு,loamy,கலப்பு மண்,"crop,soil; add district/season/stage when present",retrieve canonical answer; live lookup for price/weather/schemes
AGR|POST_HARVEST|CROP=millet|SOIL=laterite,post_harvest,அறுவடை பிந்தைய மேலாண்மை,millet,கம்பு,laterite,சரளை மண்,"crop,soil; add district/season/stage when present",retrieve canonical answer; live lookup for price/weather/schemes
AGR|POST_HARVEST|CROP=tomato|SOIL=red,post_harvest,அறுவடை பிந்தைய மேலாண்மை,tomato,தக்காளி,red,செம்மண்,"crop,soil; add district/season/stage when present",retrieve canonical answer; live lookup for price/weather/schemes
AGR|POST_HARVEST|CROP=tomato|SOIL=black,post_harvest,அறுவடை பிந்தைய மேலாண்மை,tomato,தக்காளி,black,கரிசல் மண்,"crop,soil; add district/season/stage when present",retrieve canonical answer; live lookup for price/weather/schemes
AGR|POST_HARVEST|CROP=tomato|SOIL=alluvial,post_harvest,அறுவடை பிந்தைய மேலாண்மை,tomato,தக்காளி,alluvial,வண்டல் மண்,"crop,soil; add district/season/stage when present",retrieve canonical answer; live lookup for price/weather/schemes
AGR|POST_HARVEST|CROP=tomato|SOIL=sandy,post_harvest,அறுவடை பிந்தைய மேலாண்மை,tomato,தக்காளி,sandy,மணல் மண்,"crop,soil; add district/season/stage when present",retrieve canonical answer; live lookup for price/weather/schemes
AGR|POST_HARVEST|CROP=tomato|SOIL=clay,post_harvest,அறுவடை பிந்தைய மேலாண்மை,tomato,தக்காளி,clay,களிமண்,"crop,soil; add district/season/stage when present",retrieve canonical answer; live lookup for price/weather/schemes
AGR|POST_HARVEST|CROP=tomato|SOIL=loamy,post_harvest,அறுவடை பிந்தைய மேலாண்மை,tomato,தக்காளி,loamy,கலப்பு மண்,"crop,soil; add district/season/stage when present",retrieve canonical answer; live lookup for price/weather/schemes
AGR|POST_HARVEST|CROP=tomato|SOIL=laterite,post_harvest,அறுவடை பிந்தைய மேலாண்மை,tomato,தக்காளி,laterite,சரளை மண்,"crop,soil; add district/season/stage when present",retrieve canonical answer; live lookup for price/weather/schemes
AGR|POST_HARVEST|CROP=chilli|SOIL=red,post_harvest,அறுவடை பிந்தைய மேலாண்மை,chilli,மிளகாய்,red,செம்மண்,"crop,soil; add district/season/stage when present",retrieve canonical answer; live lookup for price/weather/schemes
AGR|POST_HARVEST|CROP=chilli|SOIL=black,post_harvest,அறுவடை பிந்தைய மேலாண்மை,chilli,மிளகாய்,black,கரிசல் மண்,"crop,soil; add district/season/stage when present",retrieve canonical answer; live lookup for price/weather/schemes
AGR|POST_HARVEST|CROP=chilli|SOIL=alluvial,post_harvest,அறுவடை பிந்தைய மேலாண்மை,chilli,மிளகாய்,alluvial,வண்டல் மண்,"crop,soil; add district/season/stage when present",retrieve canonical answer; live lookup for price/weather/schemes
AGR|POST_HARVEST|CROP=chilli|SOIL=sandy,post_harvest,அறுவடை பிந்தைய மேலாண்மை,chilli,மிளகாய்,sandy,மணல் மண்,"crop,soil; add district/season/stage when present",retrieve canonical answer; live lookup for price/weather/schemes
AGR|POST_HARVEST|CROP=chilli|SOIL=clay,post_harvest,அறுவடை பிந்தைய மேலாண்மை,chilli,மிளகாய்,clay,களிமண்,"crop,soil; add district/season/stage when present",retrieve canonical answer; live lookup for price/weather/schemes
AGR|POST_HARVEST|CROP=chilli|SOIL=loamy,post_harvest,அறுவடை பிந்தைய மேலாண்மை,chilli,மிளகாய்,loamy,கலப்பு மண்,"crop,soil; add district/season/stage when present",retrieve canonical answer; live lookup for price/weather/schemes
AGR|POST_HARVEST|CROP=chilli|SOIL=laterite,post_harvest,அறுவடை பிந்தைய மேலாண்மை,chilli,மிளகாய்,laterite,சரளை மண்,"crop,soil; add district/season/stage when present",retrieve canonical answer; live lookup for price/weather/schemes
AGR|POST_HARVEST|CROP=onion|SOIL=red,post_harvest,அறுவடை பிந்தைய மேலாண்மை,onion,வெங்காயம்,red,செம்மண்,"crop,soil; add district/season/stage when present",retrieve canonical answer; live lookup for price/weather/schemes
AGR|POST_HARVEST|CROP=onion|SOIL=black,post_harvest,அறுவடை பிந்தைய மேலாண்மை,onion,வெங்காயம்,black,கரிசல் மண்,"crop,soil; add district/season/stage when present",retrieve canonical answer; live lookup for price/weather/schemes
AGR|POST_HARVEST|CROP=onion|SOIL=alluvial,post_harvest,அறுவடை பிந்தைய மேலாண்மை,onion,வெங்காயம்,alluvial,வண்டல் மண்,"crop,soil; add district/season/stage when present",retrieve canonical answer; live lookup for price/weather/schemes
AGR|POST_HARVEST|CROP=onion|SOIL=sandy,post_harvest,அறுவடை பிந்தைய மேலாண்மை,onion,வெங்காயம்,sandy,மணல் மண்,"crop,soil; add district/season/stage when present",retrieve canonical answer; live lookup for price/weather/schemes
AGR|POST_HARVEST|CROP=onion|SOIL=clay,post_harvest,அறுவடை பிந்தைய மேலாண்மை,onion,வெங்காயம்,clay,களிமண்,"crop,soil; add district/season/stage when present",retrieve canonical answer; live lookup for price/weather/schemes
AGR|POST_HARVEST|CROP=onion|SOIL=loamy,post_harvest,அறுவடை பிந்தைய மேலாண்மை,onion,வெங்காயம்,loamy,கலப்பு மண்,"crop,soil; add district/season/stage when present",retrieve canonical answer; live lookup for price/weather/schemes
AGR|POST_HARVEST|CROP=onion|SOIL=laterite,post_harvest,அறுவடை பிந்தைய மேலாண்மை,onion,வெங்காயம்,laterite,சரளை மண்,"crop,soil; add district/season/stage when present",retrieve canonical answer; live lookup for price/weather/schemes
AGR|POST_HARVEST|CROP=turmeric|SOIL=red,post_harvest,அறுவடை பிந்தைய மேலாண்மை,turmeric,மஞ்சள்,red,செம்மண்,"crop,soil; add district/season/stage when present",retrieve canonical answer; live lookup for price/weather/schemes
AGR|POST_HARVEST|CROP=turmeric|SOIL=black,post_harvest,அறுவடை பிந்தைய மேலாண்மை,turmeric,மஞ்சள்,black,கரிசல் மண்,"crop,soil; add district/season/stage when present",retrieve canonical answer; live lookup for price/weather/schemes
AGR|POST_HARVEST|CROP=turmeric|SOIL=alluvial,post_harvest,அறுவடை பிந்தைய மேலாண்மை,turmeric,மஞ்சள்,alluvial,வண்டல் மண்,"crop,soil; add district/season/stage when present",retrieve canonical answer; live lookup for price/weather/schemes
AGR|POST_HARVEST|CROP=turmeric|SOIL=sandy,post_harvest,அறுவடை பிந்தைய மேலாண்மை,turmeric,மஞ்சள்,sandy,மணல் மண்,"crop,soil; add district/season/stage when present",retrieve canonical answer; live lookup for price/weather/schemes
AGR|POST_HARVEST|CROP=turmeric|SOIL=clay,post_harvest,அறுவடை பிந்தைய மேலாண்மை,turmeric,மஞ்சள்,clay,களிமண்,"crop,soil; add district/season/stage when present",retrieve canonical answer; live lookup for price/weather/schemes
AGR|POST_HARVEST|CROP=turmeric|SOIL=loamy,post_harvest,அறுவடை பிந்தைய மேலாண்மை,turmeric,மஞ்சள்,loamy,கலப்பு மண்,"crop,soil; add district/season/stage when present",retrieve canonical answer; live lookup for price/weather/schemes
AGR|POST_HARVEST|CROP=turmeric|SOIL=laterite,post_harvest,அறுவடை பிந்தைய மேலாண்மை,turmeric,மஞ்சள்,laterite,சரளை மண்,"crop,soil; add district/season/stage when present",retrieve canonical answer; live lookup for price/weather/schemes
AGR|POST_HARVEST|CROP=brinjal|SOIL=red,post_harvest,அறுவடை பிந்தைய மேலாண்மை,brinjal,கத்தரிக்காய்,red,செம்மண்,"crop,soil; add district/season/stage when present",retrieve canonical answer; live lookup for price/weather/schemes
AGR|POST_HARVEST|CROP=brinjal|SOIL=black,post_harvest,அறுவடை பிந்தைய மேலாண்மை,brinjal,கத்தரிக்காய்,black,கரிசல் மண்,"crop,soil; add district/season/stage when present",retrieve canonical answer; live lookup for price/weather/schemes
AGR|POST_HARVEST|CROP=brinjal|SOIL=alluvial,post_harvest,அறுவடை பிந்தைய மேலாண்மை,brinjal,கத்தரிக்காய்,alluvial,வண்டல் மண்,"crop,soil; add district/season/stage when present",retrieve canonical answer; live lookup for price/weather/schemes
AGR|POST_HARVEST|CROP=brinjal|SOIL=sandy,post_harvest,அறுவடை பிந்தைய மேலாண்மை,brinjal,கத்தரிக்காய்,sandy,மணல் மண்,"crop,soil; add district/season/stage when present",retrieve canonical answer; live lookup for price/weather/schemes
AGR|POST_HARVEST|CROP=brinjal|SOIL=clay,post_harvest,அறுவடை பிந்தைய மேலாண்மை,brinjal,கத்தரிக்காய்,clay,களிமண்,"crop,soil; add district/season/stage when present",retrieve canonical answer; live lookup for price/weather/schemes
AGR|POST_HARVEST|CROP=brinjal|SOIL=loamy,post_harvest,அறுவடை பிந்தைய மேலாண்மை,brinjal,கத்தரிக்காய்,loamy,கலப்பு மண்,"crop,soil; add district/season/stage when present",retrieve canonical answer; live lookup for price/weather/schemes
AGR|POST_HARVEST|CROP=brinjal|SOIL=laterite,post_harvest,அறுவடை பிந்தைய மேலாண்மை,brinjal,கத்தரிக்காய்,laterite,சரளை மண்,"crop,soil; add district/season/stage when present",retrieve canonical answer; live lookup for price/weather/schemes
AGR|POST_HARVEST|CROP=okra|SOIL=red,post_harvest,அறுவடை பிந்தைய மேலாண்மை,okra,வெண்டைக்காய்,red,செம்மண்,"crop,soil; add district/season/stage when present",retrieve canonical answer; live lookup for price/weather/schemes
AGR|POST_HARVEST|CROP=okra|SOIL=black,post_harvest,அறுவடை பிந்தைய மேலாண்மை,okra,வெண்டைக்காய்,black,கரிசல் மண்,"crop,soil; add district/season/stage when present",retrieve canonical answer; live lookup for price/weather/schemes
AGR|POST_HARVEST|CROP=okra|SOIL=alluvial,post_harvest,அறுவடை பிந்தைய மேலாண்மை,okra,வெண்டைக்காய்,alluvial,வண்டல் மண்,"crop,soil; add district/season/stage when present",retrieve canonical answer; live lookup for price/weather/schemes
AGR|POST_HARVEST|CROP=okra|SOIL=sandy,post_harvest,அறுவடை பிந்தைய மேலாண்மை,okra,வெண்டைக்காய்,sandy,மணல் மண்,"crop,soil; add district/season/stage when present",retrieve canonical answer; live lookup for price/weather/schemes
AGR|POST_HARVEST|CROP=okra|SOIL=clay,post_harvest,அறுவடை பிந்தைய மேலாண்மை,okra,வெண்டைக்காய்,clay,களிமண்,"crop,soil; add district/season/stage when present",retrieve canonical answer; live lookup for price/weather/schemes
AGR|POST_HARVEST|CROP=okra|SOIL=loamy,post_harvest,அறுவடை பிந்தைய மேலாண்மை,okra,வெண்டைக்காய்,loamy,கலப்பு மண்,"crop,soil; add district/season/stage when present",retrieve canonical answer; live lookup for price/weather/schemes
AGR|POST_HARVEST|CROP=okra|SOIL=laterite,post_harvest,அறுவடை பிந்தைய மேலாண்மை,okra,வெண்டைக்காய்,laterite,சரளை மண்,"crop,soil; add district/season/stage when present",retrieve canonical answer; live lookup for price/weather/schemes
AGR|POST_HARVEST|CROP=coconut|SOIL=red,post_harvest,அறுவடை பிந்தைய மேலாண்மை,coconut,தென்னை,red,செம்மண்,"crop,soil; add district/season/stage when present",retrieve canonical answer; live lookup for price/weather/schemes
AGR|POST_HARVEST|CROP=coconut|SOIL=black,post_harvest,அறுவடை பிந்தைய மேலாண்மை,coconut,தென்னை,black,கரிசல் மண்,"crop,soil; add district/season/stage when present",retrieve canonical answer; live lookup for price/weather/schemes
AGR|POST_HARVEST|CROP=coconut|SOIL=alluvial,post_harvest,அறுவடை பிந்தைய மேலாண்மை,coconut,தென்னை,alluvial,வண்டல் மண்,"crop,soil; add district/season/stage when present",retrieve canonical answer; live lookup for price/weather/schemes
AGR|POST_HARVEST|CROP=coconut|SOIL=sandy,post_harvest,அறுவடை பிந்தைய மேலாண்மை,coconut,தென்னை,sandy,மணல் மண்,"crop,soil; add district/season/stage when present",retrieve canonical answer; live lookup for price/weather/schemes
AGR|POST_HARVEST|CROP=coconut|SOIL=clay,post_harvest,அறுவடை பிந்தைய மேலாண்மை,coconut,தென்னை,clay,களிமண்,"crop,soil; add district/season/stage when present",retrieve canonical answer; live lookup for price/weather/schemes
AGR|POST_HARVEST|CROP=coconut|SOIL=loamy,post_harvest,அறுவடை பிந்தைய மேலாண்மை,coconut,தென்னை,loamy,கலப்பு மண்,"crop,soil; add district/season/stage when present",retrieve canonical answer; live lookup for price/weather/schemes
AGR|POST_HARVEST|CROP=coconut|SOIL=laterite,post_harvest,அறுவடை பிந்தைய மேலாண்மை,coconut,தென்னை,laterite,சரளை மண்,"crop,soil; add district/season/stage when present",retrieve canonical answer; live lookup for price/weather/schemes
AGR|POST_HARVEST|CROP=pulses|SOIL=red,post_harvest,அறுவடை பிந்தைய மேலாண்மை,pulses,பயறு,red,செம்மண்,"crop,soil; add district/season/stage when present",retrieve canonical answer; live lookup for price/weather/schemes
AGR|POST_HARVEST|CROP=pulses|SOIL=black,post_harvest,அறுவடை பிந்தைய மேலாண்மை,pulses,பயறு,black,கரிசல் மண்,"crop,soil; add district/season/stage when present",retrieve canonical answer; live lookup for price/weather/schemes
AGR|POST_HARVEST|CROP=pulses|SOIL=alluvial,post_harvest,அறுவடை பிந்தைய மேலாண்மை,pulses,பயறு,alluvial,வண்டல் மண்,"crop,soil; add district/season/stage when present",retrieve canonical answer; live lookup for price/weather/schemes
AGR|POST_HARVEST|CROP=pulses|SOIL=sandy,post_harvest,அறுவடை பிந்தைய மேலாண்மை,pulses,பயறு,sandy,மணல் மண்,"crop,soil; add district/season/stage when present",retrieve canonical answer; live lookup for price/weather/schemes
AGR|POST_HARVEST|CROP=pulses|SOIL=clay,post_harvest,அறுவடை பிந்தைய மேலாண்மை,pulses,பயறு,clay,களிமண்,"crop,soil; add district/season/stage when present",retrieve canonical answer; live lookup for price/weather/schemes
AGR|POST_HARVEST|CROP=pulses|SOIL=loamy,post_harvest,அறுவடை பிந்தைய மேலாண்மை,pulses,பயறு,loamy,கலப்பு மண்,"crop,soil; add district/season/stage when present",retrieve canonical answer; live lookup for price/weather/schemes
AGR|POST_HARVEST|CROP=pulses|SOIL=laterite,post_harvest,அறுவடை பிந்தைய மேலாண்மை,pulses,பயறு,laterite,சரளை மண்,"crop,soil; add district/season/stage when present",retrieve canonical answer; live lookup for price/weather/schemes
AGR|POST_HARVEST|CROP=sesame|SOIL=red,post_harvest,அறுவடை பிந்தைய மேலாண்மை,sesame,எள்,red,செம்மண்,"crop,soil; add district/season/stage when present",retrieve canonical answer; live lookup for price/weather/schemes
AGR|POST_HARVEST|CROP=sesame|SOIL=black,post_harvest,அறுவடை பிந்தைய மேலாண்மை,sesame,எள்,black,கரிசல் மண்,"crop,soil; add district/season/stage when present",retrieve canonical answer; live lookup for price/weather/schemes
AGR|POST_HARVEST|CROP=sesame|SOIL=alluvial,post_harvest,அறுவடை பிந்தைய மேலாண்மை,sesame,எள்,alluvial,வண்டல் மண்,"crop,soil; add district/season/stage when present",retrieve canonical answer; live lookup for price/weather/schemes
AGR|POST_HARVEST|CROP=sesame|SOIL=sandy,post_harvest,அறுவடை பிந்தைய மேலாண்மை,sesame,எள்,sandy,மணல் மண்,"crop,soil; add district/season/stage when present",retrieve canonical answer; live lookup for price/weather/schemes
AGR|POST_HARVEST|CROP=sesame|SOIL=clay,post_harvest,அறுவடை பிந்தைய மேலாண்மை,sesame,எள்,clay,களிமண்,"crop,soil; add district/season/stage when present",retrieve canonical answer; live lookup for price/weather/schemes
AGR|POST_HARVEST|CROP=sesame|SOIL=loamy,post_harvest,அறுவடை பிந்தைய மேலாண்மை,sesame,எள்,loamy,கலப்பு மண்,"crop,soil; add district/season/stage when present",retrieve canonical answer; live lookup for price/weather/schemes
AGR|POST_HARVEST|CROP=sesame|SOIL=laterite,post_harvest,அறுவடை பிந்தைய மேலாண்மை,sesame,எள்,laterite,சரளை மண்,"crop,soil; add district/season/stage when present",retrieve canonical answer; live lookup for price/weather/schemes
AGR|POST_HARVEST|CROP=tapioca|SOIL=red,post_harvest,அறுவடை பிந்தைய மேலாண்மை,tapioca,மரவள்ளி,red,செம்மண்,"crop,soil; add district/season/stage when present",retrieve canonical answer; live lookup for price/weather/schemes
AGR|POST_HARVEST|CROP=tapioca|SOIL=black,post_harvest,அறுவடை பிந்தைய மேலாண்மை,tapioca,மரவள்ளி,black,கரிசல் மண்,"crop,soil; add district/season/stage when present",retrieve canonical answer; live lookup for price/weather/schemes
AGR|POST_HARVEST|CROP=tapioca|SOIL=alluvial,post_harvest,அறுவடை பிந்தைய மேலாண்மை,tapioca,மரவள்ளி,alluvial,வண்டல் மண்,"crop,soil; add district/season/stage when present",retrieve canonical answer; live lookup for price/weather/schemes
AGR|POST_HARVEST|CROP=tapioca|SOIL=sandy,post_harvest,அறுவடை பிந்தைய மேலாண்மை,tapioca,மரவள்ளி,sandy,மணல் மண்,"crop,soil; add district/season/stage when present",retrieve canonical answer; live lookup for price/weather/schemes
AGR|POST_HARVEST|CROP=tapioca|SOIL=clay,post_harvest,அறுவடை பிந்தைய மேலாண்மை,tapioca,மரவள்ளி,clay,களிமண்,"crop,soil; add district/season/stage when present",retrieve canonical answer; live lookup for price/weather/schemes
AGR|POST_HARVEST|CROP=tapioca|SOIL=loamy,post_harvest,அறுவடை பிந்தைய மேலாண்மை,tapioca,மரவள்ளி,loamy,கலப்பு மண்,"crop,soil; add district/season/stage when present",retrieve canonical answer; live lookup for price/weather/schemes
AGR|POST_HARVEST|CROP=tapioca|SOIL=laterite,post_harvest,அறுவடை பிந்தைய மேலாண்மை,tapioca,மரவள்ளி,laterite,சரளை மண்,"crop,soil; add district/season/stage when present",retrieve canonical answer; live lookup for price/weather/schemes
AGR|POST_HARVEST|CROP=drumstick|SOIL=red,post_harvest,அறுவடை பிந்தைய மேலாண்மை,drumstick,முருங்கை,red,செம்மண்,"crop,soil; add district/season/stage when present",retrieve canonical answer; live lookup for price/weather/schemes
AGR|POST_HARVEST|CROP=drumstick|SOIL=black,post_harvest,அறுவடை பிந்தைய மேலாண்மை,drumstick,முருங்கை,black,கரிசல் மண்,"crop,soil; add district/season/stage when present",retrieve canonical answer; live lookup for price/weather/schemes
AGR|POST_HARVEST|CROP=drumstick|SOIL=alluvial,post_harvest,அறுவடை பிந்தைய மேலாண்மை,drumstick,முருங்கை,alluvial,வண்டல் மண்,"crop,soil; add district/season/stage when present",retrieve canonical answer; live lookup for price/weather/schemes
AGR|POST_HARVEST|CROP=drumstick|SOIL=sandy,post_harvest,அறுவடை பிந்தைய மேலாண்மை,drumstick,முருங்கை,sandy,மணல் மண்,"crop,soil; add district/season/stage when present",retrieve canonical answer; live lookup for price/weather/schemes
AGR|POST_HARVEST|CROP=drumstick|SOIL=clay,post_harvest,அறுவடை பிந்தைய மேலாண்மை,drumstick,முருங்கை,clay,களிமண்,"crop,soil; add district/season/stage when present",retrieve canonical answer; live lookup for price/weather/schemes
AGR|POST_HARVEST|CROP=drumstick|SOIL=loamy,post_harvest,அறுவடை பிந்தைய மேலாண்மை,drumstick,முருங்கை,loamy,கலப்பு மண்,"crop,soil; add district/season/stage when present",retrieve canonical answer; live lookup for price/weather/schemes
AGR|POST_HARVEST|CROP=drumstick|SOIL=laterite,post_harvest,அறுவடை பிந்தைய மேலாண்மை,drumstick,முருங்கை,laterite,சரளை மண்,"crop,soil; add district/season/stage when present",retrieve canonical answer; live lookup for price/weather/schemes
