canonical_answer_id,intent,intent_tamil,crop,crop_tamil,soil_type,soil_tamil,answer
CA_00001,crop_selection,பயிர் தேர்வு,rice,நெல்,red,செம்மண்,"நெல் தொடர்பான முடிவை செம்மண், Tamil Nadu பகுதி, பருவம் மற்றும் பாசன வசதியை வைத்து எடுக்க வேண்டும். முதலில் மண் பரிசோதனை, சரியான விதை, நிலத் தயாரிப்பு மற்றும் நீர் மேலாண்மையை திட்டமிடுங்கள்."
CA_00002,crop_selection,பயிர் தேர்வு,rice,நெல்,black,கரிசல் மண்,"நெல் தொடர்பான முடிவை கரிசல் மண், Tamil Nadu பகுதி, பருவம் மற்றும் பாசன வசதியை வைத்து எடுக்க வேண்டும். முதலில் மண் பரிசோதனை, சரியான விதை, நிலத் தயாரிப்பு மற்றும் நீர் மேலாண்மையை திட்டமிடுங்கள்."
CA_00003,crop_selection,பயிர் தேர்வு,rice,நெல்,alluvial,வண்டல் மண்,"நெல் தொடர்பான முடிவை வண்டல் மண், Tamil Nadu பகுதி, பருவம் மற்றும் பாசன வசதியை வைத்து எடுக்க வேண்டும். முதலில் மண் பரிசோதனை, சரியான விதை, நிலத் தயாரிப்பு மற்றும் நீர் மேலாண்மையை திட்டமிடுங்கள்."
CA_00004,crop_selection,பயிர் தேர்வு,rice,நெல்,sandy,மணல் மண்,"நெல் தொடர்பான முடிவை மணல் மண், Tamil Nadu பகுதி, பருவம் மற்றும் பாசன வசதியை வைத்து எடுக்க வேண்டும். முதலில் மண் பரிசோதனை, சரியான விதை, நிலத் தயாரிப்பு மற்றும் நீர் மேலாண்மையை திட்டமிடுங்கள்."
CA_00005,crop_selection,பயிர் தேர்வு,rice,நெல்,clay,களிமண்,"நெல் தொடர்பான முடிவை களிமண், Tamil Nadu பகுதி, பருவம் மற்றும் பாசன வசதியை வைத்து எடுக்க வேண்டும். முதலில் மண் பரிசோதனை, சரியான விதை, நிலத் தயாரிப்பு மற்றும் நீர் மேலாண்மையை திட்டமிடுங்கள்."
CA_00006,crop_selection,பயிர் தேர்வு,rice,நெல்,loamy,கலப்பு மண்,"நெல் தொடர்பான முடிவை கலப்பு மண், Tamil Nadu பகுதி, பருவம் மற்றும் பாசன வசதியை வைத்து எடுக்க வேண்டும். முதலில் மண் பரிசோதனை, சரியான விதை, நிலத் தயாரிப்பு மற்றும் நீர் மேலாண்மையை திட்டமிடுங்கள்."
CA_00007,crop_selection,பயிர் தேர்வு,rice,நெல்,laterite,சரளை மண்,"நெல் தொடர்பான முடிவை சரளை மண், Tamil Nadu பகுதி, பருவம் மற்றும் பாசன வசதியை வைத்து எடுக்க வேண்டும். முதலில் மண் பரிசோதனை, சரியான விதை, நிலத் தயாரிப்பு மற்றும் நீர் மேலாண்மையை திட்டமிடுங்கள்."
CA_00008,crop_selection,பயிர் தேர்வு,banana,வாழை,red,செம்மண்,"வாழை தொடர்பான முடிவை செம்மண், Tamil Nadu பகுதி, பருவம் மற்றும் பாசன வசதியை வைத்து எடுக்க வேண்டும். முதலில் மண் பரிசோதனை, சரியான விதை, நிலத் தயாரிப்பு மற்றும் நீர் மேலாண்மையை திட்டமிடுங்கள்."
CA_00009,crop_selection,பயிர் தேர்வு,banana,வாழை,black,கரிசல் மண்,"வாழை தொடர்பான முடிவை கரிசல் மண், Tamil Nadu பகுதி, பருவம் மற்றும் பாசன வசதியை வைத்து எடுக்க வேண்டும். முதலில் மண் பரிசோதனை, சரியான விதை, நிலத் தயாரிப்பு மற்றும் நீர் மேலாண்மையை திட்டமிடுங்கள்."
CA_00010,crop_selection,பயிர் தேர்வு,banana,வாழை,alluvial,வண்டல் மண்,"வாழை தொடர்பான முடிவை வண்டல் மண், Tamil Nadu பகுதி, பருவம் மற்றும் பாசன வசதியை வைத்து எடுக்க வேண்டும். முதலில் மண் பரிசோதனை, சரியான விதை, நிலத் தயாரிப்பு மற்றும் நீர் மேலாண்மையை திட்டமிடுங்கள்."
CA_00011,crop_selection,பயிர் தேர்வு,banana,வாழை,sandy,மணல் மண்,"வாழை தொடர்பான முடிவை மணல் மண், Tamil Nadu பகுதி, பருவம் மற்றும் பாசன வசதியை வைத்து எடுக்க வேண்டும். முதலில் மண் பரிசோதனை, சரியான விதை, நிலத் தயாரிப்பு மற்றும் நீர் மேலாண்மையை திட்டமிடுங்கள்."
CA_00012,crop_selection,பயிர் தேர்வு,banana,வாழை,clay,களிமண்,"வாழை தொடர்பான முடிவை களிமண், Tamil Nadu பகுதி, பருவம் மற்றும் பாசன வசதியை வைத்து எடுக்க வேண்டும். முதலில் மண் பரிசோதனை, சரியான விதை, நிலத் தயாரிப்பு மற்றும் நீர் மேலாண்மையை திட்டமிடுங்கள்."
CA_00013,crop_selection,பயிர் தேர்வு,banana,வாழை,loamy,கலப்பு மண்,"வாழை தொடர்பான முடிவை கலப்பு மண், Tamil Nadu பகுதி, பருவம் மற்றும் பாசன வசதியை வைத்து எடுக்க வேண்டும். முதலில் மண் பரிசோதனை, சரியான விதை, நிலத் தயாரிப்பு மற்றும் நீர் மேலாண்மையை திட்டமிடுங்கள்."
CA_00014,crop_selection,பயிர் தேர்வு,banana,வாழை,laterite,சரளை மண்,"வாழை தொடர்பான முடிவை சரளை மண், Tamil Nadu பகுதி, பருவம் மற்றும் பாசன வசதியை வைத்து எடுக்க வேண்டும். முதலில் மண் பரிசோதனை, சரியான விதை, நிலத் தயாரிப்பு மற்றும் நீர் மேலாண்மையை திட்டமிடுங்கள்."
CA_00015,crop_selection,பயிர் தேர்வு,sugarcane,கரும்பு,red,செம்மண்,"கரும்பு தொடர்பான முடிவை செம்மண், Tamil Nadu பகுதி, பருவம் மற்றும் பாசன வசதியை வைத்து எடுக்க வேண்டும். முதலில் மண் பரிசோதனை, சரியான விதை, நிலத் தயாரிப்பு மற்றும் நீர் மேலாண்மையை திட்டமிடுங்கள்."
CA_00016,crop_selection,பயிர் தேர்வு,sugarcane,கரும்பு,black,கரிசல் மண்,"கரும்பு தொடர்பான முடிவை கரிசல் மண், Tamil Nadu பகுதி, பருவம் மற்றும் பாசன வசதியை வைத்து எடுக்க வேண்டும். முதலில் மண் பரிசோதனை, சரியான விதை, நிலத் தயாரிப்பு மற்றும் நீர் மேலாண்மையை திட்டமிடுங்கள்."
CA_00017,crop_selection,பயிர் தேர்வு,sugarcane,கரும்பு,alluvial,வண்டல் மண்,"கரும்பு தொடர்பான முடிவை வண்டல் மண், Tamil Nadu பகுதி, பருவம் மற்றும் பாசன வசதியை வைத்து எடுக்க வேண்டும். முதலில் மண் பரிசோதனை, சரியான விதை, நிலத் தயாரிப்பு மற்றும் நீர் மேலாண்மையை திட்டமிடுங்கள்."
CA_00018,crop_selection,பயிர் தேர்வு,sugarcane,கரும்பு,sandy,மணல் மண்,"கரும்பு தொடர்பான முடிவை மணல் மண், Tamil Nadu பகுதி, பருவம் மற்றும் பாசன வசதியை வைத்து எடுக்க வேண்டும். முதலில் மண் பரிசோதனை, சரியான விதை, நிலத் தயாரிப்பு மற்றும் நீர் மேலாண்மையை திட்டமிடுங்கள்."
CA_00019,crop_selection,பயிர் தேர்வு,sugarcane,கரும்பு,clay,களிமண்,"கரும்பு தொடர்பான முடிவை களிமண், Tamil Nadu பகுதி, பருவம் மற்றும் பாசன வசதியை வைத்து எடுக்க வேண்டும். முதலில் மண் பரிசோதனை, சரியான விதை, நிலத் தயாரிப்பு மற்றும் நீர் மேலாண்மையை திட்டமிடுங்கள்."
CA_00020,crop_selection,பயிர் தேர்வு,sugarcane,கரும்பு,loamy,கலப்பு மண்,"கரும்பு தொடர்பான முடிவை கலப்பு மண், Tamil Nadu பகுதி, பருவம் மற்றும் பாசன வசதியை வைத்து எடுக்க வேண்டும். முதலில் மண் பரிசோதனை, சரியான விதை, நிலத் தயாரிப்பு மற்றும் நீர் மேலாண்மையை திட்டமிடுங்கள்."
CA_00021,crop_selection,பயிர் தேர்வு,sugarcane,கரும்பு,laterite,சரளை மண்,"கரும்பு தொடர்பான முடிவை சரளை மண், Tamil Nadu பகுதி, பருவம் மற்றும் பாசன வசதியை வைத்து எடுக்க வேண்டும். முதலில் மண் பரிசோதனை, சரியான விதை, நிலத் தயாரிப்பு மற்றும் நீர் மேலாண்மையை திட்டமிடுங்கள்."
CA_00022,crop_selection,பயிர் தேர்வு,cotton,பருத்தி,red,செம்மண்,"பருத்தி தொடர்பான முடிவை செம்மண், Tamil Nadu பகுதி, பருவம் மற்றும் பாசன வசதியை வைத்து எடுக்க வேண்டும். முதலில் மண் பரிசோதனை, சரியான விதை, நிலத் தயாரிப்பு மற்றும் நீர் மேலாண்மையை திட்டமிடுங்கள்."
CA_00023,crop_selection,பயிர் தேர்வு,cotton,பருத்தி,black,கரிசல் மண்,"பருத்தி தொடர்பான முடிவை கரிசல் மண், Tamil Nadu பகுதி, பருவம் மற்றும் பாசன வசதியை வைத்து எடுக்க வேண்டும். முதலில் மண் பரிசோதனை, சரியான விதை, நிலத் தயாரிப்பு மற்றும் நீர் மேலாண்மையை திட்டமிடுங்கள்."
CA_00024,crop_selection,பயிர் தேர்வு,cotton,பருத்தி,alluvial,வண்டல் மண்,"பருத்தி தொடர்பான முடிவை வண்டல் மண், Tamil Nadu பகுதி, பருவம் மற்றும் பாசன வசதியை வைத்து எடுக்க வேண்டும். முதலில் மண் பரிசோதனை, சரியான விதை, நிலத் தயாரிப்பு மற்றும் நீர் மேலாண்மையை திட்டமிடுங்கள்."
CA_00025,crop_selection,பயிர் தேர்வு,cotton,பருத்தி,sandy,மணல் மண்,"பருத்தி தொடர்பான முடிவை மணல் மண், Tamil Nadu பகுதி, பருவம் மற்றும் பாசன வசதியை வைத்து எடுக்க வேண்டும். முதலில் மண் பரிசோதனை, சரியான விதை, நிலத் தயாரிப்பு மற்றும் நீர் மேலாண்மையை திட்டமிடுங்கள்."
CA_00026,crop_selection,பயிர் தேர்வு,cotton,பருத்தி,clay,களிமண்,"பருத்தி தொடர்பான முடிவை களிமண், Tamil Nadu பகுதி, பருவம் மற்றும் பாசன வசதியை வைத்து எடுக்க வேண்டும். முதலில் மண் பரிசோதனை, சரியான விதை, நிலத் தயாரிப்பு மற்றும் நீர் மேலாண்மையை திட்டமிடுங்கள்."
CA_00027,crop_selection,பயிர் தேர்வு,cotton,பருத்தி,loamy,கலப்பு மண்,"பருத்தி தொடர்பான முடிவை கலப்பு மண், Tamil Nadu பகுதி, பருவம் மற்றும் பாசன வசதியை வைத்து எடுக்க வேண்டும். முதலில் மண் பரிசோதனை, சரியான விதை, நிலத் தயாரிப்பு மற்றும் நீர் மேலாண்மையை திட்டமிடுங்கள்."
CA_00028,crop_selection,பயிர் தேர்வு,cotton,பருத்தி,laterite,சரளை மண்,"பருத்தி தொடர்பான முடிவை சரளை மண், Tamil Nadu பகுதி, பருவம் மற்றும் பாசன வசதியை வைத்து எடுக்க வேண்டும். முதலில் மண் பரிசோதனை, சரியான விதை, நிலத் தயாரிப்பு மற்றும் நீர் மேலாண்மையை திட்டமிடுங்கள்."
CA_00029,crop_selection,பயிர் தேர்வு,groundnut,நிலக்கடலை,red,செம்மண்,"நிலக்கடலை தொடர்பான முடிவை செம்மண், Tamil Nadu பகுதி, பருவம் மற்றும் பாசன வசதியை வைத்து எடுக்க வேண்டும். முதலில் மண் பரிசோதனை, சரியான விதை, நிலத் தயாரிப்பு மற்றும் நீர் மேலாண்மையை திட்டமிடுங்கள்."
CA_00030,crop_selection,பயிர் தேர்வு,groundnut,நிலக்கடலை,black,கரிசல் மண்,"நிலக்கடலை தொடர்பான முடிவை கரிசல் மண், Tamil Nadu பகுதி, பருவம் மற்றும் பாசன வசதியை வைத்து எடுக்க வேண்டும். முதலில் மண் பரிசோதனை, சரியான விதை, நிலத் தயாரிப்பு மற்றும் நீர் மேலாண்மையை திட்டமிடுங்கள்."
CA_00031,crop_selection,பயிர் தேர்வு,groundnut,நிலக்கடலை,alluvial,வண்டல் மண்,"நிலக்கடலை தொடர்பான முடிவை வண்டல் மண், Tamil Nadu பகுதி, பருவம் மற்றும் பாசன வசதியை வைத்து எடுக்க வேண்டும். முதலில் மண் பரிசோதனை, சரியான விதை, நிலத் தயாரிப்பு மற்றும் நீர் மேலாண்மையை திட்டமிடுங்கள்."
CA_00032,crop_selection,பயிர் தேர்வு,groundnut,நிலக்கடலை,sandy,மணல் மண்,"நிலக்கடலை தொடர்பான முடிவை மணல் மண், Tamil Nadu பகுதி, பருவம் மற்றும் பாசன வசதியை வைத்து எடுக்க வேண்டும். முதலில் மண் பரிசோதனை, சரியான விதை, நிலத் தயாரிப்பு மற்றும் நீர் மேலாண்மையை திட்டமிடுங்கள்."
CA_00033,crop_selection,பயிர் தேர்வு,groundnut,நிலக்கடலை,clay,களிமண்,"நிலக்கடலை தொடர்பான முடிவை களிமண், Tamil Nadu பகுதி, பருவம் மற்றும் பாசன வசதியை வைத்து எடுக்க வேண்டும். முதலில் மண் பரிசோதனை, சரியான விதை, நிலத் தயாரிப்பு மற்றும் நீர் மேலாண்மையை திட்டமிடுங்கள்."
CA_00034,crop_selection,பயிர் தேர்வு,groundnut,நிலக்கடலை,loamy,கலப்பு மண்,"நிலக்கடலை தொடர்பான முடிவை கலப்பு மண், Tamil Nadu பகுதி, பருவம் மற்றும் பாசன வசதியை வைத்து எடுக்க வேண்டும். முதலில் மண் பரிசோதனை, சரியான விதை, நிலத் தயாரிப்பு மற்றும் நீர் மேலாண்மையை திட்டமிடுங்கள்."
CA_00035,crop_selection,பயிர் தேர்வு,groundnut,நிலக்கடலை,laterite,சரளை மண்,"நிலக்கடலை தொடர்பான முடிவை சரளை மண், Tamil Nadu பகுதி, பருவம் மற்றும் பாசன வசதியை வைத்து எடுக்க வேண்டும். முதலில் மண் பரிசோதனை, சரியான விதை, நிலத் தயாரிப்பு மற்றும் நீர் மேலாண்மையை திட்டமிடுங்கள்."
CA_00036,crop_selection,பயிர் தேர்வு,maize,மக்காச்சோளம்,red,செம்மண்,"மக்காச்சோளம் தொடர்பான முடிவை செம்மண், Tamil Nadu பகுதி, பருவம் மற்றும் பாசன வசதியை வைத்து எடுக்க வேண்டும். முதலில் மண் பரிசோதனை, சரியான விதை, நிலத் தயாரிப்பு மற்றும் நீர் மேலாண்மையை திட்டமிடுங்கள்."
CA_00037,crop_selection,பயிர் தேர்வு,maize,மக்காச்சோளம்,black,கரிசல் மண்,"மக்காச்சோளம் தொடர்பான முடிவை கரிசல் மண், Tamil Nadu பகுதி, பருவம் மற்றும் பாசன வசதியை வைத்து எடுக்க வேண்டும். முதலில் மண் பரிசோதனை, சரியான விதை, நிலத் தயாரிப்பு மற்றும் நீர் மேலாண்மையை திட்டமிடுங்கள்."
CA_00038,crop_selection,பயிர் தேர்வு,maize,மக்காச்சோளம்,alluvial,வண்டல் மண்,"மக்காச்சோளம் தொடர்பான முடிவை வண்டல் மண், Tamil Nadu பகுதி, பருவம் மற்றும் பாசன வசதியை வைத்து எடுக்க வேண்டும். முதலில் மண் பரிசோதனை, சரியான விதை, நிலத் தயாரிப்பு மற்றும் நீர் மேலாண்மையை திட்டமிடுங்கள்."
CA_00039,crop_selection,பயிர் தேர்வு,maize,மக்காச்சோளம்,sandy,மணல் மண்,"மக்காச்சோளம் தொடர்பான முடிவை மணல் மண், Tamil Nadu பகுதி, பருவம் மற்றும் பாசன வசதியை வைத்து எடுக்க வேண்டும். முதலில் மண் பரிசோதனை, சரியான விதை, நிலத் தயாரிப்பு மற்றும் நீர் மேலாண்மையை திட்டமிடுங்கள்."
CA_00040,crop_selection,பயிர் தேர்வு,maize,மக்காச்சோளம்,clay,களிமண்,"மக்காச்சோளம் தொடர்பான முடிவை களிமண், Tamil Nadu பகுதி, பருவம் மற்றும் பாசன வசதியை வைத்து எடுக்க வேண்டும். முதலில் மண் பரிசோதனை, சரியான விதை, நிலத் தயாரிப்பு மற்றும் நீர் மேலாண்மையை திட்டமிடுங்கள்."
CA_00041,crop_selection,பயிர் தேர்வு,maize,மக்காச்சோளம்,loamy,கலப்பு மண்,"மக்காச்சோளம் தொடர்பான முடிவை கலப்பு மண், Tamil Nadu பகுதி, பருவம் மற்றும் பாசன வசதியை வைத்து எடுக்க வேண்டும். முதலில் மண் பரிசோதனை, சரியான விதை, நிலத் தயாரிப்பு மற்றும் நீர் மேலாண்மையை திட்டமிடுங்கள்."
CA_00042,crop_selection,பயிர் தேர்வு,maize,மக்காச்சோளம்,laterite,சரளை மண்,"மக்காச்சோளம் தொடர்பான முடிவை சரளை மண், Tamil Nadu பகுதி, பருவம் மற்றும் பாசன வசதியை வைத்து எடுக்க வேண்டும். முதலில் மண் பரிசோதனை, சரியான விதை, நிலத் தயாரிப்பு மற்றும் நீர் மேலாண்மையை திட்டமிடுங்கள்."
CA_00043,crop_selection,பயிர் தேர்வு,millet,சிறுதானியம்,red,செம்மண்,"சிறுதானியம் தொடர்பான முடிவை செம்மண், Tamil Nadu பகுதி, பருவம் மற்றும் பாசன வசதியை வைத்து எடுக்க வேண்டும். முதலில் மண் பரிசோதனை, சரியான விதை, நிலத் தயாரிப்பு மற்றும் நீர் மேலாண்மையை திட்டமிடுங்கள்."
CA_00044,crop_selection,பயிர் தேர்வு,millet,சிறுதானியம்,black,கரிசல் மண்,"சிறுதானியம் தொடர்பான முடிவை கரிசல் மண், Tamil Nadu பகுதி, பருவம் மற்றும் பாசன வசதியை வைத்து எடுக்க வேண்டும். முதலில் மண் பரிசோதனை, சரியான விதை, நிலத் தயாரிப்பு மற்றும் நீர் மேலாண்மையை திட்டமிடுங்கள்."
CA_00045,crop_selection,பயிர் தேர்வு,millet,சிறுதானியம்,alluvial,வண்டல் மண்,"சிறுதானியம் தொடர்பான முடிவை வண்டல் மண், Tamil Nadu பகுதி, பருவம் மற்றும் பாசன வசதியை வைத்து எடுக்க வேண்டும். முதலில் மண் பரிசோதனை, சரியான விதை, நிலத் தயாரிப்பு மற்றும் நீர் மேலாண்மையை திட்டமிடுங்கள்."
CA_00046,crop_selection,பயிர் தேர்வு,millet,சிறுதானியம்,sandy,மணல் மண்,"சிறுதானியம் தொடர்பான முடிவை மணல் மண், Tamil Nadu பகுதி, பருவம் மற்றும் பாசன வசதியை வைத்து எடுக்க வேண்டும். முதலில் மண் பரிசோதனை, சரியான விதை, நிலத் தயாரிப்பு மற்றும் நீர் மேலாண்மையை திட்டமிடுங்கள்."
CA_00047,crop_selection,பயிர் தேர்வு,millet,சிறுதானியம்,clay,களிமண்,"சிறுதானியம் தொடர்பான முடிவை களிமண், Tamil Nadu பகுதி, பருவம் மற்றும் பாசன வசதியை வைத்து எடுக்க வேண்டும். முதலில் மண் பரிசோதனை, சரியான விதை, நிலத் தயாரிப்பு மற்றும் நீர் மேலாண்மையை திட்டமிடுங்கள்."
CA_00048,crop_selection,பயிர் தேர்வு,millet,சிறுதானியம்,loamy,கலப்பு மண்,"சிறுதானியம் தொடர்பான முடிவை கலப்பு மண், Tamil Nadu பகுதி, பருவம் மற்றும் பாசன வசதியை வைத்து எடுக்க வேண்டும். முதலில் மண் பரிசோதனை, சரியான விதை, நிலத் தயாரிப்பு மற்றும் நீர் மேலாண்மையை திட்டமிடுங்கள்."
CA_00049,crop_selection,பயிர் தேர்வு,millet,சிறுதானியம்,laterite,சரளை மண்,"சிறுதானியம் தொடர்பான முடிவை சரளை மண், Tamil Nadu பகுதி, பருவம் மற்றும் பாசன வசதியை வைத்து எடுக்க வேண்டும். முதலில் மண் பரிசோதனை, சரியான விதை, நிலத் தயாரிப்பு மற்றும் நீர் மேலாண்மையை திட்டமிடுங்கள்."
CA_00050,crop_selection,பயிர் தேர்வு,tomato,தக்காளி,red,செம்மண்,"தக்காளி தொடர்பான முடிவை செம்மண், Tamil Nadu பகுதி, பருவம் மற்றும் பாசன வசதியை வைத்து எடுக்க வேண்டும். முதலில் மண் பரிசோதனை, சரியான விதை, நிலத் தயாரிப்பு மற்றும் நீர் மேலாண்மையை திட்டமிடுங்கள்."
CA_00051,crop_selection,பயிர் தேர்வு,tomato,தக்காளி,black,கரிசல் மண்,"தக்காளி தொடர்பான முடிவை கரிசல் மண், Tamil Nadu பகுதி, பருவம் மற்றும் பாசன வசதியை வைத்து எடுக்க வேண்டும். முதலில் மண் பரிசோதனை, சரியான விதை, நிலத் தயாரிப்பு மற்றும் நீர் மேலாண்மையை திட்டமிடுங்கள்."
CA_00052,crop_selection,பயிர் தேர்வு,tomato,தக்காளி,alluvial,வண்டல் மண்,"தக்காளி தொடர்பான முடிவை வண்டல் மண், Tamil Nadu பகுதி, பருவம் மற்றும் பாசன வசதியை வைத்து எடுக்க வேண்டும். முதலில் மண் பரிசோதனை, சரியான விதை, நிலத் தயாரிப்பு மற்றும் நீர் மேலாண்மையை திட்டமிடுங்கள்."
CA_00053,crop_selection,பயிர் தேர்வு,tomato,தக்காளி,sandy,மணல் மண்,"தக்காளி தொடர்பான முடிவை மணல் மண், Tamil Nadu பகுதி, பருவம் மற்றும் பாசன வசதியை வைத்து எடுக்க வேண்டும். முதலில் மண் பரிசோதனை, சரியான விதை, நிலத் தயாரிப்பு மற்றும் நீர் மேலாண்மையை திட்டமிடுங்கள்."
CA_00054,crop_selection,பயிர் தேர்வு,tomato,தக்காளி,clay,களிமண்,"தக்காளி தொடர்பான முடிவை களிமண், Tamil Nadu பகுதி, பருவம் மற்றும் பாசன வசதியை வைத்து எடுக்க வேண்டும். முதலில் மண் பரிசோதனை, சரியான விதை, நிலத் தயாரிப்பு மற்றும் நீர் மேலாண்மையை திட்டமிடுங்கள்."
CA_00055,crop_selection,பயிர் தேர்வு,tomato,தக்காளி,loamy,கலப்பு மண்,"தக்காளி தொடர்பான முடிவை கலப்பு மண், Tamil Nadu பகுதி, பருவம் மற்றும் பாசன வசதியை வைத்து எடுக்க வேண்டும். முதலில் மண் பரிசோதனை, சரியான விதை, நிலத் தயாரிப்பு மற்றும் நீர் மேலாண்மையை திட்டமிடுங்கள்."
CA_00056,crop_selection,பயிர் தேர்வு,tomato,தக்காளி,laterite,சரளை மண்,"தக்காளி தொடர்பான முடிவை சரளை மண், Tamil Nadu பகுதி, பருவம் மற்றும் பாசன வசதியை வைத்து எடுக்க வேண்டும். முதலில் மண் பரிசோதனை, சரியான விதை, நிலத் தயாரிப்பு மற்றும் நீர் மேலாண்மையை திட்டமிடுங்கள்."
CA_00057,crop_selection,பயிர் தேர்வு,chilli,மிளகாய்,red,செம்மண்,"மிளகாய் தொடர்பான முடிவை செம்மண், Tamil Nadu பகுதி, பருவம் மற்றும் பாசன வசதியை வைத்து எடுக்க வேண்டும். முதலில் மண் பரிசோதனை, சரியான விதை, நிலத் தயாரிப்பு மற்றும் நீர் மேலாண்மையை திட்டமிடுங்கள்."
CA_00058,crop_selection,பயிர் தேர்வு,chilli,மிளகாய்,black,கரிசல் மண்,"மிளகாய் தொடர்பான முடிவை கரிசல் மண், Tamil Nadu பகுதி, பருவம் மற்றும் பாசன வசதியை வைத்து எடுக்க வேண்டும். முதலில் மண் பரிசோதனை, சரியான விதை, நிலத் தயாரிப்பு மற்றும் நீர் மேலாண்மையை திட்டமிடுங்கள்."
CA_00059,crop_selection,பயிர் தேர்வு,chilli,மிளகாய்,alluvial,வண்டல் மண்,"மிளகாய் தொடர்பான முடிவை வண்டல் மண், Tamil Nadu பகுதி, பருவம் மற்றும் பாசன வசதியை வைத்து எடுக்க வேண்டும். முதலில் மண் பரிசோதனை, சரியான விதை, நிலத் தயாரிப்பு மற்றும் நீர் மேலாண்மையை திட்டமிடுங்கள்."
CA_00060,crop_selection,பயிர் தேர்வு,chilli,மிளகாய்,sandy,மணல் மண்,"மிளகாய் தொடர்பான முடிவை மணல் மண், Tamil Nadu பகுதி, பருவம் மற்றும் பாசன வசதியை வைத்து எடுக்க வேண்டும். முதலில் மண் பரிசோதனை, சரியான விதை, நிலத் தயாரிப்பு மற்றும் நீர் மேலாண்மையை திட்டமிடுங்கள்."
CA_00061,crop_selection,பயிர் தேர்வு,chilli,மிளகாய்,clay,களிமண்,"மிளகாய் தொடர்பான முடிவை களிமண், Tamil Nadu பகுதி, பருவம் மற்றும் பாசன வசதியை வைத்து எடுக்க வேண்டும். முதலில் மண் பரிசோதனை, சரியான விதை, நிலத் தயாரிப்பு மற்றும் நீர் மேலாண்மையை திட்டமிடுங்கள்."
CA_00062,crop_selection,பயிர் தேர்வு,chilli,மிளகாய்,loamy,கலப்பு மண்,"மிளகாய் தொடர்பான முடிவை கலப்பு மண், Tamil Nadu பகுதி, பருவம் மற்றும் பாசன வசதியை வைத்து எடுக்க வேண்டும். முதலில் மண் பரிசோதனை, சரியான விதை, நிலத் தயாரிப்பு மற்றும் நீர் மேலாண்மையை திட்டமிடுங்கள்."
CA_00063,crop_selection,பயிர் தேர்வு,chilli,மிளகாய்,laterite,சரளை மண்,"மிளகாய் தொடர்பான முடிவை சரளை மண், Tamil Nadu பகுதி, பருவம் மற்றும் பாசன வசதியை வைத்து எடுக்க வேண்டும். முதலில் மண் பரிசோதனை, சரியான விதை, நிலத் தயாரிப்பு மற்றும் நீர் மேலாண்மையை திட்டமிடுங்கள்."
CA_00064,crop_selection,பயிர் தேர்வு,onion,வெங்காயம்,red,செம்மண்,"வெங்காயம் தொடர்பான முடிவை செம்மண், Tamil Nadu பகுதி, பருவம் மற்றும் பாசன வசதியை வைத்து எடுக்க வேண்டும். முதலில் மண் பரிசோதனை, சரியான விதை, நிலத் தயாரிப்பு மற்றும் நீர் மேலாண்மையை திட்டமிடுங்கள்."
CA_00065,crop_selection,பயிர் தேர்வு,onion,வெங்காயம்,black,கரிசல் மண்,"வெங்காயம் தொடர்பான முடிவை கரிசல் மண், Tamil Nadu பகுதி, பருவம் மற்றும் பாசன வசதியை வைத்து எடுக்க வேண்டும். முதலில் மண் பரிசோதனை, சரியான விதை, நிலத் தயாரிப்பு மற்றும் நீர் மேலாண்மையை திட்டமிடுங்கள்."
CA_00066,crop_selection,பயிர் தேர்வு,onion,வெங்காயம்,alluvial,வண்டல் மண்,"வெங்காயம் தொடர்பான முடிவை வண்டல் மண், Tamil Nadu பகுதி, பருவம் மற்றும் பாசன வசதியை வைத்து எடுக்க வேண்டும். முதலில் மண் பரிசோதனை, சரியான விதை, நிலத் தயாரிப்பு மற்றும் நீர் மேலாண்மையை திட்டமிடுங்கள்."
CA_00067,crop_selection,பயிர் தேர்வு,onion,வெங்காயம்,sandy,மணல் மண்,"வெங்காயம் தொடர்பான முடிவை மணல் மண், Tamil Nadu பகுதி, பருவம் மற்றும் பாசன வசதியை வைத்து எடுக்க வேண்டும். முதலில் மண் பரிசோதனை, சரியான விதை, நிலத் தயாரிப்பு மற்றும் நீர் மேலாண்மையை திட்டமிடுங்கள்."
CA_00068,crop_selection,பயிர் தேர்வு,onion,வெங்காயம்,clay,களிமண்,"வெங்காயம் தொடர்பான முடிவை களிமண், Tamil Nadu பகுதி, பருவம் மற்றும் பாசன வசதியை வைத்து எடுக்க வேண்டும். முதலில் மண் பரிசோதனை, சரியான விதை, நிலத் தயாரிப்பு மற்றும் நீர் மேலாண்மையை திட்டமிடுங்கள்."
CA_00069,crop_selection,பயிர் தேர்வு,onion,வெங்காயம்,loamy,கலப்பு மண்,"வெங்காயம் தொடர்பான முடிவை கலப்பு மண், Tamil Nadu பகுதி, பருவம் மற்றும் பாசன வசதியை வைத்து எடுக்க வேண்டும். முதலில் மண் பரிசோதனை, சரியான விதை, நிலத் தயாரிப்பு மற்றும் நீர் மேலாண்மையை திட்டமிடுங்கள்."
CA_00070,crop_selection,பயிர் தேர்வு,onion,வெங்காயம்,laterite,சரளை மண்,"வெங்காயம் தொடர்பான முடிவை சரளை மண், Tamil Nadu பகுதி, பருவம் மற்றும் பாசன வசதியை வைத்து எடுக்க வேண்டும். முதலில் மண் பரிசோதனை, சரியான விதை, நிலத் தயாரிப்பு மற்றும் நீர் மேலாண்மையை திட்டமிடுங்கள்."
CA_00071,crop_selection,பயிர் தேர்வு,turmeric,மஞ்சள்,red,செம்மண்,"மஞ்சள் தொடர்பான முடிவை செம்மண், Tamil Nadu பகுதி, பருவம் மற்றும் பாசன வசதியை வைத்து எடுக்க வேண்டும். முதலில் மண் பரிசோதனை, சரியான விதை, நிலத் தயாரிப்பு மற்றும் நீர் மேலாண்மையை திட்டமிடுங்கள்."
CA_00072,crop_selection,பயிர் தேர்வு,turmeric,மஞ்சள்,black,கரிசல் மண்,"மஞ்சள் தொடர்பான முடிவை கரிசல் மண், Tamil Nadu பகுதி, பருவம் மற்றும் பாசன வசதியை வைத்து எடுக்க வேண்டும். முதலில் மண் பரிசோதனை, சரியான விதை, நிலத் தயாரிப்பு மற்றும் நீர் மேலாண்மையை திட்டமிடுங்கள்."
CA_00073,crop_selection,பயிர் தேர்வு,turmeric,மஞ்சள்,alluvial,வண்டல் மண்,"மஞ்சள் தொடர்பான முடிவை வண்டல் மண், Tamil Nadu பகுதி, பருவம் மற்றும் பாசன வசதியை வைத்து எடுக்க வேண்டும். முதலில் மண் பரிசோதனை, சரியான விதை, நிலத் தயாரிப்பு மற்றும் நீர் மேலாண்மையை திட்டமிடுங்கள்."
CA_00074,crop_selection,பயிர் தேர்வு,turmeric,மஞ்சள்,sandy,மணல் மண்,"மஞ்சள் தொடர்பான முடிவை மணல் மண், Tamil Nadu பகுதி, பருவம் மற்றும் பாசன வசதியை வைத்து எடுக்க வேண்டும். முதலில் மண் பரிசோதனை, சரியான விதை, நிலத் தயாரிப்பு மற்றும் நீர் மேலாண்மையை திட்டமிடுங்கள்."
CA_00075,crop_selection,பயிர் தேர்வு,turmeric,மஞ்சள்,clay,களிமண்,"மஞ்சள் தொடர்பான முடிவை களிமண், Tamil Nadu பகுதி, பருவம் மற்றும் பாசன வசதியை வைத்து எடுக்க வேண்டும். முதலில் மண் பரிசோதனை, சரியான விதை, நிலத் தயாரிப்பு மற்றும் நீர் மேலாண்மையை திட்டமிடுங்கள்."
CA_00076,crop_selection,பயிர் தேர்வு,turmeric,மஞ்சள்,loamy,கலப்பு மண்,"மஞ்சள் தொடர்பான முடிவை கலப்பு மண், Tamil Nadu பகுதி, பருவம் மற்றும் பாசன வசதியை வைத்து எடுக்க வேண்டும். முதலில் மண் பரிசோதனை, சரியான விதை, நிலத் தயாரிப்பு மற்றும் நீர் மேலாண்மையை திட்டமிடுங்கள்."
CA_00077,crop_selection,பயிர் தேர்வு,turmeric,மஞ்சள்,laterite,சரளை மண்,"மஞ்சள் தொடர்பான முடிவை சரளை மண், Tamil Nadu பகுதி, பருவம் மற்றும் பாசன வசதியை வைத்து எடுக்க வேண்டும். முதலில் மண் பரிசோதனை, சரியான விதை, நிலத் தயாரிப்பு மற்றும் நீர் மேலாண்மையை திட்டமிடுங்கள்."
CA_00078,crop_selection,பயிர் தேர்வு,brinjal,கத்தரிக்காய்,red,செம்மண்,"கத்தரிக்காய் தொடர்பான முடிவை செம்மண், Tamil Nadu பகுதி, பருவம் மற்றும் பாசன வசதியை வைத்து எடுக்க வேண்டும். முதலில் மண் பரிசோதனை, சரியான விதை, நிலத் தயாரிப்பு மற்றும் நீர் மேலாண்மையை திட்டமிடுங்கள்."
CA_00079,crop_selection,பயிர் தேர்வு,brinjal,கத்தரிக்காய்,black,கரிசல் மண்,"கத்தரிக்காய் தொடர்பான முடிவை கரிசல் மண், Tamil Nadu பகுதி, பருவம் மற்றும் பாசன வசதியை வைத்து எடுக்க வேண்டும். முதலில் மண் பரிசோதனை, சரியான விதை, நிலத் தயாரிப்பு மற்றும் நீர் மேலாண்மையை திட்டமிடுங்கள்."
CA_00080,crop_selection,பயிர் தேர்வு,brinjal,கத்தரிக்காய்,alluvial,வண்டல் மண்,"கத்தரிக்காய் தொடர்பான முடிவை வண்டல் மண், Tamil Nadu பகுதி, பருவம் மற்றும் பாசன வசதியை வைத்து எடுக்க வேண்டும். முதலில் மண் பரிசோதனை, சரியான விதை, நிலத் தயாரிப்பு மற்றும் நீர் மேலாண்மையை திட்டமிடுங்கள்."
CA_00081,crop_selection,பயிர் தேர்வு,brinjal,கத்தரிக்காய்,sandy,மணல் மண்,"கத்தரிக்காய் தொடர்பான முடிவை மணல் மண், Tamil Nadu பகுதி, பருவம் மற்றும் பாசன வசதியை வைத்து எடுக்க வேண்டும். முதலில் மண் பரிசோதனை, சரியான விதை, நிலத் தயாரிப்பு மற்றும் நீர் மேலாண்மையை திட்டமிடுங்கள்."
CA_00082,crop_selection,பயிர் தேர்வு,brinjal,கத்தரிக்காய்,clay,களிமண்,"கத்தரிக்காய் தொடர்பான முடிவை களிமண், Tamil Nadu பகுதி, பருவம் மற்றும் பாசன வசதியை வைத்து எடுக்க வேண்டும். முதலில் மண் பரிசோதனை, சரியான விதை, நிலத் தயாரிப்பு மற்றும் நீர் மேலாண்மையை திட்டமிடுங்கள்."
CA_00083,crop_selection,பயிர் தேர்வு,brinjal,கத்தரிக்காய்,loamy,கலப்பு மண்,"கத்தரிக்காய் தொடர்பான முடிவை கலப்பு மண், Tamil Nadu பகுதி, பருவம் மற்றும் பாசன வசதியை வைத்து எடுக்க வேண்டும். முதலில் மண் பரிசோதனை, சரியான விதை, நிலத் தயாரிப்பு மற்றும் நீர் மேலாண்மையை திட்டமிடுங்கள்."
CA_00084,crop_selection,பயிர் தேர்வு,brinjal,கத்தரிக்காய்,laterite,சரளை மண்,"கத்தரிக்காய் தொடர்பான முடிவை சரளை மண், Tamil Nadu பகுதி, பருவம் மற்றும் பாசன வசதியை வைத்து எடுக்க வேண்டும். முதலில் மண் பரிசோதனை, சரியான விதை, நிலத் தயாரிப்பு மற்றும் நீர் மேலாண்மையை திட்டமிடுங்கள்."
CA_00085,crop_selection,பயிர் தேர்வு,okra,வெண்டைக்காய்,red,செம்மண்,"வெண்டைக்காய் தொடர்பான முடிவை செம்மண், Tamil Nadu பகுதி, பருவம் மற்றும் பாசன வசதியை வைத்து எடுக்க வேண்டும். முதலில் மண் பரிசோதனை, சரியான விதை, நிலத் தயாரிப்பு மற்றும் நீர் மேலாண்மையை திட்டமிடுங்கள்."
CA_00086,crop_selection,பயிர் தேர்வு,okra,வெண்டைக்காய்,black,கரிசல் மண்,"வெண்டைக்காய் தொடர்பான முடிவை கரிசல் மண், Tamil Nadu பகுதி, பருவம் மற்றும் பாசன வசதியை வைத்து எடுக்க வேண்டும். முதலில் மண் பரிசோதனை, சரியான விதை, நிலத் தயாரிப்பு மற்றும் நீர் மேலாண்மையை திட்டமிடுங்கள்."
CA_00087,crop_selection,பயிர் தேர்வு,okra,வெண்டைக்காய்,alluvial,வண்டல் மண்,"வெண்டைக்காய் தொடர்பான முடிவை வண்டல் மண், Tamil Nadu பகுதி, பருவம் மற்றும் பாசன வசதியை வைத்து எடுக்க வேண்டும். முதலில் மண் பரிசோதனை, சரியான விதை, நிலத் தயாரிப்பு மற்றும் நீர் மேலாண்மையை திட்டமிடுங்கள்."
CA_00088,crop_selection,பயிர் தேர்வு,okra,வெண்டைக்காய்,sandy,மணல் மண்,"வெண்டைக்காய் தொடர்பான முடிவை மணல் மண், Tamil Nadu பகுதி, பருவம் மற்றும் பாசன வசதியை வைத்து எடுக்க வேண்டும். முதலில் மண் பரிசோதனை, சரியான விதை, நிலத் தயாரிப்பு மற்றும் நீர் மேலாண்மையை திட்டமிடுங்கள்."
CA_00089,crop_selection,பயிர் தேர்வு,okra,வெண்டைக்காய்,clay,களிமண்,"வெண்டைக்காய் தொடர்பான முடிவை களிமண், Tamil Nadu பகுதி, பருவம் மற்றும் பாசன வசதியை வைத்து எடுக்க வேண்டும். முதலில் மண் பரிசோதனை, சரியான விதை, நிலத் தயாரிப்பு மற்றும் நீர் மேலாண்மையை திட்டமிடுங்கள்."
CA_00090,crop_selection,பயிர் தேர்வு,okra,வெண்டைக்காய்,loamy,கலப்பு மண்,"வெண்டைக்காய் தொடர்பான முடிவை கலப்பு மண், Tamil Nadu பகுதி, பருவம் மற்றும் பாசன வசதியை வைத்து எடுக்க வேண்டும். முதலில் மண் பரிசோதனை, சரியான விதை, நிலத் தயாரிப்பு மற்றும் நீர் மேலாண்மையை திட்டமிடுங்கள்."
CA_00091,crop_selection,பயிர் தேர்வு,okra,வெண்டைக்காய்,laterite,சரளை மண்,"வெண்டைக்காய் தொடர்பான முடிவை சரளை மண், Tamil Nadu பகுதி, பருவம் மற்றும் பாசன வசதியை வைத்து எடுக்க வேண்டும். முதலில் மண் பரிசோதனை, சரியான விதை, நிலத் தயாரிப்பு மற்றும் நீர் மேலாண்மையை திட்டமிடுங்கள்."
CA_00092,crop_selection,பயிர் தேர்வு,coconut,தேங்காய்,red,செம்மண்,"தேங்காய் தொடர்பான முடிவை செம்மண், Tamil Nadu பகுதி, பருவம் மற்றும் பாசன வசதியை வைத்து எடுக்க வேண்டும். முதலில் மண் பரிசோதனை, சரியான விதை, நிலத் தயாரிப்பு மற்றும் நீர் மேலாண்மையை திட்டமிடுங்கள்."
CA_00093,crop_selection,பயிர் தேர்வு,coconut,தேங்காய்,black,கரிசல் மண்,"தேங்காய் தொடர்பான முடிவை கரிசல் மண், Tamil Nadu பகுதி, பருவம் மற்றும் பாசன வசதியை வைத்து எடுக்க வேண்டும். முதலில் மண் பரிசோதனை, சரியான விதை, நிலத் தயாரிப்பு மற்றும் நீர் மேலாண்மையை திட்டமிடுங்கள்."
CA_00094,crop_selection,பயிர் தேர்வு,coconut,தேங்காய்,alluvial,வண்டல் மண்,"தேங்காய் தொடர்பான முடிவை வண்டல் மண், Tamil Nadu பகுதி, பருவம் மற்றும் பாசன வசதியை வைத்து எடுக்க வேண்டும். முதலில் மண் பரிசோதனை, சரியான விதை, நிலத் தயாரிப்பு மற்றும் நீர் மேலாண்மையை திட்டமிடுங்கள்."
CA_00095,crop_selection,பயிர் தேர்வு,coconut,தேங்காய்,sandy,மணல் மண்,"தேங்காய் தொடர்பான முடிவை மணல் மண், Tamil Nadu பகுதி, பருவம் மற்றும் பாசன வசதியை வைத்து எடுக்க வேண்டும். முதலில் மண் பரிசோதனை, சரியான விதை, நிலத் தயாரிப்பு மற்றும் நீர் மேலாண்மையை திட்டமிடுங்கள்."
CA_00096,crop_selection,பயிர் தேர்வு,coconut,தேங்காய்,clay,களிமண்,"தேங்காய் தொடர்பான முடிவை களிமண், Tamil Nadu பகுதி, பருவம் மற்றும் பாசன வசதியை வைத்து எடுக்க வேண்டும். முதலில் மண் பரிசோதனை, சரியான விதை, நிலத் தயாரிப்பு மற்றும் நீர் மேலாண்மையை திட்டமிடுங்கள்."
CA_00097,crop_selection,பயிர் தேர்வு,coconut,தேங்காய்,loamy,கலப்பு மண்,"தேங்காய் தொடர்பான முடிவை கலப்பு மண், Tamil Nadu பகுதி, பருவம் மற்றும் பாசன வசதியை வைத்து எடுக்க வேண்டும். முதலில் மண் பரிசோதனை, சரியான விதை, நிலத் தயாரிப்பு மற்றும் நீர் மேலாண்மையை திட்டமிடுங்கள்."
CA_00098,crop_selection,பயிர் தேர்வு,coconut,தேங்காய்,laterite,சரளை மண்,"தேங்காய் தொடர்பான முடிவை சரளை மண், Tamil Nadu பகுதி, பருவம் மற்றும் பாசன வசதியை வைத்து எடுக்க வேண்டும். முதலில் மண் பரிசோதனை, சரியான விதை, நிலத் தயாரிப்பு மற்றும் நீர் மேலாண்மையை திட்டமிடுங்கள்."
CA_00099,crop_selection,பயிர் தேர்வு,pulses,பயறு,red,செம்மண்,"பயறு தொடர்பான முடிவை செம்மண், Tamil Nadu பகுதி, பருவம் மற்றும் பாசன வசதியை வைத்து எடுக்க வேண்டும். முதலில் மண் பரிசோதனை, சரியான விதை, நிலத் தயாரிப்பு மற்றும் நீர் மேலாண்மையை திட்டமிடுங்கள்."
CA_00100,crop_selection,பயிர் தேர்வு,pulses,பயறு,black,கரிசல் மண்,"பயறு தொடர்பான முடிவை கரிசல் மண், Tamil Nadu பகுதி, பருவம் மற்றும் பாசன வசதியை வைத்து எடுக்க வேண்டும். முதலில் மண் பரிசோதனை, சரியான விதை, நிலத் தயாரிப்பு மற்றும் நீர் மேலாண்மையை திட்டமிடுங்கள்."
CA_00101,crop_selection,பயிர் தேர்வு,pulses,பயறு,alluvial,வண்டல் மண்,"பயறு தொடர்பான முடிவை வண்டல் மண், Tamil Nadu பகுதி, பருவம் மற்றும் பாசன வசதியை வைத்து எடுக்க வேண்டும். முதலில் மண் பரிசோதனை, சரியான விதை, நிலத் தயாரிப்பு மற்றும் நீர் மேலாண்மையை திட்டமிடுங்கள்."
CA_00102,crop_selection,பயிர் தேர்வு,pulses,பயறு,sandy,மணல் மண்,"பயறு தொடர்பான முடிவை மணல் மண், Tamil Nadu பகுதி, பருவம் மற்றும் பாசன வசதியை வைத்து எடுக்க வேண்டும். முதலில் மண் பரிசோதனை, சரியான விதை, நிலத் தயாரிப்பு மற்றும் நீர் மேலாண்மையை திட்டமிடுங்கள்."
CA_00103,crop_selection,பயிர் தேர்வு,pulses,பயறு,clay,களிமண்,"பயறு தொடர்பான முடிவை களிமண், Tamil Nadu பகுதி, பருவம் மற்றும் பாசன வசதியை வைத்து எடுக்க வேண்டும். முதலில் மண் பரிசோதனை, சரியான விதை, நிலத் தயாரிப்பு மற்றும் நீர் மேலாண்மையை திட்டமிடுங்கள்."
CA_00104,crop_selection,பயிர் தேர்வு,pulses,பயறு,loamy,கலப்பு மண்,"பயறு தொடர்பான முடிவை கலப்பு மண், Tamil Nadu பகுதி, பருவம் மற்றும் பாசன வசதியை வைத்து எடுக்க வேண்டும். முதலில் மண் பரிசோதனை, சரியான விதை, நிலத் தயாரிப்பு மற்றும் நீர் மேலாண்மையை திட்டமிடுங்கள்."
CA_00105,crop_selection,பயிர் தேர்வு,pulses,பயறு,laterite,சரளை மண்,"பயறு தொடர்பான முடிவை சரளை மண், Tamil Nadu பகுதி, பருவம் மற்றும் பாசன வசதியை வைத்து எடுக்க வேண்டும். முதலில் மண் பரிசோதனை, சரியான விதை, நிலத் தயாரிப்பு மற்றும் நீர் மேலாண்மையை திட்டமிடுங்கள்."
CA_00106,crop_selection,பயிர் தேர்வு,sesame,எள்,red,செம்மண்,"எள் தொடர்பான முடிவை செம்மண், Tamil Nadu பகுதி, பருவம் மற்றும் பாசன வசதியை வைத்து எடுக்க வேண்டும். முதலில் மண் பரிசோதனை, சரியான விதை, நிலத் தயாரிப்பு மற்றும் நீர் மேலாண்மையை திட்டமிடுங்கள்."
CA_00107,crop_selection,பயிர் தேர்வு,sesame,எள்,black,கரிசல் மண்,"எள் தொடர்பான முடிவை கரிசல் மண், Tamil Nadu பகுதி, பருவம் மற்றும் பாசன வசதியை வைத்து எடுக்க வேண்டும். முதலில் மண் பரிசோதனை, சரியான விதை, நிலத் தயாரிப்பு மற்றும் நீர் மேலாண்மையை திட்டமிடுங்கள்."
CA_00108,crop_selection,பயிர் தேர்வு,sesame,எள்,alluvial,வண்டல் மண்,"எள் தொடர்பான முடிவை வண்டல் மண், Tamil Nadu பகுதி, பருவம் மற்றும் பாசன வசதியை வைத்து எடுக்க வேண்டும். முதலில் மண் பரிசோதனை, சரியான விதை, நிலத் தயாரிப்பு மற்றும் நீர் மேலாண்மையை திட்டமிடுங்கள்."
CA_00109,crop_selection,பயிர் தேர்வு,sesame,எள்,sandy,மணல் மண்,"எள் தொடர்பான முடிவை மணல் மண், Tamil Nadu பகுதி, பருவம் மற்றும் பாசன வசதியை வைத்து எடுக்க வேண்டும். முதலில் மண் பரிசோதனை, சரியான விதை, நிலத் தயாரிப்பு மற்றும் நீர் மேலாண்மையை திட்டமிடுங்கள்."
CA_00110,crop_selection,பயிர் தேர்வு,sesame,எள்,clay,களிமண்,"எள் தொடர்பான முடிவை களிமண், Tamil Nadu பகுதி, பருவம் மற்றும் பாசன வசதியை வைத்து எடுக்க வேண்டும். முதலில் மண் பரிசோதனை, சரியான விதை, நிலத் தயாரிப்பு மற்றும் நீர் மேலாண்மையை திட்டமிடுங்கள்."
CA_00111,crop_selection,பயிர் தேர்வு,sesame,எள்,loamy,கலப்பு மண்,"எள் தொடர்பான முடிவை கலப்பு மண், Tamil Nadu பகுதி, பருவம் மற்றும் பாசன வசதியை வைத்து எடுக்க வேண்டும். முதலில் மண் பரிசோதனை, சரியான விதை, நிலத் தயாரிப்பு மற்றும் நீர் மேலாண்மையை திட்டமிடுங்கள்."
CA_00112,crop_selection,பயிர் தேர்வு,sesame,எள்,laterite,சரளை மண்,"எள் தொடர்பான முடிவை சரளை மண், Tamil Nadu பகுதி, பருவம் மற்றும் பாசன வசதியை வைத்து எடுக்க வேண்டும். முதலில் மண் பரிசோதனை, சரியான விதை, நிலத் தயாரிப்பு மற்றும் நீர் மேலாண்மையை திட்டமிடுங்கள்."
CA_00113,crop_selection,பயிர் தேர்வு,tapioca,மரவள்ளி,red,செம்மண்,"மரவள்ளி தொடர்பான முடிவை செம்மண், Tamil Nadu பகுதி, பருவம் மற்றும் பாசன வசதியை வைத்து எடுக்க வேண்டும். முதலில் மண் பரிசோதனை, சரியான விதை, நிலத் தயாரிப்பு மற்றும் நீர் மேலாண்மையை திட்டமிடுங்கள்."
CA_00114,crop_selection,பயிர் தேர்வு,tapioca,மரவள்ளி,black,கரிசல் மண்,"மரவள்ளி தொடர்பான முடிவை கரிசல் மண், Tamil Nadu பகுதி, பருவம் மற்றும் பாசன வசதியை வைத்து எடுக்க வேண்டும். முதலில் மண் பரிசோதனை, சரியான விதை, நிலத் தயாரிப்பு மற்றும் நீர் மேலாண்மையை திட்டமிடுங்கள்."
CA_00115,crop_selection,பயிர் தேர்வு,tapioca,மரவள்ளி,alluvial,வண்டல் மண்,"மரவள்ளி தொடர்பான முடிவை வண்டல் மண், Tamil Nadu பகுதி, பருவம் மற்றும் பாசன வசதியை வைத்து எடுக்க வேண்டும். முதலில் மண் பரிசோதனை, சரியான விதை, நிலத் தயாரிப்பு மற்றும் நீர் மேலாண்மையை திட்டமிடுங்கள்."
CA_00116,crop_selection,பயிர் தேர்வு,tapioca,மரவள்ளி,sandy,மணல் மண்,"மரவள்ளி தொடர்பான முடிவை மணல் மண், Tamil Nadu பகுதி, பருவம் மற்றும் பாசன வசதியை வைத்து எடுக்க வேண்டும். முதலில் மண் பரிசோதனை, சரியான விதை, நிலத் தயாரிப்பு மற்றும் நீர் மேலாண்மையை திட்டமிடுங்கள்."
CA_00117,crop_selection,பயிர் தேர்வு,tapioca,மரவள்ளி,clay,களிமண்,"மரவள்ளி தொடர்பான முடிவை களிமண், Tamil Nadu பகுதி, பருவம் மற்றும் பாசன வசதியை வைத்து எடுக்க வேண்டும். முதலில் மண் பரிசோதனை, சரியான விதை, நிலத் தயாரிப்பு மற்றும் நீர் மேலாண்மையை திட்டமிடுங்கள்."
CA_00118,crop_selection,பயிர் தேர்வு,tapioca,மரவள்ளி,loamy,கலப்பு மண்,"மரவள்ளி தொடர்பான முடிவை கலப்பு மண், Tamil Nadu பகுதி, பருவம் மற்றும் பாசன வசதியை வைத்து எடுக்க வேண்டும். முதலில் மண் பரிசோதனை, சரியான விதை, நிலத் தயாரிப்பு மற்றும் நீர் மேலாண்மையை திட்டமிடுங்கள்."
CA_00119,crop_selection,பயிர் தேர்வு,tapioca,மரவள்ளி,laterite,சரளை மண்,"மரவள்ளி தொடர்பான முடிவை சரளை மண், Tamil Nadu பகுதி, பருவம் மற்றும் பாசன வசதியை வைத்து எடுக்க வேண்டும். முதலில் மண் பரிசோதனை, சரியான விதை, நிலத் தயாரிப்பு மற்றும் நீர் மேலாண்மையை திட்டமிடுங்கள்."
CA_00120,crop_selection,பயிர் தேர்வு,drumstick,முருங்கை,red,செம்மண்,"முருங்கை தொடர்பான முடிவை செம்மண், Tamil Nadu பகுதி, பருவம் மற்றும் பாசன வசதியை வைத்து எடுக்க வேண்டும். முதலில் மண் பரிசோதனை, சரியான விதை, நிலத் தயாரிப்பு மற்றும் நீர் மேலாண்மையை திட்டமிடுங்கள்."
CA_00121,crop_selection,பயிர் தேர்வு,drumstick,முருங்கை,black,கரிசல் மண்,"முருங்கை தொடர்பான முடிவை கரிசல் மண், Tamil Nadu பகுதி, பருவம் மற்றும் பாசன வசதியை வைத்து எடுக்க வேண்டும். முதலில் மண் பரிசோதனை, சரியான விதை, நிலத் தயாரிப்பு மற்றும் நீர் மேலாண்மையை திட்டமிடுங்கள்."
CA_00122,crop_selection,பயிர் தேர்வு,drumstick,முருங்கை,alluvial,வண்டல் மண்,"முருங்கை தொடர்பான முடிவை வண்டல் மண், Tamil Nadu பகுதி, பருவம் மற்றும் பாசன வசதியை வைத்து எடுக்க வேண்டும். முதலில் மண் பரிசோதனை, சரியான விதை, நிலத் தயாரிப்பு மற்றும் நீர் மேலாண்மையை திட்டமிடுங்கள்."
CA_00123,crop_selection,பயிர் தேர்வு,drumstick,முருங்கை,sandy,மணல் மண்,"முருங்கை தொடர்பான முடிவை மணல் மண், Tamil Nadu பகுதி, பருவம் மற்றும் பாசன வசதியை வைத்து எடுக்க வேண்டும். முதலில் மண் பரிசோதனை, சரியான விதை, நிலத் தயாரிப்பு மற்றும் நீர் மேலாண்மையை திட்டமிடுங்கள்."
CA_00124,crop_selection,பயிர் தேர்வு,drumstick,முருங்கை,clay,களிமண்,"முருங்கை தொடர்பான முடிவை களிமண், Tamil Nadu பகுதி, பருவம் மற்றும் பாசன வசதியை வைத்து எடுக்க வேண்டும். முதலில் மண் பரிசோதனை, சரியான விதை, நிலத் தயாரிப்பு மற்றும் நீர் மேலாண்மையை திட்டமிடுங்கள்."
CA_00125,crop_selection,பயிர் தேர்வு,drumstick,முருங்கை,loamy,கலப்பு மண்,"முருங்கை தொடர்பான முடிவை கலப்பு மண், Tamil Nadu பகுதி, பருவம் மற்றும் பாசன வசதியை வைத்து எடுக்க வேண்டும். முதலில் மண் பரிசோதனை, சரியான விதை, நிலத் தயாரிப்பு மற்றும் நீர் மேலாண்மையை திட்டமிடுங்கள்."
CA_00126,crop_selection,பயிர் தேர்வு,drumstick,முருங்கை,laterite,சரளை மண்,"முருங்கை தொடர்பான முடிவை சரளை மண், Tamil Nadu பகுதி, பருவம் மற்றும் பாசன வசதியை வைத்து எடுக்க வேண்டும். முதலில் மண் பரிசோதனை, சரியான விதை, நிலத் தயாரிப்பு மற்றும் நீர் மேலாண்மையை திட்டமிடுங்கள்."
CA_00127,soil_suitability,மண் பொருத்தம்,rice,நெல்,red,செம்மண்,"நெல் பயிருக்கு செம்மண் மண் பொருத்தமா என்பதை pH, EC, வடிகால், கரிம கார்பன் மற்றும் ஊட்டச்சத்து பரிசோதனையுடன் உறுதி செய்யுங்கள்."
CA_00128,soil_suitability,மண் பொருத்தம்,rice,நெல்,black,கரிசல் மண்,"நெல் பயிருக்கு கரிசல் மண் மண் பொருத்தமா என்பதை pH, EC, வடிகால், கரிம கார்பன் மற்றும் ஊட்டச்சத்து பரிசோதனையுடன் உறுதி செய்யுங்கள்."
CA_00129,soil_suitability,மண் பொருத்தம்,rice,நெல்,alluvial,வண்டல் மண்,"நெல் பயிருக்கு வண்டல் மண் மண் பொருத்தமா என்பதை pH, EC, வடிகால், கரிம கார்பன் மற்றும் ஊட்டச்சத்து பரிசோதனையுடன் உறுதி செய்யுங்கள்."
CA_00130,soil_suitability,மண் பொருத்தம்,rice,நெல்,sandy,மணல் மண்,"நெல் பயிருக்கு மணல் மண் மண் பொருத்தமா என்பதை pH, EC, வடிகால், கரிம கார்பன் மற்றும் ஊட்டச்சத்து பரிசோதனையுடன் உறுதி செய்யுங்கள்."
CA_00131,soil_suitability,மண் பொருத்தம்,rice,நெல்,clay,களிமண்,"நெல் பயிருக்கு களிமண் மண் பொருத்தமா என்பதை pH, EC, வடிகால், கரிம கார்பன் மற்றும் ஊட்டச்சத்து பரிசோதனையுடன் உறுதி செய்யுங்கள்."
CA_00132,soil_suitability,மண் பொருத்தம்,rice,நெல்,loamy,கலப்பு மண்,"நெல் பயிருக்கு கலப்பு மண் மண் பொருத்தமா என்பதை pH, EC, வடிகால், கரிம கார்பன் மற்றும் ஊட்டச்சத்து பரிசோதனையுடன் உறுதி செய்யுங்கள்."
CA_00133,soil_suitability,மண் பொருத்தம்,rice,நெல்,laterite,சரளை மண்,"நெல் பயிருக்கு சரளை மண் மண் பொருத்தமா என்பதை pH, EC, வடிகால், கரிம கார்பன் மற்றும் ஊட்டச்சத்து பரிசோதனையுடன் உறுதி செய்யுங்கள்."
CA_00134,soil_suitability,மண் பொருத்தம்,banana,வாழை,red,செம்மண்,"வாழை பயிருக்கு செம்மண் மண் பொருத்தமா என்பதை pH, EC, வடிகால், கரிம கார்பன் மற்றும் ஊட்டச்சத்து பரிசோதனையுடன் உறுதி செய்யுங்கள்."
CA_00135,soil_suitability,மண் பொருத்தம்,banana,வாழை,black,கரிசல் மண்,"வாழை பயிருக்கு கரிசல் மண் மண் பொருத்தமா என்பதை pH, EC, வடிகால், கரிம கார்பன் மற்றும் ஊட்டச்சத்து பரிசோதனையுடன் உறுதி செய்யுங்கள்."
CA_00136,soil_suitability,மண் பொருத்தம்,banana,வாழை,alluvial,வண்டல் மண்,"வாழை பயிருக்கு வண்டல் மண் மண் பொருத்தமா என்பதை pH, EC, வடிகால், கரிம கார்பன் மற்றும் ஊட்டச்சத்து பரிசோதனையுடன் உறுதி செய்யுங்கள்."
CA_00137,soil_suitability,மண் பொருத்தம்,banana,வாழை,sandy,மணல் மண்,"வாழை பயிருக்கு மணல் மண் மண் பொருத்தமா என்பதை pH, EC, வடிகால், கரிம கார்பன் மற்றும் ஊட்டச்சத்து பரிசோதனையுடன் உறுதி செய்யுங்கள்."
CA_00138,soil_suitability,மண் பொருத்தம்,banana,வாழை,clay,களிமண்,"வாழை பயிருக்கு களிமண் மண் பொருத்தமா என்பதை pH, EC, வடிகால், கரிம கார்பன் மற்றும் ஊட்டச்சத்து பரிசோதனையுடன் உறுதி செய்யுங்கள்."
CA_00139,soil_suitability,மண் பொருத்தம்,banana,வாழை,loamy,கலப்பு மண்,"வாழை பயிருக்கு கலப்பு மண் மண் பொருத்தமா என்பதை pH, EC, வடிகால், கரிம கார்பன் மற்றும் ஊட்டச்சத்து பரிசோதனையுடன் உறுதி செய்யுங்கள்."
CA_00140,soil_suitability,மண் பொருத்தம்,banana,வாழை,laterite,சரளை மண்,"வாழை பயிருக்கு சரளை மண் மண் பொருத்தமா என்பதை pH, EC, வடிகால், கரிம கார்பன் மற்றும் ஊட்டச்சத்து பரிசோதனையுடன் உறுதி செய்யுங்கள்."
CA_00141,soil_suitability,மண் பொருத்தம்,sugarcane,கரும்பு,red,செம்மண்,"கரும்பு பயிருக்கு செம்மண் மண் பொருத்தமா என்பதை pH, EC, வடிகால், கரிம கார்பன் மற்றும் ஊட்டச்சத்து பரிசோதனையுடன் உறுதி செய்யுங்கள்."
CA_00142,soil_suitability,மண் பொருத்தம்,sugarcane,கரும்பு,black,கரிசல் மண்,"கரும்பு பயிருக்கு கரிசல் மண் மண் பொருத்தமா என்பதை pH, EC, வடிகால், கரிம கார்பன் மற்றும் ஊட்டச்சத்து பரிசோதனையுடன் உறுதி செய்யுங்கள்."
CA_00143,soil_suitability,மண் பொருத்தம்,sugarcane,கரும்பு,alluvial,வண்டல் மண்,"கரும்பு பயிருக்கு வண்டல் மண் மண் பொருத்தமா என்பதை pH, EC, வடிகால், கரிம கார்பன் மற்றும் ஊட்டச்சத்து பரிசோதனையுடன் உறுதி செய்யுங்கள்."
CA_00144,soil_suitability,மண் பொருத்தம்,sugarcane,கரும்பு,sandy,மணல் மண்,"கரும்பு பயிருக்கு மணல் மண் மண் பொருத்தமா என்பதை pH, EC, வடிகால், கரிம கார்பன் மற்றும் ஊட்டச்சத்து பரிசோதனையுடன் உறுதி செய்யுங்கள்."
CA_00145,soil_suitability,மண் பொருத்தம்,sugarcane,கரும்பு,clay,களிமண்,"கரும்பு பயிருக்கு களிமண் மண் பொருத்தமா என்பதை pH, EC, வடிகால், கரிம கார்பன் மற்றும் ஊட்டச்சத்து பரிசோதனையுடன் உறுதி செய்யுங்கள்."
CA_00146,soil_suitability,மண் பொருத்தம்,sugarcane,கரும்பு,loamy,கலப்பு மண்,"கரும்பு பயிருக்கு கலப்பு மண் மண் பொருத்தமா என்பதை pH, EC, வடிகால், கரிம கார்பன் மற்றும் ஊட்டச்சத்து பரிசோதனையுடன் உறுதி செய்யுங்கள்."
CA_00147,soil_suitability,மண் பொருத்தம்,sugarcane,கரும்பு,laterite,சரளை மண்,"கரும்பு பயிருக்கு சரளை மண் மண் பொருத்தமா என்பதை pH, EC, வடிகால், கரிம கார்பன் மற்றும் ஊட்டச்சத்து பரிசோதனையுடன் உறுதி செய்யுங்கள்."
CA_00148,soil_suitability,மண் பொருத்தம்,cotton,பருத்தி,red,செம்மண்,"பருத்தி பயிருக்கு செம்மண் மண் பொருத்தமா என்பதை pH, EC, வடிகால், கரிம கார்பன் மற்றும் ஊட்டச்சத்து பரிசோதனையுடன் உறுதி செய்யுங்கள்."
CA_00149,soil_suitability,மண் பொருத்தம்,cotton,பருத்தி,black,கரிசல் மண்,"பருத்தி பயிருக்கு கரிசல் மண் மண் பொருத்தமா என்பதை pH, EC, வடிகால், கரிம கார்பன் மற்றும் ஊட்டச்சத்து பரிசோதனையுடன் உறுதி செய்யுங்கள்."
CA_00150,soil_suitability,மண் பொருத்தம்,cotton,பருத்தி,alluvial,வண்டல் மண்,"பருத்தி பயிருக்கு வண்டல் மண் மண் பொருத்தமா என்பதை pH, EC, வடிகால், கரிம கார்பன் மற்றும் ஊட்டச்சத்து பரிசோதனையுடன் உறுதி செய்யுங்கள்."
CA_00151,soil_suitability,மண் பொருத்தம்,cotton,பருத்தி,sandy,மணல் மண்,"பருத்தி பயிருக்கு மணல் மண் மண் பொருத்தமா என்பதை pH, EC, வடிகால், கரிம கார்பன் மற்றும் ஊட்டச்சத்து பரிசோதனையுடன் உறுதி செய்யுங்கள்."
CA_00152,soil_suitability,மண் பொருத்தம்,cotton,பருத்தி,clay,களிமண்,"பருத்தி பயிருக்கு களிமண் மண் பொருத்தமா என்பதை pH, EC, வடிகால், கரிம கார்பன் மற்றும் ஊட்டச்சத்து பரிசோதனையுடன் உறுதி செய்யுங்கள்."
CA_00153,soil_suitability,மண் பொருத்தம்,cotton,பருத்தி,loamy,கலப்பு மண்,"பருத்தி பயிருக்கு கலப்பு மண் மண் பொருத்தமா என்பதை pH, EC, வடிகால், கரிம கார்பன் மற்றும் ஊட்டச்சத்து பரிசோதனையுடன் உறுதி செய்யுங்கள்."
CA_00154,soil_suitability,மண் பொருத்தம்,cotton,பருத்தி,laterite,சரளை மண்,"பருத்தி பயிருக்கு சரளை மண் மண் பொருத்தமா என்பதை pH, EC, வடிகால், கரிம கார்பன் மற்றும் ஊட்டச்சத்து பரிசோதனையுடன் உறுதி செய்யுங்கள்."
CA_00155,soil_suitability,மண் பொருத்தம்,groundnut,நிலக்கடலை,red,செம்மண்,"நிலக்கடலை பயிருக்கு செம்மண் மண் பொருத்தமா என்பதை pH, EC, வடிகால், கரிம கார்பன் மற்றும் ஊட்டச்சத்து பரிசோதனையுடன் உறுதி செய்யுங்கள்."
CA_00156,soil_suitability,மண் பொருத்தம்,groundnut,நிலக்கடலை,black,கரிசல் மண்,"நிலக்கடலை பயிருக்கு கரிசல் மண் மண் பொருத்தமா என்பதை pH, EC, வடிகால், கரிம கார்பன் மற்றும் ஊட்டச்சத்து பரிசோதனையுடன் உறுதி செய்யுங்கள்."
CA_00157,soil_suitability,மண் பொருத்தம்,groundnut,நிலக்கடலை,alluvial,வண்டல் மண்,"நிலக்கடலை பயிருக்கு வண்டல் மண் மண் பொருத்தமா என்பதை pH, EC, வடிகால், கரிம கார்பன் மற்றும் ஊட்டச்சத்து பரிசோதனையுடன் உறுதி செய்யுங்கள்."
CA_00158,soil_suitability,மண் பொருத்தம்,groundnut,நிலக்கடலை,sandy,மணல் மண்,"நிலக்கடலை பயிருக்கு மணல் மண் மண் பொருத்தமா என்பதை pH, EC, வடிகால், கரிம கார்பன் மற்றும் ஊட்டச்சத்து பரிசோதனையுடன் உறுதி செய்யுங்கள்."
CA_00159,soil_suitability,மண் பொருத்தம்,groundnut,நிலக்கடலை,clay,களிமண்,"நிலக்கடலை பயிருக்கு களிமண் மண் பொருத்தமா என்பதை pH, EC, வடிகால், கரிம கார்பன் மற்றும் ஊட்டச்சத்து பரிசோதனையுடன் உறுதி செய்யுங்கள்."
CA_00160,soil_suitability,மண் பொருத்தம்,groundnut,நிலக்கடலை,loamy,கலப்பு மண்,"நிலக்கடலை பயிருக்கு கலப்பு மண் மண் பொருத்தமா என்பதை pH, EC, வடிகால், கரிம கார்பன் மற்றும் ஊட்டச்சத்து பரிசோதனையுடன் உறுதி செய்யுங்கள்."
CA_00161,soil_suitability,மண் பொருத்தம்,groundnut,நிலக்கடலை,laterite,சரளை மண்,"நிலக்கடலை பயிருக்கு சரளை மண் மண் பொருத்தமா என்பதை pH, EC, வடிகால், கரிம கார்பன் மற்றும் ஊட்டச்சத்து பரிசோதனையுடன் உறுதி செய்யுங்கள்."
CA_00162,soil_suitability,மண் பொருத்தம்,maize,மக்காச்சோளம்,red,செம்மண்,"மக்காச்சோளம் பயிருக்கு செம்மண் மண் பொருத்தமா என்பதை pH, EC, வடிகால், கரிம கார்பன் மற்றும் ஊட்டச்சத்து பரிசோதனையுடன் உறுதி செய்யுங்கள்."
CA_00163,soil_suitability,மண் பொருத்தம்,maize,மக்காச்சோளம்,black,கரிசல் மண்,"மக்காச்சோளம் பயிருக்கு கரிசல் மண் மண் பொருத்தமா என்பதை pH, EC, வடிகால், கரிம கார்பன் மற்றும் ஊட்டச்சத்து பரிசோதனையுடன் உறுதி செய்யுங்கள்."
CA_00164,soil_suitability,மண் பொருத்தம்,maize,மக்காச்சோளம்,alluvial,வண்டல் மண்,"மக்காச்சோளம் பயிருக்கு வண்டல் மண் மண் பொருத்தமா என்பதை pH, EC, வடிகால், கரிம கார்பன் மற்றும் ஊட்டச்சத்து பரிசோதனையுடன் உறுதி செய்யுங்கள்."
CA_00165,soil_suitability,மண் பொருத்தம்,maize,மக்காச்சோளம்,sandy,மணல் மண்,"மக்காச்சோளம் பயிருக்கு மணல் மண் மண் பொருத்தமா என்பதை pH, EC, வடிகால், கரிம கார்பன் மற்றும் ஊட்டச்சத்து பரிசோதனையுடன் உறுதி செய்யுங்கள்."
CA_00166,soil_suitability,மண் பொருத்தம்,maize,மக்காச்சோளம்,clay,களிமண்,"மக்காச்சோளம் பயிருக்கு களிமண் மண் பொருத்தமா என்பதை pH, EC, வடிகால், கரிம கார்பன் மற்றும் ஊட்டச்சத்து பரிசோதனையுடன் உறுதி செய்யுங்கள்."
CA_00167,soil_suitability,மண் பொருத்தம்,maize,மக்காச்சோளம்,loamy,கலப்பு மண்,"மக்காச்சோளம் பயிருக்கு கலப்பு மண் மண் பொருத்தமா என்பதை pH, EC, வடிகால், கரிம கார்பன் மற்றும் ஊட்டச்சத்து பரிசோதனையுடன் உறுதி செய்யுங்கள்."
CA_00168,soil_suitability,மண் பொருத்தம்,maize,மக்காச்சோளம்,laterite,சரளை மண்,"மக்காச்சோளம் பயிருக்கு சரளை மண் மண் பொருத்தமா என்பதை pH, EC, வடிகால், கரிம கார்பன் மற்றும் ஊட்டச்சத்து பரிசோதனையுடன் உறுதி செய்யுங்கள்."
CA_00169,soil_suitability,மண் பொருத்தம்,millet,சிறுதானியம்,red,செம்மண்,"சிறுதானியம் பயிருக்கு செம்மண் மண் பொருத்தமா என்பதை pH, EC, வடிகால், கரிம கார்பன் மற்றும் ஊட்டச்சத்து பரிசோதனையுடன் உறுதி செய்யுங்கள்."
CA_00170,soil_suitability,மண் பொருத்தம்,millet,சிறுதானியம்,black,கரிசல் மண்,"சிறுதானியம் பயிருக்கு கரிசல் மண் மண் பொருத்தமா என்பதை pH, EC, வடிகால், கரிம கார்பன் மற்றும் ஊட்டச்சத்து பரிசோதனையுடன் உறுதி செய்யுங்கள்."
CA_00171,soil_suitability,மண் பொருத்தம்,millet,சிறுதானியம்,alluvial,வண்டல் மண்,"சிறுதானியம் பயிருக்கு வண்டல் மண் மண் பொருத்தமா என்பதை pH, EC, வடிகால், கரிம கார்பன் மற்றும் ஊட்டச்சத்து பரிசோதனையுடன் உறுதி செய்யுங்கள்."
CA_00172,soil_suitability,மண் பொருத்தம்,millet,சிறுதானியம்,sandy,மணல் மண்,"சிறுதானியம் பயிருக்கு மணல் மண் மண் பொருத்தமா என்பதை pH, EC, வடிகால், கரிம கார்பன் மற்றும் ஊட்டச்சத்து பரிசோதனையுடன் உறுதி செய்யுங்கள்."
CA_00173,soil_suitability,மண் பொருத்தம்,millet,சிறுதானியம்,clay,களிமண்,"சிறுதானியம் பயிருக்கு களிமண் மண் பொருத்தமா என்பதை pH, EC, வடிகால், கரிம கார்பன் மற்றும் ஊட்டச்சத்து பரிசோதனையுடன் உறுதி செய்யுங்கள்."
CA_00174,soil_suitability,மண் பொருத்தம்,millet,சிறுதானியம்,loamy,கலப்பு மண்,"சிறுதானியம் பயிருக்கு கலப்பு மண் மண் பொருத்தமா என்பதை pH, EC, வடிகால், கரிம கார்பன் மற்றும் ஊட்டச்சத்து பரிசோதனையுடன் உறுதி செய்யுங்கள்."
CA_00175,soil_suitability,மண் பொருத்தம்,millet,சிறுதானியம்,laterite,சரளை மண்,"சிறுதானியம் பயிருக்கு சரளை மண் மண் பொருத்தமா என்பதை pH, EC, வடிகால், கரிம கார்பன் மற்றும் ஊட்டச்சத்து பரிசோதனையுடன் உறுதி செய்யுங்கள்."
CA_00176,soil_suitability,மண் பொருத்தம்,tomato,தக்காளி,red,செம்மண்,"தக்காளி பயிருக்கு செம்மண் மண் பொருத்தமா என்பதை pH, EC, வடிகால், கரிம கார்பன் மற்றும் ஊட்டச்சத்து பரிசோதனையுடன் உறுதி செய்யுங்கள்."
CA_00177,soil_suitability,மண் பொருத்தம்,tomato,தக்காளி,black,கரிசல் மண்,"தக்காளி பயிருக்கு கரிசல் மண் மண் பொருத்தமா என்பதை pH, EC, வடிகால், கரிம கார்பன் மற்றும் ஊட்டச்சத்து பரிசோதனையுடன் உறுதி செய்யுங்கள்."
CA_00178,soil_suitability,மண் பொருத்தம்,tomato,தக்காளி,alluvial,வண்டல் மண்,"தக்காளி பயிருக்கு வண்டல் மண் மண் பொருத்தமா என்பதை pH, EC, வடிகால், கரிம கார்பன் மற்றும் ஊட்டச்சத்து பரிசோதனையுடன் உறுதி செய்யுங்கள்."
CA_00179,soil_suitability,மண் பொருத்தம்,tomato,தக்காளி,sandy,மணல் மண்,"தக்காளி பயிருக்கு மணல் மண் மண் பொருத்தமா என்பதை pH, EC, வடிகால், கரிம கார்பன் மற்றும் ஊட்டச்சத்து பரிசோதனையுடன் உறுதி செய்யுங்கள்."
CA_00180,soil_suitability,மண் பொருத்தம்,tomato,தக்காளி,clay,களிமண்,"தக்காளி பயிருக்கு களிமண் மண் பொருத்தமா என்பதை pH, EC, வடிகால், கரிம கார்பன் மற்றும் ஊட்டச்சத்து பரிசோதனையுடன் உறுதி செய்யுங்கள்."
CA_00181,soil_suitability,மண் பொருத்தம்,tomato,தக்காளி,loamy,கலப்பு மண்,"தக்காளி பயிருக்கு கலப்பு மண் மண் பொருத்தமா என்பதை pH, EC, வடிகால், கரிம கார்பன் மற்றும் ஊட்டச்சத்து பரிசோதனையுடன் உறுதி செய்யுங்கள்."
CA_00182,soil_suitability,மண் பொருத்தம்,tomato,தக்காளி,laterite,சரளை மண்,"தக்காளி பயிருக்கு சரளை மண் மண் பொருத்தமா என்பதை pH, EC, வடிகால், கரிம கார்பன் மற்றும் ஊட்டச்சத்து பரிசோதனையுடன் உறுதி செய்யுங்கள்."
CA_00183,soil_suitability,மண் பொருத்தம்,chilli,மிளகாய்,red,செம்மண்,"மிளகாய் பயிருக்கு செம்மண் மண் பொருத்தமா என்பதை pH, EC, வடிகால், கரிம கார்பன் மற்றும் ஊட்டச்சத்து பரிசோதனையுடன் உறுதி செய்யுங்கள்."
CA_00184,soil_suitability,மண் பொருத்தம்,chilli,மிளகாய்,black,கரிசல் மண்,"மிளகாய் பயிருக்கு கரிசல் மண் மண் பொருத்தமா என்பதை pH, EC, வடிகால், கரிம கார்பன் மற்றும் ஊட்டச்சத்து பரிசோதனையுடன் உறுதி செய்யுங்கள்."
CA_00185,soil_suitability,மண் பொருத்தம்,chilli,மிளகாய்,alluvial,வண்டல் மண்,"மிளகாய் பயிருக்கு வண்டல் மண் மண் பொருத்தமா என்பதை pH, EC, வடிகால், கரிம கார்பன் மற்றும் ஊட்டச்சத்து பரிசோதனையுடன் உறுதி செய்யுங்கள்."
CA_00186,soil_suitability,மண் பொருத்தம்,chilli,மிளகாய்,sandy,மணல் மண்,"மிளகாய் பயிருக்கு மணல் மண் மண் பொருத்தமா என்பதை pH, EC, வடிகால், கரிம கார்பன் மற்றும் ஊட்டச்சத்து பரிசோதனையுடன் உறுதி செய்யுங்கள்."
CA_00187,soil_suitability,மண் பொருத்தம்,chilli,மிளகாய்,clay,களிமண்,"மிளகாய் பயிருக்கு களிமண் மண் பொருத்தமா என்பதை pH, EC, வடிகால், கரிம கார்பன் மற்றும் ஊட்டச்சத்து பரிசோதனையுடன் உறுதி செய்யுங்கள்."
CA_00188,soil_suitability,மண் பொருத்தம்,chilli,மிளகாய்,loamy,கலப்பு மண்,"மிளகாய் பயிருக்கு கலப்பு மண் மண் பொருத்தமா என்பதை pH, EC, வடிகால், கரிம கார்பன் மற்றும் ஊட்டச்சத்து பரிசோதனையுடன் உறுதி செய்யுங்கள்."
CA_00189,soil_suitability,மண் பொருத்தம்,chilli,மிளகாய்,laterite,சரளை மண்,"மிளகாய் பயிருக்கு சரளை மண் மண் பொருத்தமா என்பதை pH, EC, வடிகால், கரிம கார்பன் மற்றும் ஊட்டச்சத்து பரிசோதனையுடன் உறுதி செய்யுங்கள்."
CA_00190,soil_suitability,மண் பொருத்தம்,onion,வெங்காயம்,red,செம்மண்,"வெங்காயம் பயிருக்கு செம்மண் மண் பொருத்தமா என்பதை pH, EC, வடிகால், கரிம கார்பன் மற்றும் ஊட்டச்சத்து பரிசோதனையுடன் உறுதி செய்யுங்கள்."
CA_00191,soil_suitability,மண் பொருத்தம்,onion,வெங்காயம்,black,கரிசல் மண்,"வெங்காயம் பயிருக்கு கரிசல் மண் மண் பொருத்தமா என்பதை pH, EC, வடிகால், கரிம கார்பன் மற்றும் ஊட்டச்சத்து பரிசோதனையுடன் உறுதி செய்யுங்கள்."
CA_00192,soil_suitability,மண் பொருத்தம்,onion,வெங்காயம்,alluvial,வண்டல் மண்,"வெங்காயம் பயிருக்கு வண்டல் மண் மண் பொருத்தமா என்பதை pH, EC, வடிகால், கரிம கார்பன் மற்றும் ஊட்டச்சத்து பரிசோதனையுடன் உறுதி செய்யுங்கள்."
CA_00193,soil_suitability,மண் பொருத்தம்,onion,வெங்காயம்,sandy,மணல் மண்,"வெங்காயம் பயிருக்கு மணல் மண் மண் பொருத்தமா என்பதை pH, EC, வடிகால், கரிம கார்பன் மற்றும் ஊட்டச்சத்து பரிசோதனையுடன் உறுதி செய்யுங்கள்."
CA_00194,soil_suitability,மண் பொருத்தம்,onion,வெங்காயம்,clay,களிமண்,"வெங்காயம் பயிருக்கு களிமண் மண் பொருத்தமா என்பதை pH, EC, வடிகால், கரிம கார்பன் மற்றும் ஊட்டச்சத்து பரிசோதனையுடன் உறுதி செய்யுங்கள்."
CA_00195,soil_suitability,மண் பொருத்தம்,onion,வெங்காயம்,loamy,கலப்பு மண்,"வெங்காயம் பயிருக்கு கலப்பு மண் மண் பொருத்தமா என்பதை pH, EC, வடிகால், கரிம கார்பன் மற்றும் ஊட்டச்சத்து பரிசோதனையுடன் உறுதி செய்யுங்கள்."
CA_00196,soil_suitability,மண் பொருத்தம்,onion,வெங்காயம்,laterite,சரளை மண்,"வெங்காயம் பயிருக்கு சரளை மண் மண் பொருத்தமா என்பதை pH, EC, வடிகால், கரிம கார்பன் மற்றும் ஊட்டச்சத்து பரிசோதனையுடன் உறுதி செய்யுங்கள்."
CA_00197,soil_suitability,மண் பொருத்தம்,turmeric,மஞ்சள்,red,செம்மண்,"மஞ்சள் பயிருக்கு செம்மண் மண் பொருத்தமா என்பதை pH, EC, வடிகால், கரிம கார்பன் மற்றும் ஊட்டச்சத்து பரிசோதனையுடன் உறுதி செய்யுங்கள்."
CA_00198,soil_suitability,மண் பொருத்தம்,turmeric,மஞ்சள்,black,கரிசல் மண்,"மஞ்சள் பயிருக்கு கரிசல் மண் மண் பொருத்தமா என்பதை pH, EC, வடிகால், கரிம கார்பன் மற்றும் ஊட்டச்சத்து பரிசோதனையுடன் உறுதி செய்யுங்கள்."
CA_00199,soil_suitability,மண் பொருத்தம்,turmeric,மஞ்சள்,alluvial,வண்டல் மண்,"மஞ்சள் பயிருக்கு வண்டல் மண் மண் பொருத்தமா என்பதை pH, EC, வடிகால், கரிம கார்பன் மற்றும் ஊட்டச்சத்து பரிசோதனையுடன் உறுதி செய்யுங்கள்."
CA_00200,soil_suitability,மண் பொருத்தம்,turmeric,மஞ்சள்,sandy,மணல் மண்,"மஞ்சள் பயிருக்கு மணல் மண் மண் பொருத்தமா என்பதை pH, EC, வடிகால், கரிம கார்பன் மற்றும் ஊட்டச்சத்து பரிசோதனையுடன் உறுதி செய்யுங்கள்."
CA_00201,soil_suitability,மண் பொருத்தம்,turmeric,மஞ்சள்,clay,களிமண்,"மஞ்சள் பயிருக்கு களிமண் மண் பொருத்தமா என்பதை pH, EC, வடிகால், கரிம கார்பன் மற்றும் ஊட்டச்சத்து பரிசோதனையுடன் உறுதி செய்யுங்கள்."
CA_00202,soil_suitability,மண் பொருத்தம்,turmeric,மஞ்சள்,loamy,கலப்பு மண்,"மஞ்சள் பயிருக்கு கலப்பு மண் மண் பொருத்தமா என்பதை pH, EC, வடிகால், கரிம கார்பன் மற்றும் ஊட்டச்சத்து பரிசோதனையுடன் உறுதி செய்யுங்கள்."
CA_00203,soil_suitability,மண் பொருத்தம்,turmeric,மஞ்சள்,laterite,சரளை மண்,"மஞ்சள் பயிருக்கு சரளை மண் மண் பொருத்தமா என்பதை pH, EC, வடிகால், கரிம கார்பன் மற்றும் ஊட்டச்சத்து பரிசோதனையுடன் உறுதி செய்யுங்கள்."
CA_00204,soil_suitability,மண் பொருத்தம்,brinjal,கத்தரிக்காய்,red,செம்மண்,"கத்தரிக்காய் பயிருக்கு செம்மண் மண் பொருத்தமா என்பதை pH, EC, வடிகால், கரிம கார்பன் மற்றும் ஊட்டச்சத்து பரிசோதனையுடன் உறுதி செய்யுங்கள்."
CA_00205,soil_suitability,மண் பொருத்தம்,brinjal,கத்தரிக்காய்,black,கரிசல் மண்,"கத்தரிக்காய் பயிருக்கு கரிசல் மண் மண் பொருத்தமா என்பதை pH, EC, வடிகால், கரிம கார்பன் மற்றும் ஊட்டச்சத்து பரிசோதனையுடன் உறுதி செய்யுங்கள்."
CA_00206,soil_suitability,மண் பொருத்தம்,brinjal,கத்தரிக்காய்,alluvial,வண்டல் மண்,"கத்தரிக்காய் பயிருக்கு வண்டல் மண் மண் பொருத்தமா என்பதை pH, EC, வடிகால், கரிம கார்பன் மற்றும் ஊட்டச்சத்து பரிசோதனையுடன் உறுதி செய்யுங்கள்."
CA_00207,soil_suitability,மண் பொருத்தம்,brinjal,கத்தரிக்காய்,sandy,மணல் மண்,"கத்தரிக்காய் பயிருக்கு மணல் மண் மண் பொருத்தமா என்பதை pH, EC, வடிகால், கரிம கார்பன் மற்றும் ஊட்டச்சத்து பரிசோதனையுடன் உறுதி செய்யுங்கள்."
CA_00208,soil_suitability,மண் பொருத்தம்,brinjal,கத்தரிக்காய்,clay,களிமண்,"கத்தரிக்காய் பயிருக்கு களிமண் மண் பொருத்தமா என்பதை pH, EC, வடிகால், கரிம கார்பன் மற்றும் ஊட்டச்சத்து பரிசோதனையுடன் உறுதி செய்யுங்கள்."
CA_00209,soil_suitability,மண் பொருத்தம்,brinjal,கத்தரிக்காய்,loamy,கலப்பு மண்,"கத்தரிக்காய் பயிருக்கு கலப்பு மண் மண் பொருத்தமா என்பதை pH, EC, வடிகால், கரிம கார்பன் மற்றும் ஊட்டச்சத்து பரிசோதனையுடன் உறுதி செய்யுங்கள்."
CA_00210,soil_suitability,மண் பொருத்தம்,brinjal,கத்தரிக்காய்,laterite,சரளை மண்,"கத்தரிக்காய் பயிருக்கு சரளை மண் மண் பொருத்தமா என்பதை pH, EC, வடிகால், கரிம கார்பன் மற்றும் ஊட்டச்சத்து பரிசோதனையுடன் உறுதி செய்யுங்கள்."
CA_00211,soil_suitability,மண் பொருத்தம்,okra,வெண்டைக்காய்,red,செம்மண்,"வெண்டைக்காய் பயிருக்கு செம்மண் மண் பொருத்தமா என்பதை pH, EC, வடிகால், கரிம கார்பன் மற்றும் ஊட்டச்சத்து பரிசோதனையுடன் உறுதி செய்யுங்கள்."
CA_00212,soil_suitability,மண் பொருத்தம்,okra,வெண்டைக்காய்,black,கரிசல் மண்,"வெண்டைக்காய் பயிருக்கு கரிசல் மண் மண் பொருத்தமா என்பதை pH, EC, வடிகால், கரிம கார்பன் மற்றும் ஊட்டச்சத்து பரிசோதனையுடன் உறுதி செய்யுங்கள்."
CA_00213,soil_suitability,மண் பொருத்தம்,okra,வெண்டைக்காய்,alluvial,வண்டல் மண்,"வெண்டைக்காய் பயிருக்கு வண்டல் மண் மண் பொருத்தமா என்பதை pH, EC, வடிகால், கரிம கார்பன் மற்றும் ஊட்டச்சத்து பரிசோதனையுடன் உறுதி செய்யுங்கள்."
CA_00214,soil_suitability,மண் பொருத்தம்,okra,வெண்டைக்காய்,sandy,மணல் மண்,"வெண்டைக்காய் பயிருக்கு மணல் மண் மண் பொருத்தமா என்பதை pH, EC, வடிகால், கரிம கார்பன் மற்றும் ஊட்டச்சத்து பரிசோதனையுடன் உறுதி செய்யுங்கள்."
CA_00215,soil_suitability,மண் பொருத்தம்,okra,வெண்டைக்காய்,clay,களிமண்,"வெண்டைக்காய் பயிருக்கு களிமண் மண் பொருத்தமா என்பதை pH, EC, வடிகால், கரிம கார்பன் மற்றும் ஊட்டச்சத்து பரிசோதனையுடன் உறுதி செய்யுங்கள்."
CA_00216,soil_suitability,மண் பொருத்தம்,okra,வெண்டைக்காய்,loamy,கலப்பு மண்,"வெண்டைக்காய் பயிருக்கு கலப்பு மண் மண் பொருத்தமா என்பதை pH, EC, வடிகால், கரிம கார்பன் மற்றும் ஊட்டச்சத்து பரிசோதனையுடன் உறுதி செய்யுங்கள்."
CA_00217,soil_suitability,மண் பொருத்தம்,okra,வெண்டைக்காய்,laterite,சரளை மண்,"வெண்டைக்காய் பயிருக்கு சரளை மண் மண் பொருத்தமா என்பதை pH, EC, வடிகால், கரிம கார்பன் மற்றும் ஊட்டச்சத்து பரிசோதனையுடன் உறுதி செய்யுங்கள்."
CA_00218,soil_suitability,மண் பொருத்தம்,coconut,தேங்காய்,red,செம்மண்,"தேங்காய் பயிருக்கு செம்மண் மண் பொருத்தமா என்பதை pH, EC, வடிகால், கரிம கார்பன் மற்றும் ஊட்டச்சத்து பரிசோதனையுடன் உறுதி செய்யுங்கள்."
CA_00219,soil_suitability,மண் பொருத்தம்,coconut,தேங்காய்,black,கரிசல் மண்,"தேங்காய் பயிருக்கு கரிசல் மண் மண் பொருத்தமா என்பதை pH, EC, வடிகால், கரிம கார்பன் மற்றும் ஊட்டச்சத்து பரிசோதனையுடன் உறுதி செய்யுங்கள்."
CA_00220,soil_suitability,மண் பொருத்தம்,coconut,தேங்காய்,alluvial,வண்டல் மண்,"தேங்காய் பயிருக்கு வண்டல் மண் மண் பொருத்தமா என்பதை pH, EC, வடிகால், கரிம கார்பன் மற்றும் ஊட்டச்சத்து பரிசோதனையுடன் உறுதி செய்யுங்கள்."
CA_00221,soil_suitability,மண் பொருத்தம்,coconut,தேங்காய்,sandy,மணல் மண்,"தேங்காய் பயிருக்கு மணல் மண் மண் பொருத்தமா என்பதை pH, EC, வடிகால், கரிம கார்பன் மற்றும் ஊட்டச்சத்து பரிசோதனையுடன் உறுதி செய்யுங்கள்."
CA_00222,soil_suitability,மண் பொருத்தம்,coconut,தேங்காய்,clay,களிமண்,"தேங்காய் பயிருக்கு களிமண் மண் பொருத்தமா என்பதை pH, EC, வடிகால், கரிம கார்பன் மற்றும் ஊட்டச்சத்து பரிசோதனையுடன் உறுதி செய்யுங்கள்."
CA_00223,soil_suitability,மண் பொருத்தம்,coconut,தேங்காய்,loamy,கலப்பு மண்,"தேங்காய் பயிருக்கு கலப்பு மண் மண் பொருத்தமா என்பதை pH, EC, வடிகால், கரிம கார்பன் மற்றும் ஊட்டச்சத்து பரிசோதனையுடன் உறுதி செய்யுங்கள்."
CA_00224,soil_suitability,மண் பொருத்தம்,coconut,தேங்காய்,laterite,சரளை மண்,"தேங்காய் பயிருக்கு சரளை மண் மண் பொருத்தமா என்பதை pH, EC, வடிகால், கரிம கார்பன் மற்றும் ஊட்டச்சத்து பரிசோதனையுடன் உறுதி செய்யுங்கள்."
CA_00225,soil_suitability,மண் பொருத்தம்,pulses,பயறு,red,செம்மண்,"பயறு பயிருக்கு செம்மண் மண் பொருத்தமா என்பதை pH, EC, வடிகால், கரிம கார்பன் மற்றும் ஊட்டச்சத்து பரிசோதனையுடன் உறுதி செய்யுங்கள்."
CA_00226,soil_suitability,மண் பொருத்தம்,pulses,பயறு,black,கரிசல் மண்,"பயறு பயிருக்கு கரிசல் மண் மண் பொருத்தமா என்பதை pH, EC, வடிகால், கரிம கார்பன் மற்றும் ஊட்டச்சத்து பரிசோதனையுடன் உறுதி செய்யுங்கள்."
CA_00227,soil_suitability,மண் பொருத்தம்,pulses,பயறு,alluvial,வண்டல் மண்,"பயறு பயிருக்கு வண்டல் மண் மண் பொருத்தமா என்பதை pH, EC, வடிகால், கரிம கார்பன் மற்றும் ஊட்டச்சத்து பரிசோதனையுடன் உறுதி செய்யுங்கள்."
CA_00228,soil_suitability,மண் பொருத்தம்,pulses,பயறு,sandy,மணல் மண்,"பயறு பயிருக்கு மணல் மண் மண் பொருத்தமா என்பதை pH, EC, வடிகால், கரிம கார்பன் மற்றும் ஊட்டச்சத்து பரிசோதனையுடன் உறுதி செய்யுங்கள்."
CA_00229,soil_suitability,மண் பொருத்தம்,pulses,பயறு,clay,களிமண்,"பயறு பயிருக்கு களிமண் மண் பொருத்தமா என்பதை pH, EC, வடிகால், கரிம கார்பன் மற்றும் ஊட்டச்சத்து பரிசோதனையுடன் உறுதி செய்யுங்கள்."
CA_00230,soil_suitability,மண் பொருத்தம்,pulses,பயறு,loamy,கலப்பு மண்,"பயறு பயிருக்கு கலப்பு மண் மண் பொருத்தமா என்பதை pH, EC, வடிகால், கரிம கார்பன் மற்றும் ஊட்டச்சத்து பரிசோதனையுடன் உறுதி செய்யுங்கள்."
CA_00231,soil_suitability,மண் பொருத்தம்,pulses,பயறு,laterite,சரளை மண்,"பயறு பயிருக்கு சரளை மண் மண் பொருத்தமா என்பதை pH, EC, வடிகால், கரிம கார்பன் மற்றும் ஊட்டச்சத்து பரிசோதனையுடன் உறுதி செய்யுங்கள்."
CA_00232,soil_suitability,மண் பொருத்தம்,sesame,எள்,red,செம்மண்,"எள் பயிருக்கு செம்மண் மண் பொருத்தமா என்பதை pH, EC, வடிகால், கரிம கார்பன் மற்றும் ஊட்டச்சத்து பரிசோதனையுடன் உறுதி செய்யுங்கள்."
CA_00233,soil_suitability,மண் பொருத்தம்,sesame,எள்,black,கரிசல் மண்,"எள் பயிருக்கு கரிசல் மண் மண் பொருத்தமா என்பதை pH, EC, வடிகால், கரிம கார்பன் மற்றும் ஊட்டச்சத்து பரிசோதனையுடன் உறுதி செய்யுங்கள்."
CA_00234,soil_suitability,மண் பொருத்தம்,sesame,எள்,alluvial,வண்டல் மண்,"எள் பயிருக்கு வண்டல் மண் மண் பொருத்தமா என்பதை pH, EC, வடிகால், கரிம கார்பன் மற்றும் ஊட்டச்சத்து பரிசோதனையுடன் உறுதி செய்யுங்கள்."
CA_00235,soil_suitability,மண் பொருத்தம்,sesame,எள்,sandy,மணல் மண்,"எள் பயிருக்கு மணல் மண் மண் பொருத்தமா என்பதை pH, EC, வடிகால், கரிம கார்பன் மற்றும் ஊட்டச்சத்து பரிசோதனையுடன் உறுதி செய்யுங்கள்."
CA_00236,soil_suitability,மண் பொருத்தம்,sesame,எள்,clay,களிமண்,"எள் பயிருக்கு களிமண் மண் பொருத்தமா என்பதை pH, EC, வடிகால், கரிம கார்பன் மற்றும் ஊட்டச்சத்து பரிசோதனையுடன் உறுதி செய்யுங்கள்."
CA_00237,soil_suitability,மண் பொருத்தம்,sesame,எள்,loamy,கலப்பு மண்,"எள் பயிருக்கு கலப்பு மண் மண் பொருத்தமா என்பதை pH, EC, வடிகால், கரிம கார்பன் மற்றும் ஊட்டச்சத்து பரிசோதனையுடன் உறுதி செய்யுங்கள்."
CA_00238,soil_suitability,மண் பொருத்தம்,sesame,எள்,laterite,சரளை மண்,"எள் பயிருக்கு சரளை மண் மண் பொருத்தமா என்பதை pH, EC, வடிகால், கரிம கார்பன் மற்றும் ஊட்டச்சத்து பரிசோதனையுடன் உறுதி செய்யுங்கள்."
CA_00239,soil_suitability,மண் பொருத்தம்,tapioca,மரவள்ளி,red,செம்மண்,"மரவள்ளி பயிருக்கு செம்மண் மண் பொருத்தமா என்பதை pH, EC, வடிகால், கரிம கார்பன் மற்றும் ஊட்டச்சத்து பரிசோதனையுடன் உறுதி செய்யுங்கள்."
CA_00240,soil_suitability,மண் பொருத்தம்,tapioca,மரவள்ளி,black,கரிசல் மண்,"மரவள்ளி பயிருக்கு கரிசல் மண் மண் பொருத்தமா என்பதை pH, EC, வடிகால், கரிம கார்பன் மற்றும் ஊட்டச்சத்து பரிசோதனையுடன் உறுதி செய்யுங்கள்."
CA_00241,soil_suitability,மண் பொருத்தம்,tapioca,மரவள்ளி,alluvial,வண்டல் மண்,"மரவள்ளி பயிருக்கு வண்டல் மண் மண் பொருத்தமா என்பதை pH, EC, வடிகால், கரிம கார்பன் மற்றும் ஊட்டச்சத்து பரிசோதனையுடன் உறுதி செய்யுங்கள்."
CA_00242,soil_suitability,மண் பொருத்தம்,tapioca,மரவள்ளி,sandy,மணல் மண்,"மரவள்ளி பயிருக்கு மணல் மண் மண் பொருத்தமா என்பதை pH, EC, வடிகால், கரிம கார்பன் மற்றும் ஊட்டச்சத்து பரிசோதனையுடன் உறுதி செய்யுங்கள்."
CA_00243,soil_suitability,மண் பொருத்தம்,tapioca,மரவள்ளி,clay,களிமண்,"மரவள்ளி பயிருக்கு களிமண் மண் பொருத்தமா என்பதை pH, EC, வடிகால், கரிம கார்பன் மற்றும் ஊட்டச்சத்து பரிசோதனையுடன் உறுதி செய்யுங்கள்."
CA_00244,soil_suitability,மண் பொருத்தம்,tapioca,மரவள்ளி,loamy,கலப்பு மண்,"மரவள்ளி பயிருக்கு கலப்பு மண் மண் பொருத்தமா என்பதை pH, EC, வடிகால், கரிம கார்பன் மற்றும் ஊட்டச்சத்து பரிசோதனையுடன் உறுதி செய்யுங்கள்."
CA_00245,soil_suitability,மண் பொருத்தம்,tapioca,மரவள்ளி,laterite,சரளை மண்,"மரவள்ளி பயிருக்கு சரளை மண் மண் பொருத்தமா என்பதை pH, EC, வடிகால், கரிம கார்பன் மற்றும் ஊட்டச்சத்து பரிசோதனையுடன் உறுதி செய்யுங்கள்."
CA_00246,soil_suitability,மண் பொருத்தம்,drumstick,முருங்கை,red,செம்மண்,"முருங்கை பயிருக்கு செம்மண் மண் பொருத்தமா என்பதை pH, EC, வடிகால், கரிம கார்பன் மற்றும் ஊட்டச்சத்து பரிசோதனையுடன் உறுதி செய்யுங்கள்."
CA_00247,soil_suitability,மண் பொருத்தம்,drumstick,முருங்கை,black,கரிசல் மண்,"முருங்கை பயிருக்கு கரிசல் மண் மண் பொருத்தமா என்பதை pH, EC, வடிகால், கரிம கார்பன் மற்றும் ஊட்டச்சத்து பரிசோதனையுடன் உறுதி செய்யுங்கள்."
CA_00248,soil_suitability,மண் பொருத்தம்,drumstick,முருங்கை,alluvial,வண்டல் மண்,"முருங்கை பயிருக்கு வண்டல் மண் மண் பொருத்தமா என்பதை pH, EC, வடிகால், கரிம கார்பன் மற்றும் ஊட்டச்சத்து பரிசோதனையுடன் உறுதி செய்யுங்கள்."
CA_00249,soil_suitability,மண் பொருத்தம்,drumstick,முருங்கை,sandy,மணல் மண்,"முருங்கை பயிருக்கு மணல் மண் மண் பொருத்தமா என்பதை pH, EC, வடிகால், கரிம கார்பன் மற்றும் ஊட்டச்சத்து பரிசோதனையுடன் உறுதி செய்யுங்கள்."
CA_00250,soil_suitability,மண் பொருத்தம்,drumstick,முருங்கை,clay,களிமண்,"முருங்கை பயிருக்கு களிமண் மண் பொருத்தமா என்பதை pH, EC, வடிகால், கரிம கார்பன் மற்றும் ஊட்டச்சத்து பரிசோதனையுடன் உறுதி செய்யுங்கள்."
CA_00251,soil_suitability,மண் பொருத்தம்,drumstick,முருங்கை,loamy,கலப்பு மண்,"முருங்கை பயிருக்கு கலப்பு மண் மண் பொருத்தமா என்பதை pH, EC, வடிகால், கரிம கார்பன் மற்றும் ஊட்டச்சத்து பரிசோதனையுடன் உறுதி செய்யுங்கள்."
CA_00252,soil_suitability,மண் பொருத்தம்,drumstick,முருங்கை,laterite,சரளை மண்,"முருங்கை பயிருக்கு சரளை மண் மண் பொருத்தமா என்பதை pH, EC, வடிகால், கரிம கார்பன் மற்றும் ஊட்டச்சத்து பரிசோதனையுடன் உறுதி செய்யுங்கள்."
CA_00253,land_preparation,நிலத் தயாரிப்பு,rice,நெல்,red,செம்மண்,"நெல் தொடர்பான முடிவை செம்மண், Tamil Nadu பகுதி, பருவம் மற்றும் பாசன வசதியை வைத்து எடுக்க வேண்டும். முதலில் மண் பரிசோதனை, சரியான விதை, நிலத் தயாரிப்பு மற்றும் நீர் மேலாண்மையை திட்டமிடுங்கள்."
CA_00254,land_preparation,நிலத் தயாரிப்பு,rice,நெல்,black,கரிசல் மண்,"நெல் தொடர்பான முடிவை கரிசல் மண், Tamil Nadu பகுதி, பருவம் மற்றும் பாசன வசதியை வைத்து எடுக்க வேண்டும். முதலில் மண் பரிசோதனை, சரியான விதை, நிலத் தயாரிப்பு மற்றும் நீர் மேலாண்மையை திட்டமிடுங்கள்."
CA_00255,land_preparation,நிலத் தயாரிப்பு,rice,நெல்,alluvial,வண்டல் மண்,"நெல் தொடர்பான முடிவை வண்டல் மண், Tamil Nadu பகுதி, பருவம் மற்றும் பாசன வசதியை வைத்து எடுக்க வேண்டும். முதலில் மண் பரிசோதனை, சரியான விதை, நிலத் தயாரிப்பு மற்றும் நீர் மேலாண்மையை திட்டமிடுங்கள்."
CA_00256,land_preparation,நிலத் தயாரிப்பு,rice,நெல்,sandy,மணல் மண்,"நெல் தொடர்பான முடிவை மணல் மண், Tamil Nadu பகுதி, பருவம் மற்றும் பாசன வசதியை வைத்து எடுக்க வேண்டும். முதலில் மண் பரிசோதனை, சரியான விதை, நிலத் தயாரிப்பு மற்றும் நீர் மேலாண்மையை திட்டமிடுங்கள்."
CA_00257,land_preparation,நிலத் தயாரிப்பு,rice,நெல்,clay,களிமண்,"நெல் தொடர்பான முடிவை களிமண், Tamil Nadu பகுதி, பருவம் மற்றும் பாசன வசதியை வைத்து எடுக்க வேண்டும். முதலில் மண் பரிசோதனை, சரியான விதை, நிலத் தயாரிப்பு மற்றும் நீர் மேலாண்மையை திட்டமிடுங்கள்."
CA_00258,land_preparation,நிலத் தயாரிப்பு,rice,நெல்,loamy,கலப்பு மண்,"நெல் தொடர்பான முடிவை கலப்பு மண், Tamil Nadu பகுதி, பருவம் மற்றும் பாசன வசதியை வைத்து எடுக்க வேண்டும். முதலில் மண் பரிசோதனை, சரியான விதை, நிலத் தயாரிப்பு மற்றும் நீர் மேலாண்மையை திட்டமிடுங்கள்."
CA_00259,land_preparation,நிலத் தயாரிப்பு,rice,நெல்,laterite,சரளை மண்,"நெல் தொடர்பான முடிவை சரளை மண், Tamil Nadu பகுதி, பருவம் மற்றும் பாசன வசதியை வைத்து எடுக்க வேண்டும். முதலில் மண் பரிசோதனை, சரியான விதை, நிலத் தயாரிப்பு மற்றும் நீர் மேலாண்மையை திட்டமிடுங்கள்."
CA_00260,land_preparation,நிலத் தயாரிப்பு,banana,வாழை,red,செம்மண்,"வாழை தொடர்பான முடிவை செம்மண், Tamil Nadu பகுதி, பருவம் மற்றும் பாசன வசதியை வைத்து எடுக்க வேண்டும். முதலில் மண் பரிசோதனை, சரியான விதை, நிலத் தயாரிப்பு மற்றும் நீர் மேலாண்மையை திட்டமிடுங்கள்."
CA_00261,land_preparation,நிலத் தயாரிப்பு,banana,வாழை,black,கரிசல் மண்,"வாழை தொடர்பான முடிவை கரிசல் மண், Tamil Nadu பகுதி, பருவம் மற்றும் பாசன வசதியை வைத்து எடுக்க வேண்டும். முதலில் மண் பரிசோதனை, சரியான விதை, நிலத் தயாரிப்பு மற்றும் நீர் மேலாண்மையை திட்டமிடுங்கள்."
CA_00262,land_preparation,நிலத் தயாரிப்பு,banana,வாழை,alluvial,வண்டல் மண்,"வாழை தொடர்பான முடிவை வண்டல் மண், Tamil Nadu பகுதி, பருவம் மற்றும் பாசன வசதியை வைத்து எடுக்க வேண்டும். முதலில் மண் பரிசோதனை, சரியான விதை, நிலத் தயாரிப்பு மற்றும் நீர் மேலாண்மையை திட்டமிடுங்கள்."
CA_00263,land_preparation,நிலத் தயாரிப்பு,banana,வாழை,sandy,மணல் மண்,"வாழை தொடர்பான முடிவை மணல் மண், Tamil Nadu பகுதி, பருவம் மற்றும் பாசன வசதியை வைத்து எடுக்க வேண்டும். முதலில் மண் பரிசோதனை, சரியான விதை, நிலத் தயாரிப்பு மற்றும் நீர் மேலாண்மையை திட்டமிடுங்கள்."
CA_00264,land_preparation,நிலத் தயாரிப்பு,banana,வாழை,clay,களிமண்,"வாழை தொடர்பான முடிவை களிமண், Tamil Nadu பகுதி, பருவம் மற்றும் பாசன வசதியை வைத்து எடுக்க வேண்டும். முதலில் மண் பரிசோதனை, சரியான விதை, நிலத் தயாரிப்பு மற்றும் நீர் மேலாண்மையை திட்டமிடுங்கள்."
CA_00265,land_preparation,நிலத் தயாரிப்பு,banana,வாழை,loamy,கலப்பு மண்,"வாழை தொடர்பான முடிவை கலப்பு மண், Tamil Nadu பகுதி, பருவம் மற்றும் பாசன வசதியை வைத்து எடுக்க வேண்டும். முதலில் மண் பரிசோதனை, சரியான விதை, நிலத் தயாரிப்பு மற்றும் நீர் மேலாண்மையை திட்டமிடுங்கள்."
CA_00266,land_preparation,நிலத் தயாரிப்பு,banana,வாழை,laterite,சரளை மண்,"வாழை தொடர்பான முடிவை சரளை மண், Tamil Nadu பகுதி, பருவம் மற்றும் பாசன வசதியை வைத்து எடுக்க வேண்டும். முதலில் மண் பரிசோதனை, சரியான விதை, நிலத் தயாரிப்பு மற்றும் நீர் மேலாண்மையை திட்டமிடுங்கள்."
CA_00267,land_preparation,நிலத் தயாரிப்பு,sugarcane,கரும்பு,red,செம்மண்,"கரும்பு தொடர்பான முடிவை செம்மண், Tamil Nadu பகுதி, பருவம் மற்றும் பாசன வசதியை வைத்து எடுக்க வேண்டும். முதலில் மண் பரிசோதனை, சரியான விதை, நிலத் தயாரிப்பு மற்றும் நீர் மேலாண்மையை திட்டமிடுங்கள்."
CA_00268,land_preparation,நிலத் தயாரிப்பு,sugarcane,கரும்பு,black,கரிசல் மண்,"கரும்பு தொடர்பான முடிவை கரிசல் மண், Tamil Nadu பகுதி, பருவம் மற்றும் பாசன வசதியை வைத்து எடுக்க வேண்டும். முதலில் மண் பரிசோதனை, சரியான விதை, நிலத் தயாரிப்பு மற்றும் நீர் மேலாண்மையை திட்டமிடுங்கள்."
CA_00269,land_preparation,நிலத் தயாரிப்பு,sugarcane,கரும்பு,alluvial,வண்டல் மண்,"கரும்பு தொடர்பான முடிவை வண்டல் மண், Tamil Nadu பகுதி, பருவம் மற்றும் பாசன வசதியை வைத்து எடுக்க வேண்டும். முதலில் மண் பரிசோதனை, சரியான விதை, நிலத் தயாரிப்பு மற்றும் நீர் மேலாண்மையை திட்டமிடுங்கள்."
CA_00270,land_preparation,நிலத் தயாரிப்பு,sugarcane,கரும்பு,sandy,மணல் மண்,"கரும்பு தொடர்பான முடிவை மணல் மண், Tamil Nadu பகுதி, பருவம் மற்றும் பாசன வசதியை வைத்து எடுக்க வேண்டும். முதலில் மண் பரிசோதனை, சரியான விதை, நிலத் தயாரிப்பு மற்றும் நீர் மேலாண்மையை திட்டமிடுங்கள்."
CA_00271,land_preparation,நிலத் தயாரிப்பு,sugarcane,கரும்பு,clay,களிமண்,"கரும்பு தொடர்பான முடிவை களிமண், Tamil Nadu பகுதி, பருவம் மற்றும் பாசன வசதியை வைத்து எடுக்க வேண்டும். முதலில் மண் பரிசோதனை, சரியான விதை, நிலத் தயாரிப்பு மற்றும் நீர் மேலாண்மையை திட்டமிடுங்கள்."
CA_00272,land_preparation,நிலத் தயாரிப்பு,sugarcane,கரும்பு,loamy,கலப்பு மண்,"கரும்பு தொடர்பான முடிவை கலப்பு மண், Tamil Nadu பகுதி, பருவம் மற்றும் பாசன வசதியை வைத்து எடுக்க வேண்டும். முதலில் மண் பரிசோதனை, சரியான விதை, நிலத் தயாரிப்பு மற்றும் நீர் மேலாண்மையை திட்டமிடுங்கள்."
CA_00273,land_preparation,நிலத் தயாரிப்பு,sugarcane,கரும்பு,laterite,சரளை மண்,"கரும்பு தொடர்பான முடிவை சரளை மண், Tamil Nadu பகுதி, பருவம் மற்றும் பாசன வசதியை வைத்து எடுக்க வேண்டும். முதலில் மண் பரிசோதனை, சரியான விதை, நிலத் தயாரிப்பு மற்றும் நீர் மேலாண்மையை திட்டமிடுங்கள்."
CA_00274,land_preparation,நிலத் தயாரிப்பு,cotton,பருத்தி,red,செம்மண்,"பருத்தி தொடர்பான முடிவை செம்மண், Tamil Nadu பகுதி, பருவம் மற்றும் பாசன வசதியை வைத்து எடுக்க வேண்டும். முதலில் மண் பரிசோதனை, சரியான விதை, நிலத் தயாரிப்பு மற்றும் நீர் மேலாண்மையை திட்டமிடுங்கள்."
CA_00275,land_preparation,நிலத் தயாரிப்பு,cotton,பருத்தி,black,கரிசல் மண்,"பருத்தி தொடர்பான முடிவை கரிசல் மண், Tamil Nadu பகுதி, பருவம் மற்றும் பாசன வசதியை வைத்து எடுக்க வேண்டும். முதலில் மண் பரிசோதனை, சரியான விதை, நிலத் தயாரிப்பு மற்றும் நீர் மேலாண்மையை திட்டமிடுங்கள்."
CA_00276,land_preparation,நிலத் தயாரிப்பு,cotton,பருத்தி,alluvial,வண்டல் மண்,"பருத்தி தொடர்பான முடிவை வண்டல் மண், Tamil Nadu பகுதி, பருவம் மற்றும் பாசன வசதியை வைத்து எடுக்க வேண்டும். முதலில் மண் பரிசோதனை, சரியான விதை, நிலத் தயாரிப்பு மற்றும் நீர் மேலாண்மையை திட்டமிடுங்கள்."
CA_00277,land_preparation,நிலத் தயாரிப்பு,cotton,பருத்தி,sandy,மணல் மண்,"பருத்தி தொடர்பான முடிவை மணல் மண், Tamil Nadu பகுதி, பருவம் மற்றும் பாசன வசதியை வைத்து எடுக்க வேண்டும். முதலில் மண் பரிசோதனை, சரியான விதை, நிலத் தயாரிப்பு மற்றும் நீர் மேலாண்மையை திட்டமிடுங்கள்."
CA_00278,land_preparation,நிலத் தயாரிப்பு,cotton,பருத்தி,clay,களிமண்,"பருத்தி தொடர்பான முடிவை களிமண், Tamil Nadu பகுதி, பருவம் மற்றும் பாசன வசதியை வைத்து எடுக்க வேண்டும். முதலில் மண் பரிசோதனை, சரியான விதை, நிலத் தயாரிப்பு மற்றும் நீர் மேலாண்மையை திட்டமிடுங்கள்."
CA_00279,land_preparation,நிலத் தயாரிப்பு,cotton,பருத்தி,loamy,கலப்பு மண்,"பருத்தி தொடர்பான முடிவை கலப்பு மண், Tamil Nadu பகுதி, பருவம் மற்றும் பாசன வசதியை வைத்து எடுக்க வேண்டும். முதலில் மண் பரிசோதனை, சரியான விதை, நிலத் தயாரிப்பு மற்றும் நீர் மேலாண்மையை திட்டமிடுங்கள்."
CA_00280,land_preparation,நிலத் தயாரிப்பு,cotton,பருத்தி,laterite,சரளை மண்,"பருத்தி தொடர்பான முடிவை சரளை மண், Tamil Nadu பகுதி, பருவம் மற்றும் பாசன வசதியை வைத்து எடுக்க வேண்டும். முதலில் மண் பரிசோதனை, சரியான விதை, நிலத் தயாரிப்பு மற்றும் நீர் மேலாண்மையை திட்டமிடுங்கள்."
CA_00281,land_preparation,நிலத் தயாரிப்பு,groundnut,நிலக்கடலை,red,செம்மண்,"நிலக்கடலை தொடர்பான முடிவை செம்மண், Tamil Nadu பகுதி, பருவம் மற்றும் பாசன வசதியை வைத்து எடுக்க வேண்டும். முதலில் மண் பரிசோதனை, சரியான விதை, நிலத் தயாரிப்பு மற்றும் நீர் மேலாண்மையை திட்டமிடுங்கள்."
CA_00282,land_preparation,நிலத் தயாரிப்பு,groundnut,நிலக்கடலை,black,கரிசல் மண்,"நிலக்கடலை தொடர்பான முடிவை கரிசல் மண், Tamil Nadu பகுதி, பருவம் மற்றும் பாசன வசதியை வைத்து எடுக்க வேண்டும். முதலில் மண் பரிசோதனை, சரியான விதை, நிலத் தயாரிப்பு மற்றும் நீர் மேலாண்மையை திட்டமிடுங்கள்."
CA_00283,land_preparation,நிலத் தயாரிப்பு,groundnut,நிலக்கடலை,alluvial,வண்டல் மண்,"நிலக்கடலை தொடர்பான முடிவை வண்டல் மண், Tamil Nadu பகுதி, பருவம் மற்றும் பாசன வசதியை வைத்து எடுக்க வேண்டும். முதலில் மண் பரிசோதனை, சரியான விதை, நிலத் தயாரிப்பு மற்றும் நீர் மேலாண்மையை திட்டமிடுங்கள்."
CA_00284,land_preparation,நிலத் தயாரிப்பு,groundnut,நிலக்கடலை,sandy,மணல் மண்,"நிலக்கடலை தொடர்பான முடிவை மணல் மண், Tamil Nadu பகுதி, பருவம் மற்றும் பாசன வசதியை வைத்து எடுக்க வேண்டும். முதலில் மண் பரிசோதனை, சரியான விதை, நிலத் தயாரிப்பு மற்றும் நீர் மேலாண்மையை திட்டமிடுங்கள்."
CA_00285,land_preparation,நிலத் தயாரிப்பு,groundnut,நிலக்கடலை,clay,களிமண்,"நிலக்கடலை தொடர்பான முடிவை களிமண், Tamil Nadu பகுதி, பருவம் மற்றும் பாசன வசதியை வைத்து எடுக்க வேண்டும். முதலில் மண் பரிசோதனை, சரியான விதை, நிலத் தயாரிப்பு மற்றும் நீர் மேலாண்மையை திட்டமிடுங்கள்."
CA_00286,land_preparation,நிலத் தயாரிப்பு,groundnut,நிலக்கடலை,loamy,கலப்பு மண்,"நிலக்கடலை தொடர்பான முடிவை கலப்பு மண், Tamil Nadu பகுதி, பருவம் மற்றும் பாசன வசதியை வைத்து எடுக்க வேண்டும். முதலில் மண் பரிசோதனை, சரியான விதை, நிலத் தயாரிப்பு மற்றும் நீர் மேலாண்மையை திட்டமிடுங்கள்."
CA_00287,land_preparation,நிலத் தயாரிப்பு,groundnut,நிலக்கடலை,laterite,சரளை மண்,"நிலக்கடலை தொடர்பான முடிவை சரளை மண், Tamil Nadu பகுதி, பருவம் மற்றும் பாசன வசதியை வைத்து எடுக்க வேண்டும். முதலில் மண் பரிசோதனை, சரியான விதை, நிலத் தயாரிப்பு மற்றும் நீர் மேலாண்மையை திட்டமிடுங்கள்."
CA_00288,land_preparation,நிலத் தயாரிப்பு,maize,மக்காச்சோளம்,red,செம்மண்,"மக்காச்சோளம் தொடர்பான முடிவை செம்மண், Tamil Nadu பகுதி, பருவம் மற்றும் பாசன வசதியை வைத்து எடுக்க வேண்டும். முதலில் மண் பரிசோதனை, சரியான விதை, நிலத் தயாரிப்பு மற்றும் நீர் மேலாண்மையை திட்டமிடுங்கள்."
CA_00289,land_preparation,நிலத் தயாரிப்பு,maize,மக்காச்சோளம்,black,கரிசல் மண்,"மக்காச்சோளம் தொடர்பான முடிவை கரிசல் மண், Tamil Nadu பகுதி, பருவம் மற்றும் பாசன வசதியை வைத்து எடுக்க வேண்டும். முதலில் மண் பரிசோதனை, சரியான விதை, நிலத் தயாரிப்பு மற்றும் நீர் மேலாண்மையை திட்டமிடுங்கள்."
CA_00290,land_preparation,நிலத் தயாரிப்பு,maize,மக்காச்சோளம்,alluvial,வண்டல் மண்,"மக்காச்சோளம் தொடர்பான முடிவை வண்டல் மண், Tamil Nadu பகுதி, பருவம் மற்றும் பாசன வசதியை வைத்து எடுக்க வேண்டும். முதலில் மண் பரிசோதனை, சரியான விதை, நிலத் தயாரிப்பு மற்றும் நீர் மேலாண்மையை திட்டமிடுங்கள்."
CA_00291,land_preparation,நிலத் தயாரிப்பு,maize,மக்காச்சோளம்,sandy,மணல் மண்,"மக்காச்சோளம் தொடர்பான முடிவை மணல் மண், Tamil Nadu பகுதி, பருவம் மற்றும் பாசன வசதியை வைத்து எடுக்க வேண்டும். முதலில் மண் பரிசோதனை, சரியான விதை, நிலத் தயாரிப்பு மற்றும் நீர் மேலாண்மையை திட்டமிடுங்கள்."
CA_00292,land_preparation,நிலத் தயாரிப்பு,maize,மக்காச்சோளம்,clay,களிமண்,"மக்காச்சோளம் தொடர்பான முடிவை களிமண், Tamil Nadu பகுதி, பருவம் மற்றும் பாசன வசதியை வைத்து எடுக்க வேண்டும். முதலில் மண் பரிசோதனை, சரியான விதை, நிலத் தயாரிப்பு மற்றும் நீர் மேலாண்மையை திட்டமிடுங்கள்."
CA_00293,land_preparation,நிலத் தயாரிப்பு,maize,மக்காச்சோளம்,loamy,கலப்பு மண்,"மக்காச்சோளம் தொடர்பான முடிவை கலப்பு மண், Tamil Nadu பகுதி, பருவம் மற்றும் பாசன வசதியை வைத்து எடுக்க வேண்டும். முதலில் மண் பரிசோதனை, சரியான விதை, நிலத் தயாரிப்பு மற்றும் நீர் மேலாண்மையை திட்டமிடுங்கள்."
CA_00294,land_preparation,நிலத் தயாரிப்பு,maize,மக்காச்சோளம்,laterite,சரளை மண்,"மக்காச்சோளம் தொடர்பான முடிவை சரளை மண், Tamil Nadu பகுதி, பருவம் மற்றும் பாசன வசதியை வைத்து எடுக்க வேண்டும். முதலில் மண் பரிசோதனை, சரியான விதை, நிலத் தயாரிப்பு மற்றும் நீர் மேலாண்மையை திட்டமிடுங்கள்."
CA_00295,land_preparation,நிலத் தயாரிப்பு,millet,சிறுதானியம்,red,செம்மண்,"சிறுதானியம் தொடர்பான முடிவை செம்மண், Tamil Nadu பகுதி, பருவம் மற்றும் பாசன வசதியை வைத்து எடுக்க வேண்டும். முதலில் மண் பரிசோதனை, சரியான விதை, நிலத் தயாரிப்பு மற்றும் நீர் மேலாண்மையை திட்டமிடுங்கள்."
CA_00296,land_preparation,நிலத் தயாரிப்பு,millet,சிறுதானியம்,black,கரிசல் மண்,"சிறுதானியம் தொடர்பான முடிவை கரிசல் மண், Tamil Nadu பகுதி, பருவம் மற்றும் பாசன வசதியை வைத்து எடுக்க வேண்டும். முதலில் மண் பரிசோதனை, சரியான விதை, நிலத் தயாரிப்பு மற்றும் நீர் மேலாண்மையை திட்டமிடுங்கள்."
CA_00297,land_preparation,நிலத் தயாரிப்பு,millet,சிறுதானியம்,alluvial,வண்டல் மண்,"சிறுதானியம் தொடர்பான முடிவை வண்டல் மண், Tamil Nadu பகுதி, பருவம் மற்றும் பாசன வசதியை வைத்து எடுக்க வேண்டும். முதலில் மண் பரிசோதனை, சரியான விதை, நிலத் தயாரிப்பு மற்றும் நீர் மேலாண்மையை திட்டமிடுங்கள்."
CA_00298,land_preparation,நிலத் தயாரிப்பு,millet,சிறுதானியம்,sandy,மணல் மண்,"சிறுதானியம் தொடர்பான முடிவை மணல் மண், Tamil Nadu பகுதி, பருவம் மற்றும் பாசன வசதியை வைத்து எடுக்க வேண்டும். முதலில் மண் பரிசோதனை, சரியான விதை, நிலத் தயாரிப்பு மற்றும் நீர் மேலாண்மையை திட்டமிடுங்கள்."
CA_00299,land_preparation,நிலத் தயாரிப்பு,millet,சிறுதானியம்,clay,களிமண்,"சிறுதானியம் தொடர்பான முடிவை களிமண், Tamil Nadu பகுதி, பருவம் மற்றும் பாசன வசதியை வைத்து எடுக்க வேண்டும். முதலில் மண் பரிசோதனை, சரியான விதை, நிலத் தயாரிப்பு மற்றும் நீர் மேலாண்மையை திட்டமிடுங்கள்."
CA_00300,land_preparation,நிலத் தயாரிப்பு,millet,சிறுதானியம்,loamy,கலப்பு மண்,"சிறுதானியம் தொடர்பான முடிவை கலப்பு மண், Tamil Nadu பகுதி, பருவம் மற்றும் பாசன வசதியை வைத்து எடுக்க வேண்டும். முதலில் மண் பரிசோதனை, சரியான விதை, நிலத் தயாரிப்பு மற்றும் நீர் மேலாண்மையை திட்டமிடுங்கள்."
CA_00301,land_preparation,நிலத் தயாரிப்பு,millet,சிறுதானியம்,laterite,சரளை மண்,"சிறுதானியம் தொடர்பான முடிவை சரளை மண், Tamil Nadu பகுதி, பருவம் மற்றும் பாசன வசதியை வைத்து எடுக்க வேண்டும். முதலில் மண் பரிசோதனை, சரியான விதை, நிலத் தயாரிப்பு மற்றும் நீர் மேலாண்மையை திட்டமிடுங்கள்."
CA_00302,land_preparation,நிலத் தயாரிப்பு,tomato,தக்காளி,red,செம்மண்,"தக்காளி தொடர்பான முடிவை செம்மண், Tamil Nadu பகுதி, பருவம் மற்றும் பாசன வசதியை வைத்து எடுக்க வேண்டும். முதலில் மண் பரிசோதனை, சரியான விதை, நிலத் தயாரிப்பு மற்றும் நீர் மேலாண்மையை திட்டமிடுங்கள்."
CA_00303,land_preparation,நிலத் தயாரிப்பு,tomato,தக்காளி,black,கரிசல் மண்,"தக்காளி தொடர்பான முடிவை கரிசல் மண், Tamil Nadu பகுதி, பருவம் மற்றும் பாசன வசதியை வைத்து எடுக்க வேண்டும். முதலில் மண் பரிசோதனை, சரியான விதை, நிலத் தயாரிப்பு மற்றும் நீர் மேலாண்மையை திட்டமிடுங்கள்."
CA_00304,land_preparation,நிலத் தயாரிப்பு,tomato,தக்காளி,alluvial,வண்டல் மண்,"தக்காளி தொடர்பான முடிவை வண்டல் மண், Tamil Nadu பகுதி, பருவம் மற்றும் பாசன வசதியை வைத்து எடுக்க வேண்டும். முதலில் மண் பரிசோதனை, சரியான விதை, நிலத் தயாரிப்பு மற்றும் நீர் மேலாண்மையை திட்டமிடுங்கள்."
CA_00305,land_preparation,நிலத் தயாரிப்பு,tomato,தக்காளி,sandy,மணல் மண்,"தக்காளி தொடர்பான முடிவை மணல் மண், Tamil Nadu பகுதி, பருவம் மற்றும் பாசன வசதியை வைத்து எடுக்க வேண்டும். முதலில் மண் பரிசோதனை, சரியான விதை, நிலத் தயாரிப்பு மற்றும் நீர் மேலாண்மையை திட்டமிடுங்கள்."
CA_00306,land_preparation,நிலத் தயாரிப்பு,tomato,தக்காளி,clay,களிமண்,"தக்காளி தொடர்பான முடிவை களிமண், Tamil Nadu பகுதி, பருவம் மற்றும் பாசன வசதியை வைத்து எடுக்க வேண்டும். முதலில் மண் பரிசோதனை, சரியான விதை, நிலத் தயாரிப்பு மற்றும் நீர் மேலாண்மையை திட்டமிடுங்கள்."
CA_00307,land_preparation,நிலத் தயாரிப்பு,tomato,தக்காளி,loamy,கலப்பு மண்,"தக்காளி தொடர்பான முடிவை கலப்பு மண், Tamil Nadu பகுதி, பருவம் மற்றும் பாசன வசதியை வைத்து எடுக்க வேண்டும். முதலில் மண் பரிசோதனை, சரியான விதை, நிலத் தயாரிப்பு மற்றும் நீர் மேலாண்மையை திட்டமிடுங்கள்."
CA_00308,land_preparation,நிலத் தயாரிப்பு,tomato,தக்காளி,laterite,சரளை மண்,"தக்காளி தொடர்பான முடிவை சரளை மண், Tamil Nadu பகுதி, பருவம் மற்றும் பாசன வசதியை வைத்து எடுக்க வேண்டும். முதலில் மண் பரிசோதனை, சரியான விதை, நிலத் தயாரிப்பு மற்றும் நீர் மேலாண்மையை திட்டமிடுங்கள்."
CA_00309,land_preparation,நிலத் தயாரிப்பு,chilli,மிளகாய்,red,செம்மண்,"மிளகாய் தொடர்பான முடிவை செம்மண், Tamil Nadu பகுதி, பருவம் மற்றும் பாசன வசதியை வைத்து எடுக்க வேண்டும். முதலில் மண் பரிசோதனை, சரியான விதை, நிலத் தயாரிப்பு மற்றும் நீர் மேலாண்மையை திட்டமிடுங்கள்."
CA_00310,land_preparation,நிலத் தயாரிப்பு,chilli,மிளகாய்,black,கரிசல் மண்,"மிளகாய் தொடர்பான முடிவை கரிசல் மண், Tamil Nadu பகுதி, பருவம் மற்றும் பாசன வசதியை வைத்து எடுக்க வேண்டும். முதலில் மண் பரிசோதனை, சரியான விதை, நிலத் தயாரிப்பு மற்றும் நீர் மேலாண்மையை திட்டமிடுங்கள்."
CA_00311,land_preparation,நிலத் தயாரிப்பு,chilli,மிளகாய்,alluvial,வண்டல் மண்,"மிளகாய் தொடர்பான முடிவை வண்டல் மண், Tamil Nadu பகுதி, பருவம் மற்றும் பாசன வசதியை வைத்து எடுக்க வேண்டும். முதலில் மண் பரிசோதனை, சரியான விதை, நிலத் தயாரிப்பு மற்றும் நீர் மேலாண்மையை திட்டமிடுங்கள்."
CA_00312,land_preparation,நிலத் தயாரிப்பு,chilli,மிளகாய்,sandy,மணல் மண்,"மிளகாய் தொடர்பான முடிவை மணல் மண், Tamil Nadu பகுதி, பருவம் மற்றும் பாசன வசதியை வைத்து எடுக்க வேண்டும். முதலில் மண் பரிசோதனை, சரியான விதை, நிலத் தயாரிப்பு மற்றும் நீர் மேலாண்மையை திட்டமிடுங்கள்."
CA_00313,land_preparation,நிலத் தயாரிப்பு,chilli,மிளகாய்,clay,களிமண்,"மிளகாய் தொடர்பான முடிவை களிமண், Tamil Nadu பகுதி, பருவம் மற்றும் பாசன வசதியை வைத்து எடுக்க வேண்டும். முதலில் மண் பரிசோதனை, சரியான விதை, நிலத் தயாரிப்பு மற்றும் நீர் மேலாண்மையை திட்டமிடுங்கள்."
CA_00314,land_preparation,நிலத் தயாரிப்பு,chilli,மிளகாய்,loamy,கலப்பு மண்,"மிளகாய் தொடர்பான முடிவை கலப்பு மண், Tamil Nadu பகுதி, பருவம் மற்றும் பாசன வசதியை வைத்து எடுக்க வேண்டும். முதலில் மண் பரிசோதனை, சரியான விதை, நிலத் தயாரிப்பு மற்றும் நீர் மேலாண்மையை திட்டமிடுங்கள்."
CA_00315,land_preparation,நிலத் தயாரிப்பு,chilli,மிளகாய்,laterite,சரளை மண்,"மிளகாய் தொடர்பான முடிவை சரளை மண், Tamil Nadu பகுதி, பருவம் மற்றும் பாசன வசதியை வைத்து எடுக்க வேண்டும். முதலில் மண் பரிசோதனை, சரியான விதை, நிலத் தயாரிப்பு மற்றும் நீர் மேலாண்மையை திட்டமிடுங்கள்."
CA_00316,land_preparation,நிலத் தயாரிப்பு,onion,வெங்காயம்,red,செம்மண்,"வெங்காயம் தொடர்பான முடிவை செம்மண், Tamil Nadu பகுதி, பருவம் மற்றும் பாசன வசதியை வைத்து எடுக்க வேண்டும். முதலில் மண் பரிசோதனை, சரியான விதை, நிலத் தயாரிப்பு மற்றும் நீர் மேலாண்மையை திட்டமிடுங்கள்."
CA_00317,land_preparation,நிலத் தயாரிப்பு,onion,வெங்காயம்,black,கரிசல் மண்,"வெங்காயம் தொடர்பான முடிவை கரிசல் மண், Tamil Nadu பகுதி, பருவம் மற்றும் பாசன வசதியை வைத்து எடுக்க வேண்டும். முதலில் மண் பரிசோதனை, சரியான விதை, நிலத் தயாரிப்பு மற்றும் நீர் மேலாண்மையை திட்டமிடுங்கள்."
CA_00318,land_preparation,நிலத் தயாரிப்பு,onion,வெங்காயம்,alluvial,வண்டல் மண்,"வெங்காயம் தொடர்பான முடிவை வண்டல் மண், Tamil Nadu பகுதி, பருவம் மற்றும் பாசன வசதியை வைத்து எடுக்க வேண்டும். முதலில் மண் பரிசோதனை, சரியான விதை, நிலத் தயாரிப்பு மற்றும் நீர் மேலாண்மையை திட்டமிடுங்கள்."
CA_00319,land_preparation,நிலத் தயாரிப்பு,onion,வெங்காயம்,sandy,மணல் மண்,"வெங்காயம் தொடர்பான முடிவை மணல் மண், Tamil Nadu பகுதி, பருவம் மற்றும் பாசன வசதியை வைத்து எடுக்க வேண்டும். முதலில் மண் பரிசோதனை, சரியான விதை, நிலத் தயாரிப்பு மற்றும் நீர் மேலாண்மையை திட்டமிடுங்கள்."
CA_00320,land_preparation,நிலத் தயாரிப்பு,onion,வெங்காயம்,clay,களிமண்,"வெங்காயம் தொடர்பான முடிவை களிமண், Tamil Nadu பகுதி, பருவம் மற்றும் பாசன வசதியை வைத்து எடுக்க வேண்டும். முதலில் மண் பரிசோதனை, சரியான விதை, நிலத் தயாரிப்பு மற்றும் நீர் மேலாண்மையை திட்டமிடுங்கள்."
CA_00321,land_preparation,நிலத் தயாரிப்பு,onion,வெங்காயம்,loamy,கலப்பு மண்,"வெங்காயம் தொடர்பான முடிவை கலப்பு மண், Tamil Nadu பகுதி, பருவம் மற்றும் பாசன வசதியை வைத்து எடுக்க வேண்டும். முதலில் மண் பரிசோதனை, சரியான விதை, நிலத் தயாரிப்பு மற்றும் நீர் மேலாண்மையை திட்டமிடுங்கள்."
CA_00322,land_preparation,நிலத் தயாரிப்பு,onion,வெங்காயம்,laterite,சரளை மண்,"வெங்காயம் தொடர்பான முடிவை சரளை மண், Tamil Nadu பகுதி, பருவம் மற்றும் பாசன வசதியை வைத்து எடுக்க வேண்டும். முதலில் மண் பரிசோதனை, சரியான விதை, நிலத் தயாரிப்பு மற்றும் நீர் மேலாண்மையை திட்டமிடுங்கள்."
CA_00323,land_preparation,நிலத் தயாரிப்பு,turmeric,மஞ்சள்,red,செம்மண்,"மஞ்சள் தொடர்பான முடிவை செம்மண், Tamil Nadu பகுதி, பருவம் மற்றும் பாசன வசதியை வைத்து எடுக்க வேண்டும். முதலில் மண் பரிசோதனை, சரியான விதை, நிலத் தயாரிப்பு மற்றும் நீர் மேலாண்மையை திட்டமிடுங்கள்."
CA_00324,land_preparation,நிலத் தயாரிப்பு,turmeric,மஞ்சள்,black,கரிசல் மண்,"மஞ்சள் தொடர்பான முடிவை கரிசல் மண், Tamil Nadu பகுதி, பருவம் மற்றும் பாசன வசதியை வைத்து எடுக்க வேண்டும். முதலில் மண் பரிசோதனை, சரியான விதை, நிலத் தயாரிப்பு மற்றும் நீர் மேலாண்மையை திட்டமிடுங்கள்."
CA_00325,land_preparation,நிலத் தயாரிப்பு,turmeric,மஞ்சள்,alluvial,வண்டல் மண்,"மஞ்சள் தொடர்பான முடிவை வண்டல் மண், Tamil Nadu பகுதி, பருவம் மற்றும் பாசன வசதியை வைத்து எடுக்க வேண்டும். முதலில் மண் பரிசோதனை, சரியான விதை, நிலத் தயாரிப்பு மற்றும் நீர் மேலாண்மையை திட்டமிடுங்கள்."
CA_00326,land_preparation,நிலத் தயாரிப்பு,turmeric,மஞ்சள்,sandy,மணல் மண்,"மஞ்சள் தொடர்பான முடிவை மணல் மண், Tamil Nadu பகுதி, பருவம் மற்றும் பாசன வசதியை வைத்து எடுக்க வேண்டும். முதலில் மண் பரிசோதனை, சரியான விதை, நிலத் தயாரிப்பு மற்றும் நீர் மேலாண்மையை திட்டமிடுங்கள்."
CA_00327,land_preparation,நிலத் தயாரிப்பு,turmeric,மஞ்சள்,clay,களிமண்,"மஞ்சள் தொடர்பான முடிவை களிமண், Tamil Nadu பகுதி, பருவம் மற்றும் பாசன வசதியை வைத்து எடுக்க வேண்டும். முதலில் மண் பரிசோதனை, சரியான விதை, நிலத் தயாரிப்பு மற்றும் நீர் மேலாண்மையை திட்டமிடுங்கள்."
CA_00328,land_preparation,நிலத் தயாரிப்பு,turmeric,மஞ்சள்,loamy,கலப்பு மண்,"மஞ்சள் தொடர்பான முடிவை கலப்பு மண், Tamil Nadu பகுதி, பருவம் மற்றும் பாசன வசதியை வைத்து எடுக்க வேண்டும். முதலில் மண் பரிசோதனை, சரியான விதை, நிலத் தயாரிப்பு மற்றும் நீர் மேலாண்மையை திட்டமிடுங்கள்."
CA_00329,land_preparation,நிலத் தயாரிப்பு,turmeric,மஞ்சள்,laterite,சரளை மண்,"மஞ்சள் தொடர்பான முடிவை சரளை மண், Tamil Nadu பகுதி, பருவம் மற்றும் பாசன வசதியை வைத்து எடுக்க வேண்டும். முதலில் மண் பரிசோதனை, சரியான விதை, நிலத் தயாரிப்பு மற்றும் நீர் மேலாண்மையை திட்டமிடுங்கள்."
CA_00330,land_preparation,நிலத் தயாரிப்பு,brinjal,கத்தரிக்காய்,red,செம்மண்,"கத்தரிக்காய் தொடர்பான முடிவை செம்மண், Tamil Nadu பகுதி, பருவம் மற்றும் பாசன வசதியை வைத்து எடுக்க வேண்டும். முதலில் மண் பரிசோதனை, சரியான விதை, நிலத் தயாரிப்பு மற்றும் நீர் மேலாண்மையை திட்டமிடுங்கள்."
CA_00331,land_preparation,நிலத் தயாரிப்பு,brinjal,கத்தரிக்காய்,black,கரிசல் மண்,"கத்தரிக்காய் தொடர்பான முடிவை கரிசல் மண், Tamil Nadu பகுதி, பருவம் மற்றும் பாசன வசதியை வைத்து எடுக்க வேண்டும். முதலில் மண் பரிசோதனை, சரியான விதை, நிலத் தயாரிப்பு மற்றும் நீர் மேலாண்மையை திட்டமிடுங்கள்."
CA_00332,land_preparation,நிலத் தயாரிப்பு,brinjal,கத்தரிக்காய்,alluvial,வண்டல் மண்,"கத்தரிக்காய் தொடர்பான முடிவை வண்டல் மண், Tamil Nadu பகுதி, பருவம் மற்றும் பாசன வசதியை வைத்து எடுக்க வேண்டும். முதலில் மண் பரிசோதனை, சரியான விதை, நிலத் தயாரிப்பு மற்றும் நீர் மேலாண்மையை திட்டமிடுங்கள்."
CA_00333,land_preparation,நிலத் தயாரிப்பு,brinjal,கத்தரிக்காய்,sandy,மணல் மண்,"கத்தரிக்காய் தொடர்பான முடிவை மணல் மண், Tamil Nadu பகுதி, பருவம் மற்றும் பாசன வசதியை வைத்து எடுக்க வேண்டும். முதலில் மண் பரிசோதனை, சரியான விதை, நிலத் தயாரிப்பு மற்றும் நீர் மேலாண்மையை திட்டமிடுங்கள்."
CA_00334,land_preparation,நிலத் தயாரிப்பு,brinjal,கத்தரிக்காய்,clay,களிமண்,"கத்தரிக்காய் தொடர்பான முடிவை களிமண், Tamil Nadu பகுதி, பருவம் மற்றும் பாசன வசதியை வைத்து எடுக்க வேண்டும். முதலில் மண் பரிசோதனை, சரியான விதை, நிலத் தயாரிப்பு மற்றும் நீர் மேலாண்மையை திட்டமிடுங்கள்."
CA_00335,land_preparation,நிலத் தயாரிப்பு,brinjal,கத்தரிக்காய்,loamy,கலப்பு மண்,"கத்தரிக்காய் தொடர்பான முடிவை கலப்பு மண், Tamil Nadu பகுதி, பருவம் மற்றும் பாசன வசதியை வைத்து எடுக்க வேண்டும். முதலில் மண் பரிசோதனை, சரியான விதை, நிலத் தயாரிப்பு மற்றும் நீர் மேலாண்மையை திட்டமிடுங்கள்."
CA_00336,land_preparation,நிலத் தயாரிப்பு,brinjal,கத்தரிக்காய்,laterite,சரளை மண்,"கத்தரிக்காய் தொடர்பான முடிவை சரளை மண், Tamil Nadu பகுதி, பருவம் மற்றும் பாசன வசதியை வைத்து எடுக்க வேண்டும். முதலில் மண் பரிசோதனை, சரியான விதை, நிலத் தயாரிப்பு மற்றும் நீர் மேலாண்மையை திட்டமிடுங்கள்."
CA_00337,land_preparation,நிலத் தயாரிப்பு,okra,வெண்டைக்காய்,red,செம்மண்,"வெண்டைக்காய் தொடர்பான முடிவை செம்மண், Tamil Nadu பகுதி, பருவம் மற்றும் பாசன வசதியை வைத்து எடுக்க வேண்டும். முதலில் மண் பரிசோதனை, சரியான விதை, நிலத் தயாரிப்பு மற்றும் நீர் மேலாண்மையை திட்டமிடுங்கள்."
CA_00338,land_preparation,நிலத் தயாரிப்பு,okra,வெண்டைக்காய்,black,கரிசல் மண்,"வெண்டைக்காய் தொடர்பான முடிவை கரிசல் மண், Tamil Nadu பகுதி, பருவம் மற்றும் பாசன வசதியை வைத்து எடுக்க வேண்டும். முதலில் மண் பரிசோதனை, சரியான விதை, நிலத் தயாரிப்பு மற்றும் நீர் மேலாண்மையை திட்டமிடுங்கள்."
CA_00339,land_preparation,நிலத் தயாரிப்பு,okra,வெண்டைக்காய்,alluvial,வண்டல் மண்,"வெண்டைக்காய் தொடர்பான முடிவை வண்டல் மண், Tamil Nadu பகுதி, பருவம் மற்றும் பாசன வசதியை வைத்து எடுக்க வேண்டும். முதலில் மண் பரிசோதனை, சரியான விதை, நிலத் தயாரிப்பு மற்றும் நீர் மேலாண்மையை திட்டமிடுங்கள்."
CA_00340,land_preparation,நிலத் தயாரிப்பு,okra,வெண்டைக்காய்,sandy,மணல் மண்,"வெண்டைக்காய் தொடர்பான முடிவை மணல் மண், Tamil Nadu பகுதி, பருவம் மற்றும் பாசன வசதியை வைத்து எடுக்க வேண்டும். முதலில் மண் பரிசோதனை, சரியான விதை, நிலத் தயாரிப்பு மற்றும் நீர் மேலாண்மையை திட்டமிடுங்கள்."
CA_00341,land_preparation,நிலத் தயாரிப்பு,okra,வெண்டைக்காய்,clay,களிமண்,"வெண்டைக்காய் தொடர்பான முடிவை களிமண், Tamil Nadu பகுதி, பருவம் மற்றும் பாசன வசதியை வைத்து எடுக்க வேண்டும். முதலில் மண் பரிசோதனை, சரியான விதை, நிலத் தயாரிப்பு மற்றும் நீர் மேலாண்மையை திட்டமிடுங்கள்."
CA_00342,land_preparation,நிலத் தயாரிப்பு,okra,வெண்டைக்காய்,loamy,கலப்பு மண்,"வெண்டைக்காய் தொடர்பான முடிவை கலப்பு மண், Tamil Nadu பகுதி, பருவம் மற்றும் பாசன வசதியை வைத்து எடுக்க வேண்டும். முதலில் மண் பரிசோதனை, சரியான விதை, நிலத் தயாரிப்பு மற்றும் நீர் மேலாண்மையை திட்டமிடுங்கள்."
CA_00343,land_preparation,நிலத் தயாரிப்பு,okra,வெண்டைக்காய்,laterite,சரளை மண்,"வெண்டைக்காய் தொடர்பான முடிவை சரளை மண், Tamil Nadu பகுதி, பருவம் மற்றும் பாசன வசதியை வைத்து எடுக்க வேண்டும். முதலில் மண் பரிசோதனை, சரியான விதை, நிலத் தயாரிப்பு மற்றும் நீர் மேலாண்மையை திட்டமிடுங்கள்."
CA_00344,land_preparation,நிலத் தயாரிப்பு,coconut,தேங்காய்,red,செம்மண்,"தேங்காய் தொடர்பான முடிவை செம்மண், Tamil Nadu பகுதி, பருவம் மற்றும் பாசன வசதியை வைத்து எடுக்க வேண்டும். முதலில் மண் பரிசோதனை, சரியான விதை, நிலத் தயாரிப்பு மற்றும் நீர் மேலாண்மையை திட்டமிடுங்கள்."
CA_00345,land_preparation,நிலத் தயாரிப்பு,coconut,தேங்காய்,black,கரிசல் மண்,"தேங்காய் தொடர்பான முடிவை கரிசல் மண், Tamil Nadu பகுதி, பருவம் மற்றும் பாசன வசதியை வைத்து எடுக்க வேண்டும். முதலில் மண் பரிசோதனை, சரியான விதை, நிலத் தயாரிப்பு மற்றும் நீர் மேலாண்மையை திட்டமிடுங்கள்."
CA_00346,land_preparation,நிலத் தயாரிப்பு,coconut,தேங்காய்,alluvial,வண்டல் மண்,"தேங்காய் தொடர்பான முடிவை வண்டல் மண், Tamil Nadu பகுதி, பருவம் மற்றும் பாசன வசதியை வைத்து எடுக்க வேண்டும். முதலில் மண் பரிசோதனை, சரியான விதை, நிலத் தயாரிப்பு மற்றும் நீர் மேலாண்மையை திட்டமிடுங்கள்."
CA_00347,land_preparation,நிலத் தயாரிப்பு,coconut,தேங்காய்,sandy,மணல் மண்,"தேங்காய் தொடர்பான முடிவை மணல் மண், Tamil Nadu பகுதி, பருவம் மற்றும் பாசன வசதியை வைத்து எடுக்க வேண்டும். முதலில் மண் பரிசோதனை, சரியான விதை, நிலத் தயாரிப்பு மற்றும் நீர் மேலாண்மையை திட்டமிடுங்கள்."
CA_00348,land_preparation,நிலத் தயாரிப்பு,coconut,தேங்காய்,clay,களிமண்,"தேங்காய் தொடர்பான முடிவை களிமண், Tamil Nadu பகுதி, பருவம் மற்றும் பாசன வசதியை வைத்து எடுக்க வேண்டும். முதலில் மண் பரிசோதனை, சரியான விதை, நிலத் தயாரிப்பு மற்றும் நீர் மேலாண்மையை திட்டமிடுங்கள்."
CA_00349,land_preparation,நிலத் தயாரிப்பு,coconut,தேங்காய்,loamy,கலப்பு மண்,"தேங்காய் தொடர்பான முடிவை கலப்பு மண், Tamil Nadu பகுதி, பருவம் மற்றும் பாசன வசதியை வைத்து எடுக்க வேண்டும். முதலில் மண் பரிசோதனை, சரியான விதை, நிலத் தயாரிப்பு மற்றும் நீர் மேலாண்மையை திட்டமிடுங்கள்."
CA_00350,land_preparation,நிலத் தயாரிப்பு,coconut,தேங்காய்,laterite,சரளை மண்,"தேங்காய் தொடர்பான முடிவை சரளை மண், Tamil Nadu பகுதி, பருவம் மற்றும் பாசன வசதியை வைத்து எடுக்க வேண்டும். முதலில் மண் பரிசோதனை, சரியான விதை, நிலத் தயாரிப்பு மற்றும் நீர் மேலாண்மையை திட்டமிடுங்கள்."
CA_00351,land_preparation,நிலத் தயாரிப்பு,pulses,பயறு,red,செம்மண்,"பயறு தொடர்பான முடிவை செம்மண், Tamil Nadu பகுதி, பருவம் மற்றும் பாசன வசதியை வைத்து எடுக்க வேண்டும். முதலில் மண் பரிசோதனை, சரியான விதை, நிலத் தயாரிப்பு மற்றும் நீர் மேலாண்மையை திட்டமிடுங்கள்."
CA_00352,land_preparation,நிலத் தயாரிப்பு,pulses,பயறு,black,கரிசல் மண்,"பயறு தொடர்பான முடிவை கரிசல் மண், Tamil Nadu பகுதி, பருவம் மற்றும் பாசன வசதியை வைத்து எடுக்க வேண்டும். முதலில் மண் பரிசோதனை, சரியான விதை, நிலத் தயாரிப்பு மற்றும் நீர் மேலாண்மையை திட்டமிடுங்கள்."
CA_00353,land_preparation,நிலத் தயாரிப்பு,pulses,பயறு,alluvial,வண்டல் மண்,"பயறு தொடர்பான முடிவை வண்டல் மண், Tamil Nadu பகுதி, பருவம் மற்றும் பாசன வசதியை வைத்து எடுக்க வேண்டும். முதலில் மண் பரிசோதனை, சரியான விதை, நிலத் தயாரிப்பு மற்றும் நீர் மேலாண்மையை திட்டமிடுங்கள்."
CA_00354,land_preparation,நிலத் தயாரிப்பு,pulses,பயறு,sandy,மணல் மண்,"பயறு தொடர்பான முடிவை மணல் மண், Tamil Nadu பகுதி, பருவம் மற்றும் பாசன வசதியை வைத்து எடுக்க வேண்டும். முதலில் மண் பரிசோதனை, சரியான விதை, நிலத் தயாரிப்பு மற்றும் நீர் மேலாண்மையை திட்டமிடுங்கள்."
CA_00355,land_preparation,நிலத் தயாரிப்பு,pulses,பயறு,clay,களிமண்,"பயறு தொடர்பான முடிவை களிமண், Tamil Nadu பகுதி, பருவம் மற்றும் பாசன வசதியை வைத்து எடுக்க வேண்டும். முதலில் மண் பரிசோதனை, சரியான விதை, நிலத் தயாரிப்பு மற்றும் நீர் மேலாண்மையை திட்டமிடுங்கள்."
CA_00356,land_preparation,நிலத் தயாரிப்பு,pulses,பயறு,loamy,கலப்பு மண்,"பயறு தொடர்பான முடிவை கலப்பு மண், Tamil Nadu பகுதி, பருவம் மற்றும் பாசன வசதியை வைத்து எடுக்க வேண்டும். முதலில் மண் பரிசோதனை, சரியான விதை, நிலத் தயாரிப்பு மற்றும் நீர் மேலாண்மையை திட்டமிடுங்கள்."
CA_00357,land_preparation,நிலத் தயாரிப்பு,pulses,பயறு,laterite,சரளை மண்,"பயறு தொடர்பான முடிவை சரளை மண், Tamil Nadu பகுதி, பருவம் மற்றும் பாசன வசதியை வைத்து எடுக்க வேண்டும். முதலில் மண் பரிசோதனை, சரியான விதை, நிலத் தயாரிப்பு மற்றும் நீர் மேலாண்மையை திட்டமிடுங்கள்."
CA_00358,land_preparation,நிலத் தயாரிப்பு,sesame,எள்,red,செம்மண்,"எள் தொடர்பான முடிவை செம்மண், Tamil Nadu பகுதி, பருவம் மற்றும் பாசன வசதியை வைத்து எடுக்க வேண்டும். முதலில் மண் பரிசோதனை, சரியான விதை, நிலத் தயாரிப்பு மற்றும் நீர் மேலாண்மையை திட்டமிடுங்கள்."
CA_00359,land_preparation,நிலத் தயாரிப்பு,sesame,எள்,black,கரிசல் மண்,"எள் தொடர்பான முடிவை கரிசல் மண், Tamil Nadu பகுதி, பருவம் மற்றும் பாசன வசதியை வைத்து எடுக்க வேண்டும். முதலில் மண் பரிசோதனை, சரியான விதை, நிலத் தயாரிப்பு மற்றும் நீர் மேலாண்மையை திட்டமிடுங்கள்."
CA_00360,land_preparation,நிலத் தயாரிப்பு,sesame,எள்,alluvial,வண்டல் மண்,"எள் தொடர்பான முடிவை வண்டல் மண், Tamil Nadu பகுதி, பருவம் மற்றும் பாசன வசதியை வைத்து எடுக்க வேண்டும். முதலில் மண் பரிசோதனை, சரியான விதை, நிலத் தயாரிப்பு மற்றும் நீர் மேலாண்மையை திட்டமிடுங்கள்."
CA_00361,land_preparation,நிலத் தயாரிப்பு,sesame,எள்,sandy,மணல் மண்,"எள் தொடர்பான முடிவை மணல் மண், Tamil Nadu பகுதி, பருவம் மற்றும் பாசன வசதியை வைத்து எடுக்க வேண்டும். முதலில் மண் பரிசோதனை, சரியான விதை, நிலத் தயாரிப்பு மற்றும் நீர் மேலாண்மையை திட்டமிடுங்கள்."
CA_00362,land_preparation,நிலத் தயாரிப்பு,sesame,எள்,clay,களிமண்,"எள் தொடர்பான முடிவை களிமண், Tamil Nadu பகுதி, பருவம் மற்றும் பாசன வசதியை வைத்து எடுக்க வேண்டும். முதலில் மண் பரிசோதனை, சரியான விதை, நிலத் தயாரிப்பு மற்றும் நீர் மேலாண்மையை திட்டமிடுங்கள்."
CA_00363,land_preparation,நிலத் தயாரிப்பு,sesame,எள்,loamy,கலப்பு மண்,"எள் தொடர்பான முடிவை கலப்பு மண், Tamil Nadu பகுதி, பருவம் மற்றும் பாசன வசதியை வைத்து எடுக்க வேண்டும். முதலில் மண் பரிசோதனை, சரியான விதை, நிலத் தயாரிப்பு மற்றும் நீர் மேலாண்மையை திட்டமிடுங்கள்."
CA_00364,land_preparation,நிலத் தயாரிப்பு,sesame,எள்,laterite,சரளை மண்,"எள் தொடர்பான முடிவை சரளை மண், Tamil Nadu பகுதி, பருவம் மற்றும் பாசன வசதியை வைத்து எடுக்க வேண்டும். முதலில் மண் பரிசோதனை, சரியான விதை, நிலத் தயாரிப்பு மற்றும் நீர் மேலாண்மையை திட்டமிடுங்கள்."
CA_00365,land_preparation,நிலத் தயாரிப்பு,tapioca,மரவள்ளி,red,செம்மண்,"மரவள்ளி தொடர்பான முடிவை செம்மண், Tamil Nadu பகுதி, பருவம் மற்றும் பாசன வசதியை வைத்து எடுக்க வேண்டும். முதலில் மண் பரிசோதனை, சரியான விதை, நிலத் தயாரிப்பு மற்றும் நீர் மேலாண்மையை திட்டமிடுங்கள்."
CA_00366,land_preparation,நிலத் தயாரிப்பு,tapioca,மரவள்ளி,black,கரிசல் மண்,"மரவள்ளி தொடர்பான முடிவை கரிசல் மண், Tamil Nadu பகுதி, பருவம் மற்றும் பாசன வசதியை வைத்து எடுக்க வேண்டும். முதலில் மண் பரிசோதனை, சரியான விதை, நிலத் தயாரிப்பு மற்றும் நீர் மேலாண்மையை திட்டமிடுங்கள்."
CA_00367,land_preparation,நிலத் தயாரிப்பு,tapioca,மரவள்ளி,alluvial,வண்டல் மண்,"மரவள்ளி தொடர்பான முடிவை வண்டல் மண், Tamil Nadu பகுதி, பருவம் மற்றும் பாசன வசதியை வைத்து எடுக்க வேண்டும். முதலில் மண் பரிசோதனை, சரியான விதை, நிலத் தயாரிப்பு மற்றும் நீர் மேலாண்மையை திட்டமிடுங்கள்."
CA_00368,land_preparation,நிலத் தயாரிப்பு,tapioca,மரவள்ளி,sandy,மணல் மண்,"மரவள்ளி தொடர்பான முடிவை மணல் மண், Tamil Nadu பகுதி, பருவம் மற்றும் பாசன வசதியை வைத்து எடுக்க வேண்டும். முதலில் மண் பரிசோதனை, சரியான விதை, நிலத் தயாரிப்பு மற்றும் நீர் மேலாண்மையை திட்டமிடுங்கள்."
CA_00369,land_preparation,நிலத் தயாரிப்பு,tapioca,மரவள்ளி,clay,களிமண்,"மரவள்ளி தொடர்பான முடிவை களிமண், Tamil Nadu பகுதி, பருவம் மற்றும் பாசன வசதியை வைத்து எடுக்க வேண்டும். முதலில் மண் பரிசோதனை, சரியான விதை, நிலத் தயாரிப்பு மற்றும் நீர் மேலாண்மையை திட்டமிடுங்கள்."
CA_00370,land_preparation,நிலத் தயாரிப்பு,tapioca,மரவள்ளி,loamy,கலப்பு மண்,"மரவள்ளி தொடர்பான முடிவை கலப்பு மண், Tamil Nadu பகுதி, பருவம் மற்றும் பாசன வசதியை வைத்து எடுக்க வேண்டும். முதலில் மண் பரிசோதனை, சரியான விதை, நிலத் தயாரிப்பு மற்றும் நீர் மேலாண்மையை திட்டமிடுங்கள்."
CA_00371,land_preparation,நிலத் தயாரிப்பு,tapioca,மரவள்ளி,laterite,சரளை மண்,"மரவள்ளி தொடர்பான முடிவை சரளை மண், Tamil Nadu பகுதி, பருவம் மற்றும் பாசன வசதியை வைத்து எடுக்க வேண்டும். முதலில் மண் பரிசோதனை, சரியான விதை, நிலத் தயாரிப்பு மற்றும் நீர் மேலாண்மையை திட்டமிடுங்கள்."
CA_00372,land_preparation,நிலத் தயாரிப்பு,drumstick,முருங்கை,red,செம்மண்,"முருங்கை தொடர்பான முடிவை செம்மண், Tamil Nadu பகுதி, பருவம் மற்றும் பாசன வசதியை வைத்து எடுக்க வேண்டும். முதலில் மண் பரிசோதனை, சரியான விதை, நிலத் தயாரிப்பு மற்றும் நீர் மேலாண்மையை திட்டமிடுங்கள்."
CA_00373,land_preparation,நிலத் தயாரிப்பு,drumstick,முருங்கை,black,கரிசல் மண்,"முருங்கை தொடர்பான முடிவை கரிசல் மண், Tamil Nadu பகுதி, பருவம் மற்றும் பாசன வசதியை வைத்து எடுக்க வேண்டும். முதலில் மண் பரிசோதனை, சரியான விதை, நிலத் தயாரிப்பு மற்றும் நீர் மேலாண்மையை திட்டமிடுங்கள்."
CA_00374,land_preparation,நிலத் தயாரிப்பு,drumstick,முருங்கை,alluvial,வண்டல் மண்,"முருங்கை தொடர்பான முடிவை வண்டல் மண், Tamil Nadu பகுதி, பருவம் மற்றும் பாசன வசதியை வைத்து எடுக்க வேண்டும். முதலில் மண் பரிசோதனை, சரியான விதை, நிலத் தயாரிப்பு மற்றும் நீர் மேலாண்மையை திட்டமிடுங்கள்."
CA_00375,land_preparation,நிலத் தயாரிப்பு,drumstick,முருங்கை,sandy,மணல் மண்,"முருங்கை தொடர்பான முடிவை மணல் மண், Tamil Nadu பகுதி, பருவம் மற்றும் பாசன வசதியை வைத்து எடுக்க வேண்டும். முதலில் மண் பரிசோதனை, சரியான விதை, நிலத் தயாரிப்பு மற்றும் நீர் மேலாண்மையை திட்டமிடுங்கள்."
CA_00376,land_preparation,நிலத் தயாரிப்பு,drumstick,முருங்கை,clay,களிமண்,"முருங்கை தொடர்பான முடிவை களிமண், Tamil Nadu பகுதி, பருவம் மற்றும் பாசன வசதியை வைத்து எடுக்க வேண்டும். முதலில் மண் பரிசோதனை, சரியான விதை, நிலத் தயாரிப்பு மற்றும் நீர் மேலாண்மையை திட்டமிடுங்கள்."
CA_00377,land_preparation,நிலத் தயாரிப்பு,drumstick,முருங்கை,loamy,கலப்பு மண்,"முருங்கை தொடர்பான முடிவை கலப்பு மண், Tamil Nadu பகுதி, பருவம் மற்றும் பாசன வசதியை வைத்து எடுக்க வேண்டும். முதலில் மண் பரிசோதனை, சரியான விதை, நிலத் தயாரிப்பு மற்றும் நீர் மேலாண்மையை திட்டமிடுங்கள்."
CA_00378,land_preparation,நிலத் தயாரிப்பு,drumstick,முருங்கை,laterite,சரளை மண்,"முருங்கை தொடர்பான முடிவை சரளை மண், Tamil Nadu பகுதி, பருவம் மற்றும் பாசன வசதியை வைத்து எடுக்க வேண்டும். முதலில் மண் பரிசோதனை, சரியான விதை, நிலத் தயாரிப்பு மற்றும் நீர் மேலாண்மையை திட்டமிடுங்கள்."
CA_00379,seed_variety,விதை ரகம்,rice,நெல்,red,செம்மண்,"நெல் தொடர்பான முடிவை செம்மண், Tamil Nadu பகுதி, பருவம் மற்றும் பாசன வசதியை வைத்து எடுக்க வேண்டும். முதலில் மண் பரிசோதனை, சரியான விதை, நிலத் தயாரிப்பு மற்றும் நீர் மேலாண்மையை திட்டமிடுங்கள்."
CA_00380,seed_variety,விதை ரகம்,rice,நெல்,black,கரிசல் மண்,"நெல் தொடர்பான முடிவை கரிசல் மண், Tamil Nadu பகுதி, பருவம் மற்றும் பாசன வசதியை வைத்து எடுக்க வேண்டும். முதலில் மண் பரிசோதனை, சரியான விதை, நிலத் தயாரிப்பு மற்றும் நீர் மேலாண்மையை திட்டமிடுங்கள்."
CA_00381,seed_variety,விதை ரகம்,rice,நெல்,alluvial,வண்டல் மண்,"நெல் தொடர்பான முடிவை வண்டல் மண், Tamil Nadu பகுதி, பருவம் மற்றும் பாசன வசதியை வைத்து எடுக்க வேண்டும். முதலில் மண் பரிசோதனை, சரியான விதை, நிலத் தயாரிப்பு மற்றும் நீர் மேலாண்மையை திட்டமிடுங்கள்."
CA_00382,seed_variety,விதை ரகம்,rice,நெல்,sandy,மணல் மண்,"நெல் தொடர்பான முடிவை மணல் மண், Tamil Nadu பகுதி, பருவம் மற்றும் பாசன வசதியை வைத்து எடுக்க வேண்டும். முதலில் மண் பரிசோதனை, சரியான விதை, நிலத் தயாரிப்பு மற்றும் நீர் மேலாண்மையை திட்டமிடுங்கள்."
CA_00383,seed_variety,விதை ரகம்,rice,நெல்,clay,களிமண்,"நெல் தொடர்பான முடிவை களிமண், Tamil Nadu பகுதி, பருவம் மற்றும் பாசன வசதியை வைத்து எடுக்க வேண்டும். முதலில் மண் பரிசோதனை, சரியான விதை, நிலத் தயாரிப்பு மற்றும் நீர் மேலாண்மையை திட்டமிடுங்கள்."
CA_00384,seed_variety,விதை ரகம்,rice,நெல்,loamy,கலப்பு மண்,"நெல் தொடர்பான முடிவை கலப்பு மண், Tamil Nadu பகுதி, பருவம் மற்றும் பாசன வசதியை வைத்து எடுக்க வேண்டும். முதலில் மண் பரிசோதனை, சரியான விதை, நிலத் தயாரிப்பு மற்றும் நீர் மேலாண்மையை திட்டமிடுங்கள்."
CA_00385,seed_variety,விதை ரகம்,rice,நெல்,laterite,சரளை மண்,"நெல் தொடர்பான முடிவை சரளை மண், Tamil Nadu பகுதி, பருவம் மற்றும் பாசன வசதியை வைத்து எடுக்க வேண்டும். முதலில் மண் பரிசோதனை, சரியான விதை, நிலத் தயாரிப்பு மற்றும் நீர் மேலாண்மையை திட்டமிடுங்கள்."
CA_00386,seed_variety,விதை ரகம்,banana,வாழை,red,செம்மண்,"வாழை தொடர்பான முடிவை செம்மண், Tamil Nadu பகுதி, பருவம் மற்றும் பாசன வசதியை வைத்து எடுக்க வேண்டும். முதலில் மண் பரிசோதனை, சரியான விதை, நிலத் தயாரிப்பு மற்றும் நீர் மேலாண்மையை திட்டமிடுங்கள்."
CA_00387,seed_variety,விதை ரகம்,banana,வாழை,black,கரிசல் மண்,"வாழை தொடர்பான முடிவை கரிசல் மண், Tamil Nadu பகுதி, பருவம் மற்றும் பாசன வசதியை வைத்து எடுக்க வேண்டும். முதலில் மண் பரிசோதனை, சரியான விதை, நிலத் தயாரிப்பு மற்றும் நீர் மேலாண்மையை திட்டமிடுங்கள்."
CA_00388,seed_variety,விதை ரகம்,banana,வாழை,alluvial,வண்டல் மண்,"வாழை தொடர்பான முடிவை வண்டல் மண், Tamil Nadu பகுதி, பருவம் மற்றும் பாசன வசதியை வைத்து எடுக்க வேண்டும். முதலில் மண் பரிசோதனை, சரியான விதை, நிலத் தயாரிப்பு மற்றும் நீர் மேலாண்மையை திட்டமிடுங்கள்."
CA_00389,seed_variety,விதை ரகம்,banana,வாழை,sandy,மணல் மண்,"வாழை தொடர்பான முடிவை மணல் மண், Tamil Nadu பகுதி, பருவம் மற்றும் பாசன வசதியை வைத்து எடுக்க வேண்டும். முதலில் மண் பரிசோதனை, சரியான விதை, நிலத் தயாரிப்பு மற்றும் நீர் மேலாண்மையை திட்டமிடுங்கள்."
CA_00390,seed_variety,விதை ரகம்,banana,வாழை,clay,களிமண்,"வாழை தொடர்பான முடிவை களிமண், Tamil Nadu பகுதி, பருவம் மற்றும் பாசன வசதியை வைத்து எடுக்க வேண்டும். முதலில் மண் பரிசோதனை, சரியான விதை, நிலத் தயாரிப்பு மற்றும் நீர் மேலாண்மையை திட்டமிடுங்கள்."
CA_00391,seed_variety,விதை ரகம்,banana,வாழை,loamy,கலப்பு மண்,"வாழை தொடர்பான முடிவை கலப்பு மண், Tamil Nadu பகுதி, பருவம் மற்றும் பாசன வசதியை வைத்து எடுக்க வேண்டும். முதலில் மண் பரிசோதனை, சரியான விதை, நிலத் தயாரிப்பு மற்றும் நீர் மேலாண்மையை திட்டமிடுங்கள்."
CA_00392,seed_variety,விதை ரகம்,banana,வாழை,laterite,சரளை மண்,"வாழை தொடர்பான முடிவை சரளை மண், Tamil Nadu பகுதி, பருவம் மற்றும் பாசன வசதியை வைத்து எடுக்க வேண்டும். முதலில் மண் பரிசோதனை, சரியான விதை, நிலத் தயாரிப்பு மற்றும் நீர் மேலாண்மையை திட்டமிடுங்கள்."
CA_00393,seed_variety,விதை ரகம்,sugarcane,கரும்பு,red,செம்மண்,"கரும்பு தொடர்பான முடிவை செம்மண், Tamil Nadu பகுதி, பருவம் மற்றும் பாசன வசதியை வைத்து எடுக்க வேண்டும். முதலில் மண் பரிசோதனை, சரியான விதை, நிலத் தயாரிப்பு மற்றும் நீர் மேலாண்மையை திட்டமிடுங்கள்."
CA_00394,seed_variety,விதை ரகம்,sugarcane,கரும்பு,black,கரிசல் மண்,"கரும்பு தொடர்பான முடிவை கரிசல் மண், Tamil Nadu பகுதி, பருவம் மற்றும் பாசன வசதியை வைத்து எடுக்க வேண்டும். முதலில் மண் பரிசோதனை, சரியான விதை, நிலத் தயாரிப்பு மற்றும் நீர் மேலாண்மையை திட்டமிடுங்கள்."
CA_00395,seed_variety,விதை ரகம்,sugarcane,கரும்பு,alluvial,வண்டல் மண்,"கரும்பு தொடர்பான முடிவை வண்டல் மண், Tamil Nadu பகுதி, பருவம் மற்றும் பாசன வசதியை வைத்து எடுக்க வேண்டும். முதலில் மண் பரிசோதனை, சரியான விதை, நிலத் தயாரிப்பு மற்றும் நீர் மேலாண்மையை திட்டமிடுங்கள்."
CA_00396,seed_variety,விதை ரகம்,sugarcane,கரும்பு,sandy,மணல் மண்,"கரும்பு தொடர்பான முடிவை மணல் மண், Tamil Nadu பகுதி, பருவம் மற்றும் பாசன வசதியை வைத்து எடுக்க வேண்டும். முதலில் மண் பரிசோதனை, சரியான விதை, நிலத் தயாரிப்பு மற்றும் நீர் மேலாண்மையை திட்டமிடுங்கள்."
CA_00397,seed_variety,விதை ரகம்,sugarcane,கரும்பு,clay,களிமண்,"கரும்பு தொடர்பான முடிவை களிமண், Tamil Nadu பகுதி, பருவம் மற்றும் பாசன வசதியை வைத்து எடுக்க வேண்டும். முதலில் மண் பரிசோதனை, சரியான விதை, நிலத் தயாரிப்பு மற்றும் நீர் மேலாண்மையை திட்டமிடுங்கள்."
CA_00398,seed_variety,விதை ரகம்,sugarcane,கரும்பு,loamy,கலப்பு மண்,"கரும்பு தொடர்பான முடிவை கலப்பு மண், Tamil Nadu பகுதி, பருவம் மற்றும் பாசன வசதியை வைத்து எடுக்க வேண்டும். முதலில் மண் பரிசோதனை, சரியான விதை, நிலத் தயாரிப்பு மற்றும் நீர் மேலாண்மையை திட்டமிடுங்கள்."
CA_00399,seed_variety,விதை ரகம்,sugarcane,கரும்பு,laterite,சரளை மண்,"கரும்பு தொடர்பான முடிவை சரளை மண், Tamil Nadu பகுதி, பருவம் மற்றும் பாசன வசதியை வைத்து எடுக்க வேண்டும். முதலில் மண் பரிசோதனை, சரியான விதை, நிலத் தயாரிப்பு மற்றும் நீர் மேலாண்மையை திட்டமிடுங்கள்."
CA_00400,seed_variety,விதை ரகம்,cotton,பருத்தி,red,செம்மண்,"பருத்தி தொடர்பான முடிவை செம்மண், Tamil Nadu பகுதி, பருவம் மற்றும் பாசன வசதியை வைத்து எடுக்க வேண்டும். முதலில் மண் பரிசோதனை, சரியான விதை, நிலத் தயாரிப்பு மற்றும் நீர் மேலாண்மையை திட்டமிடுங்கள்."
CA_00401,seed_variety,விதை ரகம்,cotton,பருத்தி,black,கரிசல் மண்,"பருத்தி தொடர்பான முடிவை கரிசல் மண், Tamil Nadu பகுதி, பருவம் மற்றும் பாசன வசதியை வைத்து எடுக்க வேண்டும். முதலில் மண் பரிசோதனை, சரியான விதை, நிலத் தயாரிப்பு மற்றும் நீர் மேலாண்மையை திட்டமிடுங்கள்."
CA_00402,seed_variety,விதை ரகம்,cotton,பருத்தி,alluvial,வண்டல் மண்,"பருத்தி தொடர்பான முடிவை வண்டல் மண், Tamil Nadu பகுதி, பருவம் மற்றும் பாசன வசதியை வைத்து எடுக்க வேண்டும். முதலில் மண் பரிசோதனை, சரியான விதை, நிலத் தயாரிப்பு மற்றும் நீர் மேலாண்மையை திட்டமிடுங்கள்."
CA_00403,seed_variety,விதை ரகம்,cotton,பருத்தி,sandy,மணல் மண்,"பருத்தி தொடர்பான முடிவை மணல் மண், Tamil Nadu பகுதி, பருவம் மற்றும் பாசன வசதியை வைத்து எடுக்க வேண்டும். முதலில் மண் பரிசோதனை, சரியான விதை, நிலத் தயாரிப்பு மற்றும் நீர் மேலாண்மையை திட்டமிடுங்கள்."
CA_00404,seed_variety,விதை ரகம்,cotton,பருத்தி,clay,களிமண்,"பருத்தி தொடர்பான முடிவை களிமண், Tamil Nadu பகுதி, பருவம் மற்றும் பாசன வசதியை வைத்து எடுக்க வேண்டும். முதலில் மண் பரிசோதனை, சரியான விதை, நிலத் தயாரிப்பு மற்றும் நீர் மேலாண்மையை திட்டமிடுங்கள்."
CA_00405,seed_variety,விதை ரகம்,cotton,பருத்தி,loamy,கலப்பு மண்,"பருத்தி தொடர்பான முடிவை கலப்பு மண், Tamil Nadu பகுதி, பருவம் மற்றும் பாசன வசதியை வைத்து எடுக்க வேண்டும். முதலில் மண் பரிசோதனை, சரியான விதை, நிலத் தயாரிப்பு மற்றும் நீர் மேலாண்மையை திட்டமிடுங்கள்."
CA_00406,seed_variety,விதை ரகம்,cotton,பருத்தி,laterite,சரளை மண்,"பருத்தி தொடர்பான முடிவை சரளை மண், Tamil Nadu பகுதி, பருவம் மற்றும் பாசன வசதியை வைத்து எடுக்க வேண்டும். முதலில் மண் பரிசோதனை, சரியான விதை, நிலத் தயாரிப்பு மற்றும் நீர் மேலாண்மையை திட்டமிடுங்கள்."
CA_00407,seed_variety,விதை ரகம்,groundnut,நிலக்கடலை,red,செம்மண்,"நிலக்கடலை தொடர்பான முடிவை செம்மண், Tamil Nadu பகுதி, பருவம் மற்றும் பாசன வசதியை வைத்து எடுக்க வேண்டும். முதலில் மண் பரிசோதனை, சரியான விதை, நிலத் தயாரிப்பு மற்றும் நீர் மேலாண்மையை திட்டமிடுங்கள்."
CA_00408,seed_variety,விதை ரகம்,groundnut,நிலக்கடலை,black,கரிசல் மண்,"நிலக்கடலை தொடர்பான முடிவை கரிசல் மண், Tamil Nadu பகுதி, பருவம் மற்றும் பாசன வசதியை வைத்து எடுக்க வேண்டும். முதலில் மண் பரிசோதனை, சரியான விதை, நிலத் தயாரிப்பு மற்றும் நீர் மேலாண்மையை திட்டமிடுங்கள்."
CA_00409,seed_variety,விதை ரகம்,groundnut,நிலக்கடலை,alluvial,வண்டல் மண்,"நிலக்கடலை தொடர்பான முடிவை வண்டல் மண், Tamil Nadu பகுதி, பருவம் மற்றும் பாசன வசதியை வைத்து எடுக்க வேண்டும். முதலில் மண் பரிசோதனை, சரியான விதை, நிலத் தயாரிப்பு மற்றும் நீர் மேலாண்மையை திட்டமிடுங்கள்."
CA_00410,seed_variety,விதை ரகம்,groundnut,நிலக்கடலை,sandy,மணல் மண்,"நிலக்கடலை தொடர்பான முடிவை மணல் மண், Tamil Nadu பகுதி, பருவம் மற்றும் பாசன வசதியை வைத்து எடுக்க வேண்டும். முதலில் மண் பரிசோதனை, சரியான விதை, நிலத் தயாரிப்பு மற்றும் நீர் மேலாண்மையை திட்டமிடுங்கள்."
CA_00411,seed_variety,விதை ரகம்,groundnut,நிலக்கடலை,clay,களிமண்,"நிலக்கடலை தொடர்பான முடிவை களிமண், Tamil Nadu பகுதி, பருவம் மற்றும் பாசன வசதியை வைத்து எடுக்க வேண்டும். முதலில் மண் பரிசோதனை, சரியான விதை, நிலத் தயாரிப்பு மற்றும் நீர் மேலாண்மையை திட்டமிடுங்கள்."
CA_00412,seed_variety,விதை ரகம்,groundnut,நிலக்கடலை,loamy,கலப்பு மண்,"நிலக்கடலை தொடர்பான முடிவை கலப்பு மண், Tamil Nadu பகுதி, பருவம் மற்றும் பாசன வசதியை வைத்து எடுக்க வேண்டும். முதலில் மண் பரிசோதனை, சரியான விதை, நிலத் தயாரிப்பு மற்றும் நீர் மேலாண்மையை திட்டமிடுங்கள்."
CA_00413,seed_variety,விதை ரகம்,groundnut,நிலக்கடலை,laterite,சரளை மண்,"நிலக்கடலை தொடர்பான முடிவை சரளை மண், Tamil Nadu பகுதி, பருவம் மற்றும் பாசன வசதியை வைத்து எடுக்க வேண்டும். முதலில் மண் பரிசோதனை, சரியான விதை, நிலத் தயாரிப்பு மற்றும் நீர் மேலாண்மையை திட்டமிடுங்கள்."
CA_00414,seed_variety,விதை ரகம்,maize,மக்காச்சோளம்,red,செம்மண்,"மக்காச்சோளம் தொடர்பான முடிவை செம்மண், Tamil Nadu பகுதி, பருவம் மற்றும் பாசன வசதியை வைத்து எடுக்க வேண்டும். முதலில் மண் பரிசோதனை, சரியான விதை, நிலத் தயாரிப்பு மற்றும் நீர் மேலாண்மையை திட்டமிடுங்கள்."
CA_00415,seed_variety,விதை ரகம்,maize,மக்காச்சோளம்,black,கரிசல் மண்,"மக்காச்சோளம் தொடர்பான முடிவை கரிசல் மண், Tamil Nadu பகுதி, பருவம் மற்றும் பாசன வசதியை வைத்து எடுக்க வேண்டும். முதலில் மண் பரிசோதனை, சரியான விதை, நிலத் தயாரிப்பு மற்றும் நீர் மேலாண்மையை திட்டமிடுங்கள்."
CA_00416,seed_variety,விதை ரகம்,maize,மக்காச்சோளம்,alluvial,வண்டல் மண்,"மக்காச்சோளம் தொடர்பான முடிவை வண்டல் மண், Tamil Nadu பகுதி, பருவம் மற்றும் பாசன வசதியை வைத்து எடுக்க வேண்டும். முதலில் மண் பரிசோதனை, சரியான விதை, நிலத் தயாரிப்பு மற்றும் நீர் மேலாண்மையை திட்டமிடுங்கள்."
CA_00417,seed_variety,விதை ரகம்,maize,மக்காச்சோளம்,sandy,மணல் மண்,"மக்காச்சோளம் தொடர்பான முடிவை மணல் மண், Tamil Nadu பகுதி, பருவம் மற்றும் பாசன வசதியை வைத்து எடுக்க வேண்டும். முதலில் மண் பரிசோதனை, சரியான விதை, நிலத் தயாரிப்பு மற்றும் நீர் மேலாண்மையை திட்டமிடுங்கள்."
CA_00418,seed_variety,விதை ரகம்,maize,மக்காச்சோளம்,clay,களிமண்,"மக்காச்சோளம் தொடர்பான முடிவை களிமண், Tamil Nadu பகுதி, பருவம் மற்றும் பாசன வசதியை வைத்து எடுக்க வேண்டும். முதலில் மண் பரிசோதனை, சரியான விதை, நிலத் தயாரிப்பு மற்றும் நீர் மேலாண்மையை திட்டமிடுங்கள்."
CA_00419,seed_variety,விதை ரகம்,maize,மக்காச்சோளம்,loamy,கலப்பு மண்,"மக்காச்சோளம் தொடர்பான முடிவை கலப்பு மண், Tamil Nadu பகுதி, பருவம் மற்றும் பாசன வசதியை வைத்து எடுக்க வேண்டும். முதலில் மண் பரிசோதனை, சரியான விதை, நிலத் தயாரிப்பு மற்றும் நீர் மேலாண்மையை திட்டமிடுங்கள்."
CA_00420,seed_variety,விதை ரகம்,maize,மக்காச்சோளம்,laterite,சரளை மண்,"மக்காச்சோளம் தொடர்பான முடிவை சரளை மண், Tamil Nadu பகுதி, பருவம் மற்றும் பாசன வசதியை வைத்து எடுக்க வேண்டும். முதலில் மண் பரிசோதனை, சரியான விதை, நிலத் தயாரிப்பு மற்றும் நீர் மேலாண்மையை திட்டமிடுங்கள்."
CA_00421,seed_variety,விதை ரகம்,millet,சிறுதானியம்,red,செம்மண்,"சிறுதானியம் தொடர்பான முடிவை செம்மண், Tamil Nadu பகுதி, பருவம் மற்றும் பாசன வசதியை வைத்து எடுக்க வேண்டும். முதலில் மண் பரிசோதனை, சரியான விதை, நிலத் தயாரிப்பு மற்றும் நீர் மேலாண்மையை திட்டமிடுங்கள்."
CA_00422,seed_variety,விதை ரகம்,millet,சிறுதானியம்,black,கரிசல் மண்,"சிறுதானியம் தொடர்பான முடிவை கரிசல் மண், Tamil Nadu பகுதி, பருவம் மற்றும் பாசன வசதியை வைத்து எடுக்க வேண்டும். முதலில் மண் பரிசோதனை, சரியான விதை, நிலத் தயாரிப்பு மற்றும் நீர் மேலாண்மையை திட்டமிடுங்கள்."
CA_00423,seed_variety,விதை ரகம்,millet,சிறுதானியம்,alluvial,வண்டல் மண்,"சிறுதானியம் தொடர்பான முடிவை வண்டல் மண், Tamil Nadu பகுதி, பருவம் மற்றும் பாசன வசதியை வைத்து எடுக்க வேண்டும். முதலில் மண் பரிசோதனை, சரியான விதை, நிலத் தயாரிப்பு மற்றும் நீர் மேலாண்மையை திட்டமிடுங்கள்."
CA_00424,seed_variety,விதை ரகம்,millet,சிறுதானியம்,sandy,மணல் மண்,"சிறுதானியம் தொடர்பான முடிவை மணல் மண், Tamil Nadu பகுதி, பருவம் மற்றும் பாசன வசதியை வைத்து எடுக்க வேண்டும். முதலில் மண் பரிசோதனை, சரியான விதை, நிலத் தயாரிப்பு மற்றும் நீர் மேலாண்மையை திட்டமிடுங்கள்."
CA_00425,seed_variety,விதை ரகம்,millet,சிறுதானியம்,clay,களிமண்,"சிறுதானியம் தொடர்பான முடிவை களிமண், Tamil Nadu பகுதி, பருவம் மற்றும் பாசன வசதியை வைத்து எடுக்க வேண்டும். முதலில் மண் பரிசோதனை, சரியான விதை, நிலத் தயாரிப்பு மற்றும் நீர் மேலாண்மையை திட்டமிடுங்கள்."
CA_00426,seed_variety,விதை ரகம்,millet,சிறுதானியம்,loamy,கலப்பு மண்,"சிறுதானியம் தொடர்பான முடிவை கலப்பு மண், Tamil Nadu பகுதி, பருவம் மற்றும் பாசன வசதியை வைத்து எடுக்க வேண்டும். முதலில் மண் பரிசோதனை, சரியான விதை, நிலத் தயாரிப்பு மற்றும் நீர் மேலாண்மையை திட்டமிடுங்கள்."
CA_00427,seed_variety,விதை ரகம்,millet,சிறுதானியம்,laterite,சரளை மண்,"சிறுதானியம் தொடர்பான முடிவை சரளை மண், Tamil Nadu பகுதி, பருவம் மற்றும் பாசன வசதியை வைத்து எடுக்க வேண்டும். முதலில் மண் பரிசோதனை, சரியான விதை, நிலத் தயாரிப்பு மற்றும் நீர் மேலாண்மையை திட்டமிடுங்கள்."
CA_00428,seed_variety,விதை ரகம்,tomato,தக்காளி,red,செம்மண்,"தக்காளி தொடர்பான முடிவை செம்மண், Tamil Nadu பகுதி, பருவம் மற்றும் பாசன வசதியை வைத்து எடுக்க வேண்டும். முதலில் மண் பரிசோதனை, சரியான விதை, நிலத் தயாரிப்பு மற்றும் நீர் மேலாண்மையை திட்டமிடுங்கள்."
CA_00429,seed_variety,விதை ரகம்,tomato,தக்காளி,black,கரிசல் மண்,"தக்காளி தொடர்பான முடிவை கரிசல் மண், Tamil Nadu பகுதி, பருவம் மற்றும் பாசன வசதியை வைத்து எடுக்க வேண்டும். முதலில் மண் பரிசோதனை, சரியான விதை, நிலத் தயாரிப்பு மற்றும் நீர் மேலாண்மையை திட்டமிடுங்கள்."
CA_00430,seed_variety,விதை ரகம்,tomato,தக்காளி,alluvial,வண்டல் மண்,"தக்காளி தொடர்பான முடிவை வண்டல் மண், Tamil Nadu பகுதி, பருவம் மற்றும் பாசன வசதியை வைத்து எடுக்க வேண்டும். முதலில் மண் பரிசோதனை, சரியான விதை, நிலத் தயாரிப்பு மற்றும் நீர் மேலாண்மையை திட்டமிடுங்கள்."
CA_00431,seed_variety,விதை ரகம்,tomato,தக்காளி,sandy,மணல் மண்,"தக்காளி தொடர்பான முடிவை மணல் மண், Tamil Nadu பகுதி, பருவம் மற்றும் பாசன வசதியை வைத்து எடுக்க வேண்டும். முதலில் மண் பரிசோதனை, சரியான விதை, நிலத் தயாரிப்பு மற்றும் நீர் மேலாண்மையை திட்டமிடுங்கள்."
CA_00432,seed_variety,விதை ரகம்,tomato,தக்காளி,clay,களிமண்,"தக்காளி தொடர்பான முடிவை களிமண், Tamil Nadu பகுதி, பருவம் மற்றும் பாசன வசதியை வைத்து எடுக்க வேண்டும். முதலில் மண் பரிசோதனை, சரியான விதை, நிலத் தயாரிப்பு மற்றும் நீர் மேலாண்மையை திட்டமிடுங்கள்."
CA_00433,seed_variety,விதை ரகம்,tomato,தக்காளி,loamy,கலப்பு மண்,"தக்காளி தொடர்பான முடிவை கலப்பு மண், Tamil Nadu பகுதி, பருவம் மற்றும் பாசன வசதியை வைத்து எடுக்க வேண்டும். முதலில் மண் பரிசோதனை, சரியான விதை, நிலத் தயாரிப்பு மற்றும் நீர் மேலாண்மையை திட்டமிடுங்கள்."
CA_00434,seed_variety,விதை ரகம்,tomato,தக்காளி,laterite,சரளை மண்,"தக்காளி தொடர்பான முடிவை சரளை மண், Tamil Nadu பகுதி, பருவம் மற்றும் பாசன வசதியை வைத்து எடுக்க வேண்டும். முதலில் மண் பரிசோதனை, சரியான விதை, நிலத் தயாரிப்பு மற்றும் நீர் மேலாண்மையை திட்டமிடுங்கள்."
CA_00435,seed_variety,விதை ரகம்,chilli,மிளகாய்,red,செம்மண்,"மிளகாய் தொடர்பான முடிவை செம்மண், Tamil Nadu பகுதி, பருவம் மற்றும் பாசன வசதியை வைத்து எடுக்க வேண்டும். முதலில் மண் பரிசோதனை, சரியான விதை, நிலத் தயாரிப்பு மற்றும் நீர் மேலாண்மையை திட்டமிடுங்கள்."
CA_00436,seed_variety,விதை ரகம்,chilli,மிளகாய்,black,கரிசல் மண்,"மிளகாய் தொடர்பான முடிவை கரிசல் மண், Tamil Nadu பகுதி, பருவம் மற்றும் பாசன வசதியை வைத்து எடுக்க வேண்டும். முதலில் மண் பரிசோதனை, சரியான விதை, நிலத் தயாரிப்பு மற்றும் நீர் மேலாண்மையை திட்டமிடுங்கள்."
CA_00437,seed_variety,விதை ரகம்,chilli,மிளகாய்,alluvial,வண்டல் மண்,"மிளகாய் தொடர்பான முடிவை வண்டல் மண், Tamil Nadu பகுதி, பருவம் மற்றும் பாசன வசதியை வைத்து எடுக்க வேண்டும். முதலில் மண் பரிசோதனை, சரியான விதை, நிலத் தயாரிப்பு மற்றும் நீர் மேலாண்மையை திட்டமிடுங்கள்."
CA_00438,seed_variety,விதை ரகம்,chilli,மிளகாய்,sandy,மணல் மண்,"மிளகாய் தொடர்பான முடிவை மணல் மண், Tamil Nadu பகுதி, பருவம் மற்றும் பாசன வசதியை வைத்து எடுக்க வேண்டும். முதலில் மண் பரிசோதனை, சரியான விதை, நிலத் தயாரிப்பு மற்றும் நீர் மேலாண்மையை திட்டமிடுங்கள்."
CA_00439,seed_variety,விதை ரகம்,chilli,மிளகாய்,clay,களிமண்,"மிளகாய் தொடர்பான முடிவை களிமண், Tamil Nadu பகுதி, பருவம் மற்றும் பாசன வசதியை வைத்து எடுக்க வேண்டும். முதலில் மண் பரிசோதனை, சரியான விதை, நிலத் தயாரிப்பு மற்றும் நீர் மேலாண்மையை திட்டமிடுங்கள்."
CA_00440,seed_variety,விதை ரகம்,chilli,மிளகாய்,loamy,கலப்பு மண்,"மிளகாய் தொடர்பான முடிவை கலப்பு மண், Tamil Nadu பகுதி, பருவம் மற்றும் பாசன வசதியை வைத்து எடுக்க வேண்டும். முதலில் மண் பரிசோதனை, சரியான விதை, நிலத் தயாரிப்பு மற்றும் நீர் மேலாண்மையை திட்டமிடுங்கள்."
CA_00441,seed_variety,விதை ரகம்,chilli,மிளகாய்,laterite,சரளை மண்,"மிளகாய் தொடர்பான முடிவை சரளை மண், Tamil Nadu பகுதி, பருவம் மற்றும் பாசன வசதியை வைத்து எடுக்க வேண்டும். முதலில் மண் பரிசோதனை, சரியான விதை, நிலத் தயாரிப்பு மற்றும் நீர் மேலாண்மையை திட்டமிடுங்கள்."
CA_00442,seed_variety,விதை ரகம்,onion,வெங்காயம்,red,செம்மண்,"வெங்காயம் தொடர்பான முடிவை செம்மண், Tamil Nadu பகுதி, பருவம் மற்றும் பாசன வசதியை வைத்து எடுக்க வேண்டும். முதலில் மண் பரிசோதனை, சரியான விதை, நிலத் தயாரிப்பு மற்றும் நீர் மேலாண்மையை திட்டமிடுங்கள்."
CA_00443,seed_variety,விதை ரகம்,onion,வெங்காயம்,black,கரிசல் மண்,"வெங்காயம் தொடர்பான முடிவை கரிசல் மண், Tamil Nadu பகுதி, பருவம் மற்றும் பாசன வசதியை வைத்து எடுக்க வேண்டும். முதலில் மண் பரிசோதனை, சரியான விதை, நிலத் தயாரிப்பு மற்றும் நீர் மேலாண்மையை திட்டமிடுங்கள்."
CA_00444,seed_variety,விதை ரகம்,onion,வெங்காயம்,alluvial,வண்டல் மண்,"வெங்காயம் தொடர்பான முடிவை வண்டல் மண், Tamil Nadu பகுதி, பருவம் மற்றும் பாசன வசதியை வைத்து எடுக்க வேண்டும். முதலில் மண் பரிசோதனை, சரியான விதை, நிலத் தயாரிப்பு மற்றும் நீர் மேலாண்மையை திட்டமிடுங்கள்."
CA_00445,seed_variety,விதை ரகம்,onion,வெங்காயம்,sandy,மணல் மண்,"வெங்காயம் தொடர்பான முடிவை மணல் மண், Tamil Nadu பகுதி, பருவம் மற்றும் பாசன வசதியை வைத்து எடுக்க வேண்டும். முதலில் மண் பரிசோதனை, சரியான விதை, நிலத் தயாரிப்பு மற்றும் நீர் மேலாண்மையை திட்டமிடுங்கள்."
CA_00446,seed_variety,விதை ரகம்,onion,வெங்காயம்,clay,களிமண்,"வெங்காயம் தொடர்பான முடிவை களிமண், Tamil Nadu பகுதி, பருவம் மற்றும் பாசன வசதியை வைத்து எடுக்க வேண்டும். முதலில் மண் பரிசோதனை, சரியான விதை, நிலத் தயாரிப்பு மற்றும் நீர் மேலாண்மையை திட்டமிடுங்கள்."
CA_00447,seed_variety,விதை ரகம்,onion,வெங்காயம்,loamy,கலப்பு மண்,"வெங்காயம் தொடர்பான முடிவை கலப்பு மண், Tamil Nadu பகுதி, பருவம் மற்றும் பாசன வசதியை வைத்து எடுக்க வேண்டும். முதலில் மண் பரிசோதனை, சரியான விதை, நிலத் தயாரிப்பு மற்றும் நீர் மேலாண்மையை திட்டமிடுங்கள்."
CA_00448,seed_variety,விதை ரகம்,onion,வெங்காயம்,laterite,சரளை மண்,"வெங்காயம் தொடர்பான முடிவை சரளை மண், Tamil Nadu பகுதி, பருவம் மற்றும் பாசன வசதியை வைத்து எடுக்க வேண்டும். முதலில் மண் பரிசோதனை, சரியான விதை, நிலத் தயாரிப்பு மற்றும் நீர் மேலாண்மையை திட்டமிடுங்கள்."
CA_00449,seed_variety,விதை ரகம்,turmeric,மஞ்சள்,red,செம்மண்,"மஞ்சள் தொடர்பான முடிவை செம்மண், Tamil Nadu பகுதி, பருவம் மற்றும் பாசன வசதியை வைத்து எடுக்க வேண்டும். முதலில் மண் பரிசோதனை, சரியான விதை, நிலத் தயாரிப்பு மற்றும் நீர் மேலாண்மையை திட்டமிடுங்கள்."
CA_00450,seed_variety,விதை ரகம்,turmeric,மஞ்சள்,black,கரிசல் மண்,"மஞ்சள் தொடர்பான முடிவை கரிசல் மண், Tamil Nadu பகுதி, பருவம் மற்றும் பாசன வசதியை வைத்து எடுக்க வேண்டும். முதலில் மண் பரிசோதனை, சரியான விதை, நிலத் தயாரிப்பு மற்றும் நீர் மேலாண்மையை திட்டமிடுங்கள்."
CA_00451,seed_variety,விதை ரகம்,turmeric,மஞ்சள்,alluvial,வண்டல் மண்,"மஞ்சள் தொடர்பான முடிவை வண்டல் மண், Tamil Nadu பகுதி, பருவம் மற்றும் பாசன வசதியை வைத்து எடுக்க வேண்டும். முதலில் மண் பரிசோதனை, சரியான விதை, நிலத் தயாரிப்பு மற்றும் நீர் மேலாண்மையை திட்டமிடுங்கள்."
CA_00452,seed_variety,விதை ரகம்,turmeric,மஞ்சள்,sandy,மணல் மண்,"மஞ்சள் தொடர்பான முடிவை மணல் மண், Tamil Nadu பகுதி, பருவம் மற்றும் பாசன வசதியை வைத்து எடுக்க வேண்டும். முதலில் மண் பரிசோதனை, சரியான விதை, நிலத் தயாரிப்பு மற்றும் நீர் மேலாண்மையை திட்டமிடுங்கள்."
CA_00453,seed_variety,விதை ரகம்,turmeric,மஞ்சள்,clay,களிமண்,"மஞ்சள் தொடர்பான முடிவை களிமண், Tamil Nadu பகுதி, பருவம் மற்றும் பாசன வசதியை வைத்து எடுக்க வேண்டும். முதலில் மண் பரிசோதனை, சரியான விதை, நிலத் தயாரிப்பு மற்றும் நீர் மேலாண்மையை திட்டமிடுங்கள்."
CA_00454,seed_variety,விதை ரகம்,turmeric,மஞ்சள்,loamy,கலப்பு மண்,"மஞ்சள் தொடர்பான முடிவை கலப்பு மண், Tamil Nadu பகுதி, பருவம் மற்றும் பாசன வசதியை வைத்து எடுக்க வேண்டும். முதலில் மண் பரிசோதனை, சரியான விதை, நிலத் தயாரிப்பு மற்றும் நீர் மேலாண்மையை திட்டமிடுங்கள்."
CA_00455,seed_variety,விதை ரகம்,turmeric,மஞ்சள்,laterite,சரளை மண்,"மஞ்சள் தொடர்பான முடிவை சரளை மண், Tamil Nadu பகுதி, பருவம் மற்றும் பாசன வசதியை வைத்து எடுக்க வேண்டும். முதலில் மண் பரிசோதனை, சரியான விதை, நிலத் தயாரிப்பு மற்றும் நீர் மேலாண்மையை திட்டமிடுங்கள்."
CA_00456,seed_variety,விதை ரகம்,brinjal,கத்தரிக்காய்,red,செம்மண்,"கத்தரிக்காய் தொடர்பான முடிவை செம்மண், Tamil Nadu பகுதி, பருவம் மற்றும் பாசன வசதியை வைத்து எடுக்க வேண்டும். முதலில் மண் பரிசோதனை, சரியான விதை, நிலத் தயாரிப்பு மற்றும் நீர் மேலாண்மையை திட்டமிடுங்கள்."
CA_00457,seed_variety,விதை ரகம்,brinjal,கத்தரிக்காய்,black,கரிசல் மண்,"கத்தரிக்காய் தொடர்பான முடிவை கரிசல் மண், Tamil Nadu பகுதி, பருவம் மற்றும் பாசன வசதியை வைத்து எடுக்க வேண்டும். முதலில் மண் பரிசோதனை, சரியான விதை, நிலத் தயாரிப்பு மற்றும் நீர் மேலாண்மையை திட்டமிடுங்கள்."
CA_00458,seed_variety,விதை ரகம்,brinjal,கத்தரிக்காய்,alluvial,வண்டல் மண்,"கத்தரிக்காய் தொடர்பான முடிவை வண்டல் மண், Tamil Nadu பகுதி, பருவம் மற்றும் பாசன வசதியை வைத்து எடுக்க வேண்டும். முதலில் மண் பரிசோதனை, சரியான விதை, நிலத் தயாரிப்பு மற்றும் நீர் மேலாண்மையை திட்டமிடுங்கள்."
CA_00459,seed_variety,விதை ரகம்,brinjal,கத்தரிக்காய்,sandy,மணல் மண்,"கத்தரிக்காய் தொடர்பான முடிவை மணல் மண், Tamil Nadu பகுதி, பருவம் மற்றும் பாசன வசதியை வைத்து எடுக்க வேண்டும். முதலில் மண் பரிசோதனை, சரியான விதை, நிலத் தயாரிப்பு மற்றும் நீர் மேலாண்மையை திட்டமிடுங்கள்."
CA_00460,seed_variety,விதை ரகம்,brinjal,கத்தரிக்காய்,clay,களிமண்,"கத்தரிக்காய் தொடர்பான முடிவை களிமண், Tamil Nadu பகுதி, பருவம் மற்றும் பாசன வசதியை வைத்து எடுக்க வேண்டும். முதலில் மண் பரிசோதனை, சரியான விதை, நிலத் தயாரிப்பு மற்றும் நீர் மேலாண்மையை திட்டமிடுங்கள்."
CA_00461,seed_variety,விதை ரகம்,brinjal,கத்தரிக்காய்,loamy,கலப்பு மண்,"கத்தரிக்காய் தொடர்பான முடிவை கலப்பு மண், Tamil Nadu பகுதி, பருவம் மற்றும் பாசன வசதியை வைத்து எடுக்க வேண்டும். முதலில் மண் பரிசோதனை, சரியான விதை, நிலத் தயாரிப்பு மற்றும் நீர் மேலாண்மையை திட்டமிடுங்கள்."
CA_00462,seed_variety,விதை ரகம்,brinjal,கத்தரிக்காய்,laterite,சரளை மண்,"கத்தரிக்காய் தொடர்பான முடிவை சரளை மண், Tamil Nadu பகுதி, பருவம் மற்றும் பாசன வசதியை வைத்து எடுக்க வேண்டும். முதலில் மண் பரிசோதனை, சரியான விதை, நிலத் தயாரிப்பு மற்றும் நீர் மேலாண்மையை திட்டமிடுங்கள்."
CA_00463,seed_variety,விதை ரகம்,okra,வெண்டைக்காய்,red,செம்மண்,"வெண்டைக்காய் தொடர்பான முடிவை செம்மண், Tamil Nadu பகுதி, பருவம் மற்றும் பாசன வசதியை வைத்து எடுக்க வேண்டும். முதலில் மண் பரிசோதனை, சரியான விதை, நிலத் தயாரிப்பு மற்றும் நீர் மேலாண்மையை திட்டமிடுங்கள்."
CA_00464,seed_variety,விதை ரகம்,okra,வெண்டைக்காய்,black,கரிசல் மண்,"வெண்டைக்காய் தொடர்பான முடிவை கரிசல் மண், Tamil Nadu பகுதி, பருவம் மற்றும் பாசன வசதியை வைத்து எடுக்க வேண்டும். முதலில் மண் பரிசோதனை, சரியான விதை, நிலத் தயாரிப்பு மற்றும் நீர் மேலாண்மையை திட்டமிடுங்கள்."
CA_00465,seed_variety,விதை ரகம்,okra,வெண்டைக்காய்,alluvial,வண்டல் மண்,"வெண்டைக்காய் தொடர்பான முடிவை வண்டல் மண், Tamil Nadu பகுதி, பருவம் மற்றும் பாசன வசதியை வைத்து எடுக்க வேண்டும். முதலில் மண் பரிசோதனை, சரியான விதை, நிலத் தயாரிப்பு மற்றும் நீர் மேலாண்மையை திட்டமிடுங்கள்."
CA_00466,seed_variety,விதை ரகம்,okra,வெண்டைக்காய்,sandy,மணல் மண்,"வெண்டைக்காய் தொடர்பான முடிவை மணல் மண், Tamil Nadu பகுதி, பருவம் மற்றும் பாசன வசதியை வைத்து எடுக்க வேண்டும். முதலில் மண் பரிசோதனை, சரியான விதை, நிலத் தயாரிப்பு மற்றும் நீர் மேலாண்மையை திட்டமிடுங்கள்."
CA_00467,seed_variety,விதை ரகம்,okra,வெண்டைக்காய்,clay,களிமண்,"வெண்டைக்காய் தொடர்பான முடிவை களிமண், Tamil Nadu பகுதி, பருவம் மற்றும் பாசன வசதியை வைத்து எடுக்க வேண்டும். முதலில் மண் பரிசோதனை, சரியான விதை, நிலத் தயாரிப்பு மற்றும் நீர் மேலாண்மையை திட்டமிடுங்கள்."
CA_00468,seed_variety,விதை ரகம்,okra,வெண்டைக்காய்,loamy,கலப்பு மண்,"வெண்டைக்காய் தொடர்பான முடிவை கலப்பு மண், Tamil Nadu பகுதி, பருவம் மற்றும் பாசன வசதியை வைத்து எடுக்க வேண்டும். முதலில் மண் பரிசோதனை, சரியான விதை, நிலத் தயாரிப்பு மற்றும் நீர் மேலாண்மையை திட்டமிடுங்கள்."
CA_00469,seed_variety,விதை ரகம்,okra,வெண்டைக்காய்,laterite,சரளை மண்,"வெண்டைக்காய் தொடர்பான முடிவை சரளை மண், Tamil Nadu பகுதி, பருவம் மற்றும் பாசன வசதியை வைத்து எடுக்க வேண்டும். முதலில் மண் பரிசோதனை, சரியான விதை, நிலத் தயாரிப்பு மற்றும் நீர் மேலாண்மையை திட்டமிடுங்கள்."
CA_00470,seed_variety,விதை ரகம்,coconut,தேங்காய்,red,செம்மண்,"தேங்காய் தொடர்பான முடிவை செம்மண், Tamil Nadu பகுதி, பருவம் மற்றும் பாசன வசதியை வைத்து எடுக்க வேண்டும். முதலில் மண் பரிசோதனை, சரியான விதை, நிலத் தயாரிப்பு மற்றும் நீர் மேலாண்மையை திட்டமிடுங்கள்."
CA_00471,seed_variety,விதை ரகம்,coconut,தேங்காய்,black,கரிசல் மண்,"தேங்காய் தொடர்பான முடிவை கரிசல் மண், Tamil Nadu பகுதி, பருவம் மற்றும் பாசன வசதியை வைத்து எடுக்க வேண்டும். முதலில் மண் பரிசோதனை, சரியான விதை, நிலத் தயாரிப்பு மற்றும் நீர் மேலாண்மையை திட்டமிடுங்கள்."
CA_00472,seed_variety,விதை ரகம்,coconut,தேங்காய்,alluvial,வண்டல் மண்,"தேங்காய் தொடர்பான முடிவை வண்டல் மண், Tamil Nadu பகுதி, பருவம் மற்றும் பாசன வசதியை வைத்து எடுக்க வேண்டும். முதலில் மண் பரிசோதனை, சரியான விதை, நிலத் தயாரிப்பு மற்றும் நீர் மேலாண்மையை திட்டமிடுங்கள்."
CA_00473,seed_variety,விதை ரகம்,coconut,தேங்காய்,sandy,மணல் மண்,"தேங்காய் தொடர்பான முடிவை மணல் மண், Tamil Nadu பகுதி, பருவம் மற்றும் பாசன வசதியை வைத்து எடுக்க வேண்டும். முதலில் மண் பரிசோதனை, சரியான விதை, நிலத் தயாரிப்பு மற்றும் நீர் மேலாண்மையை திட்டமிடுங்கள்."
CA_00474,seed_variety,விதை ரகம்,coconut,தேங்காய்,clay,களிமண்,"தேங்காய் தொடர்பான முடிவை களிமண், Tamil Nadu பகுதி, பருவம் மற்றும் பாசன வசதியை வைத்து எடுக்க வேண்டும். முதலில் மண் பரிசோதனை, சரியான விதை, நிலத் தயாரிப்பு மற்றும் நீர் மேலாண்மையை திட்டமிடுங்கள்."
CA_00475,seed_variety,விதை ரகம்,coconut,தேங்காய்,loamy,கலப்பு மண்,"தேங்காய் தொடர்பான முடிவை கலப்பு மண், Tamil Nadu பகுதி, பருவம் மற்றும் பாசன வசதியை வைத்து எடுக்க வேண்டும். முதலில் மண் பரிசோதனை, சரியான விதை, நிலத் தயாரிப்பு மற்றும் நீர் மேலாண்மையை திட்டமிடுங்கள்."
CA_00476,seed_variety,விதை ரகம்,coconut,தேங்காய்,laterite,சரளை மண்,"தேங்காய் தொடர்பான முடிவை சரளை மண், Tamil Nadu பகுதி, பருவம் மற்றும் பாசன வசதியை வைத்து எடுக்க வேண்டும். முதலில் மண் பரிசோதனை, சரியான விதை, நிலத் தயாரிப்பு மற்றும் நீர் மேலாண்மையை திட்டமிடுங்கள்."
CA_00477,seed_variety,விதை ரகம்,pulses,பயறு,red,செம்மண்,"பயறு தொடர்பான முடிவை செம்மண், Tamil Nadu பகுதி, பருவம் மற்றும் பாசன வசதியை வைத்து எடுக்க வேண்டும். முதலில் மண் பரிசோதனை, சரியான விதை, நிலத் தயாரிப்பு மற்றும் நீர் மேலாண்மையை திட்டமிடுங்கள்."
CA_00478,seed_variety,விதை ரகம்,pulses,பயறு,black,கரிசல் மண்,"பயறு தொடர்பான முடிவை கரிசல் மண், Tamil Nadu பகுதி, பருவம் மற்றும் பாசன வசதியை வைத்து எடுக்க வேண்டும். முதலில் மண் பரிசோதனை, சரியான விதை, நிலத் தயாரிப்பு மற்றும் நீர் மேலாண்மையை திட்டமிடுங்கள்."
CA_00479,seed_variety,விதை ரகம்,pulses,பயறு,alluvial,வண்டல் மண்,"பயறு தொடர்பான முடிவை வண்டல் மண், Tamil Nadu பகுதி, பருவம் மற்றும் பாசன வசதியை வைத்து எடுக்க வேண்டும். முதலில் மண் பரிசோதனை, சரியான விதை, நிலத் தயாரிப்பு மற்றும் நீர் மேலாண்மையை திட்டமிடுங்கள்."
CA_00480,seed_variety,விதை ரகம்,pulses,பயறு,sandy,மணல் மண்,"பயறு தொடர்பான முடிவை மணல் மண், Tamil Nadu பகுதி, பருவம் மற்றும் பாசன வசதியை வைத்து எடுக்க வேண்டும். முதலில் மண் பரிசோதனை, சரியான விதை, நிலத் தயாரிப்பு மற்றும் நீர் மேலாண்மையை திட்டமிடுங்கள்."
CA_00481,seed_variety,விதை ரகம்,pulses,பயறு,clay,களிமண்,"பயறு தொடர்பான முடிவை களிமண், Tamil Nadu பகுதி, பருவம் மற்றும் பாசன வசதியை வைத்து எடுக்க வேண்டும். முதலில் மண் பரிசோதனை, சரியான விதை, நிலத் தயாரிப்பு மற்றும் நீர் மேலாண்மையை திட்டமிடுங்கள்."
CA_00482,seed_variety,விதை ரகம்,pulses,பயறு,loamy,கலப்பு மண்,"பயறு தொடர்பான முடிவை கலப்பு மண், Tamil Nadu பகுதி, பருவம் மற்றும் பாசன வசதியை வைத்து எடுக்க வேண்டும். முதலில் மண் பரிசோதனை, சரியான விதை, நிலத் தயாரிப்பு மற்றும் நீர் மேலாண்மையை திட்டமிடுங்கள்."
CA_00483,seed_variety,விதை ரகம்,pulses,பயறு,laterite,சரளை மண்,"பயறு தொடர்பான முடிவை சரளை மண், Tamil Nadu பகுதி, பருவம் மற்றும் பாசன வசதியை வைத்து எடுக்க வேண்டும். முதலில் மண் பரிசோதனை, சரியான விதை, நிலத் தயாரிப்பு மற்றும் நீர் மேலாண்மையை திட்டமிடுங்கள்."
CA_00484,seed_variety,விதை ரகம்,sesame,எள்,red,செம்மண்,"எள் தொடர்பான முடிவை செம்மண், Tamil Nadu பகுதி, பருவம் மற்றும் பாசன வசதியை வைத்து எடுக்க வேண்டும். முதலில் மண் பரிசோதனை, சரியான விதை, நிலத் தயாரிப்பு மற்றும் நீர் மேலாண்மையை திட்டமிடுங்கள்."
CA_00485,seed_variety,விதை ரகம்,sesame,எள்,black,கரிசல் மண்,"எள் தொடர்பான முடிவை கரிசல் மண், Tamil Nadu பகுதி, பருவம் மற்றும் பாசன வசதியை வைத்து எடுக்க வேண்டும். முதலில் மண் பரிசோதனை, சரியான விதை, நிலத் தயாரிப்பு மற்றும் நீர் மேலாண்மையை திட்டமிடுங்கள்."
CA_00486,seed_variety,விதை ரகம்,sesame,எள்,alluvial,வண்டல் மண்,"எள் தொடர்பான முடிவை வண்டல் மண், Tamil Nadu பகுதி, பருவம் மற்றும் பாசன வசதியை வைத்து எடுக்க வேண்டும். முதலில் மண் பரிசோதனை, சரியான விதை, நிலத் தயாரிப்பு மற்றும் நீர் மேலாண்மையை திட்டமிடுங்கள்."
CA_00487,seed_variety,விதை ரகம்,sesame,எள்,sandy,மணல் மண்,"எள் தொடர்பான முடிவை மணல் மண், Tamil Nadu பகுதி, பருவம் மற்றும் பாசன வசதியை வைத்து எடுக்க வேண்டும். முதலில் மண் பரிசோதனை, சரியான விதை, நிலத் தயாரிப்பு மற்றும் நீர் மேலாண்மையை திட்டமிடுங்கள்."
CA_00488,seed_variety,விதை ரகம்,sesame,எள்,clay,களிமண்,"எள் தொடர்பான முடிவை களிமண், Tamil Nadu பகுதி, பருவம் மற்றும் பாசன வசதியை வைத்து எடுக்க வேண்டும். முதலில் மண் பரிசோதனை, சரியான விதை, நிலத் தயாரிப்பு மற்றும் நீர் மேலாண்மையை திட்டமிடுங்கள்."
CA_00489,seed_variety,விதை ரகம்,sesame,எள்,loamy,கலப்பு மண்,"எள் தொடர்பான முடிவை கலப்பு மண், Tamil Nadu பகுதி, பருவம் மற்றும் பாசன வசதியை வைத்து எடுக்க வேண்டும். முதலில் மண் பரிசோதனை, சரியான விதை, நிலத் தயாரிப்பு மற்றும் நீர் மேலாண்மையை திட்டமிடுங்கள்."
CA_00490,seed_variety,விதை ரகம்,sesame,எள்,laterite,சரளை மண்,"எள் தொடர்பான முடிவை சரளை மண், Tamil Nadu பகுதி, பருவம் மற்றும் பாசன வசதியை வைத்து எடுக்க வேண்டும். முதலில் மண் பரிசோதனை, சரியான விதை, நிலத் தயாரிப்பு மற்றும் நீர் மேலாண்மையை திட்டமிடுங்கள்."
CA_00491,seed_variety,விதை ரகம்,tapioca,மரவள்ளி,red,செம்மண்,"மரவள்ளி தொடர்பான முடிவை செம்மண், Tamil Nadu பகுதி, பருவம் மற்றும் பாசன வசதியை வைத்து எடுக்க வேண்டும். முதலில் மண் பரிசோதனை, சரியான விதை, நிலத் தயாரிப்பு மற்றும் நீர் மேலாண்மையை திட்டமிடுங்கள்."
CA_00492,seed_variety,விதை ரகம்,tapioca,மரவள்ளி,black,கரிசல் மண்,"மரவள்ளி தொடர்பான முடிவை கரிசல் மண், Tamil Nadu பகுதி, பருவம் மற்றும் பாசன வசதியை வைத்து எடுக்க வேண்டும். முதலில் மண் பரிசோதனை, சரியான விதை, நிலத் தயாரிப்பு மற்றும் நீர் மேலாண்மையை திட்டமிடுங்கள்."
CA_00493,seed_variety,விதை ரகம்,tapioca,மரவள்ளி,alluvial,வண்டல் மண்,"மரவள்ளி தொடர்பான முடிவை வண்டல் மண், Tamil Nadu பகுதி, பருவம் மற்றும் பாசன வசதியை வைத்து எடுக்க வேண்டும். முதலில் மண் பரிசோதனை, சரியான விதை, நிலத் தயாரிப்பு மற்றும் நீர் மேலாண்மையை திட்டமிடுங்கள்."
CA_00494,seed_variety,விதை ரகம்,tapioca,மரவள்ளி,sandy,மணல் மண்,"மரவள்ளி தொடர்பான முடிவை மணல் மண், Tamil Nadu பகுதி, பருவம் மற்றும் பாசன வசதியை வைத்து எடுக்க வேண்டும். முதலில் மண் பரிசோதனை, சரியான விதை, நிலத் தயாரிப்பு மற்றும் நீர் மேலாண்மையை திட்டமிடுங்கள்."
CA_00495,seed_variety,விதை ரகம்,tapioca,மரவள்ளி,clay,களிமண்,"மரவள்ளி தொடர்பான முடிவை களிமண், Tamil Nadu பகுதி, பருவம் மற்றும் பாசன வசதியை வைத்து எடுக்க வேண்டும். முதலில் மண் பரிசோதனை, சரியான விதை, நிலத் தயாரிப்பு மற்றும் நீர் மேலாண்மையை திட்டமிடுங்கள்."
CA_00496,seed_variety,விதை ரகம்,tapioca,மரவள்ளி,loamy,கலப்பு மண்,"மரவள்ளி தொடர்பான முடிவை கலப்பு மண், Tamil Nadu பகுதி, பருவம் மற்றும் பாசன வசதியை வைத்து எடுக்க வேண்டும். முதலில் மண் பரிசோதனை, சரியான விதை, நிலத் தயாரிப்பு மற்றும் நீர் மேலாண்மையை திட்டமிடுங்கள்."
CA_00497,seed_variety,விதை ரகம்,tapioca,மரவள்ளி,laterite,சரளை மண்,"மரவள்ளி தொடர்பான முடிவை சரளை மண், Tamil Nadu பகுதி, பருவம் மற்றும் பாசன வசதியை வைத்து எடுக்க வேண்டும். முதலில் மண் பரிசோதனை, சரியான விதை, நிலத் தயாரிப்பு மற்றும் நீர் மேலாண்மையை திட்டமிடுங்கள்."
CA_00498,seed_variety,விதை ரகம்,drumstick,முருங்கை,red,செம்மண்,"முருங்கை தொடர்பான முடிவை செம்மண், Tamil Nadu பகுதி, பருவம் மற்றும் பாசன வசதியை வைத்து எடுக்க வேண்டும். முதலில் மண் பரிசோதனை, சரியான விதை, நிலத் தயாரிப்பு மற்றும் நீர் மேலாண்மையை திட்டமிடுங்கள்."
CA_00499,seed_variety,விதை ரகம்,drumstick,முருங்கை,black,கரிசல் மண்,"முருங்கை தொடர்பான முடிவை கரிசல் மண், Tamil Nadu பகுதி, பருவம் மற்றும் பாசன வசதியை வைத்து எடுக்க வேண்டும். முதலில் மண் பரிசோதனை, சரியான விதை, நிலத் தயாரிப்பு மற்றும் நீர் மேலாண்மையை திட்டமிடுங்கள்."
CA_00500,seed_variety,விதை ரகம்,drumstick,முருங்கை,alluvial,வண்டல் மண்,"முருங்கை தொடர்பான முடிவை வண்டல் மண், Tamil Nadu பகுதி, பருவம் மற்றும் பாசன வசதியை வைத்து எடுக்க வேண்டும். முதலில் மண் பரிசோதனை, சரியான விதை, நிலத் தயாரிப்பு மற்றும் நீர் மேலாண்மையை திட்டமிடுங்கள்."
CA_00501,seed_variety,விதை ரகம்,drumstick,முருங்கை,sandy,மணல் மண்,"முருங்கை தொடர்பான முடிவை மணல் மண், Tamil Nadu பகுதி, பருவம் மற்றும் பாசன வசதியை வைத்து எடுக்க வேண்டும். முதலில் மண் பரிசோதனை, சரியான விதை, நிலத் தயாரிப்பு மற்றும் நீர் மேலாண்மையை திட்டமிடுங்கள்."
CA_00502,seed_variety,விதை ரகம்,drumstick,முருங்கை,clay,களிமண்,"முருங்கை தொடர்பான முடிவை களிமண், Tamil Nadu பகுதி, பருவம் மற்றும் பாசன வசதியை வைத்து எடுக்க வேண்டும். முதலில் மண் பரிசோதனை, சரியான விதை, நிலத் தயாரிப்பு மற்றும் நீர் மேலாண்மையை திட்டமிடுங்கள்."
CA_00503,seed_variety,விதை ரகம்,drumstick,முருங்கை,loamy,கலப்பு மண்,"முருங்கை தொடர்பான முடிவை கலப்பு மண், Tamil Nadu பகுதி, பருவம் மற்றும் பாசன வசதியை வைத்து எடுக்க வேண்டும். முதலில் மண் பரிசோதனை, சரியான விதை, நிலத் தயாரிப்பு மற்றும் நீர் மேலாண்மையை திட்டமிடுங்கள்."
CA_00504,seed_variety,விதை ரகம்,drumstick,முருங்கை,laterite,சரளை மண்,"முருங்கை தொடர்பான முடிவை சரளை மண், Tamil Nadu பகுதி, பருவம் மற்றும் பாசன வசதியை வைத்து எடுக்க வேண்டும். முதலில் மண் பரிசோதனை, சரியான விதை, நிலத் தயாரிப்பு மற்றும் நீர் மேலாண்மையை திட்டமிடுங்கள்."
CA_00505,sowing,விதைப்பு,rice,நெல்,red,செம்மண்,"நெல் தொடர்பான முடிவை செம்மண், Tamil Nadu பகுதி, பருவம் மற்றும் பாசன வசதியை வைத்து எடுக்க வேண்டும். முதலில் மண் பரிசோதனை, சரியான விதை, நிலத் தயாரிப்பு மற்றும் நீர் மேலாண்மையை திட்டமிடுங்கள்."
CA_00506,sowing,விதைப்பு,rice,நெல்,black,கரிசல் மண்,"நெல் தொடர்பான முடிவை கரிசல் மண், Tamil Nadu பகுதி, பருவம் மற்றும் பாசன வசதியை வைத்து எடுக்க வேண்டும். முதலில் மண் பரிசோதனை, சரியான விதை, நிலத் தயாரிப்பு மற்றும் நீர் மேலாண்மையை திட்டமிடுங்கள்."
CA_00507,sowing,விதைப்பு,rice,நெல்,alluvial,வண்டல் மண்,"நெல் தொடர்பான முடிவை வண்டல் மண், Tamil Nadu பகுதி, பருவம் மற்றும் பாசன வசதியை வைத்து எடுக்க வேண்டும். முதலில் மண் பரிசோதனை, சரியான விதை, நிலத் தயாரிப்பு மற்றும் நீர் மேலாண்மையை திட்டமிடுங்கள்."
CA_00508,sowing,விதைப்பு,rice,நெல்,sandy,மணல் மண்,"நெல் தொடர்பான முடிவை மணல் மண், Tamil Nadu பகுதி, பருவம் மற்றும் பாசன வசதியை வைத்து எடுக்க வேண்டும். முதலில் மண் பரிசோதனை, சரியான விதை, நிலத் தயாரிப்பு மற்றும் நீர் மேலாண்மையை திட்டமிடுங்கள்."
CA_00509,sowing,விதைப்பு,rice,நெல்,clay,களிமண்,"நெல் தொடர்பான முடிவை களிமண், Tamil Nadu பகுதி, பருவம் மற்றும் பாசன வசதியை வைத்து எடுக்க வேண்டும். முதலில் மண் பரிசோதனை, சரியான விதை, நிலத் தயாரிப்பு மற்றும் நீர் மேலாண்மையை திட்டமிடுங்கள்."
CA_00510,sowing,விதைப்பு,rice,நெல்,loamy,கலப்பு மண்,"நெல் தொடர்பான முடிவை கலப்பு மண், Tamil Nadu பகுதி, பருவம் மற்றும் பாசன வசதியை வைத்து எடுக்க வேண்டும். முதலில் மண் பரிசோதனை, சரியான விதை, நிலத் தயாரிப்பு மற்றும் நீர் மேலாண்மையை திட்டமிடுங்கள்."
CA_00511,sowing,விதைப்பு,rice,நெல்,laterite,சரளை மண்,"நெல் தொடர்பான முடிவை சரளை மண், Tamil Nadu பகுதி, பருவம் மற்றும் பாசன வசதியை வைத்து எடுக்க வேண்டும். முதலில் மண் பரிசோதனை, சரியான விதை, நிலத் தயாரிப்பு மற்றும் நீர் மேலாண்மையை திட்டமிடுங்கள்."
CA_00512,sowing,விதைப்பு,banana,வாழை,red,செம்மண்,"வாழை தொடர்பான முடிவை செம்மண், Tamil Nadu பகுதி, பருவம் மற்றும் பாசன வசதியை வைத்து எடுக்க வேண்டும். முதலில் மண் பரிசோதனை, சரியான விதை, நிலத் தயாரிப்பு மற்றும் நீர் மேலாண்மையை திட்டமிடுங்கள்."
CA_00513,sowing,விதைப்பு,banana,வாழை,black,கரிசல் மண்,"வாழை தொடர்பான முடிவை கரிசல் மண், Tamil Nadu பகுதி, பருவம் மற்றும் பாசன வசதியை வைத்து எடுக்க வேண்டும். முதலில் மண் பரிசோதனை, சரியான விதை, நிலத் தயாரிப்பு மற்றும் நீர் மேலாண்மையை திட்டமிடுங்கள்."
CA_00514,sowing,விதைப்பு,banana,வாழை,alluvial,வண்டல் மண்,"வாழை தொடர்பான முடிவை வண்டல் மண், Tamil Nadu பகுதி, பருவம் மற்றும் பாசன வசதியை வைத்து எடுக்க வேண்டும். முதலில் மண் பரிசோதனை, சரியான விதை, நிலத் தயாரிப்பு மற்றும் நீர் மேலாண்மையை திட்டமிடுங்கள்."
CA_00515,sowing,விதைப்பு,banana,வாழை,sandy,மணல் மண்,"வாழை தொடர்பான முடிவை மணல் மண், Tamil Nadu பகுதி, பருவம் மற்றும் பாசன வசதியை வைத்து எடுக்க வேண்டும். முதலில் மண் பரிசோதனை, சரியான விதை, நிலத் தயாரிப்பு மற்றும் நீர் மேலாண்மையை திட்டமிடுங்கள்."
CA_00516,sowing,விதைப்பு,banana,வாழை,clay,களிமண்,"வாழை தொடர்பான முடிவை களிமண், Tamil Nadu பகுதி, பருவம் மற்றும் பாசன வசதியை வைத்து எடுக்க வேண்டும். முதலில் மண் பரிசோதனை, சரியான விதை, நிலத் தயாரிப்பு மற்றும் நீர் மேலாண்மையை திட்டமிடுங்கள்."
CA_00517,sowing,விதைப்பு,banana,வாழை,loamy,கலப்பு மண்,"வாழை தொடர்பான முடிவை கலப்பு மண், Tamil Nadu பகுதி, பருவம் மற்றும் பாசன வசதியை வைத்து எடுக்க வேண்டும். முதலில் மண் பரிசோதனை, சரியான விதை, நிலத் தயாரிப்பு மற்றும் நீர் மேலாண்மையை திட்டமிடுங்கள்."
CA_00518,sowing,விதைப்பு,banana,வாழை,laterite,சரளை மண்,"வாழை தொடர்பான முடிவை சரளை மண், Tamil Nadu பகுதி, பருவம் மற்றும் பாசன வசதியை வைத்து எடுக்க வேண்டும். முதலில் மண் பரிசோதனை, சரியான விதை, நிலத் தயாரிப்பு மற்றும் நீர் மேலாண்மையை திட்டமிடுங்கள்."
CA_00519,sowing,விதைப்பு,sugarcane,கரும்பு,red,செம்மண்,"கரும்பு தொடர்பான முடிவை செம்மண், Tamil Nadu பகுதி, பருவம் மற்றும் பாசன வசதியை வைத்து எடுக்க வேண்டும். முதலில் மண் பரிசோதனை, சரியான விதை, நிலத் தயாரிப்பு மற்றும் நீர் மேலாண்மையை திட்டமிடுங்கள்."
CA_00520,sowing,விதைப்பு,sugarcane,கரும்பு,black,கரிசல் மண்,"கரும்பு தொடர்பான முடிவை கரிசல் மண், Tamil Nadu பகுதி, பருவம் மற்றும் பாசன வசதியை வைத்து எடுக்க வேண்டும். முதலில் மண் பரிசோதனை, சரியான விதை, நிலத் தயாரிப்பு மற்றும் நீர் மேலாண்மையை திட்டமிடுங்கள்."
CA_00521,sowing,விதைப்பு,sugarcane,கரும்பு,alluvial,வண்டல் மண்,"கரும்பு தொடர்பான முடிவை வண்டல் மண், Tamil Nadu பகுதி, பருவம் மற்றும் பாசன வசதியை வைத்து எடுக்க வேண்டும். முதலில் மண் பரிசோதனை, சரியான விதை, நிலத் தயாரிப்பு மற்றும் நீர் மேலாண்மையை திட்டமிடுங்கள்."
CA_00522,sowing,விதைப்பு,sugarcane,கரும்பு,sandy,மணல் மண்,"கரும்பு தொடர்பான முடிவை மணல் மண், Tamil Nadu பகுதி, பருவம் மற்றும் பாசன வசதியை வைத்து எடுக்க வேண்டும். முதலில் மண் பரிசோதனை, சரியான விதை, நிலத் தயாரிப்பு மற்றும் நீர் மேலாண்மையை திட்டமிடுங்கள்."
CA_00523,sowing,விதைப்பு,sugarcane,கரும்பு,clay,களிமண்,"கரும்பு தொடர்பான முடிவை களிமண், Tamil Nadu பகுதி, பருவம் மற்றும் பாசன வசதியை வைத்து எடுக்க வேண்டும். முதலில் மண் பரிசோதனை, சரியான விதை, நிலத் தயாரிப்பு மற்றும் நீர் மேலாண்மையை திட்டமிடுங்கள்."
CA_00524,sowing,விதைப்பு,sugarcane,கரும்பு,loamy,கலப்பு மண்,"கரும்பு தொடர்பான முடிவை கலப்பு மண், Tamil Nadu பகுதி, பருவம் மற்றும் பாசன வசதியை வைத்து எடுக்க வேண்டும். முதலில் மண் பரிசோதனை, சரியான விதை, நிலத் தயாரிப்பு மற்றும் நீர் மேலாண்மையை திட்டமிடுங்கள்."
CA_00525,sowing,விதைப்பு,sugarcane,கரும்பு,laterite,சரளை மண்,"கரும்பு தொடர்பான முடிவை சரளை மண், Tamil Nadu பகுதி, பருவம் மற்றும் பாசன வசதியை வைத்து எடுக்க வேண்டும். முதலில் மண் பரிசோதனை, சரியான விதை, நிலத் தயாரிப்பு மற்றும் நீர் மேலாண்மையை திட்டமிடுங்கள்."
CA_00526,sowing,விதைப்பு,cotton,பருத்தி,red,செம்மண்,"பருத்தி தொடர்பான முடிவை செம்மண், Tamil Nadu பகுதி, பருவம் மற்றும் பாசன வசதியை வைத்து எடுக்க வேண்டும். முதலில் மண் பரிசோதனை, சரியான விதை, நிலத் தயாரிப்பு மற்றும் நீர் மேலாண்மையை திட்டமிடுங்கள்."
CA_00527,sowing,விதைப்பு,cotton,பருத்தி,black,கரிசல் மண்,"பருத்தி தொடர்பான முடிவை கரிசல் மண், Tamil Nadu பகுதி, பருவம் மற்றும் பாசன வசதியை வைத்து எடுக்க வேண்டும். முதலில் மண் பரிசோதனை, சரியான விதை, நிலத் தயாரிப்பு மற்றும் நீர் மேலாண்மையை திட்டமிடுங்கள்."
CA_00528,sowing,விதைப்பு,cotton,பருத்தி,alluvial,வண்டல் மண்,"பருத்தி தொடர்பான முடிவை வண்டல் மண், Tamil Nadu பகுதி, பருவம் மற்றும் பாசன வசதியை வைத்து எடுக்க வேண்டும். முதலில் மண் பரிசோதனை, சரியான விதை, நிலத் தயாரிப்பு மற்றும் நீர் மேலாண்மையை திட்டமிடுங்கள்."
CA_00529,sowing,விதைப்பு,cotton,பருத்தி,sandy,மணல் மண்,"பருத்தி தொடர்பான முடிவை மணல் மண், Tamil Nadu பகுதி, பருவம் மற்றும் பாசன வசதியை வைத்து எடுக்க வேண்டும். முதலில் மண் பரிசோதனை, சரியான விதை, நிலத் தயாரிப்பு மற்றும் நீர் மேலாண்மையை திட்டமிடுங்கள்."
CA_00530,sowing,விதைப்பு,cotton,பருத்தி,clay,களிமண்,"பருத்தி தொடர்பான முடிவை களிமண், Tamil Nadu பகுதி, பருவம் மற்றும் பாசன வசதியை வைத்து எடுக்க வேண்டும். முதலில் மண் பரிசோதனை, சரியான விதை, நிலத் தயாரிப்பு மற்றும் நீர் மேலாண்மையை திட்டமிடுங்கள்."
CA_00531,sowing,விதைப்பு,cotton,பருத்தி,loamy,கலப்பு மண்,"பருத்தி தொடர்பான முடிவை கலப்பு மண், Tamil Nadu பகுதி, பருவம் மற்றும் பாசன வசதியை வைத்து எடுக்க வேண்டும். முதலில் மண் பரிசோதனை, சரியான விதை, நிலத் தயாரிப்பு மற்றும் நீர் மேலாண்மையை திட்டமிடுங்கள்."
CA_00532,sowing,விதைப்பு,cotton,பருத்தி,laterite,சரளை மண்,"பருத்தி தொடர்பான முடிவை சரளை மண், Tamil Nadu பகுதி, பருவம் மற்றும் பாசன வசதியை வைத்து எடுக்க வேண்டும். முதலில் மண் பரிசோதனை, சரியான விதை, நிலத் தயாரிப்பு மற்றும் நீர் மேலாண்மையை திட்டமிடுங்கள்."
CA_00533,sowing,விதைப்பு,groundnut,நிலக்கடலை,red,செம்மண்,"நிலக்கடலை தொடர்பான முடிவை செம்மண், Tamil Nadu பகுதி, பருவம் மற்றும் பாசன வசதியை வைத்து எடுக்க வேண்டும். முதலில் மண் பரிசோதனை, சரியான விதை, நிலத் தயாரிப்பு மற்றும் நீர் மேலாண்மையை திட்டமிடுங்கள்."
CA_00534,sowing,விதைப்பு,groundnut,நிலக்கடலை,black,கரிசல் மண்,"நிலக்கடலை தொடர்பான முடிவை கரிசல் மண், Tamil Nadu பகுதி, பருவம் மற்றும் பாசன வசதியை வைத்து எடுக்க வேண்டும். முதலில் மண் பரிசோதனை, சரியான விதை, நிலத் தயாரிப்பு மற்றும் நீர் மேலாண்மையை திட்டமிடுங்கள்."
CA_00535,sowing,விதைப்பு,groundnut,நிலக்கடலை,alluvial,வண்டல் மண்,"நிலக்கடலை தொடர்பான முடிவை வண்டல் மண், Tamil Nadu பகுதி, பருவம் மற்றும் பாசன வசதியை வைத்து எடுக்க வேண்டும். முதலில் மண் பரிசோதனை, சரியான விதை, நிலத் தயாரிப்பு மற்றும் நீர் மேலாண்மையை திட்டமிடுங்கள்."
CA_00536,sowing,விதைப்பு,groundnut,நிலக்கடலை,sandy,மணல் மண்,"நிலக்கடலை தொடர்பான முடிவை மணல் மண், Tamil Nadu பகுதி, பருவம் மற்றும் பாசன வசதியை வைத்து எடுக்க வேண்டும். முதலில் மண் பரிசோதனை, சரியான விதை, நிலத் தயாரிப்பு மற்றும் நீர் மேலாண்மையை திட்டமிடுங்கள்."
CA_00537,sowing,விதைப்பு,groundnut,நிலக்கடலை,clay,களிமண்,"நிலக்கடலை தொடர்பான முடிவை களிமண், Tamil Nadu பகுதி, பருவம் மற்றும் பாசன வசதியை வைத்து எடுக்க வேண்டும். முதலில் மண் பரிசோதனை, சரியான விதை, நிலத் தயாரிப்பு மற்றும் நீர் மேலாண்மையை திட்டமிடுங்கள்."
CA_00538,sowing,விதைப்பு,groundnut,நிலக்கடலை,loamy,கலப்பு மண்,"நிலக்கடலை தொடர்பான முடிவை கலப்பு மண், Tamil Nadu பகுதி, பருவம் மற்றும் பாசன வசதியை வைத்து எடுக்க வேண்டும். முதலில் மண் பரிசோதனை, சரியான விதை, நிலத் தயாரிப்பு மற்றும் நீர் மேலாண்மையை திட்டமிடுங்கள்."
CA_00539,sowing,விதைப்பு,groundnut,நிலக்கடலை,laterite,சரளை மண்,"நிலக்கடலை தொடர்பான முடிவை சரளை மண், Tamil Nadu பகுதி, பருவம் மற்றும் பாசன வசதியை வைத்து எடுக்க வேண்டும். முதலில் மண் பரிசோதனை, சரியான விதை, நிலத் தயாரிப்பு மற்றும் நீர் மேலாண்மையை திட்டமிடுங்கள்."
CA_00540,sowing,விதைப்பு,maize,மக்காச்சோளம்,red,செம்மண்,"மக்காச்சோளம் தொடர்பான முடிவை செம்மண், Tamil Nadu பகுதி, பருவம் மற்றும் பாசன வசதியை வைத்து எடுக்க வேண்டும். முதலில் மண் பரிசோதனை, சரியான விதை, நிலத் தயாரிப்பு மற்றும் நீர் மேலாண்மையை திட்டமிடுங்கள்."
CA_00541,sowing,விதைப்பு,maize,மக்காச்சோளம்,black,கரிசல் மண்,"மக்காச்சோளம் தொடர்பான முடிவை கரிசல் மண், Tamil Nadu பகுதி, பருவம் மற்றும் பாசன வசதியை வைத்து எடுக்க வேண்டும். முதலில் மண் பரிசோதனை, சரியான விதை, நிலத் தயாரிப்பு மற்றும் நீர் மேலாண்மையை திட்டமிடுங்கள்."
CA_00542,sowing,விதைப்பு,maize,மக்காச்சோளம்,alluvial,வண்டல் மண்,"மக்காச்சோளம் தொடர்பான முடிவை வண்டல் மண், Tamil Nadu பகுதி, பருவம் மற்றும் பாசன வசதியை வைத்து எடுக்க வேண்டும். முதலில் மண் பரிசோதனை, சரியான விதை, நிலத் தயாரிப்பு மற்றும் நீர் மேலாண்மையை திட்டமிடுங்கள்."
CA_00543,sowing,விதைப்பு,maize,மக்காச்சோளம்,sandy,மணல் மண்,"மக்காச்சோளம் தொடர்பான முடிவை மணல் மண், Tamil Nadu பகுதி, பருவம் மற்றும் பாசன வசதியை வைத்து எடுக்க வேண்டும். முதலில் மண் பரிசோதனை, சரியான விதை, நிலத் தயாரிப்பு மற்றும் நீர் மேலாண்மையை திட்டமிடுங்கள்."
CA_00544,sowing,விதைப்பு,maize,மக்காச்சோளம்,clay,களிமண்,"மக்காச்சோளம் தொடர்பான முடிவை களிமண், Tamil Nadu பகுதி, பருவம் மற்றும் பாசன வசதியை வைத்து எடுக்க வேண்டும். முதலில் மண் பரிசோதனை, சரியான விதை, நிலத் தயாரிப்பு மற்றும் நீர் மேலாண்மையை திட்டமிடுங்கள்."
CA_00545,sowing,விதைப்பு,maize,மக்காச்சோளம்,loamy,கலப்பு மண்,"மக்காச்சோளம் தொடர்பான முடிவை கலப்பு மண், Tamil Nadu பகுதி, பருவம் மற்றும் பாசன வசதியை வைத்து எடுக்க வேண்டும். முதலில் மண் பரிசோதனை, சரியான விதை, நிலத் தயாரிப்பு மற்றும் நீர் மேலாண்மையை திட்டமிடுங்கள்."
CA_00546,sowing,விதைப்பு,maize,மக்காச்சோளம்,laterite,சரளை மண்,"மக்காச்சோளம் தொடர்பான முடிவை சரளை மண், Tamil Nadu பகுதி, பருவம் மற்றும் பாசன வசதியை வைத்து எடுக்க வேண்டும். முதலில் மண் பரிசோதனை, சரியான விதை, நிலத் தயாரிப்பு மற்றும் நீர் மேலாண்மையை திட்டமிடுங்கள்."
CA_00547,sowing,விதைப்பு,millet,சிறுதானியம்,red,செம்மண்,"சிறுதானியம் தொடர்பான முடிவை செம்மண், Tamil Nadu பகுதி, பருவம் மற்றும் பாசன வசதியை வைத்து எடுக்க வேண்டும். முதலில் மண் பரிசோதனை, சரியான விதை, நிலத் தயாரிப்பு மற்றும் நீர் மேலாண்மையை திட்டமிடுங்கள்."
CA_00548,sowing,விதைப்பு,millet,சிறுதானியம்,black,கரிசல் மண்,"சிறுதானியம் தொடர்பான முடிவை கரிசல் மண், Tamil Nadu பகுதி, பருவம் மற்றும் பாசன வசதியை வைத்து எடுக்க வேண்டும். முதலில் மண் பரிசோதனை, சரியான விதை, நிலத் தயாரிப்பு மற்றும் நீர் மேலாண்மையை திட்டமிடுங்கள்."
CA_00549,sowing,விதைப்பு,millet,சிறுதானியம்,alluvial,வண்டல் மண்,"சிறுதானியம் தொடர்பான முடிவை வண்டல் மண், Tamil Nadu பகுதி, பருவம் மற்றும் பாசன வசதியை வைத்து எடுக்க வேண்டும். முதலில் மண் பரிசோதனை, சரியான விதை, நிலத் தயாரிப்பு மற்றும் நீர் மேலாண்மையை திட்டமிடுங்கள்."
CA_00550,sowing,விதைப்பு,millet,சிறுதானியம்,sandy,மணல் மண்,"சிறுதானியம் தொடர்பான முடிவை மணல் மண், Tamil Nadu பகுதி, பருவம் மற்றும் பாசன வசதியை வைத்து எடுக்க வேண்டும். முதலில் மண் பரிசோதனை, சரியான விதை, நிலத் தயாரிப்பு மற்றும் நீர் மேலாண்மையை திட்டமிடுங்கள்."
CA_00551,sowing,விதைப்பு,millet,சிறுதானியம்,clay,களிமண்,"சிறுதானியம் தொடர்பான முடிவை களிமண், Tamil Nadu பகுதி, பருவம் மற்றும் பாசன வசதியை வைத்து எடுக்க வேண்டும். முதலில் மண் பரிசோதனை, சரியான விதை, நிலத் தயாரிப்பு மற்றும் நீர் மேலாண்மையை திட்டமிடுங்கள்."
CA_00552,sowing,விதைப்பு,millet,சிறுதானியம்,loamy,கலப்பு மண்,"சிறுதானியம் தொடர்பான முடிவை கலப்பு மண், Tamil Nadu பகுதி, பருவம் மற்றும் பாசன வசதியை வைத்து எடுக்க வேண்டும். முதலில் மண் பரிசோதனை, சரியான விதை, நிலத் தயாரிப்பு மற்றும் நீர் மேலாண்மையை திட்டமிடுங்கள்."
CA_00553,sowing,விதைப்பு,millet,சிறுதானியம்,laterite,சரளை மண்,"சிறுதானியம் தொடர்பான முடிவை சரளை மண், Tamil Nadu பகுதி, பருவம் மற்றும் பாசன வசதியை வைத்து எடுக்க வேண்டும். முதலில் மண் பரிசோதனை, சரியான விதை, நிலத் தயாரிப்பு மற்றும் நீர் மேலாண்மையை திட்டமிடுங்கள்."
CA_00554,sowing,விதைப்பு,tomato,தக்காளி,red,செம்மண்,"தக்காளி தொடர்பான முடிவை செம்மண், Tamil Nadu பகுதி, பருவம் மற்றும் பாசன வசதியை வைத்து எடுக்க வேண்டும். முதலில் மண் பரிசோதனை, சரியான விதை, நிலத் தயாரிப்பு மற்றும் நீர் மேலாண்மையை திட்டமிடுங்கள்."
CA_00555,sowing,விதைப்பு,tomato,தக்காளி,black,கரிசல் மண்,"தக்காளி தொடர்பான முடிவை கரிசல் மண், Tamil Nadu பகுதி, பருவம் மற்றும் பாசன வசதியை வைத்து எடுக்க வேண்டும். முதலில் மண் பரிசோதனை, சரியான விதை, நிலத் தயாரிப்பு மற்றும் நீர் மேலாண்மையை திட்டமிடுங்கள்."
CA_00556,sowing,விதைப்பு,tomato,தக்காளி,alluvial,வண்டல் மண்,"தக்காளி தொடர்பான முடிவை வண்டல் மண், Tamil Nadu பகுதி, பருவம் மற்றும் பாசன வசதியை வைத்து எடுக்க வேண்டும். முதலில் மண் பரிசோதனை, சரியான விதை, நிலத் தயாரிப்பு மற்றும் நீர் மேலாண்மையை திட்டமிடுங்கள்."
CA_00557,sowing,விதைப்பு,tomato,தக்காளி,sandy,மணல் மண்,"தக்காளி தொடர்பான முடிவை மணல் மண், Tamil Nadu பகுதி, பருவம் மற்றும் பாசன வசதியை வைத்து எடுக்க வேண்டும். முதலில் மண் பரிசோதனை, சரியான விதை, நிலத் தயாரிப்பு மற்றும் நீர் மேலாண்மையை திட்டமிடுங்கள்."
CA_00558,sowing,விதைப்பு,tomato,தக்காளி,clay,களிமண்,"தக்காளி தொடர்பான முடிவை களிமண், Tamil Nadu பகுதி, பருவம் மற்றும் பாசன வசதியை வைத்து எடுக்க வேண்டும். முதலில் மண் பரிசோதனை, சரியான விதை, நிலத் தயாரிப்பு மற்றும் நீர் மேலாண்மையை திட்டமிடுங்கள்."
CA_00559,sowing,விதைப்பு,tomato,தக்காளி,loamy,கலப்பு மண்,"தக்காளி தொடர்பான முடிவை கலப்பு மண், Tamil Nadu பகுதி, பருவம் மற்றும் பாசன வசதியை வைத்து எடுக்க வேண்டும். முதலில் மண் பரிசோதனை, சரியான விதை, நிலத் தயாரிப்பு மற்றும் நீர் மேலாண்மையை திட்டமிடுங்கள்."
CA_00560,sowing,விதைப்பு,tomato,தக்காளி,laterite,சரளை மண்,"தக்காளி தொடர்பான முடிவை சரளை மண், Tamil Nadu பகுதி, பருவம் மற்றும் பாசன வசதியை வைத்து எடுக்க வேண்டும். முதலில் மண் பரிசோதனை, சரியான விதை, நிலத் தயாரிப்பு மற்றும் நீர் மேலாண்மையை திட்டமிடுங்கள்."
CA_00561,sowing,விதைப்பு,chilli,மிளகாய்,red,செம்மண்,"மிளகாய் தொடர்பான முடிவை செம்மண், Tamil Nadu பகுதி, பருவம் மற்றும் பாசன வசதியை வைத்து எடுக்க வேண்டும். முதலில் மண் பரிசோதனை, சரியான விதை, நிலத் தயாரிப்பு மற்றும் நீர் மேலாண்மையை திட்டமிடுங்கள்."
CA_00562,sowing,விதைப்பு,chilli,மிளகாய்,black,கரிசல் மண்,"மிளகாய் தொடர்பான முடிவை கரிசல் மண், Tamil Nadu பகுதி, பருவம் மற்றும் பாசன வசதியை வைத்து எடுக்க வேண்டும். முதலில் மண் பரிசோதனை, சரியான விதை, நிலத் தயாரிப்பு மற்றும் நீர் மேலாண்மையை திட்டமிடுங்கள்."
CA_00563,sowing,விதைப்பு,chilli,மிளகாய்,alluvial,வண்டல் மண்,"மிளகாய் தொடர்பான முடிவை வண்டல் மண், Tamil Nadu பகுதி, பருவம் மற்றும் பாசன வசதியை வைத்து எடுக்க வேண்டும். முதலில் மண் பரிசோதனை, சரியான விதை, நிலத் தயாரிப்பு மற்றும் நீர் மேலாண்மையை திட்டமிடுங்கள்."
CA_00564,sowing,விதைப்பு,chilli,மிளகாய்,sandy,மணல் மண்,"மிளகாய் தொடர்பான முடிவை மணல் மண், Tamil Nadu பகுதி, பருவம் மற்றும் பாசன வசதியை வைத்து எடுக்க வேண்டும். முதலில் மண் பரிசோதனை, சரியான விதை, நிலத் தயாரிப்பு மற்றும் நீர் மேலாண்மையை திட்டமிடுங்கள்."
CA_00565,sowing,விதைப்பு,chilli,மிளகாய்,clay,களிமண்,"மிளகாய் தொடர்பான முடிவை களிமண், Tamil Nadu பகுதி, பருவம் மற்றும் பாசன வசதியை வைத்து எடுக்க வேண்டும். முதலில் மண் பரிசோதனை, சரியான விதை, நிலத் தயாரிப்பு மற்றும் நீர் மேலாண்மையை திட்டமிடுங்கள்."
CA_00566,sowing,விதைப்பு,chilli,மிளகாய்,loamy,கலப்பு மண்,"மிளகாய் தொடர்பான முடிவை கலப்பு மண், Tamil Nadu பகுதி, பருவம் மற்றும் பாசன வசதியை வைத்து எடுக்க வேண்டும். முதலில் மண் பரிசோதனை, சரியான விதை, நிலத் தயாரிப்பு மற்றும் நீர் மேலாண்மையை திட்டமிடுங்கள்."
CA_00567,sowing,விதைப்பு,chilli,மிளகாய்,laterite,சரளை மண்,"மிளகாய் தொடர்பான முடிவை சரளை மண், Tamil Nadu பகுதி, பருவம் மற்றும் பாசன வசதியை வைத்து எடுக்க வேண்டும். முதலில் மண் பரிசோதனை, சரியான விதை, நிலத் தயாரிப்பு மற்றும் நீர் மேலாண்மையை திட்டமிடுங்கள்."
CA_00568,sowing,விதைப்பு,onion,வெங்காயம்,red,செம்மண்,"வெங்காயம் தொடர்பான முடிவை செம்மண், Tamil Nadu பகுதி, பருவம் மற்றும் பாசன வசதியை வைத்து எடுக்க வேண்டும். முதலில் மண் பரிசோதனை, சரியான விதை, நிலத் தயாரிப்பு மற்றும் நீர் மேலாண்மையை திட்டமிடுங்கள்."
CA_00569,sowing,விதைப்பு,onion,வெங்காயம்,black,கரிசல் மண்,"வெங்காயம் தொடர்பான முடிவை கரிசல் மண், Tamil Nadu பகுதி, பருவம் மற்றும் பாசன வசதியை வைத்து எடுக்க வேண்டும். முதலில் மண் பரிசோதனை, சரியான விதை, நிலத் தயாரிப்பு மற்றும் நீர் மேலாண்மையை திட்டமிடுங்கள்."
CA_00570,sowing,விதைப்பு,onion,வெங்காயம்,alluvial,வண்டல் மண்,"வெங்காயம் தொடர்பான முடிவை வண்டல் மண், Tamil Nadu பகுதி, பருவம் மற்றும் பாசன வசதியை வைத்து எடுக்க வேண்டும். முதலில் மண் பரிசோதனை, சரியான விதை, நிலத் தயாரிப்பு மற்றும் நீர் மேலாண்மையை திட்டமிடுங்கள்."
CA_00571,sowing,விதைப்பு,onion,வெங்காயம்,sandy,மணல் மண்,"வெங்காயம் தொடர்பான முடிவை மணல் மண், Tamil Nadu பகுதி, பருவம் மற்றும் பாசன வசதியை வைத்து எடுக்க வேண்டும். முதலில் மண் பரிசோதனை, சரியான விதை, நிலத் தயாரிப்பு மற்றும் நீர் மேலாண்மையை திட்டமிடுங்கள்."
CA_00572,sowing,விதைப்பு,onion,வெங்காயம்,clay,களிமண்,"வெங்காயம் தொடர்பான முடிவை களிமண், Tamil Nadu பகுதி, பருவம் மற்றும் பாசன வசதியை வைத்து எடுக்க வேண்டும். முதலில் மண் பரிசோதனை, சரியான விதை, நிலத் தயாரிப்பு மற்றும் நீர் மேலாண்மையை திட்டமிடுங்கள்."
CA_00573,sowing,விதைப்பு,onion,வெங்காயம்,loamy,கலப்பு மண்,"வெங்காயம் தொடர்பான முடிவை கலப்பு மண், Tamil Nadu பகுதி, பருவம் மற்றும் பாசன வசதியை வைத்து எடுக்க வேண்டும். முதலில் மண் பரிசோதனை, சரியான விதை, நிலத் தயாரிப்பு மற்றும் நீர் மேலாண்மையை திட்டமிடுங்கள்."
CA_00574,sowing,விதைப்பு,onion,வெங்காயம்,laterite,சரளை மண்,"வெங்காயம் தொடர்பான முடிவை சரளை மண், Tamil Nadu பகுதி, பருவம் மற்றும் பாசன வசதியை வைத்து எடுக்க வேண்டும். முதலில் மண் பரிசோதனை, சரியான விதை, நிலத் தயாரிப்பு மற்றும் நீர் மேலாண்மையை திட்டமிடுங்கள்."
CA_00575,sowing,விதைப்பு,turmeric,மஞ்சள்,red,செம்மண்,"மஞ்சள் தொடர்பான முடிவை செம்மண், Tamil Nadu பகுதி, பருவம் மற்றும் பாசன வசதியை வைத்து எடுக்க வேண்டும். முதலில் மண் பரிசோதனை, சரியான விதை, நிலத் தயாரிப்பு மற்றும் நீர் மேலாண்மையை திட்டமிடுங்கள்."
CA_00576,sowing,விதைப்பு,turmeric,மஞ்சள்,black,கரிசல் மண்,"மஞ்சள் தொடர்பான முடிவை கரிசல் மண், Tamil Nadu பகுதி, பருவம் மற்றும் பாசன வசதியை வைத்து எடுக்க வேண்டும். முதலில் மண் பரிசோதனை, சரியான விதை, நிலத் தயாரிப்பு மற்றும் நீர் மேலாண்மையை திட்டமிடுங்கள்."
CA_00577,sowing,விதைப்பு,turmeric,மஞ்சள்,alluvial,வண்டல் மண்,"மஞ்சள் தொடர்பான முடிவை வண்டல் மண், Tamil Nadu பகுதி, பருவம் மற்றும் பாசன வசதியை வைத்து எடுக்க வேண்டும். முதலில் மண் பரிசோதனை, சரியான விதை, நிலத் தயாரிப்பு மற்றும் நீர் மேலாண்மையை திட்டமிடுங்கள்."
CA_00578,sowing,விதைப்பு,turmeric,மஞ்சள்,sandy,மணல் மண்,"மஞ்சள் தொடர்பான முடிவை மணல் மண், Tamil Nadu பகுதி, பருவம் மற்றும் பாசன வசதியை வைத்து எடுக்க வேண்டும். முதலில் மண் பரிசோதனை, சரியான விதை, நிலத் தயாரிப்பு மற்றும் நீர் மேலாண்மையை திட்டமிடுங்கள்."
CA_00579,sowing,விதைப்பு,turmeric,மஞ்சள்,clay,களிமண்,"மஞ்சள் தொடர்பான முடிவை களிமண், Tamil Nadu பகுதி, பருவம் மற்றும் பாசன வசதியை வைத்து எடுக்க வேண்டும். முதலில் மண் பரிசோதனை, சரியான விதை, நிலத் தயாரிப்பு மற்றும் நீர் மேலாண்மையை திட்டமிடுங்கள்."
CA_00580,sowing,விதைப்பு,turmeric,மஞ்சள்,loamy,கலப்பு மண்,"மஞ்சள் தொடர்பான முடிவை கலப்பு மண், Tamil Nadu பகுதி, பருவம் மற்றும் பாசன வசதியை வைத்து எடுக்க வேண்டும். முதலில் மண் பரிசோதனை, சரியான விதை, நிலத் தயாரிப்பு மற்றும் நீர் மேலாண்மையை திட்டமிடுங்கள்."
CA_00581,sowing,விதைப்பு,turmeric,மஞ்சள்,laterite,சரளை மண்,"மஞ்சள் தொடர்பான முடிவை சரளை மண், Tamil Nadu பகுதி, பருவம் மற்றும் பாசன வசதியை வைத்து எடுக்க வேண்டும். முதலில் மண் பரிசோதனை, சரியான விதை, நிலத் தயாரிப்பு மற்றும் நீர் மேலாண்மையை திட்டமிடுங்கள்."
CA_00582,sowing,விதைப்பு,brinjal,கத்தரிக்காய்,red,செம்மண்,"கத்தரிக்காய் தொடர்பான முடிவை செம்மண், Tamil Nadu பகுதி, பருவம் மற்றும் பாசன வசதியை வைத்து எடுக்க வேண்டும். முதலில் மண் பரிசோதனை, சரியான விதை, நிலத் தயாரிப்பு மற்றும் நீர் மேலாண்மையை திட்டமிடுங்கள்."
CA_00583,sowing,விதைப்பு,brinjal,கத்தரிக்காய்,black,கரிசல் மண்,"கத்தரிக்காய் தொடர்பான முடிவை கரிசல் மண், Tamil Nadu பகுதி, பருவம் மற்றும் பாசன வசதியை வைத்து எடுக்க வேண்டும். முதலில் மண் பரிசோதனை, சரியான விதை, நிலத் தயாரிப்பு மற்றும் நீர் மேலாண்மையை திட்டமிடுங்கள்."
CA_00584,sowing,விதைப்பு,brinjal,கத்தரிக்காய்,alluvial,வண்டல் மண்,"கத்தரிக்காய் தொடர்பான முடிவை வண்டல் மண், Tamil Nadu பகுதி, பருவம் மற்றும் பாசன வசதியை வைத்து எடுக்க வேண்டும். முதலில் மண் பரிசோதனை, சரியான விதை, நிலத் தயாரிப்பு மற்றும் நீர் மேலாண்மையை திட்டமிடுங்கள்."
CA_00585,sowing,விதைப்பு,brinjal,கத்தரிக்காய்,sandy,மணல் மண்,"கத்தரிக்காய் தொடர்பான முடிவை மணல் மண், Tamil Nadu பகுதி, பருவம் மற்றும் பாசன வசதியை வைத்து எடுக்க வேண்டும். முதலில் மண் பரிசோதனை, சரியான விதை, நிலத் தயாரிப்பு மற்றும் நீர் மேலாண்மையை திட்டமிடுங்கள்."
CA_00586,sowing,விதைப்பு,brinjal,கத்தரிக்காய்,clay,களிமண்,"கத்தரிக்காய் தொடர்பான முடிவை களிமண், Tamil Nadu பகுதி, பருவம் மற்றும் பாசன வசதியை வைத்து எடுக்க வேண்டும். முதலில் மண் பரிசோதனை, சரியான விதை, நிலத் தயாரிப்பு மற்றும் நீர் மேலாண்மையை திட்டமிடுங்கள்."
CA_00587,sowing,விதைப்பு,brinjal,கத்தரிக்காய்,loamy,கலப்பு மண்,"கத்தரிக்காய் தொடர்பான முடிவை கலப்பு மண், Tamil Nadu பகுதி, பருவம் மற்றும் பாசன வசதியை வைத்து எடுக்க வேண்டும். முதலில் மண் பரிசோதனை, சரியான விதை, நிலத் தயாரிப்பு மற்றும் நீர் மேலாண்மையை திட்டமிடுங்கள்."
CA_00588,sowing,விதைப்பு,brinjal,கத்தரிக்காய்,laterite,சரளை மண்,"கத்தரிக்காய் தொடர்பான முடிவை சரளை மண், Tamil Nadu பகுதி, பருவம் மற்றும் பாசன வசதியை வைத்து எடுக்க வேண்டும். முதலில் மண் பரிசோதனை, சரியான விதை, நிலத் தயாரிப்பு மற்றும் நீர் மேலாண்மையை திட்டமிடுங்கள்."
CA_00589,sowing,விதைப்பு,okra,வெண்டைக்காய்,red,செம்மண்,"வெண்டைக்காய் தொடர்பான முடிவை செம்மண், Tamil Nadu பகுதி, பருவம் மற்றும் பாசன வசதியை வைத்து எடுக்க வேண்டும். முதலில் மண் பரிசோதனை, சரியான விதை, நிலத் தயாரிப்பு மற்றும் நீர் மேலாண்மையை திட்டமிடுங்கள்."
CA_00590,sowing,விதைப்பு,okra,வெண்டைக்காய்,black,கரிசல் மண்,"வெண்டைக்காய் தொடர்பான முடிவை கரிசல் மண், Tamil Nadu பகுதி, பருவம் மற்றும் பாசன வசதியை வைத்து எடுக்க வேண்டும். முதலில் மண் பரிசோதனை, சரியான விதை, நிலத் தயாரிப்பு மற்றும் நீர் மேலாண்மையை திட்டமிடுங்கள்."
CA_00591,sowing,விதைப்பு,okra,வெண்டைக்காய்,alluvial,வண்டல் மண்,"வெண்டைக்காய் தொடர்பான முடிவை வண்டல் மண், Tamil Nadu பகுதி, பருவம் மற்றும் பாசன வசதியை வைத்து எடுக்க வேண்டும். முதலில் மண் பரிசோதனை, சரியான விதை, நிலத் தயாரிப்பு மற்றும் நீர் மேலாண்மையை திட்டமிடுங்கள்."
CA_00592,sowing,விதைப்பு,okra,வெண்டைக்காய்,sandy,மணல் மண்,"வெண்டைக்காய் தொடர்பான முடிவை மணல் மண், Tamil Nadu பகுதி, பருவம் மற்றும் பாசன வசதியை வைத்து எடுக்க வேண்டும். முதலில் மண் பரிசோதனை, சரியான விதை, நிலத் தயாரிப்பு மற்றும் நீர் மேலாண்மையை திட்டமிடுங்கள்."
CA_00593,sowing,விதைப்பு,okra,வெண்டைக்காய்,clay,களிமண்,"வெண்டைக்காய் தொடர்பான முடிவை களிமண், Tamil Nadu பகுதி, பருவம் மற்றும் பாசன வசதியை வைத்து எடுக்க வேண்டும். முதலில் மண் பரிசோதனை, சரியான விதை, நிலத் தயாரிப்பு மற்றும் நீர் மேலாண்மையை திட்டமிடுங்கள்."
CA_00594,sowing,விதைப்பு,okra,வெண்டைக்காய்,loamy,கலப்பு மண்,"வெண்டைக்காய் தொடர்பான முடிவை கலப்பு மண், Tamil Nadu பகுதி, பருவம் மற்றும் பாசன வசதியை வைத்து எடுக்க வேண்டும். முதலில் மண் பரிசோதனை, சரியான விதை, நிலத் தயாரிப்பு மற்றும் நீர் மேலாண்மையை திட்டமிடுங்கள்."
CA_00595,sowing,விதைப்பு,okra,வெண்டைக்காய்,laterite,சரளை மண்,"வெண்டைக்காய் தொடர்பான முடிவை சரளை மண், Tamil Nadu பகுதி, பருவம் மற்றும் பாசன வசதியை வைத்து எடுக்க வேண்டும். முதலில் மண் பரிசோதனை, சரியான விதை, நிலத் தயாரிப்பு மற்றும் நீர் மேலாண்மையை திட்டமிடுங்கள்."
CA_00596,sowing,விதைப்பு,coconut,தேங்காய்,red,செம்மண்,"தேங்காய் தொடர்பான முடிவை செம்மண், Tamil Nadu பகுதி, பருவம் மற்றும் பாசன வசதியை வைத்து எடுக்க வேண்டும். முதலில் மண் பரிசோதனை, சரியான விதை, நிலத் தயாரிப்பு மற்றும் நீர் மேலாண்மையை திட்டமிடுங்கள்."
CA_00597,sowing,விதைப்பு,coconut,தேங்காய்,black,கரிசல் மண்,"தேங்காய் தொடர்பான முடிவை கரிசல் மண், Tamil Nadu பகுதி, பருவம் மற்றும் பாசன வசதியை வைத்து எடுக்க வேண்டும். முதலில் மண் பரிசோதனை, சரியான விதை, நிலத் தயாரிப்பு மற்றும் நீர் மேலாண்மையை திட்டமிடுங்கள்."
CA_00598,sowing,விதைப்பு,coconut,தேங்காய்,alluvial,வண்டல் மண்,"தேங்காய் தொடர்பான முடிவை வண்டல் மண், Tamil Nadu பகுதி, பருவம் மற்றும் பாசன வசதியை வைத்து எடுக்க வேண்டும். முதலில் மண் பரிசோதனை, சரியான விதை, நிலத் தயாரிப்பு மற்றும் நீர் மேலாண்மையை திட்டமிடுங்கள்."
CA_00599,sowing,விதைப்பு,coconut,தேங்காய்,sandy,மணல் மண்,"தேங்காய் தொடர்பான முடிவை மணல் மண், Tamil Nadu பகுதி, பருவம் மற்றும் பாசன வசதியை வைத்து எடுக்க வேண்டும். முதலில் மண் பரிசோதனை, சரியான விதை, நிலத் தயாரிப்பு மற்றும் நீர் மேலாண்மையை திட்டமிடுங்கள்."
CA_00600,sowing,விதைப்பு,coconut,தேங்காய்,clay,களிமண்,"தேங்காய் தொடர்பான முடிவை களிமண், Tamil Nadu பகுதி, பருவம் மற்றும் பாசன வசதியை வைத்து எடுக்க வேண்டும். முதலில் மண் பரிசோதனை, சரியான விதை, நிலத் தயாரிப்பு மற்றும் நீர் மேலாண்மையை திட்டமிடுங்கள்."
CA_00601,sowing,விதைப்பு,coconut,தேங்காய்,loamy,கலப்பு மண்,"தேங்காய் தொடர்பான முடிவை கலப்பு மண், Tamil Nadu பகுதி, பருவம் மற்றும் பாசன வசதியை வைத்து எடுக்க வேண்டும். முதலில் மண் பரிசோதனை, சரியான விதை, நிலத் தயாரிப்பு மற்றும் நீர் மேலாண்மையை திட்டமிடுங்கள்."
CA_00602,sowing,விதைப்பு,coconut,தேங்காய்,laterite,சரளை மண்,"தேங்காய் தொடர்பான முடிவை சரளை மண், Tamil Nadu பகுதி, பருவம் மற்றும் பாசன வசதியை வைத்து எடுக்க வேண்டும். முதலில் மண் பரிசோதனை, சரியான விதை, நிலத் தயாரிப்பு மற்றும் நீர் மேலாண்மையை திட்டமிடுங்கள்."
CA_00603,sowing,விதைப்பு,pulses,பயறு,red,செம்மண்,"பயறு தொடர்பான முடிவை செம்மண், Tamil Nadu பகுதி, பருவம் மற்றும் பாசன வசதியை வைத்து எடுக்க வேண்டும். முதலில் மண் பரிசோதனை, சரியான விதை, நிலத் தயாரிப்பு மற்றும் நீர் மேலாண்மையை திட்டமிடுங்கள்."
CA_00604,sowing,விதைப்பு,pulses,பயறு,black,கரிசல் மண்,"பயறு தொடர்பான முடிவை கரிசல் மண், Tamil Nadu பகுதி, பருவம் மற்றும் பாசன வசதியை வைத்து எடுக்க வேண்டும். முதலில் மண் பரிசோதனை, சரியான விதை, நிலத் தயாரிப்பு மற்றும் நீர் மேலாண்மையை திட்டமிடுங்கள்."
CA_00605,sowing,விதைப்பு,pulses,பயறு,alluvial,வண்டல் மண்,"பயறு தொடர்பான முடிவை வண்டல் மண், Tamil Nadu பகுதி, பருவம் மற்றும் பாசன வசதியை வைத்து எடுக்க வேண்டும். முதலில் மண் பரிசோதனை, சரியான விதை, நிலத் தயாரிப்பு மற்றும் நீர் மேலாண்மையை திட்டமிடுங்கள்."
CA_00606,sowing,விதைப்பு,pulses,பயறு,sandy,மணல் மண்,"பயறு தொடர்பான முடிவை மணல் மண், Tamil Nadu பகுதி, பருவம் மற்றும் பாசன வசதியை வைத்து எடுக்க வேண்டும். முதலில் மண் பரிசோதனை, சரியான விதை, நிலத் தயாரிப்பு மற்றும் நீர் மேலாண்மையை திட்டமிடுங்கள்."
CA_00607,sowing,விதைப்பு,pulses,பயறு,clay,களிமண்,"பயறு தொடர்பான முடிவை களிமண், Tamil Nadu பகுதி, பருவம் மற்றும் பாசன வசதியை வைத்து எடுக்க வேண்டும். முதலில் மண் பரிசோதனை, சரியான விதை, நிலத் தயாரிப்பு மற்றும் நீர் மேலாண்மையை திட்டமிடுங்கள்."
CA_00608,sowing,விதைப்பு,pulses,பயறு,loamy,கலப்பு மண்,"பயறு தொடர்பான முடிவை கலப்பு மண், Tamil Nadu பகுதி, பருவம் மற்றும் பாசன வசதியை வைத்து எடுக்க வேண்டும். முதலில் மண் பரிசோதனை, சரியான விதை, நிலத் தயாரிப்பு மற்றும் நீர் மேலாண்மையை திட்டமிடுங்கள்."
CA_00609,sowing,விதைப்பு,pulses,பயறு,laterite,சரளை மண்,"பயறு தொடர்பான முடிவை சரளை மண், Tamil Nadu பகுதி, பருவம் மற்றும் பாசன வசதியை வைத்து எடுக்க வேண்டும். முதலில் மண் பரிசோதனை, சரியான விதை, நிலத் தயாரிப்பு மற்றும் நீர் மேலாண்மையை திட்டமிடுங்கள்."
CA_00610,sowing,விதைப்பு,sesame,எள்,red,செம்மண்,"எள் தொடர்பான முடிவை செம்மண், Tamil Nadu பகுதி, பருவம் மற்றும் பாசன வசதியை வைத்து எடுக்க வேண்டும். முதலில் மண் பரிசோதனை, சரியான விதை, நிலத் தயாரிப்பு மற்றும் நீர் மேலாண்மையை திட்டமிடுங்கள்."
CA_00611,sowing,விதைப்பு,sesame,எள்,black,கரிசல் மண்,"எள் தொடர்பான முடிவை கரிசல் மண், Tamil Nadu பகுதி, பருவம் மற்றும் பாசன வசதியை வைத்து எடுக்க வேண்டும். முதலில் மண் பரிசோதனை, சரியான விதை, நிலத் தயாரிப்பு மற்றும் நீர் மேலாண்மையை திட்டமிடுங்கள்."
CA_00612,sowing,விதைப்பு,sesame,எள்,alluvial,வண்டல் மண்,"எள் தொடர்பான முடிவை வண்டல் மண், Tamil Nadu பகுதி, பருவம் மற்றும் பாசன வசதியை வைத்து எடுக்க வேண்டும். முதலில் மண் பரிசோதனை, சரியான விதை, நிலத் தயாரிப்பு மற்றும் நீர் மேலாண்மையை திட்டமிடுங்கள்."
CA_00613,sowing,விதைப்பு,sesame,எள்,sandy,மணல் மண்,"எள் தொடர்பான முடிவை மணல் மண், Tamil Nadu பகுதி, பருவம் மற்றும் பாசன வசதியை வைத்து எடுக்க வேண்டும். முதலில் மண் பரிசோதனை, சரியான விதை, நிலத் தயாரிப்பு மற்றும் நீர் மேலாண்மையை திட்டமிடுங்கள்."
CA_00614,sowing,விதைப்பு,sesame,எள்,clay,களிமண்,"எள் தொடர்பான முடிவை களிமண், Tamil Nadu பகுதி, பருவம் மற்றும் பாசன வசதியை வைத்து எடுக்க வேண்டும். முதலில் மண் பரிசோதனை, சரியான விதை, நிலத் தயாரிப்பு மற்றும் நீர் மேலாண்மையை திட்டமிடுங்கள்."
CA_00615,sowing,விதைப்பு,sesame,எள்,loamy,கலப்பு மண்,"எள் தொடர்பான முடிவை கலப்பு மண், Tamil Nadu பகுதி, பருவம் மற்றும் பாசன வசதியை வைத்து எடுக்க வேண்டும். முதலில் மண் பரிசோதனை, சரியான விதை, நிலத் தயாரிப்பு மற்றும் நீர் மேலாண்மையை திட்டமிடுங்கள்."
CA_00616,sowing,விதைப்பு,sesame,எள்,laterite,சரளை மண்,"எள் தொடர்பான முடிவை சரளை மண், Tamil Nadu பகுதி, பருவம் மற்றும் பாசன வசதியை வைத்து எடுக்க வேண்டும். முதலில் மண் பரிசோதனை, சரியான விதை, நிலத் தயாரிப்பு மற்றும் நீர் மேலாண்மையை திட்டமிடுங்கள்."
CA_00617,sowing,விதைப்பு,tapioca,மரவள்ளி,red,செம்மண்,"மரவள்ளி தொடர்பான முடிவை செம்மண், Tamil Nadu பகுதி, பருவம் மற்றும் பாசன வசதியை வைத்து எடுக்க வேண்டும். முதலில் மண் பரிசோதனை, சரியான விதை, நிலத் தயாரிப்பு மற்றும் நீர் மேலாண்மையை திட்டமிடுங்கள்."
CA_00618,sowing,விதைப்பு,tapioca,மரவள்ளி,black,கரிசல் மண்,"மரவள்ளி தொடர்பான முடிவை கரிசல் மண், Tamil Nadu பகுதி, பருவம் மற்றும் பாசன வசதியை வைத்து எடுக்க வேண்டும். முதலில் மண் பரிசோதனை, சரியான விதை, நிலத் தயாரிப்பு மற்றும் நீர் மேலாண்மையை திட்டமிடுங்கள்."
CA_00619,sowing,விதைப்பு,tapioca,மரவள்ளி,alluvial,வண்டல் மண்,"மரவள்ளி தொடர்பான முடிவை வண்டல் மண், Tamil Nadu பகுதி, பருவம் மற்றும் பாசன வசதியை வைத்து எடுக்க வேண்டும். முதலில் மண் பரிசோதனை, சரியான விதை, நிலத் தயாரிப்பு மற்றும் நீர் மேலாண்மையை திட்டமிடுங்கள்."
CA_00620,sowing,விதைப்பு,tapioca,மரவள்ளி,sandy,மணல் மண்,"மரவள்ளி தொடர்பான முடிவை மணல் மண், Tamil Nadu பகுதி, பருவம் மற்றும் பாசன வசதியை வைத்து எடுக்க வேண்டும். முதலில் மண் பரிசோதனை, சரியான விதை, நிலத் தயாரிப்பு மற்றும் நீர் மேலாண்மையை திட்டமிடுங்கள்."
CA_00621,sowing,விதைப்பு,tapioca,மரவள்ளி,clay,களிமண்,"மரவள்ளி தொடர்பான முடிவை களிமண், Tamil Nadu பகுதி, பருவம் மற்றும் பாசன வசதியை வைத்து எடுக்க வேண்டும். முதலில் மண் பரிசோதனை, சரியான விதை, நிலத் தயாரிப்பு மற்றும் நீர் மேலாண்மையை திட்டமிடுங்கள்."
CA_00622,sowing,விதைப்பு,tapioca,மரவள்ளி,loamy,கலப்பு மண்,"மரவள்ளி தொடர்பான முடிவை கலப்பு மண், Tamil Nadu பகுதி, பருவம் மற்றும் பாசன வசதியை வைத்து எடுக்க வேண்டும். முதலில் மண் பரிசோதனை, சரியான விதை, நிலத் தயாரிப்பு மற்றும் நீர் மேலாண்மையை திட்டமிடுங்கள்."
CA_00623,sowing,விதைப்பு,tapioca,மரவள்ளி,laterite,சரளை மண்,"மரவள்ளி தொடர்பான முடிவை சரளை மண், Tamil Nadu பகுதி, பருவம் மற்றும் பாசன வசதியை வைத்து எடுக்க வேண்டும். முதலில் மண் பரிசோதனை, சரியான விதை, நிலத் தயாரிப்பு மற்றும் நீர் மேலாண்மையை திட்டமிடுங்கள்."
CA_00624,sowing,விதைப்பு,drumstick,முருங்கை,red,செம்மண்,"முருங்கை தொடர்பான முடிவை செம்மண், Tamil Nadu பகுதி, பருவம் மற்றும் பாசன வசதியை வைத்து எடுக்க வேண்டும். முதலில் மண் பரிசோதனை, சரியான விதை, நிலத் தயாரிப்பு மற்றும் நீர் மேலாண்மையை திட்டமிடுங்கள்."
CA_00625,sowing,விதைப்பு,drumstick,முருங்கை,black,கரிசல் மண்,"முருங்கை தொடர்பான முடிவை கரிசல் மண், Tamil Nadu பகுதி, பருவம் மற்றும் பாசன வசதியை வைத்து எடுக்க வேண்டும். முதலில் மண் பரிசோதனை, சரியான விதை, நிலத் தயாரிப்பு மற்றும் நீர் மேலாண்மையை திட்டமிடுங்கள்."
CA_00626,sowing,விதைப்பு,drumstick,முருங்கை,alluvial,வண்டல் மண்,"முருங்கை தொடர்பான முடிவை வண்டல் மண், Tamil Nadu பகுதி, பருவம் மற்றும் பாசன வசதியை வைத்து எடுக்க வேண்டும். முதலில் மண் பரிசோதனை, சரியான விதை, நிலத் தயாரிப்பு மற்றும் நீர் மேலாண்மையை திட்டமிடுங்கள்."
CA_00627,sowing,விதைப்பு,drumstick,முருங்கை,sandy,மணல் மண்,"முருங்கை தொடர்பான முடிவை மணல் மண், Tamil Nadu பகுதி, பருவம் மற்றும் பாசன வசதியை வைத்து எடுக்க வேண்டும். முதலில் மண் பரிசோதனை, சரியான விதை, நிலத் தயாரிப்பு மற்றும் நீர் மேலாண்மையை திட்டமிடுங்கள்."
CA_00628,sowing,விதைப்பு,drumstick,முருங்கை,clay,களிமண்,"முருங்கை தொடர்பான முடிவை களிமண், Tamil Nadu பகுதி, பருவம் மற்றும் பாசன வசதியை வைத்து எடுக்க வேண்டும். முதலில் மண் பரிசோதனை, சரியான விதை, நிலத் தயாரிப்பு மற்றும் நீர் மேலாண்மையை திட்டமிடுங்கள்."
CA_00629,sowing,விதைப்பு,drumstick,முருங்கை,loamy,கலப்பு மண்,"முருங்கை தொடர்பான முடிவை கலப்பு மண், Tamil Nadu பகுதி, பருவம் மற்றும் பாசன வசதியை வைத்து எடுக்க வேண்டும். முதலில் மண் பரிசோதனை, சரியான விதை, நிலத் தயாரிப்பு மற்றும் நீர் மேலாண்மையை திட்டமிடுங்கள்."
CA_00630,sowing,விதைப்பு,drumstick,முருங்கை,laterite,சரளை மண்,"முருங்கை தொடர்பான முடிவை சரளை மண், Tamil Nadu பகுதி, பருவம் மற்றும் பாசன வசதியை வைத்து எடுக்க வேண்டும். முதலில் மண் பரிசோதனை, சரியான விதை, நிலத் தயாரிப்பு மற்றும் நீர் மேலாண்மையை திட்டமிடுங்கள்."
CA_00631,spacing,இடைவெளி,rice,நெல்,red,செம்மண்,"நெல் தொடர்பான முடிவை செம்மண், Tamil Nadu பகுதி, பருவம் மற்றும் பாசன வசதியை வைத்து எடுக்க வேண்டும். முதலில் மண் பரிசோதனை, சரியான விதை, நிலத் தயாரிப்பு மற்றும் நீர் மேலாண்மையை திட்டமிடுங்கள்."
CA_00632,spacing,இடைவெளி,rice,நெல்,black,கரிசல் மண்,"நெல் தொடர்பான முடிவை கரிசல் மண், Tamil Nadu பகுதி, பருவம் மற்றும் பாசன வசதியை வைத்து எடுக்க வேண்டும். முதலில் மண் பரிசோதனை, சரியான விதை, நிலத் தயாரிப்பு மற்றும் நீர் மேலாண்மையை திட்டமிடுங்கள்."
CA_00633,spacing,இடைவெளி,rice,நெல்,alluvial,வண்டல் மண்,"நெல் தொடர்பான முடிவை வண்டல் மண், Tamil Nadu பகுதி, பருவம் மற்றும் பாசன வசதியை வைத்து எடுக்க வேண்டும். முதலில் மண் பரிசோதனை, சரியான விதை, நிலத் தயாரிப்பு மற்றும் நீர் மேலாண்மையை திட்டமிடுங்கள்."
CA_00634,spacing,இடைவெளி,rice,நெல்,sandy,மணல் மண்,"நெல் தொடர்பான முடிவை மணல் மண், Tamil Nadu பகுதி, பருவம் மற்றும் பாசன வசதியை வைத்து எடுக்க வேண்டும். முதலில் மண் பரிசோதனை, சரியான விதை, நிலத் தயாரிப்பு மற்றும் நீர் மேலாண்மையை திட்டமிடுங்கள்."
CA_00635,spacing,இடைவெளி,rice,நெல்,clay,களிமண்,"நெல் தொடர்பான முடிவை களிமண், Tamil Nadu பகுதி, பருவம் மற்றும் பாசன வசதியை வைத்து எடுக்க வேண்டும். முதலில் மண் பரிசோதனை, சரியான விதை, நிலத் தயாரிப்பு மற்றும் நீர் மேலாண்மையை திட்டமிடுங்கள்."
CA_00636,spacing,இடைவெளி,rice,நெல்,loamy,கலப்பு மண்,"நெல் தொடர்பான முடிவை கலப்பு மண், Tamil Nadu பகுதி, பருவம் மற்றும் பாசன வசதியை வைத்து எடுக்க வேண்டும். முதலில் மண் பரிசோதனை, சரியான விதை, நிலத் தயாரிப்பு மற்றும் நீர் மேலாண்மையை திட்டமிடுங்கள்."
CA_00637,spacing,இடைவெளி,rice,நெல்,laterite,சரளை மண்,"நெல் தொடர்பான முடிவை சரளை மண், Tamil Nadu பகுதி, பருவம் மற்றும் பாசன வசதியை வைத்து எடுக்க வேண்டும். முதலில் மண் பரிசோதனை, சரியான விதை, நிலத் தயாரிப்பு மற்றும் நீர் மேலாண்மையை திட்டமிடுங்கள்."
CA_00638,spacing,இடைவெளி,banana,வாழை,red,செம்மண்,"வாழை தொடர்பான முடிவை செம்மண், Tamil Nadu பகுதி, பருவம் மற்றும் பாசன வசதியை வைத்து எடுக்க வேண்டும். முதலில் மண் பரிசோதனை, சரியான விதை, நிலத் தயாரிப்பு மற்றும் நீர் மேலாண்மையை திட்டமிடுங்கள்."
CA_00639,spacing,இடைவெளி,banana,வாழை,black,கரிசல் மண்,"வாழை தொடர்பான முடிவை கரிசல் மண், Tamil Nadu பகுதி, பருவம் மற்றும் பாசன வசதியை வைத்து எடுக்க வேண்டும். முதலில் மண் பரிசோதனை, சரியான விதை, நிலத் தயாரிப்பு மற்றும் நீர் மேலாண்மையை திட்டமிடுங்கள்."
CA_00640,spacing,இடைவெளி,banana,வாழை,alluvial,வண்டல் மண்,"வாழை தொடர்பான முடிவை வண்டல் மண், Tamil Nadu பகுதி, பருவம் மற்றும் பாசன வசதியை வைத்து எடுக்க வேண்டும். முதலில் மண் பரிசோதனை, சரியான விதை, நிலத் தயாரிப்பு மற்றும் நீர் மேலாண்மையை திட்டமிடுங்கள்."
CA_00641,spacing,இடைவெளி,banana,வாழை,sandy,மணல் மண்,"வாழை தொடர்பான முடிவை மணல் மண், Tamil Nadu பகுதி, பருவம் மற்றும் பாசன வசதியை வைத்து எடுக்க வேண்டும். முதலில் மண் பரிசோதனை, சரியான விதை, நிலத் தயாரிப்பு மற்றும் நீர் மேலாண்மையை திட்டமிடுங்கள்."
CA_00642,spacing,இடைவெளி,banana,வாழை,clay,களிமண்,"வாழை தொடர்பான முடிவை களிமண், Tamil Nadu பகுதி, பருவம் மற்றும் பாசன வசதியை வைத்து எடுக்க வேண்டும். முதலில் மண் பரிசோதனை, சரியான விதை, நிலத் தயாரிப்பு மற்றும் நீர் மேலாண்மையை திட்டமிடுங்கள்."
CA_00643,spacing,இடைவெளி,banana,வாழை,loamy,கலப்பு மண்,"வாழை தொடர்பான முடிவை கலப்பு மண், Tamil Nadu பகுதி, பருவம் மற்றும் பாசன வசதியை வைத்து எடுக்க வேண்டும். முதலில் மண் பரிசோதனை, சரியான விதை, நிலத் தயாரிப்பு மற்றும் நீர் மேலாண்மையை திட்டமிடுங்கள்."
CA_00644,spacing,இடைவெளி,banana,வாழை,laterite,சரளை மண்,"வாழை தொடர்பான முடிவை சரளை மண், Tamil Nadu பகுதி, பருவம் மற்றும் பாசன வசதியை வைத்து எடுக்க வேண்டும். முதலில் மண் பரிசோதனை, சரியான விதை, நிலத் தயாரிப்பு மற்றும் நீர் மேலாண்மையை திட்டமிடுங்கள்."
CA_00645,spacing,இடைவெளி,sugarcane,கரும்பு,red,செம்மண்,"கரும்பு தொடர்பான முடிவை செம்மண், Tamil Nadu பகுதி, பருவம் மற்றும் பாசன வசதியை வைத்து எடுக்க வேண்டும். முதலில் மண் பரிசோதனை, சரியான விதை, நிலத் தயாரிப்பு மற்றும் நீர் மேலாண்மையை திட்டமிடுங்கள்."
CA_00646,spacing,இடைவெளி,sugarcane,கரும்பு,black,கரிசல் மண்,"கரும்பு தொடர்பான முடிவை கரிசல் மண், Tamil Nadu பகுதி, பருவம் மற்றும் பாசன வசதியை வைத்து எடுக்க வேண்டும். முதலில் மண் பரிசோதனை, சரியான விதை, நிலத் தயாரிப்பு மற்றும் நீர் மேலாண்மையை திட்டமிடுங்கள்."
CA_00647,spacing,இடைவெளி,sugarcane,கரும்பு,alluvial,வண்டல் மண்,"கரும்பு தொடர்பான முடிவை வண்டல் மண், Tamil Nadu பகுதி, பருவம் மற்றும் பாசன வசதியை வைத்து எடுக்க வேண்டும். முதலில் மண் பரிசோதனை, சரியான விதை, நிலத் தயாரிப்பு மற்றும் நீர் மேலாண்மையை திட்டமிடுங்கள்."
CA_00648,spacing,இடைவெளி,sugarcane,கரும்பு,sandy,மணல் மண்,"கரும்பு தொடர்பான முடிவை மணல் மண், Tamil Nadu பகுதி, பருவம் மற்றும் பாசன வசதியை வைத்து எடுக்க வேண்டும். முதலில் மண் பரிசோதனை, சரியான விதை, நிலத் தயாரிப்பு மற்றும் நீர் மேலாண்மையை திட்டமிடுங்கள்."
CA_00649,spacing,இடைவெளி,sugarcane,கரும்பு,clay,களிமண்,"கரும்பு தொடர்பான முடிவை களிமண், Tamil Nadu பகுதி, பருவம் மற்றும் பாசன வசதியை வைத்து எடுக்க வேண்டும். முதலில் மண் பரிசோதனை, சரியான விதை, நிலத் தயாரிப்பு மற்றும் நீர் மேலாண்மையை திட்டமிடுங்கள்."
CA_00650,spacing,இடைவெளி,sugarcane,கரும்பு,loamy,கலப்பு மண்,"கரும்பு தொடர்பான முடிவை கலப்பு மண், Tamil Nadu பகுதி, பருவம் மற்றும் பாசன வசதியை வைத்து எடுக்க வேண்டும். முதலில் மண் பரிசோதனை, சரியான விதை, நிலத் தயாரிப்பு மற்றும் நீர் மேலாண்மையை திட்டமிடுங்கள்."
CA_00651,spacing,இடைவெளி,sugarcane,கரும்பு,laterite,சரளை மண்,"கரும்பு தொடர்பான முடிவை சரளை மண், Tamil Nadu பகுதி, பருவம் மற்றும் பாசன வசதியை வைத்து எடுக்க வேண்டும். முதலில் மண் பரிசோதனை, சரியான விதை, நிலத் தயாரிப்பு மற்றும் நீர் மேலாண்மையை திட்டமிடுங்கள்."
CA_00652,spacing,இடைவெளி,cotton,பருத்தி,red,செம்மண்,"பருத்தி தொடர்பான முடிவை செம்மண், Tamil Nadu பகுதி, பருவம் மற்றும் பாசன வசதியை வைத்து எடுக்க வேண்டும். முதலில் மண் பரிசோதனை, சரியான விதை, நிலத் தயாரிப்பு மற்றும் நீர் மேலாண்மையை திட்டமிடுங்கள்."
CA_00653,spacing,இடைவெளி,cotton,பருத்தி,black,கரிசல் மண்,"பருத்தி தொடர்பான முடிவை கரிசல் மண், Tamil Nadu பகுதி, பருவம் மற்றும் பாசன வசதியை வைத்து எடுக்க வேண்டும். முதலில் மண் பரிசோதனை, சரியான விதை, நிலத் தயாரிப்பு மற்றும் நீர் மேலாண்மையை திட்டமிடுங்கள்."
CA_00654,spacing,இடைவெளி,cotton,பருத்தி,alluvial,வண்டல் மண்,"பருத்தி தொடர்பான முடிவை வண்டல் மண், Tamil Nadu பகுதி, பருவம் மற்றும் பாசன வசதியை வைத்து எடுக்க வேண்டும். முதலில் மண் பரிசோதனை, சரியான விதை, நிலத் தயாரிப்பு மற்றும் நீர் மேலாண்மையை திட்டமிடுங்கள்."
CA_00655,spacing,இடைவெளி,cotton,பருத்தி,sandy,மணல் மண்,"பருத்தி தொடர்பான முடிவை மணல் மண், Tamil Nadu பகுதி, பருவம் மற்றும் பாசன வசதியை வைத்து எடுக்க வேண்டும். முதலில் மண் பரிசோதனை, சரியான விதை, நிலத் தயாரிப்பு மற்றும் நீர் மேலாண்மையை திட்டமிடுங்கள்."
CA_00656,spacing,இடைவெளி,cotton,பருத்தி,clay,களிமண்,"பருத்தி தொடர்பான முடிவை களிமண், Tamil Nadu பகுதி, பருவம் மற்றும் பாசன வசதியை வைத்து எடுக்க வேண்டும். முதலில் மண் பரிசோதனை, சரியான விதை, நிலத் தயாரிப்பு மற்றும் நீர் மேலாண்மையை திட்டமிடுங்கள்."
CA_00657,spacing,இடைவெளி,cotton,பருத்தி,loamy,கலப்பு மண்,"பருத்தி தொடர்பான முடிவை கலப்பு மண், Tamil Nadu பகுதி, பருவம் மற்றும் பாசன வசதியை வைத்து எடுக்க வேண்டும். முதலில் மண் பரிசோதனை, சரியான விதை, நிலத் தயாரிப்பு மற்றும் நீர் மேலாண்மையை திட்டமிடுங்கள்."
CA_00658,spacing,இடைவெளி,cotton,பருத்தி,laterite,சரளை மண்,"பருத்தி தொடர்பான முடிவை சரளை மண், Tamil Nadu பகுதி, பருவம் மற்றும் பாசன வசதியை வைத்து எடுக்க வேண்டும். முதலில் மண் பரிசோதனை, சரியான விதை, நிலத் தயாரிப்பு மற்றும் நீர் மேலாண்மையை திட்டமிடுங்கள்."
CA_00659,spacing,இடைவெளி,groundnut,நிலக்கடலை,red,செம்மண்,"நிலக்கடலை தொடர்பான முடிவை செம்மண், Tamil Nadu பகுதி, பருவம் மற்றும் பாசன வசதியை வைத்து எடுக்க வேண்டும். முதலில் மண் பரிசோதனை, சரியான விதை, நிலத் தயாரிப்பு மற்றும் நீர் மேலாண்மையை திட்டமிடுங்கள்."
CA_00660,spacing,இடைவெளி,groundnut,நிலக்கடலை,black,கரிசல் மண்,"நிலக்கடலை தொடர்பான முடிவை கரிசல் மண், Tamil Nadu பகுதி, பருவம் மற்றும் பாசன வசதியை வைத்து எடுக்க வேண்டும். முதலில் மண் பரிசோதனை, சரியான விதை, நிலத் தயாரிப்பு மற்றும் நீர் மேலாண்மையை திட்டமிடுங்கள்."
CA_00661,spacing,இடைவெளி,groundnut,நிலக்கடலை,alluvial,வண்டல் மண்,"நிலக்கடலை தொடர்பான முடிவை வண்டல் மண், Tamil Nadu பகுதி, பருவம் மற்றும் பாசன வசதியை வைத்து எடுக்க வேண்டும். முதலில் மண் பரிசோதனை, சரியான விதை, நிலத் தயாரிப்பு மற்றும் நீர் மேலாண்மையை திட்டமிடுங்கள்."
CA_00662,spacing,இடைவெளி,groundnut,நிலக்கடலை,sandy,மணல் மண்,"நிலக்கடலை தொடர்பான முடிவை மணல் மண், Tamil Nadu பகுதி, பருவம் மற்றும் பாசன வசதியை வைத்து எடுக்க வேண்டும். முதலில் மண் பரிசோதனை, சரியான விதை, நிலத் தயாரிப்பு மற்றும் நீர் மேலாண்மையை திட்டமிடுங்கள்."
CA_00663,spacing,இடைவெளி,groundnut,நிலக்கடலை,clay,களிமண்,"நிலக்கடலை தொடர்பான முடிவை களிமண், Tamil Nadu பகுதி, பருவம் மற்றும் பாசன வசதியை வைத்து எடுக்க வேண்டும். முதலில் மண் பரிசோதனை, சரியான விதை, நிலத் தயாரிப்பு மற்றும் நீர் மேலாண்மையை திட்டமிடுங்கள்."
CA_00664,spacing,இடைவெளி,groundnut,நிலக்கடலை,loamy,கலப்பு மண்,"நிலக்கடலை தொடர்பான முடிவை கலப்பு மண், Tamil Nadu பகுதி, பருவம் மற்றும் பாசன வசதியை வைத்து எடுக்க வேண்டும். முதலில் மண் பரிசோதனை, சரியான விதை, நிலத் தயாரிப்பு மற்றும் நீர் மேலாண்மையை திட்டமிடுங்கள்."
CA_00665,spacing,இடைவெளி,groundnut,நிலக்கடலை,laterite,சரளை மண்,"நிலக்கடலை தொடர்பான முடிவை சரளை மண், Tamil Nadu பகுதி, பருவம் மற்றும் பாசன வசதியை வைத்து எடுக்க வேண்டும். முதலில் மண் பரிசோதனை, சரியான விதை, நிலத் தயாரிப்பு மற்றும் நீர் மேலாண்மையை திட்டமிடுங்கள்."
CA_00666,spacing,இடைவெளி,maize,மக்காச்சோளம்,red,செம்மண்,"மக்காச்சோளம் தொடர்பான முடிவை செம்மண், Tamil Nadu பகுதி, பருவம் மற்றும் பாசன வசதியை வைத்து எடுக்க வேண்டும். முதலில் மண் பரிசோதனை, சரியான விதை, நிலத் தயாரிப்பு மற்றும் நீர் மேலாண்மையை திட்டமிடுங்கள்."
CA_00667,spacing,இடைவெளி,maize,மக்காச்சோளம்,black,கரிசல் மண்,"மக்காச்சோளம் தொடர்பான முடிவை கரிசல் மண், Tamil Nadu பகுதி, பருவம் மற்றும் பாசன வசதியை வைத்து எடுக்க வேண்டும். முதலில் மண் பரிசோதனை, சரியான விதை, நிலத் தயாரிப்பு மற்றும் நீர் மேலாண்மையை திட்டமிடுங்கள்."
CA_00668,spacing,இடைவெளி,maize,மக்காச்சோளம்,alluvial,வண்டல் மண்,"மக்காச்சோளம் தொடர்பான முடிவை வண்டல் மண், Tamil Nadu பகுதி, பருவம் மற்றும் பாசன வசதியை வைத்து எடுக்க வேண்டும். முதலில் மண் பரிசோதனை, சரியான விதை, நிலத் தயாரிப்பு மற்றும் நீர் மேலாண்மையை திட்டமிடுங்கள்."
CA_00669,spacing,இடைவெளி,maize,மக்காச்சோளம்,sandy,மணல் மண்,"மக்காச்சோளம் தொடர்பான முடிவை மணல் மண், Tamil Nadu பகுதி, பருவம் மற்றும் பாசன வசதியை வைத்து எடுக்க வேண்டும். முதலில் மண் பரிசோதனை, சரியான விதை, நிலத் தயாரிப்பு மற்றும் நீர் மேலாண்மையை திட்டமிடுங்கள்."
CA_00670,spacing,இடைவெளி,maize,மக்காச்சோளம்,clay,களிமண்,"மக்காச்சோளம் தொடர்பான முடிவை களிமண், Tamil Nadu பகுதி, பருவம் மற்றும் பாசன வசதியை வைத்து எடுக்க வேண்டும். முதலில் மண் பரிசோதனை, சரியான விதை, நிலத் தயாரிப்பு மற்றும் நீர் மேலாண்மையை திட்டமிடுங்கள்."
CA_00671,spacing,இடைவெளி,maize,மக்காச்சோளம்,loamy,கலப்பு மண்,"மக்காச்சோளம் தொடர்பான முடிவை கலப்பு மண், Tamil Nadu பகுதி, பருவம் மற்றும் பாசன வசதியை வைத்து எடுக்க வேண்டும். முதலில் மண் பரிசோதனை, சரியான விதை, நிலத் தயாரிப்பு மற்றும் நீர் மேலாண்மையை திட்டமிடுங்கள்."
CA_00672,spacing,இடைவெளி,maize,மக்காச்சோளம்,laterite,சரளை மண்,"மக்காச்சோளம் தொடர்பான முடிவை சரளை மண், Tamil Nadu பகுதி, பருவம் மற்றும் பாசன வசதியை வைத்து எடுக்க வேண்டும். முதலில் மண் பரிசோதனை, சரியான விதை, நிலத் தயாரிப்பு மற்றும் நீர் மேலாண்மையை திட்டமிடுங்கள்."
CA_00673,spacing,இடைவெளி,millet,சிறுதானியம்,red,செம்மண்,"சிறுதானியம் தொடர்பான முடிவை செம்மண், Tamil Nadu பகுதி, பருவம் மற்றும் பாசன வசதியை வைத்து எடுக்க வேண்டும். முதலில் மண் பரிசோதனை, சரியான விதை, நிலத் தயாரிப்பு மற்றும் நீர் மேலாண்மையை திட்டமிடுங்கள்."
CA_00674,spacing,இடைவெளி,millet,சிறுதானியம்,black,கரிசல் மண்,"சிறுதானியம் தொடர்பான முடிவை கரிசல் மண், Tamil Nadu பகுதி, பருவம் மற்றும் பாசன வசதியை வைத்து எடுக்க வேண்டும். முதலில் மண் பரிசோதனை, சரியான விதை, நிலத் தயாரிப்பு மற்றும் நீர் மேலாண்மையை திட்டமிடுங்கள்."
CA_00675,spacing,இடைவெளி,millet,சிறுதானியம்,alluvial,வண்டல் மண்,"சிறுதானியம் தொடர்பான முடிவை வண்டல் மண், Tamil Nadu பகுதி, பருவம் மற்றும் பாசன வசதியை வைத்து எடுக்க வேண்டும். முதலில் மண் பரிசோதனை, சரியான விதை, நிலத் தயாரிப்பு மற்றும் நீர் மேலாண்மையை திட்டமிடுங்கள்."
CA_00676,spacing,இடைவெளி,millet,சிறுதானியம்,sandy,மணல் மண்,"சிறுதானியம் தொடர்பான முடிவை மணல் மண், Tamil Nadu பகுதி, பருவம் மற்றும் பாசன வசதியை வைத்து எடுக்க வேண்டும். முதலில் மண் பரிசோதனை, சரியான விதை, நிலத் தயாரிப்பு மற்றும் நீர் மேலாண்மையை திட்டமிடுங்கள்."
CA_00677,spacing,இடைவெளி,millet,சிறுதானியம்,clay,களிமண்,"சிறுதானியம் தொடர்பான முடிவை களிமண், Tamil Nadu பகுதி, பருவம் மற்றும் பாசன வசதியை வைத்து எடுக்க வேண்டும். முதலில் மண் பரிசோதனை, சரியான விதை, நிலத் தயாரிப்பு மற்றும் நீர் மேலாண்மையை திட்டமிடுங்கள்."
CA_00678,spacing,இடைவெளி,millet,சிறுதானியம்,loamy,கலப்பு மண்,"சிறுதானியம் தொடர்பான முடிவை கலப்பு மண், Tamil Nadu பகுதி, பருவம் மற்றும் பாசன வசதியை வைத்து எடுக்க வேண்டும். முதலில் மண் பரிசோதனை, சரியான விதை, நிலத் தயாரிப்பு மற்றும் நீர் மேலாண்மையை திட்டமிடுங்கள்."
CA_00679,spacing,இடைவெளி,millet,சிறுதானியம்,laterite,சரளை மண்,"சிறுதானியம் தொடர்பான முடிவை சரளை மண், Tamil Nadu பகுதி, பருவம் மற்றும் பாசன வசதியை வைத்து எடுக்க வேண்டும். முதலில் மண் பரிசோதனை, சரியான விதை, நிலத் தயாரிப்பு மற்றும் நீர் மேலாண்மையை திட்டமிடுங்கள்."
CA_00680,spacing,இடைவெளி,tomato,தக்காளி,red,செம்மண்,"தக்காளி தொடர்பான முடிவை செம்மண், Tamil Nadu பகுதி, பருவம் மற்றும் பாசன வசதியை வைத்து எடுக்க வேண்டும். முதலில் மண் பரிசோதனை, சரியான விதை, நிலத் தயாரிப்பு மற்றும் நீர் மேலாண்மையை திட்டமிடுங்கள்."
CA_00681,spacing,இடைவெளி,tomato,தக்காளி,black,கரிசல் மண்,"தக்காளி தொடர்பான முடிவை கரிசல் மண், Tamil Nadu பகுதி, பருவம் மற்றும் பாசன வசதியை வைத்து எடுக்க வேண்டும். முதலில் மண் பரிசோதனை, சரியான விதை, நிலத் தயாரிப்பு மற்றும் நீர் மேலாண்மையை திட்டமிடுங்கள்."
CA_00682,spacing,இடைவெளி,tomato,தக்காளி,alluvial,வண்டல் மண்,"தக்காளி தொடர்பான முடிவை வண்டல் மண், Tamil Nadu பகுதி, பருவம் மற்றும் பாசன வசதியை வைத்து எடுக்க வேண்டும். முதலில் மண் பரிசோதனை, சரியான விதை, நிலத் தயாரிப்பு மற்றும் நீர் மேலாண்மையை திட்டமிடுங்கள்."
CA_00683,spacing,இடைவெளி,tomato,தக்காளி,sandy,மணல் மண்,"தக்காளி தொடர்பான முடிவை மணல் மண், Tamil Nadu பகுதி, பருவம் மற்றும் பாசன வசதியை வைத்து எடுக்க வேண்டும். முதலில் மண் பரிசோதனை, சரியான விதை, நிலத் தயாரிப்பு மற்றும் நீர் மேலாண்மையை திட்டமிடுங்கள்."
CA_00684,spacing,இடைவெளி,tomato,தக்காளி,clay,களிமண்,"தக்காளி தொடர்பான முடிவை களிமண், Tamil Nadu பகுதி, பருவம் மற்றும் பாசன வசதியை வைத்து எடுக்க வேண்டும். முதலில் மண் பரிசோதனை, சரியான விதை, நிலத் தயாரிப்பு மற்றும் நீர் மேலாண்மையை திட்டமிடுங்கள்."
CA_00685,spacing,இடைவெளி,tomato,தக்காளி,loamy,கலப்பு மண்,"தக்காளி தொடர்பான முடிவை கலப்பு மண், Tamil Nadu பகுதி, பருவம் மற்றும் பாசன வசதியை வைத்து எடுக்க வேண்டும். முதலில் மண் பரிசோதனை, சரியான விதை, நிலத் தயாரிப்பு மற்றும் நீர் மேலாண்மையை திட்டமிடுங்கள்."
CA_00686,spacing,இடைவெளி,tomato,தக்காளி,laterite,சரளை மண்,"தக்காளி தொடர்பான முடிவை சரளை மண், Tamil Nadu பகுதி, பருவம் மற்றும் பாசன வசதியை வைத்து எடுக்க வேண்டும். முதலில் மண் பரிசோதனை, சரியான விதை, நிலத் தயாரிப்பு மற்றும் நீர் மேலாண்மையை திட்டமிடுங்கள்."
CA_00687,spacing,இடைவெளி,chilli,மிளகாய்,red,செம்மண்,"மிளகாய் தொடர்பான முடிவை செம்மண், Tamil Nadu பகுதி, பருவம் மற்றும் பாசன வசதியை வைத்து எடுக்க வேண்டும். முதலில் மண் பரிசோதனை, சரியான விதை, நிலத் தயாரிப்பு மற்றும் நீர் மேலாண்மையை திட்டமிடுங்கள்."
CA_00688,spacing,இடைவெளி,chilli,மிளகாய்,black,கரிசல் மண்,"மிளகாய் தொடர்பான முடிவை கரிசல் மண், Tamil Nadu பகுதி, பருவம் மற்றும் பாசன வசதியை வைத்து எடுக்க வேண்டும். முதலில் மண் பரிசோதனை, சரியான விதை, நிலத் தயாரிப்பு மற்றும் நீர் மேலாண்மையை திட்டமிடுங்கள்."
CA_00689,spacing,இடைவெளி,chilli,மிளகாய்,alluvial,வண்டல் மண்,"மிளகாய் தொடர்பான முடிவை வண்டல் மண், Tamil Nadu பகுதி, பருவம் மற்றும் பாசன வசதியை வைத்து எடுக்க வேண்டும். முதலில் மண் பரிசோதனை, சரியான விதை, நிலத் தயாரிப்பு மற்றும் நீர் மேலாண்மையை திட்டமிடுங்கள்."
CA_00690,spacing,இடைவெளி,chilli,மிளகாய்,sandy,மணல் மண்,"மிளகாய் தொடர்பான முடிவை மணல் மண், Tamil Nadu பகுதி, பருவம் மற்றும் பாசன வசதியை வைத்து எடுக்க வேண்டும். முதலில் மண் பரிசோதனை, சரியான விதை, நிலத் தயாரிப்பு மற்றும் நீர் மேலாண்மையை திட்டமிடுங்கள்."
CA_00691,spacing,இடைவெளி,chilli,மிளகாய்,clay,களிமண்,"மிளகாய் தொடர்பான முடிவை களிமண், Tamil Nadu பகுதி, பருவம் மற்றும் பாசன வசதியை வைத்து எடுக்க வேண்டும். முதலில் மண் பரிசோதனை, சரியான விதை, நிலத் தயாரிப்பு மற்றும் நீர் மேலாண்மையை திட்டமிடுங்கள்."
CA_00692,spacing,இடைவெளி,chilli,மிளகாய்,loamy,கலப்பு மண்,"மிளகாய் தொடர்பான முடிவை கலப்பு மண், Tamil Nadu பகுதி, பருவம் மற்றும் பாசன வசதியை வைத்து எடுக்க வேண்டும். முதலில் மண் பரிசோதனை, சரியான விதை, நிலத் தயாரிப்பு மற்றும் நீர் மேலாண்மையை திட்டமிடுங்கள்."
CA_00693,spacing,இடைவெளி,chilli,மிளகாய்,laterite,சரளை மண்,"மிளகாய் தொடர்பான முடிவை சரளை மண், Tamil Nadu பகுதி, பருவம் மற்றும் பாசன வசதியை வைத்து எடுக்க வேண்டும். முதலில் மண் பரிசோதனை, சரியான விதை, நிலத் தயாரிப்பு மற்றும் நீர் மேலாண்மையை திட்டமிடுங்கள்."
CA_00694,spacing,இடைவெளி,onion,வெங்காயம்,red,செம்மண்,"வெங்காயம் தொடர்பான முடிவை செம்மண், Tamil Nadu பகுதி, பருவம் மற்றும் பாசன வசதியை வைத்து எடுக்க வேண்டும். முதலில் மண் பரிசோதனை, சரியான விதை, நிலத் தயாரிப்பு மற்றும் நீர் மேலாண்மையை திட்டமிடுங்கள்."
CA_00695,spacing,இடைவெளி,onion,வெங்காயம்,black,கரிசல் மண்,"வெங்காயம் தொடர்பான முடிவை கரிசல் மண், Tamil Nadu பகுதி, பருவம் மற்றும் பாசன வசதியை வைத்து எடுக்க வேண்டும். முதலில் மண் பரிசோதனை, சரியான விதை, நிலத் தயாரிப்பு மற்றும் நீர் மேலாண்மையை திட்டமிடுங்கள்."
CA_00696,spacing,இடைவெளி,onion,வெங்காயம்,alluvial,வண்டல் மண்,"வெங்காயம் தொடர்பான முடிவை வண்டல் மண், Tamil Nadu பகுதி, பருவம் மற்றும் பாசன வசதியை வைத்து எடுக்க வேண்டும். முதலில் மண் பரிசோதனை, சரியான விதை, நிலத் தயாரிப்பு மற்றும் நீர் மேலாண்மையை திட்டமிடுங்கள்."
CA_00697,spacing,இடைவெளி,onion,வெங்காயம்,sandy,மணல் மண்,"வெங்காயம் தொடர்பான முடிவை மணல் மண், Tamil Nadu பகுதி, பருவம் மற்றும் பாசன வசதியை வைத்து எடுக்க வேண்டும். முதலில் மண் பரிசோதனை, சரியான விதை, நிலத் தயாரிப்பு மற்றும் நீர் மேலாண்மையை திட்டமிடுங்கள்."
CA_00698,spacing,இடைவெளி,onion,வெங்காயம்,clay,களிமண்,"வெங்காயம் தொடர்பான முடிவை களிமண், Tamil Nadu பகுதி, பருவம் மற்றும் பாசன வசதியை வைத்து எடுக்க வேண்டும். முதலில் மண் பரிசோதனை, சரியான விதை, நிலத் தயாரிப்பு மற்றும் நீர் மேலாண்மையை திட்டமிடுங்கள்."
CA_00699,spacing,இடைவெளி,onion,வெங்காயம்,loamy,கலப்பு மண்,"வெங்காயம் தொடர்பான முடிவை கலப்பு மண், Tamil Nadu பகுதி, பருவம் மற்றும் பாசன வசதியை வைத்து எடுக்க வேண்டும். முதலில் மண் பரிசோதனை, சரியான விதை, நிலத் தயாரிப்பு மற்றும் நீர் மேலாண்மையை திட்டமிடுங்கள்."
CA_00700,spacing,இடைவெளி,onion,வெங்காயம்,laterite,சரளை மண்,"வெங்காயம் தொடர்பான முடிவை சரளை மண், Tamil Nadu பகுதி, பருவம் மற்றும் பாசன வசதியை வைத்து எடுக்க வேண்டும். முதலில் மண் பரிசோதனை, சரியான விதை, நிலத் தயாரிப்பு மற்றும் நீர் மேலாண்மையை திட்டமிடுங்கள்."
CA_00701,spacing,இடைவெளி,turmeric,மஞ்சள்,red,செம்மண்,"மஞ்சள் தொடர்பான முடிவை செம்மண், Tamil Nadu பகுதி, பருவம் மற்றும் பாசன வசதியை வைத்து எடுக்க வேண்டும். முதலில் மண் பரிசோதனை, சரியான விதை, நிலத் தயாரிப்பு மற்றும் நீர் மேலாண்மையை திட்டமிடுங்கள்."
CA_00702,spacing,இடைவெளி,turmeric,மஞ்சள்,black,கரிசல் மண்,"மஞ்சள் தொடர்பான முடிவை கரிசல் மண், Tamil Nadu பகுதி, பருவம் மற்றும் பாசன வசதியை வைத்து எடுக்க வேண்டும். முதலில் மண் பரிசோதனை, சரியான விதை, நிலத் தயாரிப்பு மற்றும் நீர் மேலாண்மையை திட்டமிடுங்கள்."
CA_00703,spacing,இடைவெளி,turmeric,மஞ்சள்,alluvial,வண்டல் மண்,"மஞ்சள் தொடர்பான முடிவை வண்டல் மண், Tamil Nadu பகுதி, பருவம் மற்றும் பாசன வசதியை வைத்து எடுக்க வேண்டும். முதலில் மண் பரிசோதனை, சரியான விதை, நிலத் தயாரிப்பு மற்றும் நீர் மேலாண்மையை திட்டமிடுங்கள்."
CA_00704,spacing,இடைவெளி,turmeric,மஞ்சள்,sandy,மணல் மண்,"மஞ்சள் தொடர்பான முடிவை மணல் மண், Tamil Nadu பகுதி, பருவம் மற்றும் பாசன வசதியை வைத்து எடுக்க வேண்டும். முதலில் மண் பரிசோதனை, சரியான விதை, நிலத் தயாரிப்பு மற்றும் நீர் மேலாண்மையை திட்டமிடுங்கள்."
CA_00705,spacing,இடைவெளி,turmeric,மஞ்சள்,clay,களிமண்,"மஞ்சள் தொடர்பான முடிவை களிமண், Tamil Nadu பகுதி, பருவம் மற்றும் பாசன வசதியை வைத்து எடுக்க வேண்டும். முதலில் மண் பரிசோதனை, சரியான விதை, நிலத் தயாரிப்பு மற்றும் நீர் மேலாண்மையை திட்டமிடுங்கள்."
CA_00706,spacing,இடைவெளி,turmeric,மஞ்சள்,loamy,கலப்பு மண்,"மஞ்சள் தொடர்பான முடிவை கலப்பு மண், Tamil Nadu பகுதி, பருவம் மற்றும் பாசன வசதியை வைத்து எடுக்க வேண்டும். முதலில் மண் பரிசோதனை, சரியான விதை, நிலத் தயாரிப்பு மற்றும் நீர் மேலாண்மையை திட்டமிடுங்கள்."
CA_00707,spacing,இடைவெளி,turmeric,மஞ்சள்,laterite,சரளை மண்,"மஞ்சள் தொடர்பான முடிவை சரளை மண், Tamil Nadu பகுதி, பருவம் மற்றும் பாசன வசதியை வைத்து எடுக்க வேண்டும். முதலில் மண் பரிசோதனை, சரியான விதை, நிலத் தயாரிப்பு மற்றும் நீர் மேலாண்மையை திட்டமிடுங்கள்."
CA_00708,spacing,இடைவெளி,brinjal,கத்தரிக்காய்,red,செம்மண்,"கத்தரிக்காய் தொடர்பான முடிவை செம்மண், Tamil Nadu பகுதி, பருவம் மற்றும் பாசன வசதியை வைத்து எடுக்க வேண்டும். முதலில் மண் பரிசோதனை, சரியான விதை, நிலத் தயாரிப்பு மற்றும் நீர் மேலாண்மையை திட்டமிடுங்கள்."
CA_00709,spacing,இடைவெளி,brinjal,கத்தரிக்காய்,black,கரிசல் மண்,"கத்தரிக்காய் தொடர்பான முடிவை கரிசல் மண், Tamil Nadu பகுதி, பருவம் மற்றும் பாசன வசதியை வைத்து எடுக்க வேண்டும். முதலில் மண் பரிசோதனை, சரியான விதை, நிலத் தயாரிப்பு மற்றும் நீர் மேலாண்மையை திட்டமிடுங்கள்."
CA_00710,spacing,இடைவெளி,brinjal,கத்தரிக்காய்,alluvial,வண்டல் மண்,"கத்தரிக்காய் தொடர்பான முடிவை வண்டல் மண், Tamil Nadu பகுதி, பருவம் மற்றும் பாசன வசதியை வைத்து எடுக்க வேண்டும். முதலில் மண் பரிசோதனை, சரியான விதை, நிலத் தயாரிப்பு மற்றும் நீர் மேலாண்மையை திட்டமிடுங்கள்."
CA_00711,spacing,இடைவெளி,brinjal,கத்தரிக்காய்,sandy,மணல் மண்,"கத்தரிக்காய் தொடர்பான முடிவை மணல் மண், Tamil Nadu பகுதி, பருவம் மற்றும் பாசன வசதியை வைத்து எடுக்க வேண்டும். முதலில் மண் பரிசோதனை, சரியான விதை, நிலத் தயாரிப்பு மற்றும் நீர் மேலாண்மையை திட்டமிடுங்கள்."
CA_00712,spacing,இடைவெளி,brinjal,கத்தரிக்காய்,clay,களிமண்,"கத்தரிக்காய் தொடர்பான முடிவை களிமண், Tamil Nadu பகுதி, பருவம் மற்றும் பாசன வசதியை வைத்து எடுக்க வேண்டும். முதலில் மண் பரிசோதனை, சரியான விதை, நிலத் தயாரிப்பு மற்றும் நீர் மேலாண்மையை திட்டமிடுங்கள்."
CA_00713,spacing,இடைவெளி,brinjal,கத்தரிக்காய்,loamy,கலப்பு மண்,"கத்தரிக்காய் தொடர்பான முடிவை கலப்பு மண், Tamil Nadu பகுதி, பருவம் மற்றும் பாசன வசதியை வைத்து எடுக்க வேண்டும். முதலில் மண் பரிசோதனை, சரியான விதை, நிலத் தயாரிப்பு மற்றும் நீர் மேலாண்மையை திட்டமிடுங்கள்."
CA_00714,spacing,இடைவெளி,brinjal,கத்தரிக்காய்,laterite,சரளை மண்,"கத்தரிக்காய் தொடர்பான முடிவை சரளை மண், Tamil Nadu பகுதி, பருவம் மற்றும் பாசன வசதியை வைத்து எடுக்க வேண்டும். முதலில் மண் பரிசோதனை, சரியான விதை, நிலத் தயாரிப்பு மற்றும் நீர் மேலாண்மையை திட்டமிடுங்கள்."
CA_00715,spacing,இடைவெளி,okra,வெண்டைக்காய்,red,செம்மண்,"வெண்டைக்காய் தொடர்பான முடிவை செம்மண், Tamil Nadu பகுதி, பருவம் மற்றும் பாசன வசதியை வைத்து எடுக்க வேண்டும். முதலில் மண் பரிசோதனை, சரியான விதை, நிலத் தயாரிப்பு மற்றும் நீர் மேலாண்மையை திட்டமிடுங்கள்."
CA_00716,spacing,இடைவெளி,okra,வெண்டைக்காய்,black,கரிசல் மண்,"வெண்டைக்காய் தொடர்பான முடிவை கரிசல் மண், Tamil Nadu பகுதி, பருவம் மற்றும் பாசன வசதியை வைத்து எடுக்க வேண்டும். முதலில் மண் பரிசோதனை, சரியான விதை, நிலத் தயாரிப்பு மற்றும் நீர் மேலாண்மையை திட்டமிடுங்கள்."
CA_00717,spacing,இடைவெளி,okra,வெண்டைக்காய்,alluvial,வண்டல் மண்,"வெண்டைக்காய் தொடர்பான முடிவை வண்டல் மண், Tamil Nadu பகுதி, பருவம் மற்றும் பாசன வசதியை வைத்து எடுக்க வேண்டும். முதலில் மண் பரிசோதனை, சரியான விதை, நிலத் தயாரிப்பு மற்றும் நீர் மேலாண்மையை திட்டமிடுங்கள்."
CA_00718,spacing,இடைவெளி,okra,வெண்டைக்காய்,sandy,மணல் மண்,"வெண்டைக்காய் தொடர்பான முடிவை மணல் மண், Tamil Nadu பகுதி, பருவம் மற்றும் பாசன வசதியை வைத்து எடுக்க வேண்டும். முதலில் மண் பரிசோதனை, சரியான விதை, நிலத் தயாரிப்பு மற்றும் நீர் மேலாண்மையை திட்டமிடுங்கள்."
CA_00719,spacing,இடைவெளி,okra,வெண்டைக்காய்,clay,களிமண்,"வெண்டைக்காய் தொடர்பான முடிவை களிமண், Tamil Nadu பகுதி, பருவம் மற்றும் பாசன வசதியை வைத்து எடுக்க வேண்டும். முதலில் மண் பரிசோதனை, சரியான விதை, நிலத் தயாரிப்பு மற்றும் நீர் மேலாண்மையை திட்டமிடுங்கள்."
CA_00720,spacing,இடைவெளி,okra,வெண்டைக்காய்,loamy,கலப்பு மண்,"வெண்டைக்காய் தொடர்பான முடிவை கலப்பு மண், Tamil Nadu பகுதி, பருவம் மற்றும் பாசன வசதியை வைத்து எடுக்க வேண்டும். முதலில் மண் பரிசோதனை, சரியான விதை, நிலத் தயாரிப்பு மற்றும் நீர் மேலாண்மையை திட்டமிடுங்கள்."
CA_00721,spacing,இடைவெளி,okra,வெண்டைக்காய்,laterite,சரளை மண்,"வெண்டைக்காய் தொடர்பான முடிவை சரளை மண், Tamil Nadu பகுதி, பருவம் மற்றும் பாசன வசதியை வைத்து எடுக்க வேண்டும். முதலில் மண் பரிசோதனை, சரியான விதை, நிலத் தயாரிப்பு மற்றும் நீர் மேலாண்மையை திட்டமிடுங்கள்."
CA_00722,spacing,இடைவெளி,coconut,தேங்காய்,red,செம்மண்,"தேங்காய் தொடர்பான முடிவை செம்மண், Tamil Nadu பகுதி, பருவம் மற்றும் பாசன வசதியை வைத்து எடுக்க வேண்டும். முதலில் மண் பரிசோதனை, சரியான விதை, நிலத் தயாரிப்பு மற்றும் நீர் மேலாண்மையை திட்டமிடுங்கள்."
CA_00723,spacing,இடைவெளி,coconut,தேங்காய்,black,கரிசல் மண்,"தேங்காய் தொடர்பான முடிவை கரிசல் மண், Tamil Nadu பகுதி, பருவம் மற்றும் பாசன வசதியை வைத்து எடுக்க வேண்டும். முதலில் மண் பரிசோதனை, சரியான விதை, நிலத் தயாரிப்பு மற்றும் நீர் மேலாண்மையை திட்டமிடுங்கள்."
CA_00724,spacing,இடைவெளி,coconut,தேங்காய்,alluvial,வண்டல் மண்,"தேங்காய் தொடர்பான முடிவை வண்டல் மண், Tamil Nadu பகுதி, பருவம் மற்றும் பாசன வசதியை வைத்து எடுக்க வேண்டும். முதலில் மண் பரிசோதனை, சரியான விதை, நிலத் தயாரிப்பு மற்றும் நீர் மேலாண்மையை திட்டமிடுங்கள்."
CA_00725,spacing,இடைவெளி,coconut,தேங்காய்,sandy,மணல் மண்,"தேங்காய் தொடர்பான முடிவை மணல் மண், Tamil Nadu பகுதி, பருவம் மற்றும் பாசன வசதியை வைத்து எடுக்க வேண்டும். முதலில் மண் பரிசோதனை, சரியான விதை, நிலத் தயாரிப்பு மற்றும் நீர் மேலாண்மையை திட்டமிடுங்கள்."
CA_00726,spacing,இடைவெளி,coconut,தேங்காய்,clay,களிமண்,"தேங்காய் தொடர்பான முடிவை களிமண், Tamil Nadu பகுதி, பருவம் மற்றும் பாசன வசதியை வைத்து எடுக்க வேண்டும். முதலில் மண் பரிசோதனை, சரியான விதை, நிலத் தயாரிப்பு மற்றும் நீர் மேலாண்மையை திட்டமிடுங்கள்."
CA_00727,spacing,இடைவெளி,coconut,தேங்காய்,loamy,கலப்பு மண்,"தேங்காய் தொடர்பான முடிவை கலப்பு மண், Tamil Nadu பகுதி, பருவம் மற்றும் பாசன வசதியை வைத்து எடுக்க வேண்டும். முதலில் மண் பரிசோதனை, சரியான விதை, நிலத் தயாரிப்பு மற்றும் நீர் மேலாண்மையை திட்டமிடுங்கள்."
CA_00728,spacing,இடைவெளி,coconut,தேங்காய்,laterite,சரளை மண்,"தேங்காய் தொடர்பான முடிவை சரளை மண், Tamil Nadu பகுதி, பருவம் மற்றும் பாசன வசதியை வைத்து எடுக்க வேண்டும். முதலில் மண் பரிசோதனை, சரியான விதை, நிலத் தயாரிப்பு மற்றும் நீர் மேலாண்மையை திட்டமிடுங்கள்."
CA_00729,spacing,இடைவெளி,pulses,பயறு,red,செம்மண்,"பயறு தொடர்பான முடிவை செம்மண், Tamil Nadu பகுதி, பருவம் மற்றும் பாசன வசதியை வைத்து எடுக்க வேண்டும். முதலில் மண் பரிசோதனை, சரியான விதை, நிலத் தயாரிப்பு மற்றும் நீர் மேலாண்மையை திட்டமிடுங்கள்."
CA_00730,spacing,இடைவெளி,pulses,பயறு,black,கரிசல் மண்,"பயறு தொடர்பான முடிவை கரிசல் மண், Tamil Nadu பகுதி, பருவம் மற்றும் பாசன வசதியை வைத்து எடுக்க வேண்டும். முதலில் மண் பரிசோதனை, சரியான விதை, நிலத் தயாரிப்பு மற்றும் நீர் மேலாண்மையை திட்டமிடுங்கள்."
CA_00731,spacing,இடைவெளி,pulses,பயறு,alluvial,வண்டல் மண்,"பயறு தொடர்பான முடிவை வண்டல் மண், Tamil Nadu பகுதி, பருவம் மற்றும் பாசன வசதியை வைத்து எடுக்க வேண்டும். முதலில் மண் பரிசோதனை, சரியான விதை, நிலத் தயாரிப்பு மற்றும் நீர் மேலாண்மையை திட்டமிடுங்கள்."
CA_00732,spacing,இடைவெளி,pulses,பயறு,sandy,மணல் மண்,"பயறு தொடர்பான முடிவை மணல் மண், Tamil Nadu பகுதி, பருவம் மற்றும் பாசன வசதியை வைத்து எடுக்க வேண்டும். முதலில் மண் பரிசோதனை, சரியான விதை, நிலத் தயாரிப்பு மற்றும் நீர் மேலாண்மையை திட்டமிடுங்கள்."
CA_00733,spacing,இடைவெளி,pulses,பயறு,clay,களிமண்,"பயறு தொடர்பான முடிவை களிமண், Tamil Nadu பகுதி, பருவம் மற்றும் பாசன வசதியை வைத்து எடுக்க வேண்டும். முதலில் மண் பரிசோதனை, சரியான விதை, நிலத் தயாரிப்பு மற்றும் நீர் மேலாண்மையை திட்டமிடுங்கள்."
CA_00734,spacing,இடைவெளி,pulses,பயறு,loamy,கலப்பு மண்,"பயறு தொடர்பான முடிவை கலப்பு மண், Tamil Nadu பகுதி, பருவம் மற்றும் பாசன வசதியை வைத்து எடுக்க வேண்டும். முதலில் மண் பரிசோதனை, சரியான விதை, நிலத் தயாரிப்பு மற்றும் நீர் மேலாண்மையை திட்டமிடுங்கள்."
CA_00735,spacing,இடைவெளி,pulses,பயறு,laterite,சரளை மண்,"பயறு தொடர்பான முடிவை சரளை மண், Tamil Nadu பகுதி, பருவம் மற்றும் பாசன வசதியை வைத்து எடுக்க வேண்டும். முதலில் மண் பரிசோதனை, சரியான விதை, நிலத் தயாரிப்பு மற்றும் நீர் மேலாண்மையை திட்டமிடுங்கள்."
CA_00736,spacing,இடைவெளி,sesame,எள்,red,செம்மண்,"எள் தொடர்பான முடிவை செம்மண், Tamil Nadu பகுதி, பருவம் மற்றும் பாசன வசதியை வைத்து எடுக்க வேண்டும். முதலில் மண் பரிசோதனை, சரியான விதை, நிலத் தயாரிப்பு மற்றும் நீர் மேலாண்மையை திட்டமிடுங்கள்."
CA_00737,spacing,இடைவெளி,sesame,எள்,black,கரிசல் மண்,"எள் தொடர்பான முடிவை கரிசல் மண், Tamil Nadu பகுதி, பருவம் மற்றும் பாசன வசதியை வைத்து எடுக்க வேண்டும். முதலில் மண் பரிசோதனை, சரியான விதை, நிலத் தயாரிப்பு மற்றும் நீர் மேலாண்மையை திட்டமிடுங்கள்."
CA_00738,spacing,இடைவெளி,sesame,எள்,alluvial,வண்டல் மண்,"எள் தொடர்பான முடிவை வண்டல் மண், Tamil Nadu பகுதி, பருவம் மற்றும் பாசன வசதியை வைத்து எடுக்க வேண்டும். முதலில் மண் பரிசோதனை, சரியான விதை, நிலத் தயாரிப்பு மற்றும் நீர் மேலாண்மையை திட்டமிடுங்கள்."
CA_00739,spacing,இடைவெளி,sesame,எள்,sandy,மணல் மண்,"எள் தொடர்பான முடிவை மணல் மண், Tamil Nadu பகுதி, பருவம் மற்றும் பாசன வசதியை வைத்து எடுக்க வேண்டும். முதலில் மண் பரிசோதனை, சரியான விதை, நிலத் தயாரிப்பு மற்றும் நீர் மேலாண்மையை திட்டமிடுங்கள்."
CA_00740,spacing,இடைவெளி,sesame,எள்,clay,களிமண்,"எள் தொடர்பான முடிவை களிமண், Tamil Nadu பகுதி, பருவம் மற்றும் பாசன வசதியை வைத்து எடுக்க வேண்டும். முதலில் மண் பரிசோதனை, சரியான விதை, நிலத் தயாரிப்பு மற்றும் நீர் மேலாண்மையை திட்டமிடுங்கள்."
CA_00741,spacing,இடைவெளி,sesame,எள்,loamy,கலப்பு மண்,"எள் தொடர்பான முடிவை கலப்பு மண், Tamil Nadu பகுதி, பருவம் மற்றும் பாசன வசதியை வைத்து எடுக்க வேண்டும். முதலில் மண் பரிசோதனை, சரியான விதை, நிலத் தயாரிப்பு மற்றும் நீர் மேலாண்மையை திட்டமிடுங்கள்."
CA_00742,spacing,இடைவெளி,sesame,எள்,laterite,சரளை மண்,"எள் தொடர்பான முடிவை சரளை மண், Tamil Nadu பகுதி, பருவம் மற்றும் பாசன வசதியை வைத்து எடுக்க வேண்டும். முதலில் மண் பரிசோதனை, சரியான விதை, நிலத் தயாரிப்பு மற்றும் நீர் மேலாண்மையை திட்டமிடுங்கள்."
CA_00743,spacing,இடைவெளி,tapioca,மரவள்ளி,red,செம்மண்,"மரவள்ளி தொடர்பான முடிவை செம்மண், Tamil Nadu பகுதி, பருவம் மற்றும் பாசன வசதியை வைத்து எடுக்க வேண்டும். முதலில் மண் பரிசோதனை, சரியான விதை, நிலத் தயாரிப்பு மற்றும் நீர் மேலாண்மையை திட்டமிடுங்கள்."
CA_00744,spacing,இடைவெளி,tapioca,மரவள்ளி,black,கரிசல் மண்,"மரவள்ளி தொடர்பான முடிவை கரிசல் மண், Tamil Nadu பகுதி, பருவம் மற்றும் பாசன வசதியை வைத்து எடுக்க வேண்டும். முதலில் மண் பரிசோதனை, சரியான விதை, நிலத் தயாரிப்பு மற்றும் நீர் மேலாண்மையை திட்டமிடுங்கள்."
CA_00745,spacing,இடைவெளி,tapioca,மரவள்ளி,alluvial,வண்டல் மண்,"மரவள்ளி தொடர்பான முடிவை வண்டல் மண், Tamil Nadu பகுதி, பருவம் மற்றும் பாசன வசதியை வைத்து எடுக்க வேண்டும். முதலில் மண் பரிசோதனை, சரியான விதை, நிலத் தயாரிப்பு மற்றும் நீர் மேலாண்மையை திட்டமிடுங்கள்."
CA_00746,spacing,இடைவெளி,tapioca,மரவள்ளி,sandy,மணல் மண்,"மரவள்ளி தொடர்பான முடிவை மணல் மண், Tamil Nadu பகுதி, பருவம் மற்றும் பாசன வசதியை வைத்து எடுக்க வேண்டும். முதலில் மண் பரிசோதனை, சரியான விதை, நிலத் தயாரிப்பு மற்றும் நீர் மேலாண்மையை திட்டமிடுங்கள்."
CA_00747,spacing,இடைவெளி,tapioca,மரவள்ளி,clay,களிமண்,"மரவள்ளி தொடர்பான முடிவை களிமண், Tamil Nadu பகுதி, பருவம் மற்றும் பாசன வசதியை வைத்து எடுக்க வேண்டும். முதலில் மண் பரிசோதனை, சரியான விதை, நிலத் தயாரிப்பு மற்றும் நீர் மேலாண்மையை திட்டமிடுங்கள்."
CA_00748,spacing,இடைவெளி,tapioca,மரவள்ளி,loamy,கலப்பு மண்,"மரவள்ளி தொடர்பான முடிவை கலப்பு மண், Tamil Nadu பகுதி, பருவம் மற்றும் பாசன வசதியை வைத்து எடுக்க வேண்டும். முதலில் மண் பரிசோதனை, சரியான விதை, நிலத் தயாரிப்பு மற்றும் நீர் மேலாண்மையை திட்டமிடுங்கள்."
CA_00749,spacing,இடைவெளி,tapioca,மரவள்ளி,laterite,சரளை மண்,"மரவள்ளி தொடர்பான முடிவை சரளை மண், Tamil Nadu பகுதி, பருவம் மற்றும் பாசன வசதியை வைத்து எடுக்க வேண்டும். முதலில் மண் பரிசோதனை, சரியான விதை, நிலத் தயாரிப்பு மற்றும் நீர் மேலாண்மையை திட்டமிடுங்கள்."
CA_00750,spacing,இடைவெளி,drumstick,முருங்கை,red,செம்மண்,"முருங்கை தொடர்பான முடிவை செம்மண், Tamil Nadu பகுதி, பருவம் மற்றும் பாசன வசதியை வைத்து எடுக்க வேண்டும். முதலில் மண் பரிசோதனை, சரியான விதை, நிலத் தயாரிப்பு மற்றும் நீர் மேலாண்மையை திட்டமிடுங்கள்."
CA_00751,spacing,இடைவெளி,drumstick,முருங்கை,black,கரிசல் மண்,"முருங்கை தொடர்பான முடிவை கரிசல் மண், Tamil Nadu பகுதி, பருவம் மற்றும் பாசன வசதியை வைத்து எடுக்க வேண்டும். முதலில் மண் பரிசோதனை, சரியான விதை, நிலத் தயாரிப்பு மற்றும் நீர் மேலாண்மையை திட்டமிடுங்கள்."
CA_00752,spacing,இடைவெளி,drumstick,முருங்கை,alluvial,வண்டல் மண்,"முருங்கை தொடர்பான முடிவை வண்டல் மண், Tamil Nadu பகுதி, பருவம் மற்றும் பாசன வசதியை வைத்து எடுக்க வேண்டும். முதலில் மண் பரிசோதனை, சரியான விதை, நிலத் தயாரிப்பு மற்றும் நீர் மேலாண்மையை திட்டமிடுங்கள்."
CA_00753,spacing,இடைவெளி,drumstick,முருங்கை,sandy,மணல் மண்,"முருங்கை தொடர்பான முடிவை மணல் மண், Tamil Nadu பகுதி, பருவம் மற்றும் பாசன வசதியை வைத்து எடுக்க வேண்டும். முதலில் மண் பரிசோதனை, சரியான விதை, நிலத் தயாரிப்பு மற்றும் நீர் மேலாண்மையை திட்டமிடுங்கள்."
CA_00754,spacing,இடைவெளி,drumstick,முருங்கை,clay,களிமண்,"முருங்கை தொடர்பான முடிவை களிமண், Tamil Nadu பகுதி, பருவம் மற்றும் பாசன வசதியை வைத்து எடுக்க வேண்டும். முதலில் மண் பரிசோதனை, சரியான விதை, நிலத் தயாரிப்பு மற்றும் நீர் மேலாண்மையை திட்டமிடுங்கள்."
CA_00755,spacing,இடைவெளி,drumstick,முருங்கை,loamy,கலப்பு மண்,"முருங்கை தொடர்பான முடிவை கலப்பு மண், Tamil Nadu பகுதி, பருவம் மற்றும் பாசன வசதியை வைத்து எடுக்க வேண்டும். முதலில் மண் பரிசோதனை, சரியான விதை, நிலத் தயாரிப்பு மற்றும் நீர் மேலாண்மையை திட்டமிடுங்கள்."
CA_00756,spacing,இடைவெளி,drumstick,முருங்கை,laterite,சரளை மண்,"முருங்கை தொடர்பான முடிவை சரளை மண், Tamil Nadu பகுதி, பருவம் மற்றும் பாசன வசதியை வைத்து எடுக்க வேண்டும். முதலில் மண் பரிசோதனை, சரியான விதை, நிலத் தயாரிப்பு மற்றும் நீர் மேலாண்மையை திட்டமிடுங்கள்."
CA_00757,fertilizer,உரம்,rice,நெல்,red,செம்மண்,"நெல் க்கு உர அளவு மண் பரிசோதனை, பயிர் வயது மற்றும் இலக்கு மகசூலைப் பொறுத்தது. மண் பரிசோதனை இல்லாமல் அதிக உரம் இட வேண்டாம்; பரிந்துரைக்கப்பட்ட ஊட்டச்சத்து மேலாண்மையை பின்பற்றுங்கள்."
CA_00758,fertilizer,உரம்,rice,நெல்,black,கரிசல் மண்,"நெல் க்கு உர அளவு மண் பரிசோதனை, பயிர் வயது மற்றும் இலக்கு மகசூலைப் பொறுத்தது. மண் பரிசோதனை இல்லாமல் அதிக உரம் இட வேண்டாம்; பரிந்துரைக்கப்பட்ட ஊட்டச்சத்து மேலாண்மையை பின்பற்றுங்கள்."
CA_00759,fertilizer,உரம்,rice,நெல்,alluvial,வண்டல் மண்,"நெல் க்கு உர அளவு மண் பரிசோதனை, பயிர் வயது மற்றும் இலக்கு மகசூலைப் பொறுத்தது. மண் பரிசோதனை இல்லாமல் அதிக உரம் இட வேண்டாம்; பரிந்துரைக்கப்பட்ட ஊட்டச்சத்து மேலாண்மையை பின்பற்றுங்கள்."
CA_00760,fertilizer,உரம்,rice,நெல்,sandy,மணல் மண்,"நெல் க்கு உர அளவு மண் பரிசோதனை, பயிர் வயது மற்றும் இலக்கு மகசூலைப் பொறுத்தது. மண் பரிசோதனை இல்லாமல் அதிக உரம் இட வேண்டாம்; பரிந்துரைக்கப்பட்ட ஊட்டச்சத்து மேலாண்மையை பின்பற்றுங்கள்."
CA_00761,fertilizer,உரம்,rice,நெல்,clay,களிமண்,"நெல் க்கு உர அளவு மண் பரிசோதனை, பயிர் வயது மற்றும் இலக்கு மகசூலைப் பொறுத்தது. மண் பரிசோதனை இல்லாமல் அதிக உரம் இட வேண்டாம்; பரிந்துரைக்கப்பட்ட ஊட்டச்சத்து மேலாண்மையை பின்பற்றுங்கள்."
CA_00762,fertilizer,உரம்,rice,நெல்,loamy,கலப்பு மண்,"நெல் க்கு உர அளவு மண் பரிசோதனை, பயிர் வயது மற்றும் இலக்கு மகசூலைப் பொறுத்தது. மண் பரிசோதனை இல்லாமல் அதிக உரம் இட வேண்டாம்; பரிந்துரைக்கப்பட்ட ஊட்டச்சத்து மேலாண்மையை பின்பற்றுங்கள்."
CA_00763,fertilizer,உரம்,rice,நெல்,laterite,சரளை மண்,"நெல் க்கு உர அளவு மண் பரிசோதனை, பயிர் வயது மற்றும் இலக்கு மகசூலைப் பொறுத்தது. மண் பரிசோதனை இல்லாமல் அதிக உரம் இட வேண்டாம்; பரிந்துரைக்கப்பட்ட ஊட்டச்சத்து மேலாண்மையை பின்பற்றுங்கள்."
CA_00764,fertilizer,உரம்,banana,வாழை,red,செம்மண்,"வாழை க்கு உர அளவு மண் பரிசோதனை, பயிர் வயது மற்றும் இலக்கு மகசூலைப் பொறுத்தது. மண் பரிசோதனை இல்லாமல் அதிக உரம் இட வேண்டாம்; பரிந்துரைக்கப்பட்ட ஊட்டச்சத்து மேலாண்மையை பின்பற்றுங்கள்."
CA_00765,fertilizer,உரம்,banana,வாழை,black,கரிசல் மண்,"வாழை க்கு உர அளவு மண் பரிசோதனை, பயிர் வயது மற்றும் இலக்கு மகசூலைப் பொறுத்தது. மண் பரிசோதனை இல்லாமல் அதிக உரம் இட வேண்டாம்; பரிந்துரைக்கப்பட்ட ஊட்டச்சத்து மேலாண்மையை பின்பற்றுங்கள்."
CA_00766,fertilizer,உரம்,banana,வாழை,alluvial,வண்டல் மண்,"வாழை க்கு உர அளவு மண் பரிசோதனை, பயிர் வயது மற்றும் இலக்கு மகசூலைப் பொறுத்தது. மண் பரிசோதனை இல்லாமல் அதிக உரம் இட வேண்டாம்; பரிந்துரைக்கப்பட்ட ஊட்டச்சத்து மேலாண்மையை பின்பற்றுங்கள்."
CA_00767,fertilizer,உரம்,banana,வாழை,sandy,மணல் மண்,"வாழை க்கு உர அளவு மண் பரிசோதனை, பயிர் வயது மற்றும் இலக்கு மகசூலைப் பொறுத்தது. மண் பரிசோதனை இல்லாமல் அதிக உரம் இட வேண்டாம்; பரிந்துரைக்கப்பட்ட ஊட்டச்சத்து மேலாண்மையை பின்பற்றுங்கள்."
CA_00768,fertilizer,உரம்,banana,வாழை,clay,களிமண்,"வாழை க்கு உர அளவு மண் பரிசோதனை, பயிர் வயது மற்றும் இலக்கு மகசூலைப் பொறுத்தது. மண் பரிசோதனை இல்லாமல் அதிக உரம் இட வேண்டாம்; பரிந்துரைக்கப்பட்ட ஊட்டச்சத்து மேலாண்மையை பின்பற்றுங்கள்."
CA_00769,fertilizer,உரம்,banana,வாழை,loamy,கலப்பு மண்,"வாழை க்கு உர அளவு மண் பரிசோதனை, பயிர் வயது மற்றும் இலக்கு மகசூலைப் பொறுத்தது. மண் பரிசோதனை இல்லாமல் அதிக உரம் இட வேண்டாம்; பரிந்துரைக்கப்பட்ட ஊட்டச்சத்து மேலாண்மையை பின்பற்றுங்கள்."
CA_00770,fertilizer,உரம்,banana,வாழை,laterite,சரளை மண்,"வாழை க்கு உர அளவு மண் பரிசோதனை, பயிர் வயது மற்றும் இலக்கு மகசூலைப் பொறுத்தது. மண் பரிசோதனை இல்லாமல் அதிக உரம் இட வேண்டாம்; பரிந்துரைக்கப்பட்ட ஊட்டச்சத்து மேலாண்மையை பின்பற்றுங்கள்."
CA_00771,fertilizer,உரம்,sugarcane,கரும்பு,red,செம்மண்,"கரும்பு க்கு உர அளவு மண் பரிசோதனை, பயிர் வயது மற்றும் இலக்கு மகசூலைப் பொறுத்தது. மண் பரிசோதனை இல்லாமல் அதிக உரம் இட வேண்டாம்; பரிந்துரைக்கப்பட்ட ஊட்டச்சத்து மேலாண்மையை பின்பற்றுங்கள்."
CA_00772,fertilizer,உரம்,sugarcane,கரும்பு,black,கரிசல் மண்,"கரும்பு க்கு உர அளவு மண் பரிசோதனை, பயிர் வயது மற்றும் இலக்கு மகசூலைப் பொறுத்தது. மண் பரிசோதனை இல்லாமல் அதிக உரம் இட வேண்டாம்; பரிந்துரைக்கப்பட்ட ஊட்டச்சத்து மேலாண்மையை பின்பற்றுங்கள்."
CA_00773,fertilizer,உரம்,sugarcane,கரும்பு,alluvial,வண்டல் மண்,"கரும்பு க்கு உர அளவு மண் பரிசோதனை, பயிர் வயது மற்றும் இலக்கு மகசூலைப் பொறுத்தது. மண் பரிசோதனை இல்லாமல் அதிக உரம் இட வேண்டாம்; பரிந்துரைக்கப்பட்ட ஊட்டச்சத்து மேலாண்மையை பின்பற்றுங்கள்."
CA_00774,fertilizer,உரம்,sugarcane,கரும்பு,sandy,மணல் மண்,"கரும்பு க்கு உர அளவு மண் பரிசோதனை, பயிர் வயது மற்றும் இலக்கு மகசூலைப் பொறுத்தது. மண் பரிசோதனை இல்லாமல் அதிக உரம் இட வேண்டாம்; பரிந்துரைக்கப்பட்ட ஊட்டச்சத்து மேலாண்மையை பின்பற்றுங்கள்."
CA_00775,fertilizer,உரம்,sugarcane,கரும்பு,clay,களிமண்,"கரும்பு க்கு உர அளவு மண் பரிசோதனை, பயிர் வயது மற்றும் இலக்கு மகசூலைப் பொறுத்தது. மண் பரிசோதனை இல்லாமல் அதிக உரம் இட வேண்டாம்; பரிந்துரைக்கப்பட்ட ஊட்டச்சத்து மேலாண்மையை பின்பற்றுங்கள்."
CA_00776,fertilizer,உரம்,sugarcane,கரும்பு,loamy,கலப்பு மண்,"கரும்பு க்கு உர அளவு மண் பரிசோதனை, பயிர் வயது மற்றும் இலக்கு மகசூலைப் பொறுத்தது. மண் பரிசோதனை இல்லாமல் அதிக உரம் இட வேண்டாம்; பரிந்துரைக்கப்பட்ட ஊட்டச்சத்து மேலாண்மையை பின்பற்றுங்கள்."
CA_00777,fertilizer,உரம்,sugarcane,கரும்பு,laterite,சரளை மண்,"கரும்பு க்கு உர அளவு மண் பரிசோதனை, பயிர் வயது மற்றும் இலக்கு மகசூலைப் பொறுத்தது. மண் பரிசோதனை இல்லாமல் அதிக உரம் இட வேண்டாம்; பரிந்துரைக்கப்பட்ட ஊட்டச்சத்து மேலாண்மையை பின்பற்றுங்கள்."
CA_00778,fertilizer,உரம்,cotton,பருத்தி,red,செம்மண்,"பருத்தி க்கு உர அளவு மண் பரிசோதனை, பயிர் வயது மற்றும் இலக்கு மகசூலைப் பொறுத்தது. மண் பரிசோதனை இல்லாமல் அதிக உரம் இட வேண்டாம்; பரிந்துரைக்கப்பட்ட ஊட்டச்சத்து மேலாண்மையை பின்பற்றுங்கள்."
CA_00779,fertilizer,உரம்,cotton,பருத்தி,black,கரிசல் மண்,"பருத்தி க்கு உர அளவு மண் பரிசோதனை, பயிர் வயது மற்றும் இலக்கு மகசூலைப் பொறுத்தது. மண் பரிசோதனை இல்லாமல் அதிக உரம் இட வேண்டாம்; பரிந்துரைக்கப்பட்ட ஊட்டச்சத்து மேலாண்மையை பின்பற்றுங்கள்."
CA_00780,fertilizer,உரம்,cotton,பருத்தி,alluvial,வண்டல் மண்,"பருத்தி க்கு உர அளவு மண் பரிசோதனை, பயிர் வயது மற்றும் இலக்கு மகசூலைப் பொறுத்தது. மண் பரிசோதனை இல்லாமல் அதிக உரம் இட வேண்டாம்; பரிந்துரைக்கப்பட்ட ஊட்டச்சத்து மேலாண்மையை பின்பற்றுங்கள்."
CA_00781,fertilizer,உரம்,cotton,பருத்தி,sandy,மணல் மண்,"பருத்தி க்கு உர அளவு மண் பரிசோதனை, பயிர் வயது மற்றும் இலக்கு மகசூலைப் பொறுத்தது. மண் பரிசோதனை இல்லாமல் அதிக உரம் இட வேண்டாம்; பரிந்துரைக்கப்பட்ட ஊட்டச்சத்து மேலாண்மையை பின்பற்றுங்கள்."
CA_00782,fertilizer,உரம்,cotton,பருத்தி,clay,களிமண்,"பருத்தி க்கு உர அளவு மண் பரிசோதனை, பயிர் வயது மற்றும் இலக்கு மகசூலைப் பொறுத்தது. மண் பரிசோதனை இல்லாமல் அதிக உரம் இட வேண்டாம்; பரிந்துரைக்கப்பட்ட ஊட்டச்சத்து மேலாண்மையை பின்பற்றுங்கள்."
CA_00783,fertilizer,உரம்,cotton,பருத்தி,loamy,கலப்பு மண்,"பருத்தி க்கு உர அளவு மண் பரிசோதனை, பயிர் வயது மற்றும் இலக்கு மகசூலைப் பொறுத்தது. மண் பரிசோதனை இல்லாமல் அதிக உரம் இட வேண்டாம்; பரிந்துரைக்கப்பட்ட ஊட்டச்சத்து மேலாண்மையை பின்பற்றுங்கள்."
CA_00784,fertilizer,உரம்,cotton,பருத்தி,laterite,சரளை மண்,"பருத்தி க்கு உர அளவு மண் பரிசோதனை, பயிர் வயது மற்றும் இலக்கு மகசூலைப் பொறுத்தது. மண் பரிசோதனை இல்லாமல் அதிக உரம் இட வேண்டாம்; பரிந்துரைக்கப்பட்ட ஊட்டச்சத்து மேலாண்மையை பின்பற்றுங்கள்."
CA_00785,fertilizer,உரம்,groundnut,நிலக்கடலை,red,செம்மண்,"நிலக்கடலை க்கு உர அளவு மண் பரிசோதனை, பயிர் வயது மற்றும் இலக்கு மகசூலைப் பொறுத்தது. மண் பரிசோதனை இல்லாமல் அதிக உரம் இட வேண்டாம்; பரிந்துரைக்கப்பட்ட ஊட்டச்சத்து மேலாண்மையை பின்பற்றுங்கள்."
CA_00786,fertilizer,உரம்,groundnut,நிலக்கடலை,black,கரிசல் மண்,"நிலக்கடலை க்கு உர அளவு மண் பரிசோதனை, பயிர் வயது மற்றும் இலக்கு மகசூலைப் பொறுத்தது. மண் பரிசோதனை இல்லாமல் அதிக உரம் இட வேண்டாம்; பரிந்துரைக்கப்பட்ட ஊட்டச்சத்து மேலாண்மையை பின்பற்றுங்கள்."
CA_00787,fertilizer,உரம்,groundnut,நிலக்கடலை,alluvial,வண்டல் மண்,"நிலக்கடலை க்கு உர அளவு மண் பரிசோதனை, பயிர் வயது மற்றும் இலக்கு மகசூலைப் பொறுத்தது. மண் பரிசோதனை இல்லாமல் அதிக உரம் இட வேண்டாம்; பரிந்துரைக்கப்பட்ட ஊட்டச்சத்து மேலாண்மையை பின்பற்றுங்கள்."
CA_00788,fertilizer,உரம்,groundnut,நிலக்கடலை,sandy,மணல் மண்,"நிலக்கடலை க்கு உர அளவு மண் பரிசோதனை, பயிர் வயது மற்றும் இலக்கு மகசூலைப் பொறுத்தது. மண் பரிசோதனை இல்லாமல் அதிக உரம் இட வேண்டாம்; பரிந்துரைக்கப்பட்ட ஊட்டச்சத்து மேலாண்மையை பின்பற்றுங்கள்."
CA_00789,fertilizer,உரம்,groundnut,நிலக்கடலை,clay,களிமண்,"நிலக்கடலை க்கு உர அளவு மண் பரிசோதனை, பயிர் வயது மற்றும் இலக்கு மகசூலைப் பொறுத்தது. மண் பரிசோதனை இல்லாமல் அதிக உரம் இட வேண்டாம்; பரிந்துரைக்கப்பட்ட ஊட்டச்சத்து மேலாண்மையை பின்பற்றுங்கள்."
CA_00790,fertilizer,உரம்,groundnut,நிலக்கடலை,loamy,கலப்பு மண்,"நிலக்கடலை க்கு உர அளவு மண் பரிசோதனை, பயிர் வயது மற்றும் இலக்கு மகசூலைப் பொறுத்தது. மண் பரிசோதனை இல்லாமல் அதிக உரம் இட வேண்டாம்; பரிந்துரைக்கப்பட்ட ஊட்டச்சத்து மேலாண்மையை பின்பற்றுங்கள்."
CA_00791,fertilizer,உரம்,groundnut,நிலக்கடலை,laterite,சரளை மண்,"நிலக்கடலை க்கு உர அளவு மண் பரிசோதனை, பயிர் வயது மற்றும் இலக்கு மகசூலைப் பொறுத்தது. மண் பரிசோதனை இல்லாமல் அதிக உரம் இட வேண்டாம்; பரிந்துரைக்கப்பட்ட ஊட்டச்சத்து மேலாண்மையை பின்பற்றுங்கள்."
CA_00792,fertilizer,உரம்,maize,மக்காச்சோளம்,red,செம்மண்,"மக்காச்சோளம் க்கு உர அளவு மண் பரிசோதனை, பயிர் வயது மற்றும் இலக்கு மகசூலைப் பொறுத்தது. மண் பரிசோதனை இல்லாமல் அதிக உரம் இட வேண்டாம்; பரிந்துரைக்கப்பட்ட ஊட்டச்சத்து மேலாண்மையை பின்பற்றுங்கள்."
CA_00793,fertilizer,உரம்,maize,மக்காச்சோளம்,black,கரிசல் மண்,"மக்காச்சோளம் க்கு உர அளவு மண் பரிசோதனை, பயிர் வயது மற்றும் இலக்கு மகசூலைப் பொறுத்தது. மண் பரிசோதனை இல்லாமல் அதிக உரம் இட வேண்டாம்; பரிந்துரைக்கப்பட்ட ஊட்டச்சத்து மேலாண்மையை பின்பற்றுங்கள்."
CA_00794,fertilizer,உரம்,maize,மக்காச்சோளம்,alluvial,வண்டல் மண்,"மக்காச்சோளம் க்கு உர அளவு மண் பரிசோதனை, பயிர் வயது மற்றும் இலக்கு மகசூலைப் பொறுத்தது. மண் பரிசோதனை இல்லாமல் அதிக உரம் இட வேண்டாம்; பரிந்துரைக்கப்பட்ட ஊட்டச்சத்து மேலாண்மையை பின்பற்றுங்கள்."
CA_00795,fertilizer,உரம்,maize,மக்காச்சோளம்,sandy,மணல் மண்,"மக்காச்சோளம் க்கு உர அளவு மண் பரிசோதனை, பயிர் வயது மற்றும் இலக்கு மகசூலைப் பொறுத்தது. மண் பரிசோதனை இல்லாமல் அதிக உரம் இட வேண்டாம்; பரிந்துரைக்கப்பட்ட ஊட்டச்சத்து மேலாண்மையை பின்பற்றுங்கள்."
CA_00796,fertilizer,உரம்,maize,மக்காச்சோளம்,clay,களிமண்,"மக்காச்சோளம் க்கு உர அளவு மண் பரிசோதனை, பயிர் வயது மற்றும் இலக்கு மகசூலைப் பொறுத்தது. மண் பரிசோதனை இல்லாமல் அதிக உரம் இட வேண்டாம்; பரிந்துரைக்கப்பட்ட ஊட்டச்சத்து மேலாண்மையை பின்பற்றுங்கள்."
CA_00797,fertilizer,உரம்,maize,மக்காச்சோளம்,loamy,கலப்பு மண்,"மக்காச்சோளம் க்கு உர அளவு மண் பரிசோதனை, பயிர் வயது மற்றும் இலக்கு மகசூலைப் பொறுத்தது. மண் பரிசோதனை இல்லாமல் அதிக உரம் இட வேண்டாம்; பரிந்துரைக்கப்பட்ட ஊட்டச்சத்து மேலாண்மையை பின்பற்றுங்கள்."
CA_00798,fertilizer,உரம்,maize,மக்காச்சோளம்,laterite,சரளை மண்,"மக்காச்சோளம் க்கு உர அளவு மண் பரிசோதனை, பயிர் வயது மற்றும் இலக்கு மகசூலைப் பொறுத்தது. மண் பரிசோதனை இல்லாமல் அதிக உரம் இட வேண்டாம்; பரிந்துரைக்கப்பட்ட ஊட்டச்சத்து மேலாண்மையை பின்பற்றுங்கள்."
CA_00799,fertilizer,உரம்,millet,சிறுதானியம்,red,செம்மண்,"சிறுதானியம் க்கு உர அளவு மண் பரிசோதனை, பயிர் வயது மற்றும் இலக்கு மகசூலைப் பொறுத்தது. மண் பரிசோதனை இல்லாமல் அதிக உரம் இட வேண்டாம்; பரிந்துரைக்கப்பட்ட ஊட்டச்சத்து மேலாண்மையை பின்பற்றுங்கள்."
CA_00800,fertilizer,உரம்,millet,சிறுதானியம்,black,கரிசல் மண்,"சிறுதானியம் க்கு உர அளவு மண் பரிசோதனை, பயிர் வயது மற்றும் இலக்கு மகசூலைப் பொறுத்தது. மண் பரிசோதனை இல்லாமல் அதிக உரம் இட வேண்டாம்; பரிந்துரைக்கப்பட்ட ஊட்டச்சத்து மேலாண்மையை பின்பற்றுங்கள்."
CA_00801,fertilizer,உரம்,millet,சிறுதானியம்,alluvial,வண்டல் மண்,"சிறுதானியம் க்கு உர அளவு மண் பரிசோதனை, பயிர் வயது மற்றும் இலக்கு மகசூலைப் பொறுத்தது. மண் பரிசோதனை இல்லாமல் அதிக உரம் இட வேண்டாம்; பரிந்துரைக்கப்பட்ட ஊட்டச்சத்து மேலாண்மையை பின்பற்றுங்கள்."
CA_00802,fertilizer,உரம்,millet,சிறுதானியம்,sandy,மணல் மண்,"சிறுதானியம் க்கு உர அளவு மண் பரிசோதனை, பயிர் வயது மற்றும் இலக்கு மகசூலைப் பொறுத்தது. மண் பரிசோதனை இல்லாமல் அதிக உரம் இட வேண்டாம்; பரிந்துரைக்கப்பட்ட ஊட்டச்சத்து மேலாண்மையை பின்பற்றுங்கள்."
CA_00803,fertilizer,உரம்,millet,சிறுதானியம்,clay,களிமண்,"சிறுதானியம் க்கு உர அளவு மண் பரிசோதனை, பயிர் வயது மற்றும் இலக்கு மகசூலைப் பொறுத்தது. மண் பரிசோதனை இல்லாமல் அதிக உரம் இட வேண்டாம்; பரிந்துரைக்கப்பட்ட ஊட்டச்சத்து மேலாண்மையை பின்பற்றுங்கள்."
CA_00804,fertilizer,உரம்,millet,சிறுதானியம்,loamy,கலப்பு மண்,"சிறுதானியம் க்கு உர அளவு மண் பரிசோதனை, பயிர் வயது மற்றும் இலக்கு மகசூலைப் பொறுத்தது. மண் பரிசோதனை இல்லாமல் அதிக உரம் இட வேண்டாம்; பரிந்துரைக்கப்பட்ட ஊட்டச்சத்து மேலாண்மையை பின்பற்றுங்கள்."
CA_00805,fertilizer,உரம்,millet,சிறுதானியம்,laterite,சரளை மண்,"சிறுதானியம் க்கு உர அளவு மண் பரிசோதனை, பயிர் வயது மற்றும் இலக்கு மகசூலைப் பொறுத்தது. மண் பரிசோதனை இல்லாமல் அதிக உரம் இட வேண்டாம்; பரிந்துரைக்கப்பட்ட ஊட்டச்சத்து மேலாண்மையை பின்பற்றுங்கள்."
CA_00806,fertilizer,உரம்,tomato,தக்காளி,red,செம்மண்,"தக்காளி க்கு உர அளவு மண் பரிசோதனை, பயிர் வயது மற்றும் இலக்கு மகசூலைப் பொறுத்தது. மண் பரிசோதனை இல்லாமல் அதிக உரம் இட வேண்டாம்; பரிந்துரைக்கப்பட்ட ஊட்டச்சத்து மேலாண்மையை பின்பற்றுங்கள்."
CA_00807,fertilizer,உரம்,tomato,தக்காளி,black,கரிசல் மண்,"தக்காளி க்கு உர அளவு மண் பரிசோதனை, பயிர் வயது மற்றும் இலக்கு மகசூலைப் பொறுத்தது. மண் பரிசோதனை இல்லாமல் அதிக உரம் இட வேண்டாம்; பரிந்துரைக்கப்பட்ட ஊட்டச்சத்து மேலாண்மையை பின்பற்றுங்கள்."
CA_00808,fertilizer,உரம்,tomato,தக்காளி,alluvial,வண்டல் மண்,"தக்காளி க்கு உர அளவு மண் பரிசோதனை, பயிர் வயது மற்றும் இலக்கு மகசூலைப் பொறுத்தது. மண் பரிசோதனை இல்லாமல் அதிக உரம் இட வேண்டாம்; பரிந்துரைக்கப்பட்ட ஊட்டச்சத்து மேலாண்மையை பின்பற்றுங்கள்."
CA_00809,fertilizer,உரம்,tomato,தக்காளி,sandy,மணல் மண்,"தக்காளி க்கு உர அளவு மண் பரிசோதனை, பயிர் வயது மற்றும் இலக்கு மகசூலைப் பொறுத்தது. மண் பரிசோதனை இல்லாமல் அதிக உரம் இட வேண்டாம்; பரிந்துரைக்கப்பட்ட ஊட்டச்சத்து மேலாண்மையை பின்பற்றுங்கள்."
CA_00810,fertilizer,உரம்,tomato,தக்காளி,clay,களிமண்,"தக்காளி க்கு உர அளவு மண் பரிசோதனை, பயிர் வயது மற்றும் இலக்கு மகசூலைப் பொறுத்தது. மண் பரிசோதனை இல்லாமல் அதிக உரம் இட வேண்டாம்; பரிந்துரைக்கப்பட்ட ஊட்டச்சத்து மேலாண்மையை பின்பற்றுங்கள்."
CA_00811,fertilizer,உரம்,tomato,தக்காளி,loamy,கலப்பு மண்,"தக்காளி க்கு உர அளவு மண் பரிசோதனை, பயிர் வயது மற்றும் இலக்கு மகசூலைப் பொறுத்தது. மண் பரிசோதனை இல்லாமல் அதிக உரம் இட வேண்டாம்; பரிந்துரைக்கப்பட்ட ஊட்டச்சத்து மேலாண்மையை பின்பற்றுங்கள்."
CA_00812,fertilizer,உரம்,tomato,தக்காளி,laterite,சரளை மண்,"தக்காளி க்கு உர அளவு மண் பரிசோதனை, பயிர் வயது மற்றும் இலக்கு மகசூலைப் பொறுத்தது. மண் பரிசோதனை இல்லாமல் அதிக உரம் இட வேண்டாம்; பரிந்துரைக்கப்பட்ட ஊட்டச்சத்து மேலாண்மையை பின்பற்றுங்கள்."
CA_00813,fertilizer,உரம்,chilli,மிளகாய்,red,செம்மண்,"மிளகாய் க்கு உர அளவு மண் பரிசோதனை, பயிர் வயது மற்றும் இலக்கு மகசூலைப் பொறுத்தது. மண் பரிசோதனை இல்லாமல் அதிக உரம் இட வேண்டாம்; பரிந்துரைக்கப்பட்ட ஊட்டச்சத்து மேலாண்மையை பின்பற்றுங்கள்."
CA_00814,fertilizer,உரம்,chilli,மிளகாய்,black,கரிசல் மண்,"மிளகாய் க்கு உர அளவு மண் பரிசோதனை, பயிர் வயது மற்றும் இலக்கு மகசூலைப் பொறுத்தது. மண் பரிசோதனை இல்லாமல் அதிக உரம் இட வேண்டாம்; பரிந்துரைக்கப்பட்ட ஊட்டச்சத்து மேலாண்மையை பின்பற்றுங்கள்."
CA_00815,fertilizer,உரம்,chilli,மிளகாய்,alluvial,வண்டல் மண்,"மிளகாய் க்கு உர அளவு மண் பரிசோதனை, பயிர் வயது மற்றும் இலக்கு மகசூலைப் பொறுத்தது. மண் பரிசோதனை இல்லாமல் அதிக உரம் இட வேண்டாம்; பரிந்துரைக்கப்பட்ட ஊட்டச்சத்து மேலாண்மையை பின்பற்றுங்கள்."
CA_00816,fertilizer,உரம்,chilli,மிளகாய்,sandy,மணல் மண்,"மிளகாய் க்கு உர அளவு மண் பரிசோதனை, பயிர் வயது மற்றும் இலக்கு மகசூலைப் பொறுத்தது. மண் பரிசோதனை இல்லாமல் அதிக உரம் இட வேண்டாம்; பரிந்துரைக்கப்பட்ட ஊட்டச்சத்து மேலாண்மையை பின்பற்றுங்கள்."
CA_00817,fertilizer,உரம்,chilli,மிளகாய்,clay,களிமண்,"மிளகாய் க்கு உர அளவு மண் பரிசோதனை, பயிர் வயது மற்றும் இலக்கு மகசூலைப் பொறுத்தது. மண் பரிசோதனை இல்லாமல் அதிக உரம் இட வேண்டாம்; பரிந்துரைக்கப்பட்ட ஊட்டச்சத்து மேலாண்மையை பின்பற்றுங்கள்."
CA_00818,fertilizer,உரம்,chilli,மிளகாய்,loamy,கலப்பு மண்,"மிளகாய் க்கு உர அளவு மண் பரிசோதனை, பயிர் வயது மற்றும் இலக்கு மகசூலைப் பொறுத்தது. மண் பரிசோதனை இல்லாமல் அதிக உரம் இட வேண்டாம்; பரிந்துரைக்கப்பட்ட ஊட்டச்சத்து மேலாண்மையை பின்பற்றுங்கள்."
CA_00819,fertilizer,உரம்,chilli,மிளகாய்,laterite,சரளை மண்,"மிளகாய் க்கு உர அளவு மண் பரிசோதனை, பயிர் வயது மற்றும் இலக்கு மகசூலைப் பொறுத்தது. மண் பரிசோதனை இல்லாமல் அதிக உரம் இட வேண்டாம்; பரிந்துரைக்கப்பட்ட ஊட்டச்சத்து மேலாண்மையை பின்பற்றுங்கள்."
CA_00820,fertilizer,உரம்,onion,வெங்காயம்,red,செம்மண்,"வெங்காயம் க்கு உர அளவு மண் பரிசோதனை, பயிர் வயது மற்றும் இலக்கு மகசூலைப் பொறுத்தது. மண் பரிசோதனை இல்லாமல் அதிக உரம் இட வேண்டாம்; பரிந்துரைக்கப்பட்ட ஊட்டச்சத்து மேலாண்மையை பின்பற்றுங்கள்."
CA_00821,fertilizer,உரம்,onion,வெங்காயம்,black,கரிசல் மண்,"வெங்காயம் க்கு உர அளவு மண் பரிசோதனை, பயிர் வயது மற்றும் இலக்கு மகசூலைப் பொறுத்தது. மண் பரிசோதனை இல்லாமல் அதிக உரம் இட வேண்டாம்; பரிந்துரைக்கப்பட்ட ஊட்டச்சத்து மேலாண்மையை பின்பற்றுங்கள்."
CA_00822,fertilizer,உரம்,onion,வெங்காயம்,alluvial,வண்டல் மண்,"வெங்காயம் க்கு உர அளவு மண் பரிசோதனை, பயிர் வயது மற்றும் இலக்கு மகசூலைப் பொறுத்தது. மண் பரிசோதனை இல்லாமல் அதிக உரம் இட வேண்டாம்; பரிந்துரைக்கப்பட்ட ஊட்டச்சத்து மேலாண்மையை பின்பற்றுங்கள்."
CA_00823,fertilizer,உரம்,onion,வெங்காயம்,sandy,மணல் மண்,"வெங்காயம் க்கு உர அளவு மண் பரிசோதனை, பயிர் வயது மற்றும் இலக்கு மகசூலைப் பொறுத்தது. மண் பரிசோதனை இல்லாமல் அதிக உரம் இட வேண்டாம்; பரிந்துரைக்கப்பட்ட ஊட்டச்சத்து மேலாண்மையை பின்பற்றுங்கள்."
CA_00824,fertilizer,உரம்,onion,வெங்காயம்,clay,களிமண்,"வெங்காயம் க்கு உர அளவு மண் பரிசோதனை, பயிர் வயது மற்றும் இலக்கு மகசூலைப் பொறுத்தது. மண் பரிசோதனை இல்லாமல் அதிக உரம் இட வேண்டாம்; பரிந்துரைக்கப்பட்ட ஊட்டச்சத்து மேலாண்மையை பின்பற்றுங்கள்."
CA_00825,fertilizer,உரம்,onion,வெங்காயம்,loamy,கலப்பு மண்,"வெங்காயம் க்கு உர அளவு மண் பரிசோதனை, பயிர் வயது மற்றும் இலக்கு மகசூலைப் பொறுத்தது. மண் பரிசோதனை இல்லாமல் அதிக உரம் இட வேண்டாம்; பரிந்துரைக்கப்பட்ட ஊட்டச்சத்து மேலாண்மையை பின்பற்றுங்கள்."
CA_00826,fertilizer,உரம்,onion,வெங்காயம்,laterite,சரளை மண்,"வெங்காயம் க்கு உர அளவு மண் பரிசோதனை, பயிர் வயது மற்றும் இலக்கு மகசூலைப் பொறுத்தது. மண் பரிசோதனை இல்லாமல் அதிக உரம் இட வேண்டாம்; பரிந்துரைக்கப்பட்ட ஊட்டச்சத்து மேலாண்மையை பின்பற்றுங்கள்."
CA_00827,fertilizer,உரம்,turmeric,மஞ்சள்,red,செம்மண்,"மஞ்சள் க்கு உர அளவு மண் பரிசோதனை, பயிர் வயது மற்றும் இலக்கு மகசூலைப் பொறுத்தது. மண் பரிசோதனை இல்லாமல் அதிக உரம் இட வேண்டாம்; பரிந்துரைக்கப்பட்ட ஊட்டச்சத்து மேலாண்மையை பின்பற்றுங்கள்."
CA_00828,fertilizer,உரம்,turmeric,மஞ்சள்,black,கரிசல் மண்,"மஞ்சள் க்கு உர அளவு மண் பரிசோதனை, பயிர் வயது மற்றும் இலக்கு மகசூலைப் பொறுத்தது. மண் பரிசோதனை இல்லாமல் அதிக உரம் இட வேண்டாம்; பரிந்துரைக்கப்பட்ட ஊட்டச்சத்து மேலாண்மையை பின்பற்றுங்கள்."
CA_00829,fertilizer,உரம்,turmeric,மஞ்சள்,alluvial,வண்டல் மண்,"மஞ்சள் க்கு உர அளவு மண் பரிசோதனை, பயிர் வயது மற்றும் இலக்கு மகசூலைப் பொறுத்தது. மண் பரிசோதனை இல்லாமல் அதிக உரம் இட வேண்டாம்; பரிந்துரைக்கப்பட்ட ஊட்டச்சத்து மேலாண்மையை பின்பற்றுங்கள்."
CA_00830,fertilizer,உரம்,turmeric,மஞ்சள்,sandy,மணல் மண்,"மஞ்சள் க்கு உர அளவு மண் பரிசோதனை, பயிர் வயது மற்றும் இலக்கு மகசூலைப் பொறுத்தது. மண் பரிசோதனை இல்லாமல் அதிக உரம் இட வேண்டாம்; பரிந்துரைக்கப்பட்ட ஊட்டச்சத்து மேலாண்மையை பின்பற்றுங்கள்."
CA_00831,fertilizer,உரம்,turmeric,மஞ்சள்,clay,களிமண்,"மஞ்சள் க்கு உர அளவு மண் பரிசோதனை, பயிர் வயது மற்றும் இலக்கு மகசூலைப் பொறுத்தது. மண் பரிசோதனை இல்லாமல் அதிக உரம் இட வேண்டாம்; பரிந்துரைக்கப்பட்ட ஊட்டச்சத்து மேலாண்மையை பின்பற்றுங்கள்."
CA_00832,fertilizer,உரம்,turmeric,மஞ்சள்,loamy,கலப்பு மண்,"மஞ்சள் க்கு உர அளவு மண் பரிசோதனை, பயிர் வயது மற்றும் இலக்கு மகசூலைப் பொறுத்தது. மண் பரிசோதனை இல்லாமல் அதிக உரம் இட வேண்டாம்; பரிந்துரைக்கப்பட்ட ஊட்டச்சத்து மேலாண்மையை பின்பற்றுங்கள்."
CA_00833,fertilizer,உரம்,turmeric,மஞ்சள்,laterite,சரளை மண்,"மஞ்சள் க்கு உர அளவு மண் பரிசோதனை, பயிர் வயது மற்றும் இலக்கு மகசூலைப் பொறுத்தது. மண் பரிசோதனை இல்லாமல் அதிக உரம் இட வேண்டாம்; பரிந்துரைக்கப்பட்ட ஊட்டச்சத்து மேலாண்மையை பின்பற்றுங்கள்."
CA_00834,fertilizer,உரம்,brinjal,கத்தரிக்காய்,red,செம்மண்,"கத்தரிக்காய் க்கு உர அளவு மண் பரிசோதனை, பயிர் வயது மற்றும் இலக்கு மகசூலைப் பொறுத்தது. மண் பரிசோதனை இல்லாமல் அதிக உரம் இட வேண்டாம்; பரிந்துரைக்கப்பட்ட ஊட்டச்சத்து மேலாண்மையை பின்பற்றுங்கள்."
CA_00835,fertilizer,உரம்,brinjal,கத்தரிக்காய்,black,கரிசல் மண்,"கத்தரிக்காய் க்கு உர அளவு மண் பரிசோதனை, பயிர் வயது மற்றும் இலக்கு மகசூலைப் பொறுத்தது. மண் பரிசோதனை இல்லாமல் அதிக உரம் இட வேண்டாம்; பரிந்துரைக்கப்பட்ட ஊட்டச்சத்து மேலாண்மையை பின்பற்றுங்கள்."
CA_00836,fertilizer,உரம்,brinjal,கத்தரிக்காய்,alluvial,வண்டல் மண்,"கத்தரிக்காய் க்கு உர அளவு மண் பரிசோதனை, பயிர் வயது மற்றும் இலக்கு மகசூலைப் பொறுத்தது. மண் பரிசோதனை இல்லாமல் அதிக உரம் இட வேண்டாம்; பரிந்துரைக்கப்பட்ட ஊட்டச்சத்து மேலாண்மையை பின்பற்றுங்கள்."
CA_00837,fertilizer,உரம்,brinjal,கத்தரிக்காய்,sandy,மணல் மண்,"கத்தரிக்காய் க்கு உர அளவு மண் பரிசோதனை, பயிர் வயது மற்றும் இலக்கு மகசூலைப் பொறுத்தது. மண் பரிசோதனை இல்லாமல் அதிக உரம் இட வேண்டாம்; பரிந்துரைக்கப்பட்ட ஊட்டச்சத்து மேலாண்மையை பின்பற்றுங்கள்."
CA_00838,fertilizer,உரம்,brinjal,கத்தரிக்காய்,clay,களிமண்,"கத்தரிக்காய் க்கு உர அளவு மண் பரிசோதனை, பயிர் வயது மற்றும் இலக்கு மகசூலைப் பொறுத்தது. மண் பரிசோதனை இல்லாமல் அதிக உரம் இட வேண்டாம்; பரிந்துரைக்கப்பட்ட ஊட்டச்சத்து மேலாண்மையை பின்பற்றுங்கள்."
CA_00839,fertilizer,உரம்,brinjal,கத்தரிக்காய்,loamy,கலப்பு மண்,"கத்தரிக்காய் க்கு உர அளவு மண் பரிசோதனை, பயிர் வயது மற்றும் இலக்கு மகசூலைப் பொறுத்தது. மண் பரிசோதனை இல்லாமல் அதிக உரம் இட வேண்டாம்; பரிந்துரைக்கப்பட்ட ஊட்டச்சத்து மேலாண்மையை பின்பற்றுங்கள்."
CA_00840,fertilizer,உரம்,brinjal,கத்தரிக்காய்,laterite,சரளை மண்,"கத்தரிக்காய் க்கு உர அளவு மண் பரிசோதனை, பயிர் வயது மற்றும் இலக்கு மகசூலைப் பொறுத்தது. மண் பரிசோதனை இல்லாமல் அதிக உரம் இட வேண்டாம்; பரிந்துரைக்கப்பட்ட ஊட்டச்சத்து மேலாண்மையை பின்பற்றுங்கள்."
CA_00841,fertilizer,உரம்,okra,வெண்டைக்காய்,red,செம்மண்,"வெண்டைக்காய் க்கு உர அளவு மண் பரிசோதனை, பயிர் வயது மற்றும் இலக்கு மகசூலைப் பொறுத்தது. மண் பரிசோதனை இல்லாமல் அதிக உரம் இட வேண்டாம்; பரிந்துரைக்கப்பட்ட ஊட்டச்சத்து மேலாண்மையை பின்பற்றுங்கள்."
CA_00842,fertilizer,உரம்,okra,வெண்டைக்காய்,black,கரிசல் மண்,"வெண்டைக்காய் க்கு உர அளவு மண் பரிசோதனை, பயிர் வயது மற்றும் இலக்கு மகசூலைப் பொறுத்தது. மண் பரிசோதனை இல்லாமல் அதிக உரம் இட வேண்டாம்; பரிந்துரைக்கப்பட்ட ஊட்டச்சத்து மேலாண்மையை பின்பற்றுங்கள்."
CA_00843,fertilizer,உரம்,okra,வெண்டைக்காய்,alluvial,வண்டல் மண்,"வெண்டைக்காய் க்கு உர அளவு மண் பரிசோதனை, பயிர் வயது மற்றும் இலக்கு மகசூலைப் பொறுத்தது. மண் பரிசோதனை இல்லாமல் அதிக உரம் இட வேண்டாம்; பரிந்துரைக்கப்பட்ட ஊட்டச்சத்து மேலாண்மையை பின்பற்றுங்கள்."
CA_00844,fertilizer,உரம்,okra,வெண்டைக்காய்,sandy,மணல் மண்,"வெண்டைக்காய் க்கு உர அளவு மண் பரிசோதனை, பயிர் வயது மற்றும் இலக்கு மகசூலைப் பொறுத்தது. மண் பரிசோதனை இல்லாமல் அதிக உரம் இட வேண்டாம்; பரிந்துரைக்கப்பட்ட ஊட்டச்சத்து மேலாண்மையை பின்பற்றுங்கள்."
CA_00845,fertilizer,உரம்,okra,வெண்டைக்காய்,clay,களிமண்,"வெண்டைக்காய் க்கு உர அளவு மண் பரிசோதனை, பயிர் வயது மற்றும் இலக்கு மகசூலைப் பொறுத்தது. மண் பரிசோதனை இல்லாமல் அதிக உரம் இட வேண்டாம்; பரிந்துரைக்கப்பட்ட ஊட்டச்சத்து மேலாண்மையை பின்பற்றுங்கள்."
CA_00846,fertilizer,உரம்,okra,வெண்டைக்காய்,loamy,கலப்பு மண்,"வெண்டைக்காய் க்கு உர அளவு மண் பரிசோதனை, பயிர் வயது மற்றும் இலக்கு மகசூலைப் பொறுத்தது. மண் பரிசோதனை இல்லாமல் அதிக உரம் இட வேண்டாம்; பரிந்துரைக்கப்பட்ட ஊட்டச்சத்து மேலாண்மையை பின்பற்றுங்கள்."
CA_00847,fertilizer,உரம்,okra,வெண்டைக்காய்,laterite,சரளை மண்,"வெண்டைக்காய் க்கு உர அளவு மண் பரிசோதனை, பயிர் வயது மற்றும் இலக்கு மகசூலைப் பொறுத்தது. மண் பரிசோதனை இல்லாமல் அதிக உரம் இட வேண்டாம்; பரிந்துரைக்கப்பட்ட ஊட்டச்சத்து மேலாண்மையை பின்பற்றுங்கள்."
CA_00848,fertilizer,உரம்,coconut,தேங்காய்,red,செம்மண்,"தேங்காய் க்கு உர அளவு மண் பரிசோதனை, பயிர் வயது மற்றும் இலக்கு மகசூலைப் பொறுத்தது. மண் பரிசோதனை இல்லாமல் அதிக உரம் இட வேண்டாம்; பரிந்துரைக்கப்பட்ட ஊட்டச்சத்து மேலாண்மையை பின்பற்றுங்கள்."
CA_00849,fertilizer,உரம்,coconut,தேங்காய்,black,கரிசல் மண்,"தேங்காய் க்கு உர அளவு மண் பரிசோதனை, பயிர் வயது மற்றும் இலக்கு மகசூலைப் பொறுத்தது. மண் பரிசோதனை இல்லாமல் அதிக உரம் இட வேண்டாம்; பரிந்துரைக்கப்பட்ட ஊட்டச்சத்து மேலாண்மையை பின்பற்றுங்கள்."
CA_00850,fertilizer,உரம்,coconut,தேங்காய்,alluvial,வண்டல் மண்,"தேங்காய் க்கு உர அளவு மண் பரிசோதனை, பயிர் வயது மற்றும் இலக்கு மகசூலைப் பொறுத்தது. மண் பரிசோதனை இல்லாமல் அதிக உரம் இட வேண்டாம்; பரிந்துரைக்கப்பட்ட ஊட்டச்சத்து மேலாண்மையை பின்பற்றுங்கள்."
CA_00851,fertilizer,உரம்,coconut,தேங்காய்,sandy,மணல் மண்,"தேங்காய் க்கு உர அளவு மண் பரிசோதனை, பயிர் வயது மற்றும் இலக்கு மகசூலைப் பொறுத்தது. மண் பரிசோதனை இல்லாமல் அதிக உரம் இட வேண்டாம்; பரிந்துரைக்கப்பட்ட ஊட்டச்சத்து மேலாண்மையை பின்பற்றுங்கள்."
CA_00852,fertilizer,உரம்,coconut,தேங்காய்,clay,களிமண்,"தேங்காய் க்கு உர அளவு மண் பரிசோதனை, பயிர் வயது மற்றும் இலக்கு மகசூலைப் பொறுத்தது. மண் பரிசோதனை இல்லாமல் அதிக உரம் இட வேண்டாம்; பரிந்துரைக்கப்பட்ட ஊட்டச்சத்து மேலாண்மையை பின்பற்றுங்கள்."
CA_00853,fertilizer,உரம்,coconut,தேங்காய்,loamy,கலப்பு மண்,"தேங்காய் க்கு உர அளவு மண் பரிசோதனை, பயிர் வயது மற்றும் இலக்கு மகசூலைப் பொறுத்தது. மண் பரிசோதனை இல்லாமல் அதிக உரம் இட வேண்டாம்; பரிந்துரைக்கப்பட்ட ஊட்டச்சத்து மேலாண்மையை பின்பற்றுங்கள்."
CA_00854,fertilizer,உரம்,coconut,தேங்காய்,laterite,சரளை மண்,"தேங்காய் க்கு உர அளவு மண் பரிசோதனை, பயிர் வயது மற்றும் இலக்கு மகசூலைப் பொறுத்தது. மண் பரிசோதனை இல்லாமல் அதிக உரம் இட வேண்டாம்; பரிந்துரைக்கப்பட்ட ஊட்டச்சத்து மேலாண்மையை பின்பற்றுங்கள்."
CA_00855,fertilizer,உரம்,pulses,பயறு,red,செம்மண்,"பயறு க்கு உர அளவு மண் பரிசோதனை, பயிர் வயது மற்றும் இலக்கு மகசூலைப் பொறுத்தது. மண் பரிசோதனை இல்லாமல் அதிக உரம் இட வேண்டாம்; பரிந்துரைக்கப்பட்ட ஊட்டச்சத்து மேலாண்மையை பின்பற்றுங்கள்."
CA_00856,fertilizer,உரம்,pulses,பயறு,black,கரிசல் மண்,"பயறு க்கு உர அளவு மண் பரிசோதனை, பயிர் வயது மற்றும் இலக்கு மகசூலைப் பொறுத்தது. மண் பரிசோதனை இல்லாமல் அதிக உரம் இட வேண்டாம்; பரிந்துரைக்கப்பட்ட ஊட்டச்சத்து மேலாண்மையை பின்பற்றுங்கள்."
CA_00857,fertilizer,உரம்,pulses,பயறு,alluvial,வண்டல் மண்,"பயறு க்கு உர அளவு மண் பரிசோதனை, பயிர் வயது மற்றும் இலக்கு மகசூலைப் பொறுத்தது. மண் பரிசோதனை இல்லாமல் அதிக உரம் இட வேண்டாம்; பரிந்துரைக்கப்பட்ட ஊட்டச்சத்து மேலாண்மையை பின்பற்றுங்கள்."
CA_00858,fertilizer,உரம்,pulses,பயறு,sandy,மணல் மண்,"பயறு க்கு உர அளவு மண் பரிசோதனை, பயிர் வயது மற்றும் இலக்கு மகசூலைப் பொறுத்தது. மண் பரிசோதனை இல்லாமல் அதிக உரம் இட வேண்டாம்; பரிந்துரைக்கப்பட்ட ஊட்டச்சத்து மேலாண்மையை பின்பற்றுங்கள்."
CA_00859,fertilizer,உரம்,pulses,பயறு,clay,களிமண்,"பயறு க்கு உர அளவு மண் பரிசோதனை, பயிர் வயது மற்றும் இலக்கு மகசூலைப் பொறுத்தது. மண் பரிசோதனை இல்லாமல் அதிக உரம் இட வேண்டாம்; பரிந்துரைக்கப்பட்ட ஊட்டச்சத்து மேலாண்மையை பின்பற்றுங்கள்."
CA_00860,fertilizer,உரம்,pulses,பயறு,loamy,கலப்பு மண்,"பயறு க்கு உர அளவு மண் பரிசோதனை, பயிர் வயது மற்றும் இலக்கு மகசூலைப் பொறுத்தது. மண் பரிசோதனை இல்லாமல் அதிக உரம் இட வேண்டாம்; பரிந்துரைக்கப்பட்ட ஊட்டச்சத்து மேலாண்மையை பின்பற்றுங்கள்."
CA_00861,fertilizer,உரம்,pulses,பயறு,laterite,சரளை மண்,"பயறு க்கு உர அளவு மண் பரிசோதனை, பயிர் வயது மற்றும் இலக்கு மகசூலைப் பொறுத்தது. மண் பரிசோதனை இல்லாமல் அதிக உரம் இட வேண்டாம்; பரிந்துரைக்கப்பட்ட ஊட்டச்சத்து மேலாண்மையை பின்பற்றுங்கள்."
CA_00862,fertilizer,உரம்,sesame,எள்,red,செம்மண்,"எள் க்கு உர அளவு மண் பரிசோதனை, பயிர் வயது மற்றும் இலக்கு மகசூலைப் பொறுத்தது. மண் பரிசோதனை இல்லாமல் அதிக உரம் இட வேண்டாம்; பரிந்துரைக்கப்பட்ட ஊட்டச்சத்து மேலாண்மையை பின்பற்றுங்கள்."
CA_00863,fertilizer,உரம்,sesame,எள்,black,கரிசல் மண்,"எள் க்கு உர அளவு மண் பரிசோதனை, பயிர் வயது மற்றும் இலக்கு மகசூலைப் பொறுத்தது. மண் பரிசோதனை இல்லாமல் அதிக உரம் இட வேண்டாம்; பரிந்துரைக்கப்பட்ட ஊட்டச்சத்து மேலாண்மையை பின்பற்றுங்கள்."
CA_00864,fertilizer,உரம்,sesame,எள்,alluvial,வண்டல் மண்,"எள் க்கு உர அளவு மண் பரிசோதனை, பயிர் வயது மற்றும் இலக்கு மகசூலைப் பொறுத்தது. மண் பரிசோதனை இல்லாமல் அதிக உரம் இட வேண்டாம்; பரிந்துரைக்கப்பட்ட ஊட்டச்சத்து மேலாண்மையை பின்பற்றுங்கள்."
CA_00865,fertilizer,உரம்,sesame,எள்,sandy,மணல் மண்,"எள் க்கு உர அளவு மண் பரிசோதனை, பயிர் வயது மற்றும் இலக்கு மகசூலைப் பொறுத்தது. மண் பரிசோதனை இல்லாமல் அதிக உரம் இட வேண்டாம்; பரிந்துரைக்கப்பட்ட ஊட்டச்சத்து மேலாண்மையை பின்பற்றுங்கள்."
CA_00866,fertilizer,உரம்,sesame,எள்,clay,களிமண்,"எள் க்கு உர அளவு மண் பரிசோதனை, பயிர் வயது மற்றும் இலக்கு மகசூலைப் பொறுத்தது. மண் பரிசோதனை இல்லாமல் அதிக உரம் இட வேண்டாம்; பரிந்துரைக்கப்பட்ட ஊட்டச்சத்து மேலாண்மையை பின்பற்றுங்கள்."
CA_00867,fertilizer,உரம்,sesame,எள்,loamy,கலப்பு மண்,"எள் க்கு உர அளவு மண் பரிசோதனை, பயிர் வயது மற்றும் இலக்கு மகசூலைப் பொறுத்தது. மண் பரிசோதனை இல்லாமல் அதிக உரம் இட வேண்டாம்; பரிந்துரைக்கப்பட்ட ஊட்டச்சத்து மேலாண்மையை பின்பற்றுங்கள்."
CA_00868,fertilizer,உரம்,sesame,எள்,laterite,சரளை மண்,"எள் க்கு உர அளவு மண் பரிசோதனை, பயிர் வயது மற்றும் இலக்கு மகசூலைப் பொறுத்தது. மண் பரிசோதனை இல்லாமல் அதிக உரம் இட வேண்டாம்; பரிந்துரைக்கப்பட்ட ஊட்டச்சத்து மேலாண்மையை பின்பற்றுங்கள்."
CA_00869,fertilizer,உரம்,tapioca,மரவள்ளி,red,செம்மண்,"மரவள்ளி க்கு உர அளவு மண் பரிசோதனை, பயிர் வயது மற்றும் இலக்கு மகசூலைப் பொறுத்தது. மண் பரிசோதனை இல்லாமல் அதிக உரம் இட வேண்டாம்; பரிந்துரைக்கப்பட்ட ஊட்டச்சத்து மேலாண்மையை பின்பற்றுங்கள்."
CA_00870,fertilizer,உரம்,tapioca,மரவள்ளி,black,கரிசல் மண்,"மரவள்ளி க்கு உர அளவு மண் பரிசோதனை, பயிர் வயது மற்றும் இலக்கு மகசூலைப் பொறுத்தது. மண் பரிசோதனை இல்லாமல் அதிக உரம் இட வேண்டாம்; பரிந்துரைக்கப்பட்ட ஊட்டச்சத்து மேலாண்மையை பின்பற்றுங்கள்."
CA_00871,fertilizer,உரம்,tapioca,மரவள்ளி,alluvial,வண்டல் மண்,"மரவள்ளி க்கு உர அளவு மண் பரிசோதனை, பயிர் வயது மற்றும் இலக்கு மகசூலைப் பொறுத்தது. மண் பரிசோதனை இல்லாமல் அதிக உரம் இட வேண்டாம்; பரிந்துரைக்கப்பட்ட ஊட்டச்சத்து மேலாண்மையை பின்பற்றுங்கள்."
CA_00872,fertilizer,உரம்,tapioca,மரவள்ளி,sandy,மணல் மண்,"மரவள்ளி க்கு உர அளவு மண் பரிசோதனை, பயிர் வயது மற்றும் இலக்கு மகசூலைப் பொறுத்தது. மண் பரிசோதனை இல்லாமல் அதிக உரம் இட வேண்டாம்; பரிந்துரைக்கப்பட்ட ஊட்டச்சத்து மேலாண்மையை பின்பற்றுங்கள்."
CA_00873,fertilizer,உரம்,tapioca,மரவள்ளி,clay,களிமண்,"மரவள்ளி க்கு உர அளவு மண் பரிசோதனை, பயிர் வயது மற்றும் இலக்கு மகசூலைப் பொறுத்தது. மண் பரிசோதனை இல்லாமல் அதிக உரம் இட வேண்டாம்; பரிந்துரைக்கப்பட்ட ஊட்டச்சத்து மேலாண்மையை பின்பற்றுங்கள்."
CA_00874,fertilizer,உரம்,tapioca,மரவள்ளி,loamy,கலப்பு மண்,"மரவள்ளி க்கு உர அளவு மண் பரிசோதனை, பயிர் வயது மற்றும் இலக்கு மகசூலைப் பொறுத்தது. மண் பரிசோதனை இல்லாமல் அதிக உரம் இட வேண்டாம்; பரிந்துரைக்கப்பட்ட ஊட்டச்சத்து மேலாண்மையை பின்பற்றுங்கள்."
CA_00875,fertilizer,உரம்,tapioca,மரவள்ளி,laterite,சரளை மண்,"மரவள்ளி க்கு உர அளவு மண் பரிசோதனை, பயிர் வயது மற்றும் இலக்கு மகசூலைப் பொறுத்தது. மண் பரிசோதனை இல்லாமல் அதிக உரம் இட வேண்டாம்; பரிந்துரைக்கப்பட்ட ஊட்டச்சத்து மேலாண்மையை பின்பற்றுங்கள்."
CA_00876,fertilizer,உரம்,drumstick,முருங்கை,red,செம்மண்,"முருங்கை க்கு உர அளவு மண் பரிசோதனை, பயிர் வயது மற்றும் இலக்கு மகசூலைப் பொறுத்தது. மண் பரிசோதனை இல்லாமல் அதிக உரம் இட வேண்டாம்; பரிந்துரைக்கப்பட்ட ஊட்டச்சத்து மேலாண்மையை பின்பற்றுங்கள்."
CA_00877,fertilizer,உரம்,drumstick,முருங்கை,black,கரிசல் மண்,"முருங்கை க்கு உர அளவு மண் பரிசோதனை, பயிர் வயது மற்றும் இலக்கு மகசூலைப் பொறுத்தது. மண் பரிசோதனை இல்லாமல் அதிக உரம் இட வேண்டாம்; பரிந்துரைக்கப்பட்ட ஊட்டச்சத்து மேலாண்மையை பின்பற்றுங்கள்."
CA_00878,fertilizer,உரம்,drumstick,முருங்கை,alluvial,வண்டல் மண்,"முருங்கை க்கு உர அளவு மண் பரிசோதனை, பயிர் வயது மற்றும் இலக்கு மகசூலைப் பொறுத்தது. மண் பரிசோதனை இல்லாமல் அதிக உரம் இட வேண்டாம்; பரிந்துரைக்கப்பட்ட ஊட்டச்சத்து மேலாண்மையை பின்பற்றுங்கள்."
CA_00879,fertilizer,உரம்,drumstick,முருங்கை,sandy,மணல் மண்,"முருங்கை க்கு உர அளவு மண் பரிசோதனை, பயிர் வயது மற்றும் இலக்கு மகசூலைப் பொறுத்தது. மண் பரிசோதனை இல்லாமல் அதிக உரம் இட வேண்டாம்; பரிந்துரைக்கப்பட்ட ஊட்டச்சத்து மேலாண்மையை பின்பற்றுங்கள்."
CA_00880,fertilizer,உரம்,drumstick,முருங்கை,clay,களிமண்,"முருங்கை க்கு உர அளவு மண் பரிசோதனை, பயிர் வயது மற்றும் இலக்கு மகசூலைப் பொறுத்தது. மண் பரிசோதனை இல்லாமல் அதிக உரம் இட வேண்டாம்; பரிந்துரைக்கப்பட்ட ஊட்டச்சத்து மேலாண்மையை பின்பற்றுங்கள்."
CA_00881,fertilizer,உரம்,drumstick,முருங்கை,loamy,கலப்பு மண்,"முருங்கை க்கு உர அளவு மண் பரிசோதனை, பயிர் வயது மற்றும் இலக்கு மகசூலைப் பொறுத்தது. மண் பரிசோதனை இல்லாமல் அதிக உரம் இட வேண்டாம்; பரிந்துரைக்கப்பட்ட ஊட்டச்சத்து மேலாண்மையை பின்பற்றுங்கள்."
CA_00882,fertilizer,உரம்,drumstick,முருங்கை,laterite,சரளை மண்,"முருங்கை க்கு உர அளவு மண் பரிசோதனை, பயிர் வயது மற்றும் இலக்கு மகசூலைப் பொறுத்தது. மண் பரிசோதனை இல்லாமல் அதிக உரம் இட வேண்டாம்; பரிந்துரைக்கப்பட்ட ஊட்டச்சத்து மேலாண்மையை பின்பற்றுங்கள்."
CA_00883,irrigation,நீர் பாசனம்,rice,நெல்,red,செம்மண்,"நெல் பயிருக்கு நீர் தேவை மண், வளர்ச்சி நிலை, மழை மற்றும் பாசன முறையைப் பொறுத்தது. மண் ஈரப்பதத்தை கண்காணித்து, நீர் தேங்காமல் பாசனம் செய்ய வேண்டும். துல்லியமான அளவை உள்ளூர் வேளாண்மை பரிந்துரையுடன் உறுதி செய்யுங்கள்."
CA_00884,irrigation,நீர் பாசனம்,rice,நெல்,black,கரிசல் மண்,"நெல் பயிருக்கு நீர் தேவை மண், வளர்ச்சி நிலை, மழை மற்றும் பாசன முறையைப் பொறுத்தது. மண் ஈரப்பதத்தை கண்காணித்து, நீர் தேங்காமல் பாசனம் செய்ய வேண்டும். துல்லியமான அளவை உள்ளூர் வேளாண்மை பரிந்துரையுடன் உறுதி செய்யுங்கள்."
CA_00885,irrigation,நீர் பாசனம்,rice,நெல்,alluvial,வண்டல் மண்,"நெல் பயிருக்கு நீர் தேவை மண், வளர்ச்சி நிலை, மழை மற்றும் பாசன முறையைப் பொறுத்தது. மண் ஈரப்பதத்தை கண்காணித்து, நீர் தேங்காமல் பாசனம் செய்ய வேண்டும். துல்லியமான அளவை உள்ளூர் வேளாண்மை பரிந்துரையுடன் உறுதி செய்யுங்கள்."
CA_00886,irrigation,நீர் பாசனம்,rice,நெல்,sandy,மணல் மண்,"நெல் பயிருக்கு நீர் தேவை மண், வளர்ச்சி நிலை, மழை மற்றும் பாசன முறையைப் பொறுத்தது. மண் ஈரப்பதத்தை கண்காணித்து, நீர் தேங்காமல் பாசனம் செய்ய வேண்டும். துல்லியமான அளவை உள்ளூர் வேளாண்மை பரிந்துரையுடன் உறுதி செய்யுங்கள்."
CA_00887,irrigation,நீர் பாசனம்,rice,நெல்,clay,களிமண்,"நெல் பயிருக்கு நீர் தேவை மண், வளர்ச்சி நிலை, மழை மற்றும் பாசன முறையைப் பொறுத்தது. மண் ஈரப்பதத்தை கண்காணித்து, நீர் தேங்காமல் பாசனம் செய்ய வேண்டும். துல்லியமான அளவை உள்ளூர் வேளாண்மை பரிந்துரையுடன் உறுதி செய்யுங்கள்."
CA_00888,irrigation,நீர் பாசனம்,rice,நெல்,loamy,கலப்பு மண்,"நெல் பயிருக்கு நீர் தேவை மண், வளர்ச்சி நிலை, மழை மற்றும் பாசன முறையைப் பொறுத்தது. மண் ஈரப்பதத்தை கண்காணித்து, நீர் தேங்காமல் பாசனம் செய்ய வேண்டும். துல்லியமான அளவை உள்ளூர் வேளாண்மை பரிந்துரையுடன் உறுதி செய்யுங்கள்."
CA_00889,irrigation,நீர் பாசனம்,rice,நெல்,laterite,சரளை மண்,"நெல் பயிருக்கு நீர் தேவை மண், வளர்ச்சி நிலை, மழை மற்றும் பாசன முறையைப் பொறுத்தது. மண் ஈரப்பதத்தை கண்காணித்து, நீர் தேங்காமல் பாசனம் செய்ய வேண்டும். துல்லியமான அளவை உள்ளூர் வேளாண்மை பரிந்துரையுடன் உறுதி செய்யுங்கள்."
CA_00890,irrigation,நீர் பாசனம்,banana,வாழை,red,செம்மண்,"வாழை பயிருக்கு நீர் தேவை மண், வளர்ச்சி நிலை, மழை மற்றும் பாசன முறையைப் பொறுத்தது. மண் ஈரப்பதத்தை கண்காணித்து, நீர் தேங்காமல் பாசனம் செய்ய வேண்டும். துல்லியமான அளவை உள்ளூர் வேளாண்மை பரிந்துரையுடன் உறுதி செய்யுங்கள்."
CA_00891,irrigation,நீர் பாசனம்,banana,வாழை,black,கரிசல் மண்,"வாழை பயிருக்கு நீர் தேவை மண், வளர்ச்சி நிலை, மழை மற்றும் பாசன முறையைப் பொறுத்தது. மண் ஈரப்பதத்தை கண்காணித்து, நீர் தேங்காமல் பாசனம் செய்ய வேண்டும். துல்லியமான அளவை உள்ளூர் வேளாண்மை பரிந்துரையுடன் உறுதி செய்யுங்கள்."
CA_00892,irrigation,நீர் பாசனம்,banana,வாழை,alluvial,வண்டல் மண்,"வாழை பயிருக்கு நீர் தேவை மண், வளர்ச்சி நிலை, மழை மற்றும் பாசன முறையைப் பொறுத்தது. மண் ஈரப்பதத்தை கண்காணித்து, நீர் தேங்காமல் பாசனம் செய்ய வேண்டும். துல்லியமான அளவை உள்ளூர் வேளாண்மை பரிந்துரையுடன் உறுதி செய்யுங்கள்."
CA_00893,irrigation,நீர் பாசனம்,banana,வாழை,sandy,மணல் மண்,"வாழை பயிருக்கு நீர் தேவை மண், வளர்ச்சி நிலை, மழை மற்றும் பாசன முறையைப் பொறுத்தது. மண் ஈரப்பதத்தை கண்காணித்து, நீர் தேங்காமல் பாசனம் செய்ய வேண்டும். துல்லியமான அளவை உள்ளூர் வேளாண்மை பரிந்துரையுடன் உறுதி செய்யுங்கள்."
CA_00894,irrigation,நீர் பாசனம்,banana,வாழை,clay,களிமண்,"வாழை பயிருக்கு நீர் தேவை மண், வளர்ச்சி நிலை, மழை மற்றும் பாசன முறையைப் பொறுத்தது. மண் ஈரப்பதத்தை கண்காணித்து, நீர் தேங்காமல் பாசனம் செய்ய வேண்டும். துல்லியமான அளவை உள்ளூர் வேளாண்மை பரிந்துரையுடன் உறுதி செய்யுங்கள்."
CA_00895,irrigation,நீர் பாசனம்,banana,வாழை,loamy,கலப்பு மண்,"வாழை பயிருக்கு நீர் தேவை மண், வளர்ச்சி நிலை, மழை மற்றும் பாசன முறையைப் பொறுத்தது. மண் ஈரப்பதத்தை கண்காணித்து, நீர் தேங்காமல் பாசனம் செய்ய வேண்டும். துல்லியமான அளவை உள்ளூர் வேளாண்மை பரிந்துரையுடன் உறுதி செய்யுங்கள்."
CA_00896,irrigation,நீர் பாசனம்,banana,வாழை,laterite,சரளை மண்,"வாழை பயிருக்கு நீர் தேவை மண், வளர்ச்சி நிலை, மழை மற்றும் பாசன முறையைப் பொறுத்தது. மண் ஈரப்பதத்தை கண்காணித்து, நீர் தேங்காமல் பாசனம் செய்ய வேண்டும். துல்லியமான அளவை உள்ளூர் வேளாண்மை பரிந்துரையுடன் உறுதி செய்யுங்கள்."
CA_00897,irrigation,நீர் பாசனம்,sugarcane,கரும்பு,red,செம்மண்,"கரும்பு பயிருக்கு நீர் தேவை மண், வளர்ச்சி நிலை, மழை மற்றும் பாசன முறையைப் பொறுத்தது. மண் ஈரப்பதத்தை கண்காணித்து, நீர் தேங்காமல் பாசனம் செய்ய வேண்டும். துல்லியமான அளவை உள்ளூர் வேளாண்மை பரிந்துரையுடன் உறுதி செய்யுங்கள்."
CA_00898,irrigation,நீர் பாசனம்,sugarcane,கரும்பு,black,கரிசல் மண்,"கரும்பு பயிருக்கு நீர் தேவை மண், வளர்ச்சி நிலை, மழை மற்றும் பாசன முறையைப் பொறுத்தது. மண் ஈரப்பதத்தை கண்காணித்து, நீர் தேங்காமல் பாசனம் செய்ய வேண்டும். துல்லியமான அளவை உள்ளூர் வேளாண்மை பரிந்துரையுடன் உறுதி செய்யுங்கள்."
CA_00899,irrigation,நீர் பாசனம்,sugarcane,கரும்பு,alluvial,வண்டல் மண்,"கரும்பு பயிருக்கு நீர் தேவை மண், வளர்ச்சி நிலை, மழை மற்றும் பாசன முறையைப் பொறுத்தது. மண் ஈரப்பதத்தை கண்காணித்து, நீர் தேங்காமல் பாசனம் செய்ய வேண்டும். துல்லியமான அளவை உள்ளூர் வேளாண்மை பரிந்துரையுடன் உறுதி செய்யுங்கள்."
CA_00900,irrigation,நீர் பாசனம்,sugarcane,கரும்பு,sandy,மணல் மண்,"கரும்பு பயிருக்கு நீர் தேவை மண், வளர்ச்சி நிலை, மழை மற்றும் பாசன முறையைப் பொறுத்தது. மண் ஈரப்பதத்தை கண்காணித்து, நீர் தேங்காமல் பாசனம் செய்ய வேண்டும். துல்லியமான அளவை உள்ளூர் வேளாண்மை பரிந்துரையுடன் உறுதி செய்யுங்கள்."
CA_00901,irrigation,நீர் பாசனம்,sugarcane,கரும்பு,clay,களிமண்,"கரும்பு பயிருக்கு நீர் தேவை மண், வளர்ச்சி நிலை, மழை மற்றும் பாசன முறையைப் பொறுத்தது. மண் ஈரப்பதத்தை கண்காணித்து, நீர் தேங்காமல் பாசனம் செய்ய வேண்டும். துல்லியமான அளவை உள்ளூர் வேளாண்மை பரிந்துரையுடன் உறுதி செய்யுங்கள்."
CA_00902,irrigation,நீர் பாசனம்,sugarcane,கரும்பு,loamy,கலப்பு மண்,"கரும்பு பயிருக்கு நீர் தேவை மண், வளர்ச்சி நிலை, மழை மற்றும் பாசன முறையைப் பொறுத்தது. மண் ஈரப்பதத்தை கண்காணித்து, நீர் தேங்காமல் பாசனம் செய்ய வேண்டும். துல்லியமான அளவை உள்ளூர் வேளாண்மை பரிந்துரையுடன் உறுதி செய்யுங்கள்."
CA_00903,irrigation,நீர் பாசனம்,sugarcane,கரும்பு,laterite,சரளை மண்,"கரும்பு பயிருக்கு நீர் தேவை மண், வளர்ச்சி நிலை, மழை மற்றும் பாசன முறையைப் பொறுத்தது. மண் ஈரப்பதத்தை கண்காணித்து, நீர் தேங்காமல் பாசனம் செய்ய வேண்டும். துல்லியமான அளவை உள்ளூர் வேளாண்மை பரிந்துரையுடன் உறுதி செய்யுங்கள்."
CA_00904,irrigation,நீர் பாசனம்,cotton,பருத்தி,red,செம்மண்,"பருத்தி பயிருக்கு நீர் தேவை மண், வளர்ச்சி நிலை, மழை மற்றும் பாசன முறையைப் பொறுத்தது. மண் ஈரப்பதத்தை கண்காணித்து, நீர் தேங்காமல் பாசனம் செய்ய வேண்டும். துல்லியமான அளவை உள்ளூர் வேளாண்மை பரிந்துரையுடன் உறுதி செய்யுங்கள்."
CA_00905,irrigation,நீர் பாசனம்,cotton,பருத்தி,black,கரிசல் மண்,"பருத்தி பயிருக்கு நீர் தேவை மண், வளர்ச்சி நிலை, மழை மற்றும் பாசன முறையைப் பொறுத்தது. மண் ஈரப்பதத்தை கண்காணித்து, நீர் தேங்காமல் பாசனம் செய்ய வேண்டும். துல்லியமான அளவை உள்ளூர் வேளாண்மை பரிந்துரையுடன் உறுதி செய்யுங்கள்."
CA_00906,irrigation,நீர் பாசனம்,cotton,பருத்தி,alluvial,வண்டல் மண்,"பருத்தி பயிருக்கு நீர் தேவை மண், வளர்ச்சி நிலை, மழை மற்றும் பாசன முறையைப் பொறுத்தது. மண் ஈரப்பதத்தை கண்காணித்து, நீர் தேங்காமல் பாசனம் செய்ய வேண்டும். துல்லியமான அளவை உள்ளூர் வேளாண்மை பரிந்துரையுடன் உறுதி செய்யுங்கள்."
CA_00907,irrigation,நீர் பாசனம்,cotton,பருத்தி,sandy,மணல் மண்,"பருத்தி பயிருக்கு நீர் தேவை மண், வளர்ச்சி நிலை, மழை மற்றும் பாசன முறையைப் பொறுத்தது. மண் ஈரப்பதத்தை கண்காணித்து, நீர் தேங்காமல் பாசனம் செய்ய வேண்டும். துல்லியமான அளவை உள்ளூர் வேளாண்மை பரிந்துரையுடன் உறுதி செய்யுங்கள்."
CA_00908,irrigation,நீர் பாசனம்,cotton,பருத்தி,clay,களிமண்,"பருத்தி பயிருக்கு நீர் தேவை மண், வளர்ச்சி நிலை, மழை மற்றும் பாசன முறையைப் பொறுத்தது. மண் ஈரப்பதத்தை கண்காணித்து, நீர் தேங்காமல் பாசனம் செய்ய வேண்டும். துல்லியமான அளவை உள்ளூர் வேளாண்மை பரிந்துரையுடன் உறுதி செய்யுங்கள்."
CA_00909,irrigation,நீர் பாசனம்,cotton,பருத்தி,loamy,கலப்பு மண்,"பருத்தி பயிருக்கு நீர் தேவை மண், வளர்ச்சி நிலை, மழை மற்றும் பாசன முறையைப் பொறுத்தது. மண் ஈரப்பதத்தை கண்காணித்து, நீர் தேங்காமல் பாசனம் செய்ய வேண்டும். துல்லியமான அளவை உள்ளூர் வேளாண்மை பரிந்துரையுடன் உறுதி செய்யுங்கள்."
CA_00910,irrigation,நீர் பாசனம்,cotton,பருத்தி,laterite,சரளை மண்,"பருத்தி பயிருக்கு நீர் தேவை மண், வளர்ச்சி நிலை, மழை மற்றும் பாசன முறையைப் பொறுத்தது. மண் ஈரப்பதத்தை கண்காணித்து, நீர் தேங்காமல் பாசனம் செய்ய வேண்டும். துல்லியமான அளவை உள்ளூர் வேளாண்மை பரிந்துரையுடன் உறுதி செய்யுங்கள்."
CA_00911,irrigation,நீர் பாசனம்,groundnut,நிலக்கடலை,red,செம்மண்,"நிலக்கடலை பயிருக்கு நீர் தேவை மண், வளர்ச்சி நிலை, மழை மற்றும் பாசன முறையைப் பொறுத்தது. மண் ஈரப்பதத்தை கண்காணித்து, நீர் தேங்காமல் பாசனம் செய்ய வேண்டும். துல்லியமான அளவை உள்ளூர் வேளாண்மை பரிந்துரையுடன் உறுதி செய்யுங்கள்."
CA_00912,irrigation,நீர் பாசனம்,groundnut,நிலக்கடலை,black,கரிசல் மண்,"நிலக்கடலை பயிருக்கு நீர் தேவை மண், வளர்ச்சி நிலை, மழை மற்றும் பாசன முறையைப் பொறுத்தது. மண் ஈரப்பதத்தை கண்காணித்து, நீர் தேங்காமல் பாசனம் செய்ய வேண்டும். துல்லியமான அளவை உள்ளூர் வேளாண்மை பரிந்துரையுடன் உறுதி செய்யுங்கள்."
CA_00913,irrigation,நீர் பாசனம்,groundnut,நிலக்கடலை,alluvial,வண்டல் மண்,"நிலக்கடலை பயிருக்கு நீர் தேவை மண், வளர்ச்சி நிலை, மழை மற்றும் பாசன முறையைப் பொறுத்தது. மண் ஈரப்பதத்தை கண்காணித்து, நீர் தேங்காமல் பாசனம் செய்ய வேண்டும். துல்லியமான அளவை உள்ளூர் வேளாண்மை பரிந்துரையுடன் உறுதி செய்யுங்கள்."
CA_00914,irrigation,நீர் பாசனம்,groundnut,நிலக்கடலை,sandy,மணல் மண்,"நிலக்கடலை பயிருக்கு நீர் தேவை மண், வளர்ச்சி நிலை, மழை மற்றும் பாசன முறையைப் பொறுத்தது. மண் ஈரப்பதத்தை கண்காணித்து, நீர் தேங்காமல் பாசனம் செய்ய வேண்டும். துல்லியமான அளவை உள்ளூர் வேளாண்மை பரிந்துரையுடன் உறுதி செய்யுங்கள்."
CA_00915,irrigation,நீர் பாசனம்,groundnut,நிலக்கடலை,clay,களிமண்,"நிலக்கடலை பயிருக்கு நீர் தேவை மண், வளர்ச்சி நிலை, மழை மற்றும் பாசன முறையைப் பொறுத்தது. மண் ஈரப்பதத்தை கண்காணித்து, நீர் தேங்காமல் பாசனம் செய்ய வேண்டும். துல்லியமான அளவை உள்ளூர் வேளாண்மை பரிந்துரையுடன் உறுதி செய்யுங்கள்."
CA_00916,irrigation,நீர் பாசனம்,groundnut,நிலக்கடலை,loamy,கலப்பு மண்,"நிலக்கடலை பயிருக்கு நீர் தேவை மண், வளர்ச்சி நிலை, மழை மற்றும் பாசன முறையைப் பொறுத்தது. மண் ஈரப்பதத்தை கண்காணித்து, நீர் தேங்காமல் பாசனம் செய்ய வேண்டும். துல்லியமான அளவை உள்ளூர் வேளாண்மை பரிந்துரையுடன் உறுதி செய்யுங்கள்."
CA_00917,irrigation,நீர் பாசனம்,groundnut,நிலக்கடலை,laterite,சரளை மண்,"நிலக்கடலை பயிருக்கு நீர் தேவை மண், வளர்ச்சி நிலை, மழை மற்றும் பாசன முறையைப் பொறுத்தது. மண் ஈரப்பதத்தை கண்காணித்து, நீர் தேங்காமல் பாசனம் செய்ய வேண்டும். துல்லியமான அளவை உள்ளூர் வேளாண்மை பரிந்துரையுடன் உறுதி செய்யுங்கள்."
CA_00918,irrigation,நீர் பாசனம்,maize,மக்காச்சோளம்,red,செம்மண்,"மக்காச்சோளம் பயிருக்கு நீர் தேவை மண், வளர்ச்சி நிலை, மழை மற்றும் பாசன முறையைப் பொறுத்தது. மண் ஈரப்பதத்தை கண்காணித்து, நீர் தேங்காமல் பாசனம் செய்ய வேண்டும். துல்லியமான அளவை உள்ளூர் வேளாண்மை பரிந்துரையுடன் உறுதி செய்யுங்கள்."
CA_00919,irrigation,நீர் பாசனம்,maize,மக்காச்சோளம்,black,கரிசல் மண்,"மக்காச்சோளம் பயிருக்கு நீர் தேவை மண், வளர்ச்சி நிலை, மழை மற்றும் பாசன முறையைப் பொறுத்தது. மண் ஈரப்பதத்தை கண்காணித்து, நீர் தேங்காமல் பாசனம் செய்ய வேண்டும். துல்லியமான அளவை உள்ளூர் வேளாண்மை பரிந்துரையுடன் உறுதி செய்யுங்கள்."
CA_00920,irrigation,நீர் பாசனம்,maize,மக்காச்சோளம்,alluvial,வண்டல் மண்,"மக்காச்சோளம் பயிருக்கு நீர் தேவை மண், வளர்ச்சி நிலை, மழை மற்றும் பாசன முறையைப் பொறுத்தது. மண் ஈரப்பதத்தை கண்காணித்து, நீர் தேங்காமல் பாசனம் செய்ய வேண்டும். துல்லியமான அளவை உள்ளூர் வேளாண்மை பரிந்துரையுடன் உறுதி செய்யுங்கள்."
CA_00921,irrigation,நீர் பாசனம்,maize,மக்காச்சோளம்,sandy,மணல் மண்,"மக்காச்சோளம் பயிருக்கு நீர் தேவை மண், வளர்ச்சி நிலை, மழை மற்றும் பாசன முறையைப் பொறுத்தது. மண் ஈரப்பதத்தை கண்காணித்து, நீர் தேங்காமல் பாசனம் செய்ய வேண்டும். துல்லியமான அளவை உள்ளூர் வேளாண்மை பரிந்துரையுடன் உறுதி செய்யுங்கள்."
CA_00922,irrigation,நீர் பாசனம்,maize,மக்காச்சோளம்,clay,களிமண்,"மக்காச்சோளம் பயிருக்கு நீர் தேவை மண், வளர்ச்சி நிலை, மழை மற்றும் பாசன முறையைப் பொறுத்தது. மண் ஈரப்பதத்தை கண்காணித்து, நீர் தேங்காமல் பாசனம் செய்ய வேண்டும். துல்லியமான அளவை உள்ளூர் வேளாண்மை பரிந்துரையுடன் உறுதி செய்யுங்கள்."
CA_00923,irrigation,நீர் பாசனம்,maize,மக்காச்சோளம்,loamy,கலப்பு மண்,"மக்காச்சோளம் பயிருக்கு நீர் தேவை மண், வளர்ச்சி நிலை, மழை மற்றும் பாசன முறையைப் பொறுத்தது. மண் ஈரப்பதத்தை கண்காணித்து, நீர் தேங்காமல் பாசனம் செய்ய வேண்டும். துல்லியமான அளவை உள்ளூர் வேளாண்மை பரிந்துரையுடன் உறுதி செய்யுங்கள்."
CA_00924,irrigation,நீர் பாசனம்,maize,மக்காச்சோளம்,laterite,சரளை மண்,"மக்காச்சோளம் பயிருக்கு நீர் தேவை மண், வளர்ச்சி நிலை, மழை மற்றும் பாசன முறையைப் பொறுத்தது. மண் ஈரப்பதத்தை கண்காணித்து, நீர் தேங்காமல் பாசனம் செய்ய வேண்டும். துல்லியமான அளவை உள்ளூர் வேளாண்மை பரிந்துரையுடன் உறுதி செய்யுங்கள்."
CA_00925,irrigation,நீர் பாசனம்,millet,சிறுதானியம்,red,செம்மண்,"சிறுதானியம் பயிருக்கு நீர் தேவை மண், வளர்ச்சி நிலை, மழை மற்றும் பாசன முறையைப் பொறுத்தது. மண் ஈரப்பதத்தை கண்காணித்து, நீர் தேங்காமல் பாசனம் செய்ய வேண்டும். துல்லியமான அளவை உள்ளூர் வேளாண்மை பரிந்துரையுடன் உறுதி செய்யுங்கள்."
CA_00926,irrigation,நீர் பாசனம்,millet,சிறுதானியம்,black,கரிசல் மண்,"சிறுதானியம் பயிருக்கு நீர் தேவை மண், வளர்ச்சி நிலை, மழை மற்றும் பாசன முறையைப் பொறுத்தது. மண் ஈரப்பதத்தை கண்காணித்து, நீர் தேங்காமல் பாசனம் செய்ய வேண்டும். துல்லியமான அளவை உள்ளூர் வேளாண்மை பரிந்துரையுடன் உறுதி செய்யுங்கள்."
CA_00927,irrigation,நீர் பாசனம்,millet,சிறுதானியம்,alluvial,வண்டல் மண்,"சிறுதானியம் பயிருக்கு நீர் தேவை மண், வளர்ச்சி நிலை, மழை மற்றும் பாசன முறையைப் பொறுத்தது. மண் ஈரப்பதத்தை கண்காணித்து, நீர் தேங்காமல் பாசனம் செய்ய வேண்டும். துல்லியமான அளவை உள்ளூர் வேளாண்மை பரிந்துரையுடன் உறுதி செய்யுங்கள்."
CA_00928,irrigation,நீர் பாசனம்,millet,சிறுதானியம்,sandy,மணல் மண்,"சிறுதானியம் பயிருக்கு நீர் தேவை மண், வளர்ச்சி நிலை, மழை மற்றும் பாசன முறையைப் பொறுத்தது. மண் ஈரப்பதத்தை கண்காணித்து, நீர் தேங்காமல் பாசனம் செய்ய வேண்டும். துல்லியமான அளவை உள்ளூர் வேளாண்மை பரிந்துரையுடன் உறுதி செய்யுங்கள்."
CA_00929,irrigation,நீர் பாசனம்,millet,சிறுதானியம்,clay,களிமண்,"சிறுதானியம் பயிருக்கு நீர் தேவை மண், வளர்ச்சி நிலை, மழை மற்றும் பாசன முறையைப் பொறுத்தது. மண் ஈரப்பதத்தை கண்காணித்து, நீர் தேங்காமல் பாசனம் செய்ய வேண்டும். துல்லியமான அளவை உள்ளூர் வேளாண்மை பரிந்துரையுடன் உறுதி செய்யுங்கள்."
CA_00930,irrigation,நீர் பாசனம்,millet,சிறுதானியம்,loamy,கலப்பு மண்,"சிறுதானியம் பயிருக்கு நீர் தேவை மண், வளர்ச்சி நிலை, மழை மற்றும் பாசன முறையைப் பொறுத்தது. மண் ஈரப்பதத்தை கண்காணித்து, நீர் தேங்காமல் பாசனம் செய்ய வேண்டும். துல்லியமான அளவை உள்ளூர் வேளாண்மை பரிந்துரையுடன் உறுதி செய்யுங்கள்."
CA_00931,irrigation,நீர் பாசனம்,millet,சிறுதானியம்,laterite,சரளை மண்,"சிறுதானியம் பயிருக்கு நீர் தேவை மண், வளர்ச்சி நிலை, மழை மற்றும் பாசன முறையைப் பொறுத்தது. மண் ஈரப்பதத்தை கண்காணித்து, நீர் தேங்காமல் பாசனம் செய்ய வேண்டும். துல்லியமான அளவை உள்ளூர் வேளாண்மை பரிந்துரையுடன் உறுதி செய்யுங்கள்."
CA_00932,irrigation,நீர் பாசனம்,tomato,தக்காளி,red,செம்மண்,"தக்காளி பயிருக்கு நீர் தேவை மண், வளர்ச்சி நிலை, மழை மற்றும் பாசன முறையைப் பொறுத்தது. மண் ஈரப்பதத்தை கண்காணித்து, நீர் தேங்காமல் பாசனம் செய்ய வேண்டும். துல்லியமான அளவை உள்ளூர் வேளாண்மை பரிந்துரையுடன் உறுதி செய்யுங்கள்."
CA_00933,irrigation,நீர் பாசனம்,tomato,தக்காளி,black,கரிசல் மண்,"தக்காளி பயிருக்கு நீர் தேவை மண், வளர்ச்சி நிலை, மழை மற்றும் பாசன முறையைப் பொறுத்தது. மண் ஈரப்பதத்தை கண்காணித்து, நீர் தேங்காமல் பாசனம் செய்ய வேண்டும். துல்லியமான அளவை உள்ளூர் வேளாண்மை பரிந்துரையுடன் உறுதி செய்யுங்கள்."
CA_00934,irrigation,நீர் பாசனம்,tomato,தக்காளி,alluvial,வண்டல் மண்,"தக்காளி பயிருக்கு நீர் தேவை மண், வளர்ச்சி நிலை, மழை மற்றும் பாசன முறையைப் பொறுத்தது. மண் ஈரப்பதத்தை கண்காணித்து, நீர் தேங்காமல் பாசனம் செய்ய வேண்டும். துல்லியமான அளவை உள்ளூர் வேளாண்மை பரிந்துரையுடன் உறுதி செய்யுங்கள்."
CA_00935,irrigation,நீர் பாசனம்,tomato,தக்காளி,sandy,மணல் மண்,"தக்காளி பயிருக்கு நீர் தேவை மண், வளர்ச்சி நிலை, மழை மற்றும் பாசன முறையைப் பொறுத்தது. மண் ஈரப்பதத்தை கண்காணித்து, நீர் தேங்காமல் பாசனம் செய்ய வேண்டும். துல்லியமான அளவை உள்ளூர் வேளாண்மை பரிந்துரையுடன் உறுதி செய்யுங்கள்."
CA_00936,irrigation,நீர் பாசனம்,tomato,தக்காளி,clay,களிமண்,"தக்காளி பயிருக்கு நீர் தேவை மண், வளர்ச்சி நிலை, மழை மற்றும் பாசன முறையைப் பொறுத்தது. மண் ஈரப்பதத்தை கண்காணித்து, நீர் தேங்காமல் பாசனம் செய்ய வேண்டும். துல்லியமான அளவை உள்ளூர் வேளாண்மை பரிந்துரையுடன் உறுதி செய்யுங்கள்."
CA_00937,irrigation,நீர் பாசனம்,tomato,தக்காளி,loamy,கலப்பு மண்,"தக்காளி பயிருக்கு நீர் தேவை மண், வளர்ச்சி நிலை, மழை மற்றும் பாசன முறையைப் பொறுத்தது. மண் ஈரப்பதத்தை கண்காணித்து, நீர் தேங்காமல் பாசனம் செய்ய வேண்டும். துல்லியமான அளவை உள்ளூர் வேளாண்மை பரிந்துரையுடன் உறுதி செய்யுங்கள்."
CA_00938,irrigation,நீர் பாசனம்,tomato,தக்காளி,laterite,சரளை மண்,"தக்காளி பயிருக்கு நீர் தேவை மண், வளர்ச்சி நிலை, மழை மற்றும் பாசன முறையைப் பொறுத்தது. மண் ஈரப்பதத்தை கண்காணித்து, நீர் தேங்காமல் பாசனம் செய்ய வேண்டும். துல்லியமான அளவை உள்ளூர் வேளாண்மை பரிந்துரையுடன் உறுதி செய்யுங்கள்."
CA_00939,irrigation,நீர் பாசனம்,chilli,மிளகாய்,red,செம்மண்,"மிளகாய் பயிருக்கு நீர் தேவை மண், வளர்ச்சி நிலை, மழை மற்றும் பாசன முறையைப் பொறுத்தது. மண் ஈரப்பதத்தை கண்காணித்து, நீர் தேங்காமல் பாசனம் செய்ய வேண்டும். துல்லியமான அளவை உள்ளூர் வேளாண்மை பரிந்துரையுடன் உறுதி செய்யுங்கள்."
CA_00940,irrigation,நீர் பாசனம்,chilli,மிளகாய்,black,கரிசல் மண்,"மிளகாய் பயிருக்கு நீர் தேவை மண், வளர்ச்சி நிலை, மழை மற்றும் பாசன முறையைப் பொறுத்தது. மண் ஈரப்பதத்தை கண்காணித்து, நீர் தேங்காமல் பாசனம் செய்ய வேண்டும். துல்லியமான அளவை உள்ளூர் வேளாண்மை பரிந்துரையுடன் உறுதி செய்யுங்கள்."
CA_00941,irrigation,நீர் பாசனம்,chilli,மிளகாய்,alluvial,வண்டல் மண்,"மிளகாய் பயிருக்கு நீர் தேவை மண், வளர்ச்சி நிலை, மழை மற்றும் பாசன முறையைப் பொறுத்தது. மண் ஈரப்பதத்தை கண்காணித்து, நீர் தேங்காமல் பாசனம் செய்ய வேண்டும். துல்லியமான அளவை உள்ளூர் வேளாண்மை பரிந்துரையுடன் உறுதி செய்யுங்கள்."
CA_00942,irrigation,நீர் பாசனம்,chilli,மிளகாய்,sandy,மணல் மண்,"மிளகாய் பயிருக்கு நீர் தேவை மண், வளர்ச்சி நிலை, மழை மற்றும் பாசன முறையைப் பொறுத்தது. மண் ஈரப்பதத்தை கண்காணித்து, நீர் தேங்காமல் பாசனம் செய்ய வேண்டும். துல்லியமான அளவை உள்ளூர் வேளாண்மை பரிந்துரையுடன் உறுதி செய்யுங்கள்."
CA_00943,irrigation,நீர் பாசனம்,chilli,மிளகாய்,clay,களிமண்,"மிளகாய் பயிருக்கு நீர் தேவை மண், வளர்ச்சி நிலை, மழை மற்றும் பாசன முறையைப் பொறுத்தது. மண் ஈரப்பதத்தை கண்காணித்து, நீர் தேங்காமல் பாசனம் செய்ய வேண்டும். துல்லியமான அளவை உள்ளூர் வேளாண்மை பரிந்துரையுடன் உறுதி செய்யுங்கள்."
CA_00944,irrigation,நீர் பாசனம்,chilli,மிளகாய்,loamy,கலப்பு மண்,"மிளகாய் பயிருக்கு நீர் தேவை மண், வளர்ச்சி நிலை, மழை மற்றும் பாசன முறையைப் பொறுத்தது. மண் ஈரப்பதத்தை கண்காணித்து, நீர் தேங்காமல் பாசனம் செய்ய வேண்டும். துல்லியமான அளவை உள்ளூர் வேளாண்மை பரிந்துரையுடன் உறுதி செய்யுங்கள்."
CA_00945,irrigation,நீர் பாசனம்,chilli,மிளகாய்,laterite,சரளை மண்,"மிளகாய் பயிருக்கு நீர் தேவை மண், வளர்ச்சி நிலை, மழை மற்றும் பாசன முறையைப் பொறுத்தது. மண் ஈரப்பதத்தை கண்காணித்து, நீர் தேங்காமல் பாசனம் செய்ய வேண்டும். துல்லியமான அளவை உள்ளூர் வேளாண்மை பரிந்துரையுடன் உறுதி செய்யுங்கள்."
CA_00946,irrigation,நீர் பாசனம்,onion,வெங்காயம்,red,செம்மண்,"வெங்காயம் பயிருக்கு நீர் தேவை மண், வளர்ச்சி நிலை, மழை மற்றும் பாசன முறையைப் பொறுத்தது. மண் ஈரப்பதத்தை கண்காணித்து, நீர் தேங்காமல் பாசனம் செய்ய வேண்டும். துல்லியமான அளவை உள்ளூர் வேளாண்மை பரிந்துரையுடன் உறுதி செய்யுங்கள்."
CA_00947,irrigation,நீர் பாசனம்,onion,வெங்காயம்,black,கரிசல் மண்,"வெங்காயம் பயிருக்கு நீர் தேவை மண், வளர்ச்சி நிலை, மழை மற்றும் பாசன முறையைப் பொறுத்தது. மண் ஈரப்பதத்தை கண்காணித்து, நீர் தேங்காமல் பாசனம் செய்ய வேண்டும். துல்லியமான அளவை உள்ளூர் வேளாண்மை பரிந்துரையுடன் உறுதி செய்யுங்கள்."
CA_00948,irrigation,நீர் பாசனம்,onion,வெங்காயம்,alluvial,வண்டல் மண்,"வெங்காயம் பயிருக்கு நீர் தேவை மண், வளர்ச்சி நிலை, மழை மற்றும் பாசன முறையைப் பொறுத்தது. மண் ஈரப்பதத்தை கண்காணித்து, நீர் தேங்காமல் பாசனம் செய்ய வேண்டும். துல்லியமான அளவை உள்ளூர் வேளாண்மை பரிந்துரையுடன் உறுதி செய்யுங்கள்."
CA_00949,irrigation,நீர் பாசனம்,onion,வெங்காயம்,sandy,மணல் மண்,"வெங்காயம் பயிருக்கு நீர் தேவை மண், வளர்ச்சி நிலை, மழை மற்றும் பாசன முறையைப் பொறுத்தது. மண் ஈரப்பதத்தை கண்காணித்து, நீர் தேங்காமல் பாசனம் செய்ய வேண்டும். துல்லியமான அளவை உள்ளூர் வேளாண்மை பரிந்துரையுடன் உறுதி செய்யுங்கள்."
CA_00950,irrigation,நீர் பாசனம்,onion,வெங்காயம்,clay,களிமண்,"வெங்காயம் பயிருக்கு நீர் தேவை மண், வளர்ச்சி நிலை, மழை மற்றும் பாசன முறையைப் பொறுத்தது. மண் ஈரப்பதத்தை கண்காணித்து, நீர் தேங்காமல் பாசனம் செய்ய வேண்டும். துல்லியமான அளவை உள்ளூர் வேளாண்மை பரிந்துரையுடன் உறுதி செய்யுங்கள்."
CA_00951,irrigation,நீர் பாசனம்,onion,வெங்காயம்,loamy,கலப்பு மண்,"வெங்காயம் பயிருக்கு நீர் தேவை மண், வளர்ச்சி நிலை, மழை மற்றும் பாசன முறையைப் பொறுத்தது. மண் ஈரப்பதத்தை கண்காணித்து, நீர் தேங்காமல் பாசனம் செய்ய வேண்டும். துல்லியமான அளவை உள்ளூர் வேளாண்மை பரிந்துரையுடன் உறுதி செய்யுங்கள்."
CA_00952,irrigation,நீர் பாசனம்,onion,வெங்காயம்,laterite,சரளை மண்,"வெங்காயம் பயிருக்கு நீர் தேவை மண், வளர்ச்சி நிலை, மழை மற்றும் பாசன முறையைப் பொறுத்தது. மண் ஈரப்பதத்தை கண்காணித்து, நீர் தேங்காமல் பாசனம் செய்ய வேண்டும். துல்லியமான அளவை உள்ளூர் வேளாண்மை பரிந்துரையுடன் உறுதி செய்யுங்கள்."
CA_00953,irrigation,நீர் பாசனம்,turmeric,மஞ்சள்,red,செம்மண்,"மஞ்சள் பயிருக்கு நீர் தேவை மண், வளர்ச்சி நிலை, மழை மற்றும் பாசன முறையைப் பொறுத்தது. மண் ஈரப்பதத்தை கண்காணித்து, நீர் தேங்காமல் பாசனம் செய்ய வேண்டும். துல்லியமான அளவை உள்ளூர் வேளாண்மை பரிந்துரையுடன் உறுதி செய்யுங்கள்."
CA_00954,irrigation,நீர் பாசனம்,turmeric,மஞ்சள்,black,கரிசல் மண்,"மஞ்சள் பயிருக்கு நீர் தேவை மண், வளர்ச்சி நிலை, மழை மற்றும் பாசன முறையைப் பொறுத்தது. மண் ஈரப்பதத்தை கண்காணித்து, நீர் தேங்காமல் பாசனம் செய்ய வேண்டும். துல்லியமான அளவை உள்ளூர் வேளாண்மை பரிந்துரையுடன் உறுதி செய்யுங்கள்."
CA_00955,irrigation,நீர் பாசனம்,turmeric,மஞ்சள்,alluvial,வண்டல் மண்,"மஞ்சள் பயிருக்கு நீர் தேவை மண், வளர்ச்சி நிலை, மழை மற்றும் பாசன முறையைப் பொறுத்தது. மண் ஈரப்பதத்தை கண்காணித்து, நீர் தேங்காமல் பாசனம் செய்ய வேண்டும். துல்லியமான அளவை உள்ளூர் வேளாண்மை பரிந்துரையுடன் உறுதி செய்யுங்கள்."
CA_00956,irrigation,நீர் பாசனம்,turmeric,மஞ்சள்,sandy,மணல் மண்,"மஞ்சள் பயிருக்கு நீர் தேவை மண், வளர்ச்சி நிலை, மழை மற்றும் பாசன முறையைப் பொறுத்தது. மண் ஈரப்பதத்தை கண்காணித்து, நீர் தேங்காமல் பாசனம் செய்ய வேண்டும். துல்லியமான அளவை உள்ளூர் வேளாண்மை பரிந்துரையுடன் உறுதி செய்யுங்கள்."
CA_00957,irrigation,நீர் பாசனம்,turmeric,மஞ்சள்,clay,களிமண்,"மஞ்சள் பயிருக்கு நீர் தேவை மண், வளர்ச்சி நிலை, மழை மற்றும் பாசன முறையைப் பொறுத்தது. மண் ஈரப்பதத்தை கண்காணித்து, நீர் தேங்காமல் பாசனம் செய்ய வேண்டும். துல்லியமான அளவை உள்ளூர் வேளாண்மை பரிந்துரையுடன் உறுதி செய்யுங்கள்."
CA_00958,irrigation,நீர் பாசனம்,turmeric,மஞ்சள்,loamy,கலப்பு மண்,"மஞ்சள் பயிருக்கு நீர் தேவை மண், வளர்ச்சி நிலை, மழை மற்றும் பாசன முறையைப் பொறுத்தது. மண் ஈரப்பதத்தை கண்காணித்து, நீர் தேங்காமல் பாசனம் செய்ய வேண்டும். துல்லியமான அளவை உள்ளூர் வேளாண்மை பரிந்துரையுடன் உறுதி செய்யுங்கள்."
CA_00959,irrigation,நீர் பாசனம்,turmeric,மஞ்சள்,laterite,சரளை மண்,"மஞ்சள் பயிருக்கு நீர் தேவை மண், வளர்ச்சி நிலை, மழை மற்றும் பாசன முறையைப் பொறுத்தது. மண் ஈரப்பதத்தை கண்காணித்து, நீர் தேங்காமல் பாசனம் செய்ய வேண்டும். துல்லியமான அளவை உள்ளூர் வேளாண்மை பரிந்துரையுடன் உறுதி செய்யுங்கள்."
CA_00960,irrigation,நீர் பாசனம்,brinjal,கத்தரிக்காய்,red,செம்மண்,"கத்தரிக்காய் பயிருக்கு நீர் தேவை மண், வளர்ச்சி நிலை, மழை மற்றும் பாசன முறையைப் பொறுத்தது. மண் ஈரப்பதத்தை கண்காணித்து, நீர் தேங்காமல் பாசனம் செய்ய வேண்டும். துல்லியமான அளவை உள்ளூர் வேளாண்மை பரிந்துரையுடன் உறுதி செய்யுங்கள்."
CA_00961,irrigation,நீர் பாசனம்,brinjal,கத்தரிக்காய்,black,கரிசல் மண்,"கத்தரிக்காய் பயிருக்கு நீர் தேவை மண், வளர்ச்சி நிலை, மழை மற்றும் பாசன முறையைப் பொறுத்தது. மண் ஈரப்பதத்தை கண்காணித்து, நீர் தேங்காமல் பாசனம் செய்ய வேண்டும். துல்லியமான அளவை உள்ளூர் வேளாண்மை பரிந்துரையுடன் உறுதி செய்யுங்கள்."
CA_00962,irrigation,நீர் பாசனம்,brinjal,கத்தரிக்காய்,alluvial,வண்டல் மண்,"கத்தரிக்காய் பயிருக்கு நீர் தேவை மண், வளர்ச்சி நிலை, மழை மற்றும் பாசன முறையைப் பொறுத்தது. மண் ஈரப்பதத்தை கண்காணித்து, நீர் தேங்காமல் பாசனம் செய்ய வேண்டும். துல்லியமான அளவை உள்ளூர் வேளாண்மை பரிந்துரையுடன் உறுதி செய்யுங்கள்."
CA_00963,irrigation,நீர் பாசனம்,brinjal,கத்தரிக்காய்,sandy,மணல் மண்,"கத்தரிக்காய் பயிருக்கு நீர் தேவை மண், வளர்ச்சி நிலை, மழை மற்றும் பாசன முறையைப் பொறுத்தது. மண் ஈரப்பதத்தை கண்காணித்து, நீர் தேங்காமல் பாசனம் செய்ய வேண்டும். துல்லியமான அளவை உள்ளூர் வேளாண்மை பரிந்துரையுடன் உறுதி செய்யுங்கள்."
CA_00964,irrigation,நீர் பாசனம்,brinjal,கத்தரிக்காய்,clay,களிமண்,"கத்தரிக்காய் பயிருக்கு நீர் தேவை மண், வளர்ச்சி நிலை, மழை மற்றும் பாசன முறையைப் பொறுத்தது. மண் ஈரப்பதத்தை கண்காணித்து, நீர் தேங்காமல் பாசனம் செய்ய வேண்டும். துல்லியமான அளவை உள்ளூர் வேளாண்மை பரிந்துரையுடன் உறுதி செய்யுங்கள்."
CA_00965,irrigation,நீர் பாசனம்,brinjal,கத்தரிக்காய்,loamy,கலப்பு மண்,"கத்தரிக்காய் பயிருக்கு நீர் தேவை மண், வளர்ச்சி நிலை, மழை மற்றும் பாசன முறையைப் பொறுத்தது. மண் ஈரப்பதத்தை கண்காணித்து, நீர் தேங்காமல் பாசனம் செய்ய வேண்டும். துல்லியமான அளவை உள்ளூர் வேளாண்மை பரிந்துரையுடன் உறுதி செய்யுங்கள்."
CA_00966,irrigation,நீர் பாசனம்,brinjal,கத்தரிக்காய்,laterite,சரளை மண்,"கத்தரிக்காய் பயிருக்கு நீர் தேவை மண், வளர்ச்சி நிலை, மழை மற்றும் பாசன முறையைப் பொறுத்தது. மண் ஈரப்பதத்தை கண்காணித்து, நீர் தேங்காமல் பாசனம் செய்ய வேண்டும். துல்லியமான அளவை உள்ளூர் வேளாண்மை பரிந்துரையுடன் உறுதி செய்யுங்கள்."
CA_00967,irrigation,நீர் பாசனம்,okra,வெண்டைக்காய்,red,செம்மண்,"வெண்டைக்காய் பயிருக்கு நீர் தேவை மண், வளர்ச்சி நிலை, மழை மற்றும் பாசன முறையைப் பொறுத்தது. மண் ஈரப்பதத்தை கண்காணித்து, நீர் தேங்காமல் பாசனம் செய்ய வேண்டும். துல்லியமான அளவை உள்ளூர் வேளாண்மை பரிந்துரையுடன் உறுதி செய்யுங்கள்."
CA_00968,irrigation,நீர் பாசனம்,okra,வெண்டைக்காய்,black,கரிசல் மண்,"வெண்டைக்காய் பயிருக்கு நீர் தேவை மண், வளர்ச்சி நிலை, மழை மற்றும் பாசன முறையைப் பொறுத்தது. மண் ஈரப்பதத்தை கண்காணித்து, நீர் தேங்காமல் பாசனம் செய்ய வேண்டும். துல்லியமான அளவை உள்ளூர் வேளாண்மை பரிந்துரையுடன் உறுதி செய்யுங்கள்."
CA_00969,irrigation,நீர் பாசனம்,okra,வெண்டைக்காய்,alluvial,வண்டல் மண்,"வெண்டைக்காய் பயிருக்கு நீர் தேவை மண், வளர்ச்சி நிலை, மழை மற்றும் பாசன முறையைப் பொறுத்தது. மண் ஈரப்பதத்தை கண்காணித்து, நீர் தேங்காமல் பாசனம் செய்ய வேண்டும். துல்லியமான அளவை உள்ளூர் வேளாண்மை பரிந்துரையுடன் உறுதி செய்யுங்கள்."
CA_00970,irrigation,நீர் பாசனம்,okra,வெண்டைக்காய்,sandy,மணல் மண்,"வெண்டைக்காய் பயிருக்கு நீர் தேவை மண், வளர்ச்சி நிலை, மழை மற்றும் பாசன முறையைப் பொறுத்தது. மண் ஈரப்பதத்தை கண்காணித்து, நீர் தேங்காமல் பாசனம் செய்ய வேண்டும். துல்லியமான அளவை உள்ளூர் வேளாண்மை பரிந்துரையுடன் உறுதி செய்யுங்கள்."
CA_00971,irrigation,நீர் பாசனம்,okra,வெண்டைக்காய்,clay,களிமண்,"வெண்டைக்காய் பயிருக்கு நீர் தேவை மண், வளர்ச்சி நிலை, மழை மற்றும் பாசன முறையைப் பொறுத்தது. மண் ஈரப்பதத்தை கண்காணித்து, நீர் தேங்காமல் பாசனம் செய்ய வேண்டும். துல்லியமான அளவை உள்ளூர் வேளாண்மை பரிந்துரையுடன் உறுதி செய்யுங்கள்."
CA_00972,irrigation,நீர் பாசனம்,okra,வெண்டைக்காய்,loamy,கலப்பு மண்,"வெண்டைக்காய் பயிருக்கு நீர் தேவை மண், வளர்ச்சி நிலை, மழை மற்றும் பாசன முறையைப் பொறுத்தது. மண் ஈரப்பதத்தை கண்காணித்து, நீர் தேங்காமல் பாசனம் செய்ய வேண்டும். துல்லியமான அளவை உள்ளூர் வேளாண்மை பரிந்துரையுடன் உறுதி செய்யுங்கள்."
CA_00973,irrigation,நீர் பாசனம்,okra,வெண்டைக்காய்,laterite,சரளை மண்,"வெண்டைக்காய் பயிருக்கு நீர் தேவை மண், வளர்ச்சி நிலை, மழை மற்றும் பாசன முறையைப் பொறுத்தது. மண் ஈரப்பதத்தை கண்காணித்து, நீர் தேங்காமல் பாசனம் செய்ய வேண்டும். துல்லியமான அளவை உள்ளூர் வேளாண்மை பரிந்துரையுடன் உறுதி செய்யுங்கள்."
CA_00974,irrigation,நீர் பாசனம்,coconut,தேங்காய்,red,செம்மண்,"தேங்காய் பயிருக்கு நீர் தேவை மண், வளர்ச்சி நிலை, மழை மற்றும் பாசன முறையைப் பொறுத்தது. மண் ஈரப்பதத்தை கண்காணித்து, நீர் தேங்காமல் பாசனம் செய்ய வேண்டும். துல்லியமான அளவை உள்ளூர் வேளாண்மை பரிந்துரையுடன் உறுதி செய்யுங்கள்."
CA_00975,irrigation,நீர் பாசனம்,coconut,தேங்காய்,black,கரிசல் மண்,"தேங்காய் பயிருக்கு நீர் தேவை மண், வளர்ச்சி நிலை, மழை மற்றும் பாசன முறையைப் பொறுத்தது. மண் ஈரப்பதத்தை கண்காணித்து, நீர் தேங்காமல் பாசனம் செய்ய வேண்டும். துல்லியமான அளவை உள்ளூர் வேளாண்மை பரிந்துரையுடன் உறுதி செய்யுங்கள்."
CA_00976,irrigation,நீர் பாசனம்,coconut,தேங்காய்,alluvial,வண்டல் மண்,"தேங்காய் பயிருக்கு நீர் தேவை மண், வளர்ச்சி நிலை, மழை மற்றும் பாசன முறையைப் பொறுத்தது. மண் ஈரப்பதத்தை கண்காணித்து, நீர் தேங்காமல் பாசனம் செய்ய வேண்டும். துல்லியமான அளவை உள்ளூர் வேளாண்மை பரிந்துரையுடன் உறுதி செய்யுங்கள்."
CA_00977,irrigation,நீர் பாசனம்,coconut,தேங்காய்,sandy,மணல் மண்,"தேங்காய் பயிருக்கு நீர் தேவை மண், வளர்ச்சி நிலை, மழை மற்றும் பாசன முறையைப் பொறுத்தது. மண் ஈரப்பதத்தை கண்காணித்து, நீர் தேங்காமல் பாசனம் செய்ய வேண்டும். துல்லியமான அளவை உள்ளூர் வேளாண்மை பரிந்துரையுடன் உறுதி செய்யுங்கள்."
CA_00978,irrigation,நீர் பாசனம்,coconut,தேங்காய்,clay,களிமண்,"தேங்காய் பயிருக்கு நீர் தேவை மண், வளர்ச்சி நிலை, மழை மற்றும் பாசன முறையைப் பொறுத்தது. மண் ஈரப்பதத்தை கண்காணித்து, நீர் தேங்காமல் பாசனம் செய்ய வேண்டும். துல்லியமான அளவை உள்ளூர் வேளாண்மை பரிந்துரையுடன் உறுதி செய்யுங்கள்."
CA_00979,irrigation,நீர் பாசனம்,coconut,தேங்காய்,loamy,கலப்பு மண்,"தேங்காய் பயிருக்கு நீர் தேவை மண், வளர்ச்சி நிலை, மழை மற்றும் பாசன முறையைப் பொறுத்தது. மண் ஈரப்பதத்தை கண்காணித்து, நீர் தேங்காமல் பாசனம் செய்ய வேண்டும். துல்லியமான அளவை உள்ளூர் வேளாண்மை பரிந்துரையுடன் உறுதி செய்யுங்கள்."
CA_00980,irrigation,நீர் பாசனம்,coconut,தேங்காய்,laterite,சரளை மண்,"தேங்காய் பயிருக்கு நீர் தேவை மண், வளர்ச்சி நிலை, மழை மற்றும் பாசன முறையைப் பொறுத்தது. மண் ஈரப்பதத்தை கண்காணித்து, நீர் தேங்காமல் பாசனம் செய்ய வேண்டும். துல்லியமான அளவை உள்ளூர் வேளாண்மை பரிந்துரையுடன் உறுதி செய்யுங்கள்."
CA_00981,irrigation,நீர் பாசனம்,pulses,பயறு,red,செம்மண்,"பயறு பயிருக்கு நீர் தேவை மண், வளர்ச்சி நிலை, மழை மற்றும் பாசன முறையைப் பொறுத்தது. மண் ஈரப்பதத்தை கண்காணித்து, நீர் தேங்காமல் பாசனம் செய்ய வேண்டும். துல்லியமான அளவை உள்ளூர் வேளாண்மை பரிந்துரையுடன் உறுதி செய்யுங்கள்."
CA_00982,irrigation,நீர் பாசனம்,pulses,பயறு,black,கரிசல் மண்,"பயறு பயிருக்கு நீர் தேவை மண், வளர்ச்சி நிலை, மழை மற்றும் பாசன முறையைப் பொறுத்தது. மண் ஈரப்பதத்தை கண்காணித்து, நீர் தேங்காமல் பாசனம் செய்ய வேண்டும். துல்லியமான அளவை உள்ளூர் வேளாண்மை பரிந்துரையுடன் உறுதி செய்யுங்கள்."
CA_00983,irrigation,நீர் பாசனம்,pulses,பயறு,alluvial,வண்டல் மண்,"பயறு பயிருக்கு நீர் தேவை மண், வளர்ச்சி நிலை, மழை மற்றும் பாசன முறையைப் பொறுத்தது. மண் ஈரப்பதத்தை கண்காணித்து, நீர் தேங்காமல் பாசனம் செய்ய வேண்டும். துல்லியமான அளவை உள்ளூர் வேளாண்மை பரிந்துரையுடன் உறுதி செய்யுங்கள்."
CA_00984,irrigation,நீர் பாசனம்,pulses,பயறு,sandy,மணல் மண்,"பயறு பயிருக்கு நீர் தேவை மண், வளர்ச்சி நிலை, மழை மற்றும் பாசன முறையைப் பொறுத்தது. மண் ஈரப்பதத்தை கண்காணித்து, நீர் தேங்காமல் பாசனம் செய்ய வேண்டும். துல்லியமான அளவை உள்ளூர் வேளாண்மை பரிந்துரையுடன் உறுதி செய்யுங்கள்."
CA_00985,irrigation,நீர் பாசனம்,pulses,பயறு,clay,களிமண்,"பயறு பயிருக்கு நீர் தேவை மண், வளர்ச்சி நிலை, மழை மற்றும் பாசன முறையைப் பொறுத்தது. மண் ஈரப்பதத்தை கண்காணித்து, நீர் தேங்காமல் பாசனம் செய்ய வேண்டும். துல்லியமான அளவை உள்ளூர் வேளாண்மை பரிந்துரையுடன் உறுதி செய்யுங்கள்."
CA_00986,irrigation,நீர் பாசனம்,pulses,பயறு,loamy,கலப்பு மண்,"பயறு பயிருக்கு நீர் தேவை மண், வளர்ச்சி நிலை, மழை மற்றும் பாசன முறையைப் பொறுத்தது. மண் ஈரப்பதத்தை கண்காணித்து, நீர் தேங்காமல் பாசனம் செய்ய வேண்டும். துல்லியமான அளவை உள்ளூர் வேளாண்மை பரிந்துரையுடன் உறுதி செய்யுங்கள்."
CA_00987,irrigation,நீர் பாசனம்,pulses,பயறு,laterite,சரளை மண்,"பயறு பயிருக்கு நீர் தேவை மண், வளர்ச்சி நிலை, மழை மற்றும் பாசன முறையைப் பொறுத்தது. மண் ஈரப்பதத்தை கண்காணித்து, நீர் தேங்காமல் பாசனம் செய்ய வேண்டும். துல்லியமான அளவை உள்ளூர் வேளாண்மை பரிந்துரையுடன் உறுதி செய்யுங்கள்."
CA_00988,irrigation,நீர் பாசனம்,sesame,எள்,red,செம்மண்,"எள் பயிருக்கு நீர் தேவை மண், வளர்ச்சி நிலை, மழை மற்றும் பாசன முறையைப் பொறுத்தது. மண் ஈரப்பதத்தை கண்காணித்து, நீர் தேங்காமல் பாசனம் செய்ய வேண்டும். துல்லியமான அளவை உள்ளூர் வேளாண்மை பரிந்துரையுடன் உறுதி செய்யுங்கள்."
CA_00989,irrigation,நீர் பாசனம்,sesame,எள்,black,கரிசல் மண்,"எள் பயிருக்கு நீர் தேவை மண், வளர்ச்சி நிலை, மழை மற்றும் பாசன முறையைப் பொறுத்தது. மண் ஈரப்பதத்தை கண்காணித்து, நீர் தேங்காமல் பாசனம் செய்ய வேண்டும். துல்லியமான அளவை உள்ளூர் வேளாண்மை பரிந்துரையுடன் உறுதி செய்யுங்கள்."
CA_00990,irrigation,நீர் பாசனம்,sesame,எள்,alluvial,வண்டல் மண்,"எள் பயிருக்கு நீர் தேவை மண், வளர்ச்சி நிலை, மழை மற்றும் பாசன முறையைப் பொறுத்தது. மண் ஈரப்பதத்தை கண்காணித்து, நீர் தேங்காமல் பாசனம் செய்ய வேண்டும். துல்லியமான அளவை உள்ளூர் வேளாண்மை பரிந்துரையுடன் உறுதி செய்யுங்கள்."
CA_00991,irrigation,நீர் பாசனம்,sesame,எள்,sandy,மணல் மண்,"எள் பயிருக்கு நீர் தேவை மண், வளர்ச்சி நிலை, மழை மற்றும் பாசன முறையைப் பொறுத்தது. மண் ஈரப்பதத்தை கண்காணித்து, நீர் தேங்காமல் பாசனம் செய்ய வேண்டும். துல்லியமான அளவை உள்ளூர் வேளாண்மை பரிந்துரையுடன் உறுதி செய்யுங்கள்."
CA_00992,irrigation,நீர் பாசனம்,sesame,எள்,clay,களிமண்,"எள் பயிருக்கு நீர் தேவை மண், வளர்ச்சி நிலை, மழை மற்றும் பாசன முறையைப் பொறுத்தது. மண் ஈரப்பதத்தை கண்காணித்து, நீர் தேங்காமல் பாசனம் செய்ய வேண்டும். துல்லியமான அளவை உள்ளூர் வேளாண்மை பரிந்துரையுடன் உறுதி செய்யுங்கள்."
CA_00993,irrigation,நீர் பாசனம்,sesame,எள்,loamy,கலப்பு மண்,"எள் பயிருக்கு நீர் தேவை மண், வளர்ச்சி நிலை, மழை மற்றும் பாசன முறையைப் பொறுத்தது. மண் ஈரப்பதத்தை கண்காணித்து, நீர் தேங்காமல் பாசனம் செய்ய வேண்டும். துல்லியமான அளவை உள்ளூர் வேளாண்மை பரிந்துரையுடன் உறுதி செய்யுங்கள்."
CA_00994,irrigation,நீர் பாசனம்,sesame,எள்,laterite,சரளை மண்,"எள் பயிருக்கு நீர் தேவை மண், வளர்ச்சி நிலை, மழை மற்றும் பாசன முறையைப் பொறுத்தது. மண் ஈரப்பதத்தை கண்காணித்து, நீர் தேங்காமல் பாசனம் செய்ய வேண்டும். துல்லியமான அளவை உள்ளூர் வேளாண்மை பரிந்துரையுடன் உறுதி செய்யுங்கள்."
CA_00995,irrigation,நீர் பாசனம்,tapioca,மரவள்ளி,red,செம்மண்,"மரவள்ளி பயிருக்கு நீர் தேவை மண், வளர்ச்சி நிலை, மழை மற்றும் பாசன முறையைப் பொறுத்தது. மண் ஈரப்பதத்தை கண்காணித்து, நீர் தேங்காமல் பாசனம் செய்ய வேண்டும். துல்லியமான அளவை உள்ளூர் வேளாண்மை பரிந்துரையுடன் உறுதி செய்யுங்கள்."
CA_00996,irrigation,நீர் பாசனம்,tapioca,மரவள்ளி,black,கரிசல் மண்,"மரவள்ளி பயிருக்கு நீர் தேவை மண், வளர்ச்சி நிலை, மழை மற்றும் பாசன முறையைப் பொறுத்தது. மண் ஈரப்பதத்தை கண்காணித்து, நீர் தேங்காமல் பாசனம் செய்ய வேண்டும். துல்லியமான அளவை உள்ளூர் வேளாண்மை பரிந்துரையுடன் உறுதி செய்யுங்கள்."
CA_00997,irrigation,நீர் பாசனம்,tapioca,மரவள்ளி,alluvial,வண்டல் மண்,"மரவள்ளி பயிருக்கு நீர் தேவை மண், வளர்ச்சி நிலை, மழை மற்றும் பாசன முறையைப் பொறுத்தது. மண் ஈரப்பதத்தை கண்காணித்து, நீர் தேங்காமல் பாசனம் செய்ய வேண்டும். துல்லியமான அளவை உள்ளூர் வேளாண்மை பரிந்துரையுடன் உறுதி செய்யுங்கள்."
CA_00998,irrigation,நீர் பாசனம்,tapioca,மரவள்ளி,sandy,மணல் மண்,"மரவள்ளி பயிருக்கு நீர் தேவை மண், வளர்ச்சி நிலை, மழை மற்றும் பாசன முறையைப் பொறுத்தது. மண் ஈரப்பதத்தை கண்காணித்து, நீர் தேங்காமல் பாசனம் செய்ய வேண்டும். துல்லியமான அளவை உள்ளூர் வேளாண்மை பரிந்துரையுடன் உறுதி செய்யுங்கள்."
CA_00999,irrigation,நீர் பாசனம்,tapioca,மரவள்ளி,clay,களிமண்,"மரவள்ளி பயிருக்கு நீர் தேவை மண், வளர்ச்சி நிலை, மழை மற்றும் பாசன முறையைப் பொறுத்தது. மண் ஈரப்பதத்தை கண்காணித்து, நீர் தேங்காமல் பாசனம் செய்ய வேண்டும். துல்லியமான அளவை உள்ளூர் வேளாண்மை பரிந்துரையுடன் உறுதி செய்யுங்கள்."
CA_01000,irrigation,நீர் பாசனம்,tapioca,மரவள்ளி,loamy,கலப்பு மண்,"மரவள்ளி பயிருக்கு நீர் தேவை மண், வளர்ச்சி நிலை, மழை மற்றும் பாசன முறையைப் பொறுத்தது. மண் ஈரப்பதத்தை கண்காணித்து, நீர் தேங்காமல் பாசனம் செய்ய வேண்டும். துல்லியமான அளவை உள்ளூர் வேளாண்மை பரிந்துரையுடன் உறுதி செய்யுங்கள்."
CA_01001,irrigation,நீர் பாசனம்,tapioca,மரவள்ளி,laterite,சரளை மண்,"மரவள்ளி பயிருக்கு நீர் தேவை மண், வளர்ச்சி நிலை, மழை மற்றும் பாசன முறையைப் பொறுத்தது. மண் ஈரப்பதத்தை கண்காணித்து, நீர் தேங்காமல் பாசனம் செய்ய வேண்டும். துல்லியமான அளவை உள்ளூர் வேளாண்மை பரிந்துரையுடன் உறுதி செய்யுங்கள்."
CA_01002,irrigation,நீர் பாசனம்,drumstick,முருங்கை,red,செம்மண்,"முருங்கை பயிருக்கு நீர் தேவை மண், வளர்ச்சி நிலை, மழை மற்றும் பாசன முறையைப் பொறுத்தது. மண் ஈரப்பதத்தை கண்காணித்து, நீர் தேங்காமல் பாசனம் செய்ய வேண்டும். துல்லியமான அளவை உள்ளூர் வேளாண்மை பரிந்துரையுடன் உறுதி செய்யுங்கள்."
CA_01003,irrigation,நீர் பாசனம்,drumstick,முருங்கை,black,கரிசல் மண்,"முருங்கை பயிருக்கு நீர் தேவை மண், வளர்ச்சி நிலை, மழை மற்றும் பாசன முறையைப் பொறுத்தது. மண் ஈரப்பதத்தை கண்காணித்து, நீர் தேங்காமல் பாசனம் செய்ய வேண்டும். துல்லியமான அளவை உள்ளூர் வேளாண்மை பரிந்துரையுடன் உறுதி செய்யுங்கள்."
CA_01004,irrigation,நீர் பாசனம்,drumstick,முருங்கை,alluvial,வண்டல் மண்,"முருங்கை பயிருக்கு நீர் தேவை மண், வளர்ச்சி நிலை, மழை மற்றும் பாசன முறையைப் பொறுத்தது. மண் ஈரப்பதத்தை கண்காணித்து, நீர் தேங்காமல் பாசனம் செய்ய வேண்டும். துல்லியமான அளவை உள்ளூர் வேளாண்மை பரிந்துரையுடன் உறுதி செய்யுங்கள்."
CA_01005,irrigation,நீர் பாசனம்,drumstick,முருங்கை,sandy,மணல் மண்,"முருங்கை பயிருக்கு நீர் தேவை மண், வளர்ச்சி நிலை, மழை மற்றும் பாசன முறையைப் பொறுத்தது. மண் ஈரப்பதத்தை கண்காணித்து, நீர் தேங்காமல் பாசனம் செய்ய வேண்டும். துல்லியமான அளவை உள்ளூர் வேளாண்மை பரிந்துரையுடன் உறுதி செய்யுங்கள்."
CA_01006,irrigation,நீர் பாசனம்,drumstick,முருங்கை,clay,களிமண்,"முருங்கை பயிருக்கு நீர் தேவை மண், வளர்ச்சி நிலை, மழை மற்றும் பாசன முறையைப் பொறுத்தது. மண் ஈரப்பதத்தை கண்காணித்து, நீர் தேங்காமல் பாசனம் செய்ய வேண்டும். துல்லியமான அளவை உள்ளூர் வேளாண்மை பரிந்துரையுடன் உறுதி செய்யுங்கள்."
CA_01007,irrigation,நீர் பாசனம்,drumstick,முருங்கை,loamy,கலப்பு மண்,"முருங்கை பயிருக்கு நீர் தேவை மண், வளர்ச்சி நிலை, மழை மற்றும் பாசன முறையைப் பொறுத்தது. மண் ஈரப்பதத்தை கண்காணித்து, நீர் தேங்காமல் பாசனம் செய்ய வேண்டும். துல்லியமான அளவை உள்ளூர் வேளாண்மை பரிந்துரையுடன் உறுதி செய்யுங்கள்."
CA_01008,irrigation,நீர் பாசனம்,drumstick,முருங்கை,laterite,சரளை மண்,"முருங்கை பயிருக்கு நீர் தேவை மண், வளர்ச்சி நிலை, மழை மற்றும் பாசன முறையைப் பொறுத்தது. மண் ஈரப்பதத்தை கண்காணித்து, நீர் தேங்காமல் பாசனம் செய்ய வேண்டும். துல்லியமான அளவை உள்ளூர் வேளாண்மை பரிந்துரையுடன் உறுதி செய்யுங்கள்."
CA_01009,pest,பூச்சி மேலாண்மை,rice,நெல்,red,செம்மண்,"நெல் பயிரில் அறிகுறியை முதலில் சரியாக அடையாளம் காண வேண்டும். புகைப்படம்/கள ஆய்வு மூலம் உறுதி செய்து, தேவையற்ற மருந்து பயன்பாட்டைத் தவிர்த்து, உள்ளூர் வேளாண்மை அதிகாரி அல்லது TNAU பரிந்துரையைப் பின்பற்றுங்கள்."
CA_01010,pest,பூச்சி மேலாண்மை,rice,நெல்,black,கரிசல் மண்,"நெல் பயிரில் அறிகுறியை முதலில் சரியாக அடையாளம் காண வேண்டும். புகைப்படம்/கள ஆய்வு மூலம் உறுதி செய்து, தேவையற்ற மருந்து பயன்பாட்டைத் தவிர்த்து, உள்ளூர் வேளாண்மை அதிகாரி அல்லது TNAU பரிந்துரையைப் பின்பற்றுங்கள்."
CA_01011,pest,பூச்சி மேலாண்மை,rice,நெல்,alluvial,வண்டல் மண்,"நெல் பயிரில் அறிகுறியை முதலில் சரியாக அடையாளம் காண வேண்டும். புகைப்படம்/கள ஆய்வு மூலம் உறுதி செய்து, தேவையற்ற மருந்து பயன்பாட்டைத் தவிர்த்து, உள்ளூர் வேளாண்மை அதிகாரி அல்லது TNAU பரிந்துரையைப் பின்பற்றுங்கள்."
CA_01012,pest,பூச்சி மேலாண்மை,rice,நெல்,sandy,மணல் மண்,"நெல் பயிரில் அறிகுறியை முதலில் சரியாக அடையாளம் காண வேண்டும். புகைப்படம்/கள ஆய்வு மூலம் உறுதி செய்து, தேவையற்ற மருந்து பயன்பாட்டைத் தவிர்த்து, உள்ளூர் வேளாண்மை அதிகாரி அல்லது TNAU பரிந்துரையைப் பின்பற்றுங்கள்."
CA_01013,pest,பூச்சி மேலாண்மை,rice,நெல்,clay,களிமண்,"நெல் பயிரில் அறிகுறியை முதலில் சரியாக அடையாளம் காண வேண்டும். புகைப்படம்/கள ஆய்வு மூலம் உறுதி செய்து, தேவையற்ற மருந்து பயன்பாட்டைத் தவிர்த்து, உள்ளூர் வேளாண்மை அதிகாரி அல்லது TNAU பரிந்துரையைப் பின்பற்றுங்கள்."
CA_01014,pest,பூச்சி மேலாண்மை,rice,நெல்,loamy,கலப்பு மண்,"நெல் பயிரில் அறிகுறியை முதலில் சரியாக அடையாளம் காண வேண்டும். புகைப்படம்/கள ஆய்வு மூலம் உறுதி செய்து, தேவையற்ற மருந்து பயன்பாட்டைத் தவிர்த்து, உள்ளூர் வேளாண்மை அதிகாரி அல்லது TNAU பரிந்துரையைப் பின்பற்றுங்கள்."
CA_01015,pest,பூச்சி மேலாண்மை,rice,நெல்,laterite,சரளை மண்,"நெல் பயிரில் அறிகுறியை முதலில் சரியாக அடையாளம் காண வேண்டும். புகைப்படம்/கள ஆய்வு மூலம் உறுதி செய்து, தேவையற்ற மருந்து பயன்பாட்டைத் தவிர்த்து, உள்ளூர் வேளாண்மை அதிகாரி அல்லது TNAU பரிந்துரையைப் பின்பற்றுங்கள்."
CA_01016,pest,பூச்சி மேலாண்மை,banana,வாழை,red,செம்மண்,"வாழை பயிரில் அறிகுறியை முதலில் சரியாக அடையாளம் காண வேண்டும். புகைப்படம்/கள ஆய்வு மூலம் உறுதி செய்து, தேவையற்ற மருந்து பயன்பாட்டைத் தவிர்த்து, உள்ளூர் வேளாண்மை அதிகாரி அல்லது TNAU பரிந்துரையைப் பின்பற்றுங்கள்."
CA_01017,pest,பூச்சி மேலாண்மை,banana,வாழை,black,கரிசல் மண்,"வாழை பயிரில் அறிகுறியை முதலில் சரியாக அடையாளம் காண வேண்டும். புகைப்படம்/கள ஆய்வு மூலம் உறுதி செய்து, தேவையற்ற மருந்து பயன்பாட்டைத் தவிர்த்து, உள்ளூர் வேளாண்மை அதிகாரி அல்லது TNAU பரிந்துரையைப் பின்பற்றுங்கள்."
CA_01018,pest,பூச்சி மேலாண்மை,banana,வாழை,alluvial,வண்டல் மண்,"வாழை பயிரில் அறிகுறியை முதலில் சரியாக அடையாளம் காண வேண்டும். புகைப்படம்/கள ஆய்வு மூலம் உறுதி செய்து, தேவையற்ற மருந்து பயன்பாட்டைத் தவிர்த்து, உள்ளூர் வேளாண்மை அதிகாரி அல்லது TNAU பரிந்துரையைப் பின்பற்றுங்கள்."
CA_01019,pest,பூச்சி மேலாண்மை,banana,வாழை,sandy,மணல் மண்,"வாழை பயிரில் அறிகுறியை முதலில் சரியாக அடையாளம் காண வேண்டும். புகைப்படம்/கள ஆய்வு மூலம் உறுதி செய்து, தேவையற்ற மருந்து பயன்பாட்டைத் தவிர்த்து, உள்ளூர் வேளாண்மை அதிகாரி அல்லது TNAU பரிந்துரையைப் பின்பற்றுங்கள்."
CA_01020,pest,பூச்சி மேலாண்மை,banana,வாழை,clay,களிமண்,"வாழை பயிரில் அறிகுறியை முதலில் சரியாக அடையாளம் காண வேண்டும். புகைப்படம்/கள ஆய்வு மூலம் உறுதி செய்து, தேவையற்ற மருந்து பயன்பாட்டைத் தவிர்த்து, உள்ளூர் வேளாண்மை அதிகாரி அல்லது TNAU பரிந்துரையைப் பின்பற்றுங்கள்."
CA_01021,pest,பூச்சி மேலாண்மை,banana,வாழை,loamy,கலப்பு மண்,"வாழை பயிரில் அறிகுறியை முதலில் சரியாக அடையாளம் காண வேண்டும். புகைப்படம்/கள ஆய்வு மூலம் உறுதி செய்து, தேவையற்ற மருந்து பயன்பாட்டைத் தவிர்த்து, உள்ளூர் வேளாண்மை அதிகாரி அல்லது TNAU பரிந்துரையைப் பின்பற்றுங்கள்."
CA_01022,pest,பூச்சி மேலாண்மை,banana,வாழை,laterite,சரளை மண்,"வாழை பயிரில் அறிகுறியை முதலில் சரியாக அடையாளம் காண வேண்டும். புகைப்படம்/கள ஆய்வு மூலம் உறுதி செய்து, தேவையற்ற மருந்து பயன்பாட்டைத் தவிர்த்து, உள்ளூர் வேளாண்மை அதிகாரி அல்லது TNAU பரிந்துரையைப் பின்பற்றுங்கள்."
CA_01023,pest,பூச்சி மேலாண்மை,sugarcane,கரும்பு,red,செம்மண்,"கரும்பு பயிரில் அறிகுறியை முதலில் சரியாக அடையாளம் காண வேண்டும். புகைப்படம்/கள ஆய்வு மூலம் உறுதி செய்து, தேவையற்ற மருந்து பயன்பாட்டைத் தவிர்த்து, உள்ளூர் வேளாண்மை அதிகாரி அல்லது TNAU பரிந்துரையைப் பின்பற்றுங்கள்."
CA_01024,pest,பூச்சி மேலாண்மை,sugarcane,கரும்பு,black,கரிசல் மண்,"கரும்பு பயிரில் அறிகுறியை முதலில் சரியாக அடையாளம் காண வேண்டும். புகைப்படம்/கள ஆய்வு மூலம் உறுதி செய்து, தேவையற்ற மருந்து பயன்பாட்டைத் தவிர்த்து, உள்ளூர் வேளாண்மை அதிகாரி அல்லது TNAU பரிந்துரையைப் பின்பற்றுங்கள்."
CA_01025,pest,பூச்சி மேலாண்மை,sugarcane,கரும்பு,alluvial,வண்டல் மண்,"கரும்பு பயிரில் அறிகுறியை முதலில் சரியாக அடையாளம் காண வேண்டும். புகைப்படம்/கள ஆய்வு மூலம் உறுதி செய்து, தேவையற்ற மருந்து பயன்பாட்டைத் தவிர்த்து, உள்ளூர் வேளாண்மை அதிகாரி அல்லது TNAU பரிந்துரையைப் பின்பற்றுங்கள்."
CA_01026,pest,பூச்சி மேலாண்மை,sugarcane,கரும்பு,sandy,மணல் மண்,"கரும்பு பயிரில் அறிகுறியை முதலில் சரியாக அடையாளம் காண வேண்டும். புகைப்படம்/கள ஆய்வு மூலம் உறுதி செய்து, தேவையற்ற மருந்து பயன்பாட்டைத் தவிர்த்து, உள்ளூர் வேளாண்மை அதிகாரி அல்லது TNAU பரிந்துரையைப் பின்பற்றுங்கள்."
CA_01027,pest,பூச்சி மேலாண்மை,sugarcane,கரும்பு,clay,களிமண்,"கரும்பு பயிரில் அறிகுறியை முதலில் சரியாக அடையாளம் காண வேண்டும். புகைப்படம்/கள ஆய்வு மூலம் உறுதி செய்து, தேவையற்ற மருந்து பயன்பாட்டைத் தவிர்த்து, உள்ளூர் வேளாண்மை அதிகாரி அல்லது TNAU பரிந்துரையைப் பின்பற்றுங்கள்."
CA_01028,pest,பூச்சி மேலாண்மை,sugarcane,கரும்பு,loamy,கலப்பு மண்,"கரும்பு பயிரில் அறிகுறியை முதலில் சரியாக அடையாளம் காண வேண்டும். புகைப்படம்/கள ஆய்வு மூலம் உறுதி செய்து, தேவையற்ற மருந்து பயன்பாட்டைத் தவிர்த்து, உள்ளூர் வேளாண்மை அதிகாரி அல்லது TNAU பரிந்துரையைப் பின்பற்றுங்கள்."
CA_01029,pest,பூச்சி மேலாண்மை,sugarcane,கரும்பு,laterite,சரளை மண்,"கரும்பு பயிரில் அறிகுறியை முதலில் சரியாக அடையாளம் காண வேண்டும். புகைப்படம்/கள ஆய்வு மூலம் உறுதி செய்து, தேவையற்ற மருந்து பயன்பாட்டைத் தவிர்த்து, உள்ளூர் வேளாண்மை அதிகாரி அல்லது TNAU பரிந்துரையைப் பின்பற்றுங்கள்."
CA_01030,pest,பூச்சி மேலாண்மை,cotton,பருத்தி,red,செம்மண்,"பருத்தி பயிரில் அறிகுறியை முதலில் சரியாக அடையாளம் காண வேண்டும். புகைப்படம்/கள ஆய்வு மூலம் உறுதி செய்து, தேவையற்ற மருந்து பயன்பாட்டைத் தவிர்த்து, உள்ளூர் வேளாண்மை அதிகாரி அல்லது TNAU பரிந்துரையைப் பின்பற்றுங்கள்."
CA_01031,pest,பூச்சி மேலாண்மை,cotton,பருத்தி,black,கரிசல் மண்,"பருத்தி பயிரில் அறிகுறியை முதலில் சரியாக அடையாளம் காண வேண்டும். புகைப்படம்/கள ஆய்வு மூலம் உறுதி செய்து, தேவையற்ற மருந்து பயன்பாட்டைத் தவிர்த்து, உள்ளூர் வேளாண்மை அதிகாரி அல்லது TNAU பரிந்துரையைப் பின்பற்றுங்கள்."
CA_01032,pest,பூச்சி மேலாண்மை,cotton,பருத்தி,alluvial,வண்டல் மண்,"பருத்தி பயிரில் அறிகுறியை முதலில் சரியாக அடையாளம் காண வேண்டும். புகைப்படம்/கள ஆய்வு மூலம் உறுதி செய்து, தேவையற்ற மருந்து பயன்பாட்டைத் தவிர்த்து, உள்ளூர் வேளாண்மை அதிகாரி அல்லது TNAU பரிந்துரையைப் பின்பற்றுங்கள்."
CA_01033,pest,பூச்சி மேலாண்மை,cotton,பருத்தி,sandy,மணல் மண்,"பருத்தி பயிரில் அறிகுறியை முதலில் சரியாக அடையாளம் காண வேண்டும். புகைப்படம்/கள ஆய்வு மூலம் உறுதி செய்து, தேவையற்ற மருந்து பயன்பாட்டைத் தவிர்த்து, உள்ளூர் வேளாண்மை அதிகாரி அல்லது TNAU பரிந்துரையைப் பின்பற்றுங்கள்."
CA_01034,pest,பூச்சி மேலாண்மை,cotton,பருத்தி,clay,களிமண்,"பருத்தி பயிரில் அறிகுறியை முதலில் சரியாக அடையாளம் காண வேண்டும். புகைப்படம்/கள ஆய்வு மூலம் உறுதி செய்து, தேவையற்ற மருந்து பயன்பாட்டைத் தவிர்த்து, உள்ளூர் வேளாண்மை அதிகாரி அல்லது TNAU பரிந்துரையைப் பின்பற்றுங்கள்."
CA_01035,pest,பூச்சி மேலாண்மை,cotton,பருத்தி,loamy,கலப்பு மண்,"பருத்தி பயிரில் அறிகுறியை முதலில் சரியாக அடையாளம் காண வேண்டும். புகைப்படம்/கள ஆய்வு மூலம் உறுதி செய்து, தேவையற்ற மருந்து பயன்பாட்டைத் தவிர்த்து, உள்ளூர் வேளாண்மை அதிகாரி அல்லது TNAU பரிந்துரையைப் பின்பற்றுங்கள்."
CA_01036,pest,பூச்சி மேலாண்மை,cotton,பருத்தி,laterite,சரளை மண்,"பருத்தி பயிரில் அறிகுறியை முதலில் சரியாக அடையாளம் காண வேண்டும். புகைப்படம்/கள ஆய்வு மூலம் உறுதி செய்து, தேவையற்ற மருந்து பயன்பாட்டைத் தவிர்த்து, உள்ளூர் வேளாண்மை அதிகாரி அல்லது TNAU பரிந்துரையைப் பின்பற்றுங்கள்."
CA_01037,pest,பூச்சி மேலாண்மை,groundnut,நிலக்கடலை,red,செம்மண்,"நிலக்கடலை பயிரில் அறிகுறியை முதலில் சரியாக அடையாளம் காண வேண்டும். புகைப்படம்/கள ஆய்வு மூலம் உறுதி செய்து, தேவையற்ற மருந்து பயன்பாட்டைத் தவிர்த்து, உள்ளூர் வேளாண்மை அதிகாரி அல்லது TNAU பரிந்துரையைப் பின்பற்றுங்கள்."
CA_01038,pest,பூச்சி மேலாண்மை,groundnut,நிலக்கடலை,black,கரிசல் மண்,"நிலக்கடலை பயிரில் அறிகுறியை முதலில் சரியாக அடையாளம் காண வேண்டும். புகைப்படம்/கள ஆய்வு மூலம் உறுதி செய்து, தேவையற்ற மருந்து பயன்பாட்டைத் தவிர்த்து, உள்ளூர் வேளாண்மை அதிகாரி அல்லது TNAU பரிந்துரையைப் பின்பற்றுங்கள்."
CA_01039,pest,பூச்சி மேலாண்மை,groundnut,நிலக்கடலை,alluvial,வண்டல் மண்,"நிலக்கடலை பயிரில் அறிகுறியை முதலில் சரியாக அடையாளம் காண வேண்டும். புகைப்படம்/கள ஆய்வு மூலம் உறுதி செய்து, தேவையற்ற மருந்து பயன்பாட்டைத் தவிர்த்து, உள்ளூர் வேளாண்மை அதிகாரி அல்லது TNAU பரிந்துரையைப் பின்பற்றுங்கள்."
CA_01040,pest,பூச்சி மேலாண்மை,groundnut,நிலக்கடலை,sandy,மணல் மண்,"நிலக்கடலை பயிரில் அறிகுறியை முதலில் சரியாக அடையாளம் காண வேண்டும். புகைப்படம்/கள ஆய்வு மூலம் உறுதி செய்து, தேவையற்ற மருந்து பயன்பாட்டைத் தவிர்த்து, உள்ளூர் வேளாண்மை அதிகாரி அல்லது TNAU பரிந்துரையைப் பின்பற்றுங்கள்."
CA_01041,pest,பூச்சி மேலாண்மை,groundnut,நிலக்கடலை,clay,களிமண்,"நிலக்கடலை பயிரில் அறிகுறியை முதலில் சரியாக அடையாளம் காண வேண்டும். புகைப்படம்/கள ஆய்வு மூலம் உறுதி செய்து, தேவையற்ற மருந்து பயன்பாட்டைத் தவிர்த்து, உள்ளூர் வேளாண்மை அதிகாரி அல்லது TNAU பரிந்துரையைப் பின்பற்றுங்கள்."
CA_01042,pest,பூச்சி மேலாண்மை,groundnut,நிலக்கடலை,loamy,கலப்பு மண்,"நிலக்கடலை பயிரில் அறிகுறியை முதலில் சரியாக அடையாளம் காண வேண்டும். புகைப்படம்/கள ஆய்வு மூலம் உறுதி செய்து, தேவையற்ற மருந்து பயன்பாட்டைத் தவிர்த்து, உள்ளூர் வேளாண்மை அதிகாரி அல்லது TNAU பரிந்துரையைப் பின்பற்றுங்கள்."
CA_01043,pest,பூச்சி மேலாண்மை,groundnut,நிலக்கடலை,laterite,சரளை மண்,"நிலக்கடலை பயிரில் அறிகுறியை முதலில் சரியாக அடையாளம் காண வேண்டும். புகைப்படம்/கள ஆய்வு மூலம் உறுதி செய்து, தேவையற்ற மருந்து பயன்பாட்டைத் தவிர்த்து, உள்ளூர் வேளாண்மை அதிகாரி அல்லது TNAU பரிந்துரையைப் பின்பற்றுங்கள்."
CA_01044,pest,பூச்சி மேலாண்மை,maize,மக்காச்சோளம்,red,செம்மண்,"மக்காச்சோளம் பயிரில் அறிகுறியை முதலில் சரியாக அடையாளம் காண வேண்டும். புகைப்படம்/கள ஆய்வு மூலம் உறுதி செய்து, தேவையற்ற மருந்து பயன்பாட்டைத் தவிர்த்து, உள்ளூர் வேளாண்மை அதிகாரி அல்லது TNAU பரிந்துரையைப் பின்பற்றுங்கள்."
CA_01045,pest,பூச்சி மேலாண்மை,maize,மக்காச்சோளம்,black,கரிசல் மண்,"மக்காச்சோளம் பயிரில் அறிகுறியை முதலில் சரியாக அடையாளம் காண வேண்டும். புகைப்படம்/கள ஆய்வு மூலம் உறுதி செய்து, தேவையற்ற மருந்து பயன்பாட்டைத் தவிர்த்து, உள்ளூர் வேளாண்மை அதிகாரி அல்லது TNAU பரிந்துரையைப் பின்பற்றுங்கள்."
CA_01046,pest,பூச்சி மேலாண்மை,maize,மக்காச்சோளம்,alluvial,வண்டல் மண்,"மக்காச்சோளம் பயிரில் அறிகுறியை முதலில் சரியாக அடையாளம் காண வேண்டும். புகைப்படம்/கள ஆய்வு மூலம் உறுதி செய்து, தேவையற்ற மருந்து பயன்பாட்டைத் தவிர்த்து, உள்ளூர் வேளாண்மை அதிகாரி அல்லது TNAU பரிந்துரையைப் பின்பற்றுங்கள்."
CA_01047,pest,பூச்சி மேலாண்மை,maize,மக்காச்சோளம்,sandy,மணல் மண்,"மக்காச்சோளம் பயிரில் அறிகுறியை முதலில் சரியாக அடையாளம் காண வேண்டும். புகைப்படம்/கள ஆய்வு மூலம் உறுதி செய்து, தேவையற்ற மருந்து பயன்பாட்டைத் தவிர்த்து, உள்ளூர் வேளாண்மை அதிகாரி அல்லது TNAU பரிந்துரையைப் பின்பற்றுங்கள்."
CA_01048,pest,பூச்சி மேலாண்மை,maize,மக்காச்சோளம்,clay,களிமண்,"மக்காச்சோளம் பயிரில் அறிகுறியை முதலில் சரியாக அடையாளம் காண வேண்டும். புகைப்படம்/கள ஆய்வு மூலம் உறுதி செய்து, தேவையற்ற மருந்து பயன்பாட்டைத் தவிர்த்து, உள்ளூர் வேளாண்மை அதிகாரி அல்லது TNAU பரிந்துரையைப் பின்பற்றுங்கள்."
CA_01049,pest,பூச்சி மேலாண்மை,maize,மக்காச்சோளம்,loamy,கலப்பு மண்,"மக்காச்சோளம் பயிரில் அறிகுறியை முதலில் சரியாக அடையாளம் காண வேண்டும். புகைப்படம்/கள ஆய்வு மூலம் உறுதி செய்து, தேவையற்ற மருந்து பயன்பாட்டைத் தவிர்த்து, உள்ளூர் வேளாண்மை அதிகாரி அல்லது TNAU பரிந்துரையைப் பின்பற்றுங்கள்."
CA_01050,pest,பூச்சி மேலாண்மை,maize,மக்காச்சோளம்,laterite,சரளை மண்,"மக்காச்சோளம் பயிரில் அறிகுறியை முதலில் சரியாக அடையாளம் காண வேண்டும். புகைப்படம்/கள ஆய்வு மூலம் உறுதி செய்து, தேவையற்ற மருந்து பயன்பாட்டைத் தவிர்த்து, உள்ளூர் வேளாண்மை அதிகாரி அல்லது TNAU பரிந்துரையைப் பின்பற்றுங்கள்."
CA_01051,pest,பூச்சி மேலாண்மை,millet,சிறுதானியம்,red,செம்மண்,"சிறுதானியம் பயிரில் அறிகுறியை முதலில் சரியாக அடையாளம் காண வேண்டும். புகைப்படம்/கள ஆய்வு மூலம் உறுதி செய்து, தேவையற்ற மருந்து பயன்பாட்டைத் தவிர்த்து, உள்ளூர் வேளாண்மை அதிகாரி அல்லது TNAU பரிந்துரையைப் பின்பற்றுங்கள்."
CA_01052,pest,பூச்சி மேலாண்மை,millet,சிறுதானியம்,black,கரிசல் மண்,"சிறுதானியம் பயிரில் அறிகுறியை முதலில் சரியாக அடையாளம் காண வேண்டும். புகைப்படம்/கள ஆய்வு மூலம் உறுதி செய்து, தேவையற்ற மருந்து பயன்பாட்டைத் தவிர்த்து, உள்ளூர் வேளாண்மை அதிகாரி அல்லது TNAU பரிந்துரையைப் பின்பற்றுங்கள்."
CA_01053,pest,பூச்சி மேலாண்மை,millet,சிறுதானியம்,alluvial,வண்டல் மண்,"சிறுதானியம் பயிரில் அறிகுறியை முதலில் சரியாக அடையாளம் காண வேண்டும். புகைப்படம்/கள ஆய்வு மூலம் உறுதி செய்து, தேவையற்ற மருந்து பயன்பாட்டைத் தவிர்த்து, உள்ளூர் வேளாண்மை அதிகாரி அல்லது TNAU பரிந்துரையைப் பின்பற்றுங்கள்."
CA_01054,pest,பூச்சி மேலாண்மை,millet,சிறுதானியம்,sandy,மணல் மண்,"சிறுதானியம் பயிரில் அறிகுறியை முதலில் சரியாக அடையாளம் காண வேண்டும். புகைப்படம்/கள ஆய்வு மூலம் உறுதி செய்து, தேவையற்ற மருந்து பயன்பாட்டைத் தவிர்த்து, உள்ளூர் வேளாண்மை அதிகாரி அல்லது TNAU பரிந்துரையைப் பின்பற்றுங்கள்."
CA_01055,pest,பூச்சி மேலாண்மை,millet,சிறுதானியம்,clay,களிமண்,"சிறுதானியம் பயிரில் அறிகுறியை முதலில் சரியாக அடையாளம் காண வேண்டும். புகைப்படம்/கள ஆய்வு மூலம் உறுதி செய்து, தேவையற்ற மருந்து பயன்பாட்டைத் தவிர்த்து, உள்ளூர் வேளாண்மை அதிகாரி அல்லது TNAU பரிந்துரையைப் பின்பற்றுங்கள்."
CA_01056,pest,பூச்சி மேலாண்மை,millet,சிறுதானியம்,loamy,கலப்பு மண்,"சிறுதானியம் பயிரில் அறிகுறியை முதலில் சரியாக அடையாளம் காண வேண்டும். புகைப்படம்/கள ஆய்வு மூலம் உறுதி செய்து, தேவையற்ற மருந்து பயன்பாட்டைத் தவிர்த்து, உள்ளூர் வேளாண்மை அதிகாரி அல்லது TNAU பரிந்துரையைப் பின்பற்றுங்கள்."
CA_01057,pest,பூச்சி மேலாண்மை,millet,சிறுதானியம்,laterite,சரளை மண்,"சிறுதானியம் பயிரில் அறிகுறியை முதலில் சரியாக அடையாளம் காண வேண்டும். புகைப்படம்/கள ஆய்வு மூலம் உறுதி செய்து, தேவையற்ற மருந்து பயன்பாட்டைத் தவிர்த்து, உள்ளூர் வேளாண்மை அதிகாரி அல்லது TNAU பரிந்துரையைப் பின்பற்றுங்கள்."
CA_01058,pest,பூச்சி மேலாண்மை,tomato,தக்காளி,red,செம்மண்,"தக்காளி பயிரில் அறிகுறியை முதலில் சரியாக அடையாளம் காண வேண்டும். புகைப்படம்/கள ஆய்வு மூலம் உறுதி செய்து, தேவையற்ற மருந்து பயன்பாட்டைத் தவிர்த்து, உள்ளூர் வேளாண்மை அதிகாரி அல்லது TNAU பரிந்துரையைப் பின்பற்றுங்கள்."
CA_01059,pest,பூச்சி மேலாண்மை,tomato,தக்காளி,black,கரிசல் மண்,"தக்காளி பயிரில் அறிகுறியை முதலில் சரியாக அடையாளம் காண வேண்டும். புகைப்படம்/கள ஆய்வு மூலம் உறுதி செய்து, தேவையற்ற மருந்து பயன்பாட்டைத் தவிர்த்து, உள்ளூர் வேளாண்மை அதிகாரி அல்லது TNAU பரிந்துரையைப் பின்பற்றுங்கள்."
CA_01060,pest,பூச்சி மேலாண்மை,tomato,தக்காளி,alluvial,வண்டல் மண்,"தக்காளி பயிரில் அறிகுறியை முதலில் சரியாக அடையாளம் காண வேண்டும். புகைப்படம்/கள ஆய்வு மூலம் உறுதி செய்து, தேவையற்ற மருந்து பயன்பாட்டைத் தவிர்த்து, உள்ளூர் வேளாண்மை அதிகாரி அல்லது TNAU பரிந்துரையைப் பின்பற்றுங்கள்."
CA_01061,pest,பூச்சி மேலாண்மை,tomato,தக்காளி,sandy,மணல் மண்,"தக்காளி பயிரில் அறிகுறியை முதலில் சரியாக அடையாளம் காண வேண்டும். புகைப்படம்/கள ஆய்வு மூலம் உறுதி செய்து, தேவையற்ற மருந்து பயன்பாட்டைத் தவிர்த்து, உள்ளூர் வேளாண்மை அதிகாரி அல்லது TNAU பரிந்துரையைப் பின்பற்றுங்கள்."
CA_01062,pest,பூச்சி மேலாண்மை,tomato,தக்காளி,clay,களிமண்,"தக்காளி பயிரில் அறிகுறியை முதலில் சரியாக அடையாளம் காண வேண்டும். புகைப்படம்/கள ஆய்வு மூலம் உறுதி செய்து, தேவையற்ற மருந்து பயன்பாட்டைத் தவிர்த்து, உள்ளூர் வேளாண்மை அதிகாரி அல்லது TNAU பரிந்துரையைப் பின்பற்றுங்கள்."
CA_01063,pest,பூச்சி மேலாண்மை,tomato,தக்காளி,loamy,கலப்பு மண்,"தக்காளி பயிரில் அறிகுறியை முதலில் சரியாக அடையாளம் காண வேண்டும். புகைப்படம்/கள ஆய்வு மூலம் உறுதி செய்து, தேவையற்ற மருந்து பயன்பாட்டைத் தவிர்த்து, உள்ளூர் வேளாண்மை அதிகாரி அல்லது TNAU பரிந்துரையைப் பின்பற்றுங்கள்."
CA_01064,pest,பூச்சி மேலாண்மை,tomato,தக்காளி,laterite,சரளை மண்,"தக்காளி பயிரில் அறிகுறியை முதலில் சரியாக அடையாளம் காண வேண்டும். புகைப்படம்/கள ஆய்வு மூலம் உறுதி செய்து, தேவையற்ற மருந்து பயன்பாட்டைத் தவிர்த்து, உள்ளூர் வேளாண்மை அதிகாரி அல்லது TNAU பரிந்துரையைப் பின்பற்றுங்கள்."
CA_01065,pest,பூச்சி மேலாண்மை,chilli,மிளகாய்,red,செம்மண்,"மிளகாய் பயிரில் அறிகுறியை முதலில் சரியாக அடையாளம் காண வேண்டும். புகைப்படம்/கள ஆய்வு மூலம் உறுதி செய்து, தேவையற்ற மருந்து பயன்பாட்டைத் தவிர்த்து, உள்ளூர் வேளாண்மை அதிகாரி அல்லது TNAU பரிந்துரையைப் பின்பற்றுங்கள்."
CA_01066,pest,பூச்சி மேலாண்மை,chilli,மிளகாய்,black,கரிசல் மண்,"மிளகாய் பயிரில் அறிகுறியை முதலில் சரியாக அடையாளம் காண வேண்டும். புகைப்படம்/கள ஆய்வு மூலம் உறுதி செய்து, தேவையற்ற மருந்து பயன்பாட்டைத் தவிர்த்து, உள்ளூர் வேளாண்மை அதிகாரி அல்லது TNAU பரிந்துரையைப் பின்பற்றுங்கள்."
CA_01067,pest,பூச்சி மேலாண்மை,chilli,மிளகாய்,alluvial,வண்டல் மண்,"மிளகாய் பயிரில் அறிகுறியை முதலில் சரியாக அடையாளம் காண வேண்டும். புகைப்படம்/கள ஆய்வு மூலம் உறுதி செய்து, தேவையற்ற மருந்து பயன்பாட்டைத் தவிர்த்து, உள்ளூர் வேளாண்மை அதிகாரி அல்லது TNAU பரிந்துரையைப் பின்பற்றுங்கள்."
CA_01068,pest,பூச்சி மேலாண்மை,chilli,மிளகாய்,sandy,மணல் மண்,"மிளகாய் பயிரில் அறிகுறியை முதலில் சரியாக அடையாளம் காண வேண்டும். புகைப்படம்/கள ஆய்வு மூலம் உறுதி செய்து, தேவையற்ற மருந்து பயன்பாட்டைத் தவிர்த்து, உள்ளூர் வேளாண்மை அதிகாரி அல்லது TNAU பரிந்துரையைப் பின்பற்றுங்கள்."
CA_01069,pest,பூச்சி மேலாண்மை,chilli,மிளகாய்,clay,களிமண்,"மிளகாய் பயிரில் அறிகுறியை முதலில் சரியாக அடையாளம் காண வேண்டும். புகைப்படம்/கள ஆய்வு மூலம் உறுதி செய்து, தேவையற்ற மருந்து பயன்பாட்டைத் தவிர்த்து, உள்ளூர் வேளாண்மை அதிகாரி அல்லது TNAU பரிந்துரையைப் பின்பற்றுங்கள்."
CA_01070,pest,பூச்சி மேலாண்மை,chilli,மிளகாய்,loamy,கலப்பு மண்,"மிளகாய் பயிரில் அறிகுறியை முதலில் சரியாக அடையாளம் காண வேண்டும். புகைப்படம்/கள ஆய்வு மூலம் உறுதி செய்து, தேவையற்ற மருந்து பயன்பாட்டைத் தவிர்த்து, உள்ளூர் வேளாண்மை அதிகாரி அல்லது TNAU பரிந்துரையைப் பின்பற்றுங்கள்."
CA_01071,pest,பூச்சி மேலாண்மை,chilli,மிளகாய்,laterite,சரளை மண்,"மிளகாய் பயிரில் அறிகுறியை முதலில் சரியாக அடையாளம் காண வேண்டும். புகைப்படம்/கள ஆய்வு மூலம் உறுதி செய்து, தேவையற்ற மருந்து பயன்பாட்டைத் தவிர்த்து, உள்ளூர் வேளாண்மை அதிகாரி அல்லது TNAU பரிந்துரையைப் பின்பற்றுங்கள்."
CA_01072,pest,பூச்சி மேலாண்மை,onion,வெங்காயம்,red,செம்மண்,"வெங்காயம் பயிரில் அறிகுறியை முதலில் சரியாக அடையாளம் காண வேண்டும். புகைப்படம்/கள ஆய்வு மூலம் உறுதி செய்து, தேவையற்ற மருந்து பயன்பாட்டைத் தவிர்த்து, உள்ளூர் வேளாண்மை அதிகாரி அல்லது TNAU பரிந்துரையைப் பின்பற்றுங்கள்."
CA_01073,pest,பூச்சி மேலாண்மை,onion,வெங்காயம்,black,கரிசல் மண்,"வெங்காயம் பயிரில் அறிகுறியை முதலில் சரியாக அடையாளம் காண வேண்டும். புகைப்படம்/கள ஆய்வு மூலம் உறுதி செய்து, தேவையற்ற மருந்து பயன்பாட்டைத் தவிர்த்து, உள்ளூர் வேளாண்மை அதிகாரி அல்லது TNAU பரிந்துரையைப் பின்பற்றுங்கள்."
CA_01074,pest,பூச்சி மேலாண்மை,onion,வெங்காயம்,alluvial,வண்டல் மண்,"வெங்காயம் பயிரில் அறிகுறியை முதலில் சரியாக அடையாளம் காண வேண்டும். புகைப்படம்/கள ஆய்வு மூலம் உறுதி செய்து, தேவையற்ற மருந்து பயன்பாட்டைத் தவிர்த்து, உள்ளூர் வேளாண்மை அதிகாரி அல்லது TNAU பரிந்துரையைப் பின்பற்றுங்கள்."
CA_01075,pest,பூச்சி மேலாண்மை,onion,வெங்காயம்,sandy,மணல் மண்,"வெங்காயம் பயிரில் அறிகுறியை முதலில் சரியாக அடையாளம் காண வேண்டும். புகைப்படம்/கள ஆய்வு மூலம் உறுதி செய்து, தேவையற்ற மருந்து பயன்பாட்டைத் தவிர்த்து, உள்ளூர் வேளாண்மை அதிகாரி அல்லது TNAU பரிந்துரையைப் பின்பற்றுங்கள்."
CA_01076,pest,பூச்சி மேலாண்மை,onion,வெங்காயம்,clay,களிமண்,"வெங்காயம் பயிரில் அறிகுறியை முதலில் சரியாக அடையாளம் காண வேண்டும். புகைப்படம்/கள ஆய்வு மூலம் உறுதி செய்து, தேவையற்ற மருந்து பயன்பாட்டைத் தவிர்த்து, உள்ளூர் வேளாண்மை அதிகாரி அல்லது TNAU பரிந்துரையைப் பின்பற்றுங்கள்."
CA_01077,pest,பூச்சி மேலாண்மை,onion,வெங்காயம்,loamy,கலப்பு மண்,"வெங்காயம் பயிரில் அறிகுறியை முதலில் சரியாக அடையாளம் காண வேண்டும். புகைப்படம்/கள ஆய்வு மூலம் உறுதி செய்து, தேவையற்ற மருந்து பயன்பாட்டைத் தவிர்த்து, உள்ளூர் வேளாண்மை அதிகாரி அல்லது TNAU பரிந்துரையைப் பின்பற்றுங்கள்."
CA_01078,pest,பூச்சி மேலாண்மை,onion,வெங்காயம்,laterite,சரளை மண்,"வெங்காயம் பயிரில் அறிகுறியை முதலில் சரியாக அடையாளம் காண வேண்டும். புகைப்படம்/கள ஆய்வு மூலம் உறுதி செய்து, தேவையற்ற மருந்து பயன்பாட்டைத் தவிர்த்து, உள்ளூர் வேளாண்மை அதிகாரி அல்லது TNAU பரிந்துரையைப் பின்பற்றுங்கள்."
CA_01079,pest,பூச்சி மேலாண்மை,turmeric,மஞ்சள்,red,செம்மண்,"மஞ்சள் பயிரில் அறிகுறியை முதலில் சரியாக அடையாளம் காண வேண்டும். புகைப்படம்/கள ஆய்வு மூலம் உறுதி செய்து, தேவையற்ற மருந்து பயன்பாட்டைத் தவிர்த்து, உள்ளூர் வேளாண்மை அதிகாரி அல்லது TNAU பரிந்துரையைப் பின்பற்றுங்கள்."
CA_01080,pest,பூச்சி மேலாண்மை,turmeric,மஞ்சள்,black,கரிசல் மண்,"மஞ்சள் பயிரில் அறிகுறியை முதலில் சரியாக அடையாளம் காண வேண்டும். புகைப்படம்/கள ஆய்வு மூலம் உறுதி செய்து, தேவையற்ற மருந்து பயன்பாட்டைத் தவிர்த்து, உள்ளூர் வேளாண்மை அதிகாரி அல்லது TNAU பரிந்துரையைப் பின்பற்றுங்கள்."
CA_01081,pest,பூச்சி மேலாண்மை,turmeric,மஞ்சள்,alluvial,வண்டல் மண்,"மஞ்சள் பயிரில் அறிகுறியை முதலில் சரியாக அடையாளம் காண வேண்டும். புகைப்படம்/கள ஆய்வு மூலம் உறுதி செய்து, தேவையற்ற மருந்து பயன்பாட்டைத் தவிர்த்து, உள்ளூர் வேளாண்மை அதிகாரி அல்லது TNAU பரிந்துரையைப் பின்பற்றுங்கள்."
CA_01082,pest,பூச்சி மேலாண்மை,turmeric,மஞ்சள்,sandy,மணல் மண்,"மஞ்சள் பயிரில் அறிகுறியை முதலில் சரியாக அடையாளம் காண வேண்டும். புகைப்படம்/கள ஆய்வு மூலம் உறுதி செய்து, தேவையற்ற மருந்து பயன்பாட்டைத் தவிர்த்து, உள்ளூர் வேளாண்மை அதிகாரி அல்லது TNAU பரிந்துரையைப் பின்பற்றுங்கள்."
CA_01083,pest,பூச்சி மேலாண்மை,turmeric,மஞ்சள்,clay,களிமண்,"மஞ்சள் பயிரில் அறிகுறியை முதலில் சரியாக அடையாளம் காண வேண்டும். புகைப்படம்/கள ஆய்வு மூலம் உறுதி செய்து, தேவையற்ற மருந்து பயன்பாட்டைத் தவிர்த்து, உள்ளூர் வேளாண்மை அதிகாரி அல்லது TNAU பரிந்துரையைப் பின்பற்றுங்கள்."
CA_01084,pest,பூச்சி மேலாண்மை,turmeric,மஞ்சள்,loamy,கலப்பு மண்,"மஞ்சள் பயிரில் அறிகுறியை முதலில் சரியாக அடையாளம் காண வேண்டும். புகைப்படம்/கள ஆய்வு மூலம் உறுதி செய்து, தேவையற்ற மருந்து பயன்பாட்டைத் தவிர்த்து, உள்ளூர் வேளாண்மை அதிகாரி அல்லது TNAU பரிந்துரையைப் பின்பற்றுங்கள்."
CA_01085,pest,பூச்சி மேலாண்மை,turmeric,மஞ்சள்,laterite,சரளை மண்,"மஞ்சள் பயிரில் அறிகுறியை முதலில் சரியாக அடையாளம் காண வேண்டும். புகைப்படம்/கள ஆய்வு மூலம் உறுதி செய்து, தேவையற்ற மருந்து பயன்பாட்டைத் தவிர்த்து, உள்ளூர் வேளாண்மை அதிகாரி அல்லது TNAU பரிந்துரையைப் பின்பற்றுங்கள்."
CA_01086,pest,பூச்சி மேலாண்மை,brinjal,கத்தரிக்காய்,red,செம்மண்,"கத்தரிக்காய் பயிரில் அறிகுறியை முதலில் சரியாக அடையாளம் காண வேண்டும். புகைப்படம்/கள ஆய்வு மூலம் உறுதி செய்து, தேவையற்ற மருந்து பயன்பாட்டைத் தவிர்த்து, உள்ளூர் வேளாண்மை அதிகாரி அல்லது TNAU பரிந்துரையைப் பின்பற்றுங்கள்."
CA_01087,pest,பூச்சி மேலாண்மை,brinjal,கத்தரிக்காய்,black,கரிசல் மண்,"கத்தரிக்காய் பயிரில் அறிகுறியை முதலில் சரியாக அடையாளம் காண வேண்டும். புகைப்படம்/கள ஆய்வு மூலம் உறுதி செய்து, தேவையற்ற மருந்து பயன்பாட்டைத் தவிர்த்து, உள்ளூர் வேளாண்மை அதிகாரி அல்லது TNAU பரிந்துரையைப் பின்பற்றுங்கள்."
CA_01088,pest,பூச்சி மேலாண்மை,brinjal,கத்தரிக்காய்,alluvial,வண்டல் மண்,"கத்தரிக்காய் பயிரில் அறிகுறியை முதலில் சரியாக அடையாளம் காண வேண்டும். புகைப்படம்/கள ஆய்வு மூலம் உறுதி செய்து, தேவையற்ற மருந்து பயன்பாட்டைத் தவிர்த்து, உள்ளூர் வேளாண்மை அதிகாரி அல்லது TNAU பரிந்துரையைப் பின்பற்றுங்கள்."
CA_01089,pest,பூச்சி மேலாண்மை,brinjal,கத்தரிக்காய்,sandy,மணல் மண்,"கத்தரிக்காய் பயிரில் அறிகுறியை முதலில் சரியாக அடையாளம் காண வேண்டும். புகைப்படம்/கள ஆய்வு மூலம் உறுதி செய்து, தேவையற்ற மருந்து பயன்பாட்டைத் தவிர்த்து, உள்ளூர் வேளாண்மை அதிகாரி அல்லது TNAU பரிந்துரையைப் பின்பற்றுங்கள்."
CA_01090,pest,பூச்சி மேலாண்மை,brinjal,கத்தரிக்காய்,clay,களிமண்,"கத்தரிக்காய் பயிரில் அறிகுறியை முதலில் சரியாக அடையாளம் காண வேண்டும். புகைப்படம்/கள ஆய்வு மூலம் உறுதி செய்து, தேவையற்ற மருந்து பயன்பாட்டைத் தவிர்த்து, உள்ளூர் வேளாண்மை அதிகாரி அல்லது TNAU பரிந்துரையைப் பின்பற்றுங்கள்."
CA_01091,pest,பூச்சி மேலாண்மை,brinjal,கத்தரிக்காய்,loamy,கலப்பு மண்,"கத்தரிக்காய் பயிரில் அறிகுறியை முதலில் சரியாக அடையாளம் காண வேண்டும். புகைப்படம்/கள ஆய்வு மூலம் உறுதி செய்து, தேவையற்ற மருந்து பயன்பாட்டைத் தவிர்த்து, உள்ளூர் வேளாண்மை அதிகாரி அல்லது TNAU பரிந்துரையைப் பின்பற்றுங்கள்."
CA_01092,pest,பூச்சி மேலாண்மை,brinjal,கத்தரிக்காய்,laterite,சரளை மண்,"கத்தரிக்காய் பயிரில் அறிகுறியை முதலில் சரியாக அடையாளம் காண வேண்டும். புகைப்படம்/கள ஆய்வு மூலம் உறுதி செய்து, தேவையற்ற மருந்து பயன்பாட்டைத் தவிர்த்து, உள்ளூர் வேளாண்மை அதிகாரி அல்லது TNAU பரிந்துரையைப் பின்பற்றுங்கள்."
CA_01093,pest,பூச்சி மேலாண்மை,okra,வெண்டைக்காய்,red,செம்மண்,"வெண்டைக்காய் பயிரில் அறிகுறியை முதலில் சரியாக அடையாளம் காண வேண்டும். புகைப்படம்/கள ஆய்வு மூலம் உறுதி செய்து, தேவையற்ற மருந்து பயன்பாட்டைத் தவிர்த்து, உள்ளூர் வேளாண்மை அதிகாரி அல்லது TNAU பரிந்துரையைப் பின்பற்றுங்கள்."
CA_01094,pest,பூச்சி மேலாண்மை,okra,வெண்டைக்காய்,black,கரிசல் மண்,"வெண்டைக்காய் பயிரில் அறிகுறியை முதலில் சரியாக அடையாளம் காண வேண்டும். புகைப்படம்/கள ஆய்வு மூலம் உறுதி செய்து, தேவையற்ற மருந்து பயன்பாட்டைத் தவிர்த்து, உள்ளூர் வேளாண்மை அதிகாரி அல்லது TNAU பரிந்துரையைப் பின்பற்றுங்கள்."
CA_01095,pest,பூச்சி மேலாண்மை,okra,வெண்டைக்காய்,alluvial,வண்டல் மண்,"வெண்டைக்காய் பயிரில் அறிகுறியை முதலில் சரியாக அடையாளம் காண வேண்டும். புகைப்படம்/கள ஆய்வு மூலம் உறுதி செய்து, தேவையற்ற மருந்து பயன்பாட்டைத் தவிர்த்து, உள்ளூர் வேளாண்மை அதிகாரி அல்லது TNAU பரிந்துரையைப் பின்பற்றுங்கள்."
CA_01096,pest,பூச்சி மேலாண்மை,okra,வெண்டைக்காய்,sandy,மணல் மண்,"வெண்டைக்காய் பயிரில் அறிகுறியை முதலில் சரியாக அடையாளம் காண வேண்டும். புகைப்படம்/கள ஆய்வு மூலம் உறுதி செய்து, தேவையற்ற மருந்து பயன்பாட்டைத் தவிர்த்து, உள்ளூர் வேளாண்மை அதிகாரி அல்லது TNAU பரிந்துரையைப் பின்பற்றுங்கள்."
CA_01097,pest,பூச்சி மேலாண்மை,okra,வெண்டைக்காய்,clay,களிமண்,"வெண்டைக்காய் பயிரில் அறிகுறியை முதலில் சரியாக அடையாளம் காண வேண்டும். புகைப்படம்/கள ஆய்வு மூலம் உறுதி செய்து, தேவையற்ற மருந்து பயன்பாட்டைத் தவிர்த்து, உள்ளூர் வேளாண்மை அதிகாரி அல்லது TNAU பரிந்துரையைப் பின்பற்றுங்கள்."
CA_01098,pest,பூச்சி மேலாண்மை,okra,வெண்டைக்காய்,loamy,கலப்பு மண்,"வெண்டைக்காய் பயிரில் அறிகுறியை முதலில் சரியாக அடையாளம் காண வேண்டும். புகைப்படம்/கள ஆய்வு மூலம் உறுதி செய்து, தேவையற்ற மருந்து பயன்பாட்டைத் தவிர்த்து, உள்ளூர் வேளாண்மை அதிகாரி அல்லது TNAU பரிந்துரையைப் பின்பற்றுங்கள்."
CA_01099,pest,பூச்சி மேலாண்மை,okra,வெண்டைக்காய்,laterite,சரளை மண்,"வெண்டைக்காய் பயிரில் அறிகுறியை முதலில் சரியாக அடையாளம் காண வேண்டும். புகைப்படம்/கள ஆய்வு மூலம் உறுதி செய்து, தேவையற்ற மருந்து பயன்பாட்டைத் தவிர்த்து, உள்ளூர் வேளாண்மை அதிகாரி அல்லது TNAU பரிந்துரையைப் பின்பற்றுங்கள்."
CA_01100,pest,பூச்சி மேலாண்மை,coconut,தேங்காய்,red,செம்மண்,"தேங்காய் பயிரில் அறிகுறியை முதலில் சரியாக அடையாளம் காண வேண்டும். புகைப்படம்/கள ஆய்வு மூலம் உறுதி செய்து, தேவையற்ற மருந்து பயன்பாட்டைத் தவிர்த்து, உள்ளூர் வேளாண்மை அதிகாரி அல்லது TNAU பரிந்துரையைப் பின்பற்றுங்கள்."
CA_01101,pest,பூச்சி மேலாண்மை,coconut,தேங்காய்,black,கரிசல் மண்,"தேங்காய் பயிரில் அறிகுறியை முதலில் சரியாக அடையாளம் காண வேண்டும். புகைப்படம்/கள ஆய்வு மூலம் உறுதி செய்து, தேவையற்ற மருந்து பயன்பாட்டைத் தவிர்த்து, உள்ளூர் வேளாண்மை அதிகாரி அல்லது TNAU பரிந்துரையைப் பின்பற்றுங்கள்."
CA_01102,pest,பூச்சி மேலாண்மை,coconut,தேங்காய்,alluvial,வண்டல் மண்,"தேங்காய் பயிரில் அறிகுறியை முதலில் சரியாக அடையாளம் காண வேண்டும். புகைப்படம்/கள ஆய்வு மூலம் உறுதி செய்து, தேவையற்ற மருந்து பயன்பாட்டைத் தவிர்த்து, உள்ளூர் வேளாண்மை அதிகாரி அல்லது TNAU பரிந்துரையைப் பின்பற்றுங்கள்."
CA_01103,pest,பூச்சி மேலாண்மை,coconut,தேங்காய்,sandy,மணல் மண்,"தேங்காய் பயிரில் அறிகுறியை முதலில் சரியாக அடையாளம் காண வேண்டும். புகைப்படம்/கள ஆய்வு மூலம் உறுதி செய்து, தேவையற்ற மருந்து பயன்பாட்டைத் தவிர்த்து, உள்ளூர் வேளாண்மை அதிகாரி அல்லது TNAU பரிந்துரையைப் பின்பற்றுங்கள்."
CA_01104,pest,பூச்சி மேலாண்மை,coconut,தேங்காய்,clay,களிமண்,"தேங்காய் பயிரில் அறிகுறியை முதலில் சரியாக அடையாளம் காண வேண்டும். புகைப்படம்/கள ஆய்வு மூலம் உறுதி செய்து, தேவையற்ற மருந்து பயன்பாட்டைத் தவிர்த்து, உள்ளூர் வேளாண்மை அதிகாரி அல்லது TNAU பரிந்துரையைப் பின்பற்றுங்கள்."
CA_01105,pest,பூச்சி மேலாண்மை,coconut,தேங்காய்,loamy,கலப்பு மண்,"தேங்காய் பயிரில் அறிகுறியை முதலில் சரியாக அடையாளம் காண வேண்டும். புகைப்படம்/கள ஆய்வு மூலம் உறுதி செய்து, தேவையற்ற மருந்து பயன்பாட்டைத் தவிர்த்து, உள்ளூர் வேளாண்மை அதிகாரி அல்லது TNAU பரிந்துரையைப் பின்பற்றுங்கள்."
CA_01106,pest,பூச்சி மேலாண்மை,coconut,தேங்காய்,laterite,சரளை மண்,"தேங்காய் பயிரில் அறிகுறியை முதலில் சரியாக அடையாளம் காண வேண்டும். புகைப்படம்/கள ஆய்வு மூலம் உறுதி செய்து, தேவையற்ற மருந்து பயன்பாட்டைத் தவிர்த்து, உள்ளூர் வேளாண்மை அதிகாரி அல்லது TNAU பரிந்துரையைப் பின்பற்றுங்கள்."
CA_01107,pest,பூச்சி மேலாண்மை,pulses,பயறு,red,செம்மண்,"பயறு பயிரில் அறிகுறியை முதலில் சரியாக அடையாளம் காண வேண்டும். புகைப்படம்/கள ஆய்வு மூலம் உறுதி செய்து, தேவையற்ற மருந்து பயன்பாட்டைத் தவிர்த்து, உள்ளூர் வேளாண்மை அதிகாரி அல்லது TNAU பரிந்துரையைப் பின்பற்றுங்கள்."
CA_01108,pest,பூச்சி மேலாண்மை,pulses,பயறு,black,கரிசல் மண்,"பயறு பயிரில் அறிகுறியை முதலில் சரியாக அடையாளம் காண வேண்டும். புகைப்படம்/கள ஆய்வு மூலம் உறுதி செய்து, தேவையற்ற மருந்து பயன்பாட்டைத் தவிர்த்து, உள்ளூர் வேளாண்மை அதிகாரி அல்லது TNAU பரிந்துரையைப் பின்பற்றுங்கள்."
CA_01109,pest,பூச்சி மேலாண்மை,pulses,பயறு,alluvial,வண்டல் மண்,"பயறு பயிரில் அறிகுறியை முதலில் சரியாக அடையாளம் காண வேண்டும். புகைப்படம்/கள ஆய்வு மூலம் உறுதி செய்து, தேவையற்ற மருந்து பயன்பாட்டைத் தவிர்த்து, உள்ளூர் வேளாண்மை அதிகாரி அல்லது TNAU பரிந்துரையைப் பின்பற்றுங்கள்."
CA_01110,pest,பூச்சி மேலாண்மை,pulses,பயறு,sandy,மணல் மண்,"பயறு பயிரில் அறிகுறியை முதலில் சரியாக அடையாளம் காண வேண்டும். புகைப்படம்/கள ஆய்வு மூலம் உறுதி செய்து, தேவையற்ற மருந்து பயன்பாட்டைத் தவிர்த்து, உள்ளூர் வேளாண்மை அதிகாரி அல்லது TNAU பரிந்துரையைப் பின்பற்றுங்கள்."
CA_01111,pest,பூச்சி மேலாண்மை,pulses,பயறு,clay,களிமண்,"பயறு பயிரில் அறிகுறியை முதலில் சரியாக அடையாளம் காண வேண்டும். புகைப்படம்/கள ஆய்வு மூலம் உறுதி செய்து, தேவையற்ற மருந்து பயன்பாட்டைத் தவிர்த்து, உள்ளூர் வேளாண்மை அதிகாரி அல்லது TNAU பரிந்துரையைப் பின்பற்றுங்கள்."
CA_01112,pest,பூச்சி மேலாண்மை,pulses,பயறு,loamy,கலப்பு மண்,"பயறு பயிரில் அறிகுறியை முதலில் சரியாக அடையாளம் காண வேண்டும். புகைப்படம்/கள ஆய்வு மூலம் உறுதி செய்து, தேவையற்ற மருந்து பயன்பாட்டைத் தவிர்த்து, உள்ளூர் வேளாண்மை அதிகாரி அல்லது TNAU பரிந்துரையைப் பின்பற்றுங்கள்."
CA_01113,pest,பூச்சி மேலாண்மை,pulses,பயறு,laterite,சரளை மண்,"பயறு பயிரில் அறிகுறியை முதலில் சரியாக அடையாளம் காண வேண்டும். புகைப்படம்/கள ஆய்வு மூலம் உறுதி செய்து, தேவையற்ற மருந்து பயன்பாட்டைத் தவிர்த்து, உள்ளூர் வேளாண்மை அதிகாரி அல்லது TNAU பரிந்துரையைப் பின்பற்றுங்கள்."
CA_01114,pest,பூச்சி மேலாண்மை,sesame,எள்,red,செம்மண்,"எள் பயிரில் அறிகுறியை முதலில் சரியாக அடையாளம் காண வேண்டும். புகைப்படம்/கள ஆய்வு மூலம் உறுதி செய்து, தேவையற்ற மருந்து பயன்பாட்டைத் தவிர்த்து, உள்ளூர் வேளாண்மை அதிகாரி அல்லது TNAU பரிந்துரையைப் பின்பற்றுங்கள்."
CA_01115,pest,பூச்சி மேலாண்மை,sesame,எள்,black,கரிசல் மண்,"எள் பயிரில் அறிகுறியை முதலில் சரியாக அடையாளம் காண வேண்டும். புகைப்படம்/கள ஆய்வு மூலம் உறுதி செய்து, தேவையற்ற மருந்து பயன்பாட்டைத் தவிர்த்து, உள்ளூர் வேளாண்மை அதிகாரி அல்லது TNAU பரிந்துரையைப் பின்பற்றுங்கள்."
CA_01116,pest,பூச்சி மேலாண்மை,sesame,எள்,alluvial,வண்டல் மண்,"எள் பயிரில் அறிகுறியை முதலில் சரியாக அடையாளம் காண வேண்டும். புகைப்படம்/கள ஆய்வு மூலம் உறுதி செய்து, தேவையற்ற மருந்து பயன்பாட்டைத் தவிர்த்து, உள்ளூர் வேளாண்மை அதிகாரி அல்லது TNAU பரிந்துரையைப் பின்பற்றுங்கள்."
CA_01117,pest,பூச்சி மேலாண்மை,sesame,எள்,sandy,மணல் மண்,"எள் பயிரில் அறிகுறியை முதலில் சரியாக அடையாளம் காண வேண்டும். புகைப்படம்/கள ஆய்வு மூலம் உறுதி செய்து, தேவையற்ற மருந்து பயன்பாட்டைத் தவிர்த்து, உள்ளூர் வேளாண்மை அதிகாரி அல்லது TNAU பரிந்துரையைப் பின்பற்றுங்கள்."
CA_01118,pest,பூச்சி மேலாண்மை,sesame,எள்,clay,களிமண்,"எள் பயிரில் அறிகுறியை முதலில் சரியாக அடையாளம் காண வேண்டும். புகைப்படம்/கள ஆய்வு மூலம் உறுதி செய்து, தேவையற்ற மருந்து பயன்பாட்டைத் தவிர்த்து, உள்ளூர் வேளாண்மை அதிகாரி அல்லது TNAU பரிந்துரையைப் பின்பற்றுங்கள்."
CA_01119,pest,பூச்சி மேலாண்மை,sesame,எள்,loamy,கலப்பு மண்,"எள் பயிரில் அறிகுறியை முதலில் சரியாக அடையாளம் காண வேண்டும். புகைப்படம்/கள ஆய்வு மூலம் உறுதி செய்து, தேவையற்ற மருந்து பயன்பாட்டைத் தவிர்த்து, உள்ளூர் வேளாண்மை அதிகாரி அல்லது TNAU பரிந்துரையைப் பின்பற்றுங்கள்."
CA_01120,pest,பூச்சி மேலாண்மை,sesame,எள்,laterite,சரளை மண்,"எள் பயிரில் அறிகுறியை முதலில் சரியாக அடையாளம் காண வேண்டும். புகைப்படம்/கள ஆய்வு மூலம் உறுதி செய்து, தேவையற்ற மருந்து பயன்பாட்டைத் தவிர்த்து, உள்ளூர் வேளாண்மை அதிகாரி அல்லது TNAU பரிந்துரையைப் பின்பற்றுங்கள்."
CA_01121,pest,பூச்சி மேலாண்மை,tapioca,மரவள்ளி,red,செம்மண்,"மரவள்ளி பயிரில் அறிகுறியை முதலில் சரியாக அடையாளம் காண வேண்டும். புகைப்படம்/கள ஆய்வு மூலம் உறுதி செய்து, தேவையற்ற மருந்து பயன்பாட்டைத் தவிர்த்து, உள்ளூர் வேளாண்மை அதிகாரி அல்லது TNAU பரிந்துரையைப் பின்பற்றுங்கள்."
CA_01122,pest,பூச்சி மேலாண்மை,tapioca,மரவள்ளி,black,கரிசல் மண்,"மரவள்ளி பயிரில் அறிகுறியை முதலில் சரியாக அடையாளம் காண வேண்டும். புகைப்படம்/கள ஆய்வு மூலம் உறுதி செய்து, தேவையற்ற மருந்து பயன்பாட்டைத் தவிர்த்து, உள்ளூர் வேளாண்மை அதிகாரி அல்லது TNAU பரிந்துரையைப் பின்பற்றுங்கள்."
CA_01123,pest,பூச்சி மேலாண்மை,tapioca,மரவள்ளி,alluvial,வண்டல் மண்,"மரவள்ளி பயிரில் அறிகுறியை முதலில் சரியாக அடையாளம் காண வேண்டும். புகைப்படம்/கள ஆய்வு மூலம் உறுதி செய்து, தேவையற்ற மருந்து பயன்பாட்டைத் தவிர்த்து, உள்ளூர் வேளாண்மை அதிகாரி அல்லது TNAU பரிந்துரையைப் பின்பற்றுங்கள்."
CA_01124,pest,பூச்சி மேலாண்மை,tapioca,மரவள்ளி,sandy,மணல் மண்,"மரவள்ளி பயிரில் அறிகுறியை முதலில் சரியாக அடையாளம் காண வேண்டும். புகைப்படம்/கள ஆய்வு மூலம் உறுதி செய்து, தேவையற்ற மருந்து பயன்பாட்டைத் தவிர்த்து, உள்ளூர் வேளாண்மை அதிகாரி அல்லது TNAU பரிந்துரையைப் பின்பற்றுங்கள்."
CA_01125,pest,பூச்சி மேலாண்மை,tapioca,மரவள்ளி,clay,களிமண்,"மரவள்ளி பயிரில் அறிகுறியை முதலில் சரியாக அடையாளம் காண வேண்டும். புகைப்படம்/கள ஆய்வு மூலம் உறுதி செய்து, தேவையற்ற மருந்து பயன்பாட்டைத் தவிர்த்து, உள்ளூர் வேளாண்மை அதிகாரி அல்லது TNAU பரிந்துரையைப் பின்பற்றுங்கள்."
CA_01126,pest,பூச்சி மேலாண்மை,tapioca,மரவள்ளி,loamy,கலப்பு மண்,"மரவள்ளி பயிரில் அறிகுறியை முதலில் சரியாக அடையாளம் காண வேண்டும். புகைப்படம்/கள ஆய்வு மூலம் உறுதி செய்து, தேவையற்ற மருந்து பயன்பாட்டைத் தவிர்த்து, உள்ளூர் வேளாண்மை அதிகாரி அல்லது TNAU பரிந்துரையைப் பின்பற்றுங்கள்."
CA_01127,pest,பூச்சி மேலாண்மை,tapioca,மரவள்ளி,laterite,சரளை மண்,"மரவள்ளி பயிரில் அறிகுறியை முதலில் சரியாக அடையாளம் காண வேண்டும். புகைப்படம்/கள ஆய்வு மூலம் உறுதி செய்து, தேவையற்ற மருந்து பயன்பாட்டைத் தவிர்த்து, உள்ளூர் வேளாண்மை அதிகாரி அல்லது TNAU பரிந்துரையைப் பின்பற்றுங்கள்."
CA_01128,pest,பூச்சி மேலாண்மை,drumstick,முருங்கை,red,செம்மண்,"முருங்கை பயிரில் அறிகுறியை முதலில் சரியாக அடையாளம் காண வேண்டும். புகைப்படம்/கள ஆய்வு மூலம் உறுதி செய்து, தேவையற்ற மருந்து பயன்பாட்டைத் தவிர்த்து, உள்ளூர் வேளாண்மை அதிகாரி அல்லது TNAU பரிந்துரையைப் பின்பற்றுங்கள்."
CA_01129,pest,பூச்சி மேலாண்மை,drumstick,முருங்கை,black,கரிசல் மண்,"முருங்கை பயிரில் அறிகுறியை முதலில் சரியாக அடையாளம் காண வேண்டும். புகைப்படம்/கள ஆய்வு மூலம் உறுதி செய்து, தேவையற்ற மருந்து பயன்பாட்டைத் தவிர்த்து, உள்ளூர் வேளாண்மை அதிகாரி அல்லது TNAU பரிந்துரையைப் பின்பற்றுங்கள்."
CA_01130,pest,பூச்சி மேலாண்மை,drumstick,முருங்கை,alluvial,வண்டல் மண்,"முருங்கை பயிரில் அறிகுறியை முதலில் சரியாக அடையாளம் காண வேண்டும். புகைப்படம்/கள ஆய்வு மூலம் உறுதி செய்து, தேவையற்ற மருந்து பயன்பாட்டைத் தவிர்த்து, உள்ளூர் வேளாண்மை அதிகாரி அல்லது TNAU பரிந்துரையைப் பின்பற்றுங்கள்."
CA_01131,pest,பூச்சி மேலாண்மை,drumstick,முருங்கை,sandy,மணல் மண்,"முருங்கை பயிரில் அறிகுறியை முதலில் சரியாக அடையாளம் காண வேண்டும். புகைப்படம்/கள ஆய்வு மூலம் உறுதி செய்து, தேவையற்ற மருந்து பயன்பாட்டைத் தவிர்த்து, உள்ளூர் வேளாண்மை அதிகாரி அல்லது TNAU பரிந்துரையைப் பின்பற்றுங்கள்."
CA_01132,pest,பூச்சி மேலாண்மை,drumstick,முருங்கை,clay,களிமண்,"முருங்கை பயிரில் அறிகுறியை முதலில் சரியாக அடையாளம் காண வேண்டும். புகைப்படம்/கள ஆய்வு மூலம் உறுதி செய்து, தேவையற்ற மருந்து பயன்பாட்டைத் தவிர்த்து, உள்ளூர் வேளாண்மை அதிகாரி அல்லது TNAU பரிந்துரையைப் பின்பற்றுங்கள்."
CA_01133,pest,பூச்சி மேலாண்மை,drumstick,முருங்கை,loamy,கலப்பு மண்,"முருங்கை பயிரில் அறிகுறியை முதலில் சரியாக அடையாளம் காண வேண்டும். புகைப்படம்/கள ஆய்வு மூலம் உறுதி செய்து, தேவையற்ற மருந்து பயன்பாட்டைத் தவிர்த்து, உள்ளூர் வேளாண்மை அதிகாரி அல்லது TNAU பரிந்துரையைப் பின்பற்றுங்கள்."
CA_01134,pest,பூச்சி மேலாண்மை,drumstick,முருங்கை,laterite,சரளை மண்,"முருங்கை பயிரில் அறிகுறியை முதலில் சரியாக அடையாளம் காண வேண்டும். புகைப்படம்/கள ஆய்வு மூலம் உறுதி செய்து, தேவையற்ற மருந்து பயன்பாட்டைத் தவிர்த்து, உள்ளூர் வேளாண்மை அதிகாரி அல்லது TNAU பரிந்துரையைப் பின்பற்றுங்கள்."
CA_01135,disease,நோய் மேலாண்மை,rice,நெல்,red,செம்மண்,"நெல் பயிரில் அறிகுறியை முதலில் சரியாக அடையாளம் காண வேண்டும். புகைப்படம்/கள ஆய்வு மூலம் உறுதி செய்து, தேவையற்ற மருந்து பயன்பாட்டைத் தவிர்த்து, உள்ளூர் வேளாண்மை அதிகாரி அல்லது TNAU பரிந்துரையைப் பின்பற்றுங்கள்."
CA_01136,disease,நோய் மேலாண்மை,rice,நெல்,black,கரிசல் மண்,"நெல் பயிரில் அறிகுறியை முதலில் சரியாக அடையாளம் காண வேண்டும். புகைப்படம்/கள ஆய்வு மூலம் உறுதி செய்து, தேவையற்ற மருந்து பயன்பாட்டைத் தவிர்த்து, உள்ளூர் வேளாண்மை அதிகாரி அல்லது TNAU பரிந்துரையைப் பின்பற்றுங்கள்."
CA_01137,disease,நோய் மேலாண்மை,rice,நெல்,alluvial,வண்டல் மண்,"நெல் பயிரில் அறிகுறியை முதலில் சரியாக அடையாளம் காண வேண்டும். புகைப்படம்/கள ஆய்வு மூலம் உறுதி செய்து, தேவையற்ற மருந்து பயன்பாட்டைத் தவிர்த்து, உள்ளூர் வேளாண்மை அதிகாரி அல்லது TNAU பரிந்துரையைப் பின்பற்றுங்கள்."
CA_01138,disease,நோய் மேலாண்மை,rice,நெல்,sandy,மணல் மண்,"நெல் பயிரில் அறிகுறியை முதலில் சரியாக அடையாளம் காண வேண்டும். புகைப்படம்/கள ஆய்வு மூலம் உறுதி செய்து, தேவையற்ற மருந்து பயன்பாட்டைத் தவிர்த்து, உள்ளூர் வேளாண்மை அதிகாரி அல்லது TNAU பரிந்துரையைப் பின்பற்றுங்கள்."
CA_01139,disease,நோய் மேலாண்மை,rice,நெல்,clay,களிமண்,"நெல் பயிரில் அறிகுறியை முதலில் சரியாக அடையாளம் காண வேண்டும். புகைப்படம்/கள ஆய்வு மூலம் உறுதி செய்து, தேவையற்ற மருந்து பயன்பாட்டைத் தவிர்த்து, உள்ளூர் வேளாண்மை அதிகாரி அல்லது TNAU பரிந்துரையைப் பின்பற்றுங்கள்."
CA_01140,disease,நோய் மேலாண்மை,rice,நெல்,loamy,கலப்பு மண்,"நெல் பயிரில் அறிகுறியை முதலில் சரியாக அடையாளம் காண வேண்டும். புகைப்படம்/கள ஆய்வு மூலம் உறுதி செய்து, தேவையற்ற மருந்து பயன்பாட்டைத் தவிர்த்து, உள்ளூர் வேளாண்மை அதிகாரி அல்லது TNAU பரிந்துரையைப் பின்பற்றுங்கள்."
CA_01141,disease,நோய் மேலாண்மை,rice,நெல்,laterite,சரளை மண்,"நெல் பயிரில் அறிகுறியை முதலில் சரியாக அடையாளம் காண வேண்டும். புகைப்படம்/கள ஆய்வு மூலம் உறுதி செய்து, தேவையற்ற மருந்து பயன்பாட்டைத் தவிர்த்து, உள்ளூர் வேளாண்மை அதிகாரி அல்லது TNAU பரிந்துரையைப் பின்பற்றுங்கள்."
CA_01142,disease,நோய் மேலாண்மை,banana,வாழை,red,செம்மண்,"வாழை பயிரில் அறிகுறியை முதலில் சரியாக அடையாளம் காண வேண்டும். புகைப்படம்/கள ஆய்வு மூலம் உறுதி செய்து, தேவையற்ற மருந்து பயன்பாட்டைத் தவிர்த்து, உள்ளூர் வேளாண்மை அதிகாரி அல்லது TNAU பரிந்துரையைப் பின்பற்றுங்கள்."
CA_01143,disease,நோய் மேலாண்மை,banana,வாழை,black,கரிசல் மண்,"வாழை பயிரில் அறிகுறியை முதலில் சரியாக அடையாளம் காண வேண்டும். புகைப்படம்/கள ஆய்வு மூலம் உறுதி செய்து, தேவையற்ற மருந்து பயன்பாட்டைத் தவிர்த்து, உள்ளூர் வேளாண்மை அதிகாரி அல்லது TNAU பரிந்துரையைப் பின்பற்றுங்கள்."
CA_01144,disease,நோய் மேலாண்மை,banana,வாழை,alluvial,வண்டல் மண்,"வாழை பயிரில் அறிகுறியை முதலில் சரியாக அடையாளம் காண வேண்டும். புகைப்படம்/கள ஆய்வு மூலம் உறுதி செய்து, தேவையற்ற மருந்து பயன்பாட்டைத் தவிர்த்து, உள்ளூர் வேளாண்மை அதிகாரி அல்லது TNAU பரிந்துரையைப் பின்பற்றுங்கள்."
CA_01145,disease,நோய் மேலாண்மை,banana,வாழை,sandy,மணல் மண்,"வாழை பயிரில் அறிகுறியை முதலில் சரியாக அடையாளம் காண வேண்டும். புகைப்படம்/கள ஆய்வு மூலம் உறுதி செய்து, தேவையற்ற மருந்து பயன்பாட்டைத் தவிர்த்து, உள்ளூர் வேளாண்மை அதிகாரி அல்லது TNAU பரிந்துரையைப் பின்பற்றுங்கள்."
CA_01146,disease,நோய் மேலாண்மை,banana,வாழை,clay,களிமண்,"வாழை பயிரில் அறிகுறியை முதலில் சரியாக அடையாளம் காண வேண்டும். புகைப்படம்/கள ஆய்வு மூலம் உறுதி செய்து, தேவையற்ற மருந்து பயன்பாட்டைத் தவிர்த்து, உள்ளூர் வேளாண்மை அதிகாரி அல்லது TNAU பரிந்துரையைப் பின்பற்றுங்கள்."
CA_01147,disease,நோய் மேலாண்மை,banana,வாழை,loamy,கலப்பு மண்,"வாழை பயிரில் அறிகுறியை முதலில் சரியாக அடையாளம் காண வேண்டும். புகைப்படம்/கள ஆய்வு மூலம் உறுதி செய்து, தேவையற்ற மருந்து பயன்பாட்டைத் தவிர்த்து, உள்ளூர் வேளாண்மை அதிகாரி அல்லது TNAU பரிந்துரையைப் பின்பற்றுங்கள்."
CA_01148,disease,நோய் மேலாண்மை,banana,வாழை,laterite,சரளை மண்,"வாழை பயிரில் அறிகுறியை முதலில் சரியாக அடையாளம் காண வேண்டும். புகைப்படம்/கள ஆய்வு மூலம் உறுதி செய்து, தேவையற்ற மருந்து பயன்பாட்டைத் தவிர்த்து, உள்ளூர் வேளாண்மை அதிகாரி அல்லது TNAU பரிந்துரையைப் பின்பற்றுங்கள்."
CA_01149,disease,நோய் மேலாண்மை,sugarcane,கரும்பு,red,செம்மண்,"கரும்பு பயிரில் அறிகுறியை முதலில் சரியாக அடையாளம் காண வேண்டும். புகைப்படம்/கள ஆய்வு மூலம் உறுதி செய்து, தேவையற்ற மருந்து பயன்பாட்டைத் தவிர்த்து, உள்ளூர் வேளாண்மை அதிகாரி அல்லது TNAU பரிந்துரையைப் பின்பற்றுங்கள்."
CA_01150,disease,நோய் மேலாண்மை,sugarcane,கரும்பு,black,கரிசல் மண்,"கரும்பு பயிரில் அறிகுறியை முதலில் சரியாக அடையாளம் காண வேண்டும். புகைப்படம்/கள ஆய்வு மூலம் உறுதி செய்து, தேவையற்ற மருந்து பயன்பாட்டைத் தவிர்த்து, உள்ளூர் வேளாண்மை அதிகாரி அல்லது TNAU பரிந்துரையைப் பின்பற்றுங்கள்."
CA_01151,disease,நோய் மேலாண்மை,sugarcane,கரும்பு,alluvial,வண்டல் மண்,"கரும்பு பயிரில் அறிகுறியை முதலில் சரியாக அடையாளம் காண வேண்டும். புகைப்படம்/கள ஆய்வு மூலம் உறுதி செய்து, தேவையற்ற மருந்து பயன்பாட்டைத் தவிர்த்து, உள்ளூர் வேளாண்மை அதிகாரி அல்லது TNAU பரிந்துரையைப் பின்பற்றுங்கள்."
CA_01152,disease,நோய் மேலாண்மை,sugarcane,கரும்பு,sandy,மணல் மண்,"கரும்பு பயிரில் அறிகுறியை முதலில் சரியாக அடையாளம் காண வேண்டும். புகைப்படம்/கள ஆய்வு மூலம் உறுதி செய்து, தேவையற்ற மருந்து பயன்பாட்டைத் தவிர்த்து, உள்ளூர் வேளாண்மை அதிகாரி அல்லது TNAU பரிந்துரையைப் பின்பற்றுங்கள்."
CA_01153,disease,நோய் மேலாண்மை,sugarcane,கரும்பு,clay,களிமண்,"கரும்பு பயிரில் அறிகுறியை முதலில் சரியாக அடையாளம் காண வேண்டும். புகைப்படம்/கள ஆய்வு மூலம் உறுதி செய்து, தேவையற்ற மருந்து பயன்பாட்டைத் தவிர்த்து, உள்ளூர் வேளாண்மை அதிகாரி அல்லது TNAU பரிந்துரையைப் பின்பற்றுங்கள்."
CA_01154,disease,நோய் மேலாண்மை,sugarcane,கரும்பு,loamy,கலப்பு மண்,"கரும்பு பயிரில் அறிகுறியை முதலில் சரியாக அடையாளம் காண வேண்டும். புகைப்படம்/கள ஆய்வு மூலம் உறுதி செய்து, தேவையற்ற மருந்து பயன்பாட்டைத் தவிர்த்து, உள்ளூர் வேளாண்மை அதிகாரி அல்லது TNAU பரிந்துரையைப் பின்பற்றுங்கள்."
CA_01155,disease,நோய் மேலாண்மை,sugarcane,கரும்பு,laterite,சரளை மண்,"கரும்பு பயிரில் அறிகுறியை முதலில் சரியாக அடையாளம் காண வேண்டும். புகைப்படம்/கள ஆய்வு மூலம் உறுதி செய்து, தேவையற்ற மருந்து பயன்பாட்டைத் தவிர்த்து, உள்ளூர் வேளாண்மை அதிகாரி அல்லது TNAU பரிந்துரையைப் பின்பற்றுங்கள்."
CA_01156,disease,நோய் மேலாண்மை,cotton,பருத்தி,red,செம்மண்,"பருத்தி பயிரில் அறிகுறியை முதலில் சரியாக அடையாளம் காண வேண்டும். புகைப்படம்/கள ஆய்வு மூலம் உறுதி செய்து, தேவையற்ற மருந்து பயன்பாட்டைத் தவிர்த்து, உள்ளூர் வேளாண்மை அதிகாரி அல்லது TNAU பரிந்துரையைப் பின்பற்றுங்கள்."
CA_01157,disease,நோய் மேலாண்மை,cotton,பருத்தி,black,கரிசல் மண்,"பருத்தி பயிரில் அறிகுறியை முதலில் சரியாக அடையாளம் காண வேண்டும். புகைப்படம்/கள ஆய்வு மூலம் உறுதி செய்து, தேவையற்ற மருந்து பயன்பாட்டைத் தவிர்த்து, உள்ளூர் வேளாண்மை அதிகாரி அல்லது TNAU பரிந்துரையைப் பின்பற்றுங்கள்."
CA_01158,disease,நோய் மேலாண்மை,cotton,பருத்தி,alluvial,வண்டல் மண்,"பருத்தி பயிரில் அறிகுறியை முதலில் சரியாக அடையாளம் காண வேண்டும். புகைப்படம்/கள ஆய்வு மூலம் உறுதி செய்து, தேவையற்ற மருந்து பயன்பாட்டைத் தவிர்த்து, உள்ளூர் வேளாண்மை அதிகாரி அல்லது TNAU பரிந்துரையைப் பின்பற்றுங்கள்."
CA_01159,disease,நோய் மேலாண்மை,cotton,பருத்தி,sandy,மணல் மண்,"பருத்தி பயிரில் அறிகுறியை முதலில் சரியாக அடையாளம் காண வேண்டும். புகைப்படம்/கள ஆய்வு மூலம் உறுதி செய்து, தேவையற்ற மருந்து பயன்பாட்டைத் தவிர்த்து, உள்ளூர் வேளாண்மை அதிகாரி அல்லது TNAU பரிந்துரையைப் பின்பற்றுங்கள்."
CA_01160,disease,நோய் மேலாண்மை,cotton,பருத்தி,clay,களிமண்,"பருத்தி பயிரில் அறிகுறியை முதலில் சரியாக அடையாளம் காண வேண்டும். புகைப்படம்/கள ஆய்வு மூலம் உறுதி செய்து, தேவையற்ற மருந்து பயன்பாட்டைத் தவிர்த்து, உள்ளூர் வேளாண்மை அதிகாரி அல்லது TNAU பரிந்துரையைப் பின்பற்றுங்கள்."
CA_01161,disease,நோய் மேலாண்மை,cotton,பருத்தி,loamy,கலப்பு மண்,"பருத்தி பயிரில் அறிகுறியை முதலில் சரியாக அடையாளம் காண வேண்டும். புகைப்படம்/கள ஆய்வு மூலம் உறுதி செய்து, தேவையற்ற மருந்து பயன்பாட்டைத் தவிர்த்து, உள்ளூர் வேளாண்மை அதிகாரி அல்லது TNAU பரிந்துரையைப் பின்பற்றுங்கள்."
CA_01162,disease,நோய் மேலாண்மை,cotton,பருத்தி,laterite,சரளை மண்,"பருத்தி பயிரில் அறிகுறியை முதலில் சரியாக அடையாளம் காண வேண்டும். புகைப்படம்/கள ஆய்வு மூலம் உறுதி செய்து, தேவையற்ற மருந்து பயன்பாட்டைத் தவிர்த்து, உள்ளூர் வேளாண்மை அதிகாரி அல்லது TNAU பரிந்துரையைப் பின்பற்றுங்கள்."
CA_01163,disease,நோய் மேலாண்மை,groundnut,நிலக்கடலை,red,செம்மண்,"நிலக்கடலை பயிரில் அறிகுறியை முதலில் சரியாக அடையாளம் காண வேண்டும். புகைப்படம்/கள ஆய்வு மூலம் உறுதி செய்து, தேவையற்ற மருந்து பயன்பாட்டைத் தவிர்த்து, உள்ளூர் வேளாண்மை அதிகாரி அல்லது TNAU பரிந்துரையைப் பின்பற்றுங்கள்."
CA_01164,disease,நோய் மேலாண்மை,groundnut,நிலக்கடலை,black,கரிசல் மண்,"நிலக்கடலை பயிரில் அறிகுறியை முதலில் சரியாக அடையாளம் காண வேண்டும். புகைப்படம்/கள ஆய்வு மூலம் உறுதி செய்து, தேவையற்ற மருந்து பயன்பாட்டைத் தவிர்த்து, உள்ளூர் வேளாண்மை அதிகாரி அல்லது TNAU பரிந்துரையைப் பின்பற்றுங்கள்."
CA_01165,disease,நோய் மேலாண்மை,groundnut,நிலக்கடலை,alluvial,வண்டல் மண்,"நிலக்கடலை பயிரில் அறிகுறியை முதலில் சரியாக அடையாளம் காண வேண்டும். புகைப்படம்/கள ஆய்வு மூலம் உறுதி செய்து, தேவையற்ற மருந்து பயன்பாட்டைத் தவிர்த்து, உள்ளூர் வேளாண்மை அதிகாரி அல்லது TNAU பரிந்துரையைப் பின்பற்றுங்கள்."
CA_01166,disease,நோய் மேலாண்மை,groundnut,நிலக்கடலை,sandy,மணல் மண்,"நிலக்கடலை பயிரில் அறிகுறியை முதலில் சரியாக அடையாளம் காண வேண்டும். புகைப்படம்/கள ஆய்வு மூலம் உறுதி செய்து, தேவையற்ற மருந்து பயன்பாட்டைத் தவிர்த்து, உள்ளூர் வேளாண்மை அதிகாரி அல்லது TNAU பரிந்துரையைப் பின்பற்றுங்கள்."
CA_01167,disease,நோய் மேலாண்மை,groundnut,நிலக்கடலை,clay,களிமண்,"நிலக்கடலை பயிரில் அறிகுறியை முதலில் சரியாக அடையாளம் காண வேண்டும். புகைப்படம்/கள ஆய்வு மூலம் உறுதி செய்து, தேவையற்ற மருந்து பயன்பாட்டைத் தவிர்த்து, உள்ளூர் வேளாண்மை அதிகாரி அல்லது TNAU பரிந்துரையைப் பின்பற்றுங்கள்."
CA_01168,disease,நோய் மேலாண்மை,groundnut,நிலக்கடலை,loamy,கலப்பு மண்,"நிலக்கடலை பயிரில் அறிகுறியை முதலில் சரியாக அடையாளம் காண வேண்டும். புகைப்படம்/கள ஆய்வு மூலம் உறுதி செய்து, தேவையற்ற மருந்து பயன்பாட்டைத் தவிர்த்து, உள்ளூர் வேளாண்மை அதிகாரி அல்லது TNAU பரிந்துரையைப் பின்பற்றுங்கள்."
CA_01169,disease,நோய் மேலாண்மை,groundnut,நிலக்கடலை,laterite,சரளை மண்,"நிலக்கடலை பயிரில் அறிகுறியை முதலில் சரியாக அடையாளம் காண வேண்டும். புகைப்படம்/கள ஆய்வு மூலம் உறுதி செய்து, தேவையற்ற மருந்து பயன்பாட்டைத் தவிர்த்து, உள்ளூர் வேளாண்மை அதிகாரி அல்லது TNAU பரிந்துரையைப் பின்பற்றுங்கள்."
CA_01170,disease,நோய் மேலாண்மை,maize,மக்காச்சோளம்,red,செம்மண்,"மக்காச்சோளம் பயிரில் அறிகுறியை முதலில் சரியாக அடையாளம் காண வேண்டும். புகைப்படம்/கள ஆய்வு மூலம் உறுதி செய்து, தேவையற்ற மருந்து பயன்பாட்டைத் தவிர்த்து, உள்ளூர் வேளாண்மை அதிகாரி அல்லது TNAU பரிந்துரையைப் பின்பற்றுங்கள்."
CA_01171,disease,நோய் மேலாண்மை,maize,மக்காச்சோளம்,black,கரிசல் மண்,"மக்காச்சோளம் பயிரில் அறிகுறியை முதலில் சரியாக அடையாளம் காண வேண்டும். புகைப்படம்/கள ஆய்வு மூலம் உறுதி செய்து, தேவையற்ற மருந்து பயன்பாட்டைத் தவிர்த்து, உள்ளூர் வேளாண்மை அதிகாரி அல்லது TNAU பரிந்துரையைப் பின்பற்றுங்கள்."
CA_01172,disease,நோய் மேலாண்மை,maize,மக்காச்சோளம்,alluvial,வண்டல் மண்,"மக்காச்சோளம் பயிரில் அறிகுறியை முதலில் சரியாக அடையாளம் காண வேண்டும். புகைப்படம்/கள ஆய்வு மூலம் உறுதி செய்து, தேவையற்ற மருந்து பயன்பாட்டைத் தவிர்த்து, உள்ளூர் வேளாண்மை அதிகாரி அல்லது TNAU பரிந்துரையைப் பின்பற்றுங்கள்."
CA_01173,disease,நோய் மேலாண்மை,maize,மக்காச்சோளம்,sandy,மணல் மண்,"மக்காச்சோளம் பயிரில் அறிகுறியை முதலில் சரியாக அடையாளம் காண வேண்டும். புகைப்படம்/கள ஆய்வு மூலம் உறுதி செய்து, தேவையற்ற மருந்து பயன்பாட்டைத் தவிர்த்து, உள்ளூர் வேளாண்மை அதிகாரி அல்லது TNAU பரிந்துரையைப் பின்பற்றுங்கள்."
CA_01174,disease,நோய் மேலாண்மை,maize,மக்காச்சோளம்,clay,களிமண்,"மக்காச்சோளம் பயிரில் அறிகுறியை முதலில் சரியாக அடையாளம் காண வேண்டும். புகைப்படம்/கள ஆய்வு மூலம் உறுதி செய்து, தேவையற்ற மருந்து பயன்பாட்டைத் தவிர்த்து, உள்ளூர் வேளாண்மை அதிகாரி அல்லது TNAU பரிந்துரையைப் பின்பற்றுங்கள்."
CA_01175,disease,நோய் மேலாண்மை,maize,மக்காச்சோளம்,loamy,கலப்பு மண்,"மக்காச்சோளம் பயிரில் அறிகுறியை முதலில் சரியாக அடையாளம் காண வேண்டும். புகைப்படம்/கள ஆய்வு மூலம் உறுதி செய்து, தேவையற்ற மருந்து பயன்பாட்டைத் தவிர்த்து, உள்ளூர் வேளாண்மை அதிகாரி அல்லது TNAU பரிந்துரையைப் பின்பற்றுங்கள்."
CA_01176,disease,நோய் மேலாண்மை,maize,மக்காச்சோளம்,laterite,சரளை மண்,"மக்காச்சோளம் பயிரில் அறிகுறியை முதலில் சரியாக அடையாளம் காண வேண்டும். புகைப்படம்/கள ஆய்வு மூலம் உறுதி செய்து, தேவையற்ற மருந்து பயன்பாட்டைத் தவிர்த்து, உள்ளூர் வேளாண்மை அதிகாரி அல்லது TNAU பரிந்துரையைப் பின்பற்றுங்கள்."
CA_01177,disease,நோய் மேலாண்மை,millet,சிறுதானியம்,red,செம்மண்,"சிறுதானியம் பயிரில் அறிகுறியை முதலில் சரியாக அடையாளம் காண வேண்டும். புகைப்படம்/கள ஆய்வு மூலம் உறுதி செய்து, தேவையற்ற மருந்து பயன்பாட்டைத் தவிர்த்து, உள்ளூர் வேளாண்மை அதிகாரி அல்லது TNAU பரிந்துரையைப் பின்பற்றுங்கள்."
CA_01178,disease,நோய் மேலாண்மை,millet,சிறுதானியம்,black,கரிசல் மண்,"சிறுதானியம் பயிரில் அறிகுறியை முதலில் சரியாக அடையாளம் காண வேண்டும். புகைப்படம்/கள ஆய்வு மூலம் உறுதி செய்து, தேவையற்ற மருந்து பயன்பாட்டைத் தவிர்த்து, உள்ளூர் வேளாண்மை அதிகாரி அல்லது TNAU பரிந்துரையைப் பின்பற்றுங்கள்."
CA_01179,disease,நோய் மேலாண்மை,millet,சிறுதானியம்,alluvial,வண்டல் மண்,"சிறுதானியம் பயிரில் அறிகுறியை முதலில் சரியாக அடையாளம் காண வேண்டும். புகைப்படம்/கள ஆய்வு மூலம் உறுதி செய்து, தேவையற்ற மருந்து பயன்பாட்டைத் தவிர்த்து, உள்ளூர் வேளாண்மை அதிகாரி அல்லது TNAU பரிந்துரையைப் பின்பற்றுங்கள்."
CA_01180,disease,நோய் மேலாண்மை,millet,சிறுதானியம்,sandy,மணல் மண்,"சிறுதானியம் பயிரில் அறிகுறியை முதலில் சரியாக அடையாளம் காண வேண்டும். புகைப்படம்/கள ஆய்வு மூலம் உறுதி செய்து, தேவையற்ற மருந்து பயன்பாட்டைத் தவிர்த்து, உள்ளூர் வேளாண்மை அதிகாரி அல்லது TNAU பரிந்துரையைப் பின்பற்றுங்கள்."
CA_01181,disease,நோய் மேலாண்மை,millet,சிறுதானியம்,clay,களிமண்,"சிறுதானியம் பயிரில் அறிகுறியை முதலில் சரியாக அடையாளம் காண வேண்டும். புகைப்படம்/கள ஆய்வு மூலம் உறுதி செய்து, தேவையற்ற மருந்து பயன்பாட்டைத் தவிர்த்து, உள்ளூர் வேளாண்மை அதிகாரி அல்லது TNAU பரிந்துரையைப் பின்பற்றுங்கள்."
CA_01182,disease,நோய் மேலாண்மை,millet,சிறுதானியம்,loamy,கலப்பு மண்,"சிறுதானியம் பயிரில் அறிகுறியை முதலில் சரியாக அடையாளம் காண வேண்டும். புகைப்படம்/கள ஆய்வு மூலம் உறுதி செய்து, தேவையற்ற மருந்து பயன்பாட்டைத் தவிர்த்து, உள்ளூர் வேளாண்மை அதிகாரி அல்லது TNAU பரிந்துரையைப் பின்பற்றுங்கள்."
CA_01183,disease,நோய் மேலாண்மை,millet,சிறுதானியம்,laterite,சரளை மண்,"சிறுதானியம் பயிரில் அறிகுறியை முதலில் சரியாக அடையாளம் காண வேண்டும். புகைப்படம்/கள ஆய்வு மூலம் உறுதி செய்து, தேவையற்ற மருந்து பயன்பாட்டைத் தவிர்த்து, உள்ளூர் வேளாண்மை அதிகாரி அல்லது TNAU பரிந்துரையைப் பின்பற்றுங்கள்."
CA_01184,disease,நோய் மேலாண்மை,tomato,தக்காளி,red,செம்மண்,"தக்காளி பயிரில் அறிகுறியை முதலில் சரியாக அடையாளம் காண வேண்டும். புகைப்படம்/கள ஆய்வு மூலம் உறுதி செய்து, தேவையற்ற மருந்து பயன்பாட்டைத் தவிர்த்து, உள்ளூர் வேளாண்மை அதிகாரி அல்லது TNAU பரிந்துரையைப் பின்பற்றுங்கள்."
CA_01185,disease,நோய் மேலாண்மை,tomato,தக்காளி,black,கரிசல் மண்,"தக்காளி பயிரில் அறிகுறியை முதலில் சரியாக அடையாளம் காண வேண்டும். புகைப்படம்/கள ஆய்வு மூலம் உறுதி செய்து, தேவையற்ற மருந்து பயன்பாட்டைத் தவிர்த்து, உள்ளூர் வேளாண்மை அதிகாரி அல்லது TNAU பரிந்துரையைப் பின்பற்றுங்கள்."
CA_01186,disease,நோய் மேலாண்மை,tomato,தக்காளி,alluvial,வண்டல் மண்,"தக்காளி பயிரில் அறிகுறியை முதலில் சரியாக அடையாளம் காண வேண்டும். புகைப்படம்/கள ஆய்வு மூலம் உறுதி செய்து, தேவையற்ற மருந்து பயன்பாட்டைத் தவிர்த்து, உள்ளூர் வேளாண்மை அதிகாரி அல்லது TNAU பரிந்துரையைப் பின்பற்றுங்கள்."
CA_01187,disease,நோய் மேலாண்மை,tomato,தக்காளி,sandy,மணல் மண்,"தக்காளி பயிரில் அறிகுறியை முதலில் சரியாக அடையாளம் காண வேண்டும். புகைப்படம்/கள ஆய்வு மூலம் உறுதி செய்து, தேவையற்ற மருந்து பயன்பாட்டைத் தவிர்த்து, உள்ளூர் வேளாண்மை அதிகாரி அல்லது TNAU பரிந்துரையைப் பின்பற்றுங்கள்."
CA_01188,disease,நோய் மேலாண்மை,tomato,தக்காளி,clay,களிமண்,"தக்காளி பயிரில் அறிகுறியை முதலில் சரியாக அடையாளம் காண வேண்டும். புகைப்படம்/கள ஆய்வு மூலம் உறுதி செய்து, தேவையற்ற மருந்து பயன்பாட்டைத் தவிர்த்து, உள்ளூர் வேளாண்மை அதிகாரி அல்லது TNAU பரிந்துரையைப் பின்பற்றுங்கள்."
CA_01189,disease,நோய் மேலாண்மை,tomato,தக்காளி,loamy,கலப்பு மண்,"தக்காளி பயிரில் அறிகுறியை முதலில் சரியாக அடையாளம் காண வேண்டும். புகைப்படம்/கள ஆய்வு மூலம் உறுதி செய்து, தேவையற்ற மருந்து பயன்பாட்டைத் தவிர்த்து, உள்ளூர் வேளாண்மை அதிகாரி அல்லது TNAU பரிந்துரையைப் பின்பற்றுங்கள்."
CA_01190,disease,நோய் மேலாண்மை,tomato,தக்காளி,laterite,சரளை மண்,"தக்காளி பயிரில் அறிகுறியை முதலில் சரியாக அடையாளம் காண வேண்டும். புகைப்படம்/கள ஆய்வு மூலம் உறுதி செய்து, தேவையற்ற மருந்து பயன்பாட்டைத் தவிர்த்து, உள்ளூர் வேளாண்மை அதிகாரி அல்லது TNAU பரிந்துரையைப் பின்பற்றுங்கள்."
CA_01191,disease,நோய் மேலாண்மை,chilli,மிளகாய்,red,செம்மண்,"மிளகாய் பயிரில் அறிகுறியை முதலில் சரியாக அடையாளம் காண வேண்டும். புகைப்படம்/கள ஆய்வு மூலம் உறுதி செய்து, தேவையற்ற மருந்து பயன்பாட்டைத் தவிர்த்து, உள்ளூர் வேளாண்மை அதிகாரி அல்லது TNAU பரிந்துரையைப் பின்பற்றுங்கள்."
CA_01192,disease,நோய் மேலாண்மை,chilli,மிளகாய்,black,கரிசல் மண்,"மிளகாய் பயிரில் அறிகுறியை முதலில் சரியாக அடையாளம் காண வேண்டும். புகைப்படம்/கள ஆய்வு மூலம் உறுதி செய்து, தேவையற்ற மருந்து பயன்பாட்டைத் தவிர்த்து, உள்ளூர் வேளாண்மை அதிகாரி அல்லது TNAU பரிந்துரையைப் பின்பற்றுங்கள்."
CA_01193,disease,நோய் மேலாண்மை,chilli,மிளகாய்,alluvial,வண்டல் மண்,"மிளகாய் பயிரில் அறிகுறியை முதலில் சரியாக அடையாளம் காண வேண்டும். புகைப்படம்/கள ஆய்வு மூலம் உறுதி செய்து, தேவையற்ற மருந்து பயன்பாட்டைத் தவிர்த்து, உள்ளூர் வேளாண்மை அதிகாரி அல்லது TNAU பரிந்துரையைப் பின்பற்றுங்கள்."
CA_01194,disease,நோய் மேலாண்மை,chilli,மிளகாய்,sandy,மணல் மண்,"மிளகாய் பயிரில் அறிகுறியை முதலில் சரியாக அடையாளம் காண வேண்டும். புகைப்படம்/கள ஆய்வு மூலம் உறுதி செய்து, தேவையற்ற மருந்து பயன்பாட்டைத் தவிர்த்து, உள்ளூர் வேளாண்மை அதிகாரி அல்லது TNAU பரிந்துரையைப் பின்பற்றுங்கள்."
CA_01195,disease,நோய் மேலாண்மை,chilli,மிளகாய்,clay,களிமண்,"மிளகாய் பயிரில் அறிகுறியை முதலில் சரியாக அடையாளம் காண வேண்டும். புகைப்படம்/கள ஆய்வு மூலம் உறுதி செய்து, தேவையற்ற மருந்து பயன்பாட்டைத் தவிர்த்து, உள்ளூர் வேளாண்மை அதிகாரி அல்லது TNAU பரிந்துரையைப் பின்பற்றுங்கள்."
CA_01196,disease,நோய் மேலாண்மை,chilli,மிளகாய்,loamy,கலப்பு மண்,"மிளகாய் பயிரில் அறிகுறியை முதலில் சரியாக அடையாளம் காண வேண்டும். புகைப்படம்/கள ஆய்வு மூலம் உறுதி செய்து, தேவையற்ற மருந்து பயன்பாட்டைத் தவிர்த்து, உள்ளூர் வேளாண்மை அதிகாரி அல்லது TNAU பரிந்துரையைப் பின்பற்றுங்கள்."
CA_01197,disease,நோய் மேலாண்மை,chilli,மிளகாய்,laterite,சரளை மண்,"மிளகாய் பயிரில் அறிகுறியை முதலில் சரியாக அடையாளம் காண வேண்டும். புகைப்படம்/கள ஆய்வு மூலம் உறுதி செய்து, தேவையற்ற மருந்து பயன்பாட்டைத் தவிர்த்து, உள்ளூர் வேளாண்மை அதிகாரி அல்லது TNAU பரிந்துரையைப் பின்பற்றுங்கள்."
CA_01198,disease,நோய் மேலாண்மை,onion,வெங்காயம்,red,செம்மண்,"வெங்காயம் பயிரில் அறிகுறியை முதலில் சரியாக அடையாளம் காண வேண்டும். புகைப்படம்/கள ஆய்வு மூலம் உறுதி செய்து, தேவையற்ற மருந்து பயன்பாட்டைத் தவிர்த்து, உள்ளூர் வேளாண்மை அதிகாரி அல்லது TNAU பரிந்துரையைப் பின்பற்றுங்கள்."
CA_01199,disease,நோய் மேலாண்மை,onion,வெங்காயம்,black,கரிசல் மண்,"வெங்காயம் பயிரில் அறிகுறியை முதலில் சரியாக அடையாளம் காண வேண்டும். புகைப்படம்/கள ஆய்வு மூலம் உறுதி செய்து, தேவையற்ற மருந்து பயன்பாட்டைத் தவிர்த்து, உள்ளூர் வேளாண்மை அதிகாரி அல்லது TNAU பரிந்துரையைப் பின்பற்றுங்கள்."
CA_01200,disease,நோய் மேலாண்மை,onion,வெங்காயம்,alluvial,வண்டல் மண்,"வெங்காயம் பயிரில் அறிகுறியை முதலில் சரியாக அடையாளம் காண வேண்டும். புகைப்படம்/கள ஆய்வு மூலம் உறுதி செய்து, தேவையற்ற மருந்து பயன்பாட்டைத் தவிர்த்து, உள்ளூர் வேளாண்மை அதிகாரி அல்லது TNAU பரிந்துரையைப் பின்பற்றுங்கள்."
CA_01201,disease,நோய் மேலாண்மை,onion,வெங்காயம்,sandy,மணல் மண்,"வெங்காயம் பயிரில் அறிகுறியை முதலில் சரியாக அடையாளம் காண வேண்டும். புகைப்படம்/கள ஆய்வு மூலம் உறுதி செய்து, தேவையற்ற மருந்து பயன்பாட்டைத் தவிர்த்து, உள்ளூர் வேளாண்மை அதிகாரி அல்லது TNAU பரிந்துரையைப் பின்பற்றுங்கள்."
CA_01202,disease,நோய் மேலாண்மை,onion,வெங்காயம்,clay,களிமண்,"வெங்காயம் பயிரில் அறிகுறியை முதலில் சரியாக அடையாளம் காண வேண்டும். புகைப்படம்/கள ஆய்வு மூலம் உறுதி செய்து, தேவையற்ற மருந்து பயன்பாட்டைத் தவிர்த்து, உள்ளூர் வேளாண்மை அதிகாரி அல்லது TNAU பரிந்துரையைப் பின்பற்றுங்கள்."
CA_01203,disease,நோய் மேலாண்மை,onion,வெங்காயம்,loamy,கலப்பு மண்,"வெங்காயம் பயிரில் அறிகுறியை முதலில் சரியாக அடையாளம் காண வேண்டும். புகைப்படம்/கள ஆய்வு மூலம் உறுதி செய்து, தேவையற்ற மருந்து பயன்பாட்டைத் தவிர்த்து, உள்ளூர் வேளாண்மை அதிகாரி அல்லது TNAU பரிந்துரையைப் பின்பற்றுங்கள்."
CA_01204,disease,நோய் மேலாண்மை,onion,வெங்காயம்,laterite,சரளை மண்,"வெங்காயம் பயிரில் அறிகுறியை முதலில் சரியாக அடையாளம் காண வேண்டும். புகைப்படம்/கள ஆய்வு மூலம் உறுதி செய்து, தேவையற்ற மருந்து பயன்பாட்டைத் தவிர்த்து, உள்ளூர் வேளாண்மை அதிகாரி அல்லது TNAU பரிந்துரையைப் பின்பற்றுங்கள்."
CA_01205,disease,நோய் மேலாண்மை,turmeric,மஞ்சள்,red,செம்மண்,"மஞ்சள் பயிரில் அறிகுறியை முதலில் சரியாக அடையாளம் காண வேண்டும். புகைப்படம்/கள ஆய்வு மூலம் உறுதி செய்து, தேவையற்ற மருந்து பயன்பாட்டைத் தவிர்த்து, உள்ளூர் வேளாண்மை அதிகாரி அல்லது TNAU பரிந்துரையைப் பின்பற்றுங்கள்."
CA_01206,disease,நோய் மேலாண்மை,turmeric,மஞ்சள்,black,கரிசல் மண்,"மஞ்சள் பயிரில் அறிகுறியை முதலில் சரியாக அடையாளம் காண வேண்டும். புகைப்படம்/கள ஆய்வு மூலம் உறுதி செய்து, தேவையற்ற மருந்து பயன்பாட்டைத் தவிர்த்து, உள்ளூர் வேளாண்மை அதிகாரி அல்லது TNAU பரிந்துரையைப் பின்பற்றுங்கள்."
CA_01207,disease,நோய் மேலாண்மை,turmeric,மஞ்சள்,alluvial,வண்டல் மண்,"மஞ்சள் பயிரில் அறிகுறியை முதலில் சரியாக அடையாளம் காண வேண்டும். புகைப்படம்/கள ஆய்வு மூலம் உறுதி செய்து, தேவையற்ற மருந்து பயன்பாட்டைத் தவிர்த்து, உள்ளூர் வேளாண்மை அதிகாரி அல்லது TNAU பரிந்துரையைப் பின்பற்றுங்கள்."
CA_01208,disease,நோய் மேலாண்மை,turmeric,மஞ்சள்,sandy,மணல் மண்,"மஞ்சள் பயிரில் அறிகுறியை முதலில் சரியாக அடையாளம் காண வேண்டும். புகைப்படம்/கள ஆய்வு மூலம் உறுதி செய்து, தேவையற்ற மருந்து பயன்பாட்டைத் தவிர்த்து, உள்ளூர் வேளாண்மை அதிகாரி அல்லது TNAU பரிந்துரையைப் பின்பற்றுங்கள்."
CA_01209,disease,நோய் மேலாண்மை,turmeric,மஞ்சள்,clay,களிமண்,"மஞ்சள் பயிரில் அறிகுறியை முதலில் சரியாக அடையாளம் காண வேண்டும். புகைப்படம்/கள ஆய்வு மூலம் உறுதி செய்து, தேவையற்ற மருந்து பயன்பாட்டைத் தவிர்த்து, உள்ளூர் வேளாண்மை அதிகாரி அல்லது TNAU பரிந்துரையைப் பின்பற்றுங்கள்."
CA_01210,disease,நோய் மேலாண்மை,turmeric,மஞ்சள்,loamy,கலப்பு மண்,"மஞ்சள் பயிரில் அறிகுறியை முதலில் சரியாக அடையாளம் காண வேண்டும். புகைப்படம்/கள ஆய்வு மூலம் உறுதி செய்து, தேவையற்ற மருந்து பயன்பாட்டைத் தவிர்த்து, உள்ளூர் வேளாண்மை அதிகாரி அல்லது TNAU பரிந்துரையைப் பின்பற்றுங்கள்."
CA_01211,disease,நோய் மேலாண்மை,turmeric,மஞ்சள்,laterite,சரளை மண்,"மஞ்சள் பயிரில் அறிகுறியை முதலில் சரியாக அடையாளம் காண வேண்டும். புகைப்படம்/கள ஆய்வு மூலம் உறுதி செய்து, தேவையற்ற மருந்து பயன்பாட்டைத் தவிர்த்து, உள்ளூர் வேளாண்மை அதிகாரி அல்லது TNAU பரிந்துரையைப் பின்பற்றுங்கள்."
CA_01212,disease,நோய் மேலாண்மை,brinjal,கத்தரிக்காய்,red,செம்மண்,"கத்தரிக்காய் பயிரில் அறிகுறியை முதலில் சரியாக அடையாளம் காண வேண்டும். புகைப்படம்/கள ஆய்வு மூலம் உறுதி செய்து, தேவையற்ற மருந்து பயன்பாட்டைத் தவிர்த்து, உள்ளூர் வேளாண்மை அதிகாரி அல்லது TNAU பரிந்துரையைப் பின்பற்றுங்கள்."
CA_01213,disease,நோய் மேலாண்மை,brinjal,கத்தரிக்காய்,black,கரிசல் மண்,"கத்தரிக்காய் பயிரில் அறிகுறியை முதலில் சரியாக அடையாளம் காண வேண்டும். புகைப்படம்/கள ஆய்வு மூலம் உறுதி செய்து, தேவையற்ற மருந்து பயன்பாட்டைத் தவிர்த்து, உள்ளூர் வேளாண்மை அதிகாரி அல்லது TNAU பரிந்துரையைப் பின்பற்றுங்கள்."
CA_01214,disease,நோய் மேலாண்மை,brinjal,கத்தரிக்காய்,alluvial,வண்டல் மண்,"கத்தரிக்காய் பயிரில் அறிகுறியை முதலில் சரியாக அடையாளம் காண வேண்டும். புகைப்படம்/கள ஆய்வு மூலம் உறுதி செய்து, தேவையற்ற மருந்து பயன்பாட்டைத் தவிர்த்து, உள்ளூர் வேளாண்மை அதிகாரி அல்லது TNAU பரிந்துரையைப் பின்பற்றுங்கள்."
CA_01215,disease,நோய் மேலாண்மை,brinjal,கத்தரிக்காய்,sandy,மணல் மண்,"கத்தரிக்காய் பயிரில் அறிகுறியை முதலில் சரியாக அடையாளம் காண வேண்டும். புகைப்படம்/கள ஆய்வு மூலம் உறுதி செய்து, தேவையற்ற மருந்து பயன்பாட்டைத் தவிர்த்து, உள்ளூர் வேளாண்மை அதிகாரி அல்லது TNAU பரிந்துரையைப் பின்பற்றுங்கள்."
CA_01216,disease,நோய் மேலாண்மை,brinjal,கத்தரிக்காய்,clay,களிமண்,"கத்தரிக்காய் பயிரில் அறிகுறியை முதலில் சரியாக அடையாளம் காண வேண்டும். புகைப்படம்/கள ஆய்வு மூலம் உறுதி செய்து, தேவையற்ற மருந்து பயன்பாட்டைத் தவிர்த்து, உள்ளூர் வேளாண்மை அதிகாரி அல்லது TNAU பரிந்துரையைப் பின்பற்றுங்கள்."
CA_01217,disease,நோய் மேலாண்மை,brinjal,கத்தரிக்காய்,loamy,கலப்பு மண்,"கத்தரிக்காய் பயிரில் அறிகுறியை முதலில் சரியாக அடையாளம் காண வேண்டும். புகைப்படம்/கள ஆய்வு மூலம் உறுதி செய்து, தேவையற்ற மருந்து பயன்பாட்டைத் தவிர்த்து, உள்ளூர் வேளாண்மை அதிகாரி அல்லது TNAU பரிந்துரையைப் பின்பற்றுங்கள்."
CA_01218,disease,நோய் மேலாண்மை,brinjal,கத்தரிக்காய்,laterite,சரளை மண்,"கத்தரிக்காய் பயிரில் அறிகுறியை முதலில் சரியாக அடையாளம் காண வேண்டும். புகைப்படம்/கள ஆய்வு மூலம் உறுதி செய்து, தேவையற்ற மருந்து பயன்பாட்டைத் தவிர்த்து, உள்ளூர் வேளாண்மை அதிகாரி அல்லது TNAU பரிந்துரையைப் பின்பற்றுங்கள்."
CA_01219,disease,நோய் மேலாண்மை,okra,வெண்டைக்காய்,red,செம்மண்,"வெண்டைக்காய் பயிரில் அறிகுறியை முதலில் சரியாக அடையாளம் காண வேண்டும். புகைப்படம்/கள ஆய்வு மூலம் உறுதி செய்து, தேவையற்ற மருந்து பயன்பாட்டைத் தவிர்த்து, உள்ளூர் வேளாண்மை அதிகாரி அல்லது TNAU பரிந்துரையைப் பின்பற்றுங்கள்."
CA_01220,disease,நோய் மேலாண்மை,okra,வெண்டைக்காய்,black,கரிசல் மண்,"வெண்டைக்காய் பயிரில் அறிகுறியை முதலில் சரியாக அடையாளம் காண வேண்டும். புகைப்படம்/கள ஆய்வு மூலம் உறுதி செய்து, தேவையற்ற மருந்து பயன்பாட்டைத் தவிர்த்து, உள்ளூர் வேளாண்மை அதிகாரி அல்லது TNAU பரிந்துரையைப் பின்பற்றுங்கள்."
CA_01221,disease,நோய் மேலாண்மை,okra,வெண்டைக்காய்,alluvial,வண்டல் மண்,"வெண்டைக்காய் பயிரில் அறிகுறியை முதலில் சரியாக அடையாளம் காண வேண்டும். புகைப்படம்/கள ஆய்வு மூலம் உறுதி செய்து, தேவையற்ற மருந்து பயன்பாட்டைத் தவிர்த்து, உள்ளூர் வேளாண்மை அதிகாரி அல்லது TNAU பரிந்துரையைப் பின்பற்றுங்கள்."
CA_01222,disease,நோய் மேலாண்மை,okra,வெண்டைக்காய்,sandy,மணல் மண்,"வெண்டைக்காய் பயிரில் அறிகுறியை முதலில் சரியாக அடையாளம் காண வேண்டும். புகைப்படம்/கள ஆய்வு மூலம் உறுதி செய்து, தேவையற்ற மருந்து பயன்பாட்டைத் தவிர்த்து, உள்ளூர் வேளாண்மை அதிகாரி அல்லது TNAU பரிந்துரையைப் பின்பற்றுங்கள்."
CA_01223,disease,நோய் மேலாண்மை,okra,வெண்டைக்காய்,clay,களிமண்,"வெண்டைக்காய் பயிரில் அறிகுறியை முதலில் சரியாக அடையாளம் காண வேண்டும். புகைப்படம்/கள ஆய்வு மூலம் உறுதி செய்து, தேவையற்ற மருந்து பயன்பாட்டைத் தவிர்த்து, உள்ளூர் வேளாண்மை அதிகாரி அல்லது TNAU பரிந்துரையைப் பின்பற்றுங்கள்."
CA_01224,disease,நோய் மேலாண்மை,okra,வெண்டைக்காய்,loamy,கலப்பு மண்,"வெண்டைக்காய் பயிரில் அறிகுறியை முதலில் சரியாக அடையாளம் காண வேண்டும். புகைப்படம்/கள ஆய்வு மூலம் உறுதி செய்து, தேவையற்ற மருந்து பயன்பாட்டைத் தவிர்த்து, உள்ளூர் வேளாண்மை அதிகாரி அல்லது TNAU பரிந்துரையைப் பின்பற்றுங்கள்."
CA_01225,disease,நோய் மேலாண்மை,okra,வெண்டைக்காய்,laterite,சரளை மண்,"வெண்டைக்காய் பயிரில் அறிகுறியை முதலில் சரியாக அடையாளம் காண வேண்டும். புகைப்படம்/கள ஆய்வு மூலம் உறுதி செய்து, தேவையற்ற மருந்து பயன்பாட்டைத் தவிர்த்து, உள்ளூர் வேளாண்மை அதிகாரி அல்லது TNAU பரிந்துரையைப் பின்பற்றுங்கள்."
CA_01226,disease,நோய் மேலாண்மை,coconut,தேங்காய்,red,செம்மண்,"தேங்காய் பயிரில் அறிகுறியை முதலில் சரியாக அடையாளம் காண வேண்டும். புகைப்படம்/கள ஆய்வு மூலம் உறுதி செய்து, தேவையற்ற மருந்து பயன்பாட்டைத் தவிர்த்து, உள்ளூர் வேளாண்மை அதிகாரி அல்லது TNAU பரிந்துரையைப் பின்பற்றுங்கள்."
CA_01227,disease,நோய் மேலாண்மை,coconut,தேங்காய்,black,கரிசல் மண்,"தேங்காய் பயிரில் அறிகுறியை முதலில் சரியாக அடையாளம் காண வேண்டும். புகைப்படம்/கள ஆய்வு மூலம் உறுதி செய்து, தேவையற்ற மருந்து பயன்பாட்டைத் தவிர்த்து, உள்ளூர் வேளாண்மை அதிகாரி அல்லது TNAU பரிந்துரையைப் பின்பற்றுங்கள்."
CA_01228,disease,நோய் மேலாண்மை,coconut,தேங்காய்,alluvial,வண்டல் மண்,"தேங்காய் பயிரில் அறிகுறியை முதலில் சரியாக அடையாளம் காண வேண்டும். புகைப்படம்/கள ஆய்வு மூலம் உறுதி செய்து, தேவையற்ற மருந்து பயன்பாட்டைத் தவிர்த்து, உள்ளூர் வேளாண்மை அதிகாரி அல்லது TNAU பரிந்துரையைப் பின்பற்றுங்கள்."
CA_01229,disease,நோய் மேலாண்மை,coconut,தேங்காய்,sandy,மணல் மண்,"தேங்காய் பயிரில் அறிகுறியை முதலில் சரியாக அடையாளம் காண வேண்டும். புகைப்படம்/கள ஆய்வு மூலம் உறுதி செய்து, தேவையற்ற மருந்து பயன்பாட்டைத் தவிர்த்து, உள்ளூர் வேளாண்மை அதிகாரி அல்லது TNAU பரிந்துரையைப் பின்பற்றுங்கள்."
CA_01230,disease,நோய் மேலாண்மை,coconut,தேங்காய்,clay,களிமண்,"தேங்காய் பயிரில் அறிகுறியை முதலில் சரியாக அடையாளம் காண வேண்டும். புகைப்படம்/கள ஆய்வு மூலம் உறுதி செய்து, தேவையற்ற மருந்து பயன்பாட்டைத் தவிர்த்து, உள்ளூர் வேளாண்மை அதிகாரி அல்லது TNAU பரிந்துரையைப் பின்பற்றுங்கள்."
CA_01231,disease,நோய் மேலாண்மை,coconut,தேங்காய்,loamy,கலப்பு மண்,"தேங்காய் பயிரில் அறிகுறியை முதலில் சரியாக அடையாளம் காண வேண்டும். புகைப்படம்/கள ஆய்வு மூலம் உறுதி செய்து, தேவையற்ற மருந்து பயன்பாட்டைத் தவிர்த்து, உள்ளூர் வேளாண்மை அதிகாரி அல்லது TNAU பரிந்துரையைப் பின்பற்றுங்கள்."
CA_01232,disease,நோய் மேலாண்மை,coconut,தேங்காய்,laterite,சரளை மண்,"தேங்காய் பயிரில் அறிகுறியை முதலில் சரியாக அடையாளம் காண வேண்டும். புகைப்படம்/கள ஆய்வு மூலம் உறுதி செய்து, தேவையற்ற மருந்து பயன்பாட்டைத் தவிர்த்து, உள்ளூர் வேளாண்மை அதிகாரி அல்லது TNAU பரிந்துரையைப் பின்பற்றுங்கள்."
CA_01233,disease,நோய் மேலாண்மை,pulses,பயறு,red,செம்மண்,"பயறு பயிரில் அறிகுறியை முதலில் சரியாக அடையாளம் காண வேண்டும். புகைப்படம்/கள ஆய்வு மூலம் உறுதி செய்து, தேவையற்ற மருந்து பயன்பாட்டைத் தவிர்த்து, உள்ளூர் வேளாண்மை அதிகாரி அல்லது TNAU பரிந்துரையைப் பின்பற்றுங்கள்."
CA_01234,disease,நோய் மேலாண்மை,pulses,பயறு,black,கரிசல் மண்,"பயறு பயிரில் அறிகுறியை முதலில் சரியாக அடையாளம் காண வேண்டும். புகைப்படம்/கள ஆய்வு மூலம் உறுதி செய்து, தேவையற்ற மருந்து பயன்பாட்டைத் தவிர்த்து, உள்ளூர் வேளாண்மை அதிகாரி அல்லது TNAU பரிந்துரையைப் பின்பற்றுங்கள்."
CA_01235,disease,நோய் மேலாண்மை,pulses,பயறு,alluvial,வண்டல் மண்,"பயறு பயிரில் அறிகுறியை முதலில் சரியாக அடையாளம் காண வேண்டும். புகைப்படம்/கள ஆய்வு மூலம் உறுதி செய்து, தேவையற்ற மருந்து பயன்பாட்டைத் தவிர்த்து, உள்ளூர் வேளாண்மை அதிகாரி அல்லது TNAU பரிந்துரையைப் பின்பற்றுங்கள்."
CA_01236,disease,நோய் மேலாண்மை,pulses,பயறு,sandy,மணல் மண்,"பயறு பயிரில் அறிகுறியை முதலில் சரியாக அடையாளம் காண வேண்டும். புகைப்படம்/கள ஆய்வு மூலம் உறுதி செய்து, தேவையற்ற மருந்து பயன்பாட்டைத் தவிர்த்து, உள்ளூர் வேளாண்மை அதிகாரி அல்லது TNAU பரிந்துரையைப் பின்பற்றுங்கள்."
CA_01237,disease,நோய் மேலாண்மை,pulses,பயறு,clay,களிமண்,"பயறு பயிரில் அறிகுறியை முதலில் சரியாக அடையாளம் காண வேண்டும். புகைப்படம்/கள ஆய்வு மூலம் உறுதி செய்து, தேவையற்ற மருந்து பயன்பாட்டைத் தவிர்த்து, உள்ளூர் வேளாண்மை அதிகாரி அல்லது TNAU பரிந்துரையைப் பின்பற்றுங்கள்."
CA_01238,disease,நோய் மேலாண்மை,pulses,பயறு,loamy,கலப்பு மண்,"பயறு பயிரில் அறிகுறியை முதலில் சரியாக அடையாளம் காண வேண்டும். புகைப்படம்/கள ஆய்வு மூலம் உறுதி செய்து, தேவையற்ற மருந்து பயன்பாட்டைத் தவிர்த்து, உள்ளூர் வேளாண்மை அதிகாரி அல்லது TNAU பரிந்துரையைப் பின்பற்றுங்கள்."
CA_01239,disease,நோய் மேலாண்மை,pulses,பயறு,laterite,சரளை மண்,"பயறு பயிரில் அறிகுறியை முதலில் சரியாக அடையாளம் காண வேண்டும். புகைப்படம்/கள ஆய்வு மூலம் உறுதி செய்து, தேவையற்ற மருந்து பயன்பாட்டைத் தவிர்த்து, உள்ளூர் வேளாண்மை அதிகாரி அல்லது TNAU பரிந்துரையைப் பின்பற்றுங்கள்."
CA_01240,disease,நோய் மேலாண்மை,sesame,எள்,red,செம்மண்,"எள் பயிரில் அறிகுறியை முதலில் சரியாக அடையாளம் காண வேண்டும். புகைப்படம்/கள ஆய்வு மூலம் உறுதி செய்து, தேவையற்ற மருந்து பயன்பாட்டைத் தவிர்த்து, உள்ளூர் வேளாண்மை அதிகாரி அல்லது TNAU பரிந்துரையைப் பின்பற்றுங்கள்."
CA_01241,disease,நோய் மேலாண்மை,sesame,எள்,black,கரிசல் மண்,"எள் பயிரில் அறிகுறியை முதலில் சரியாக அடையாளம் காண வேண்டும். புகைப்படம்/கள ஆய்வு மூலம் உறுதி செய்து, தேவையற்ற மருந்து பயன்பாட்டைத் தவிர்த்து, உள்ளூர் வேளாண்மை அதிகாரி அல்லது TNAU பரிந்துரையைப் பின்பற்றுங்கள்."
CA_01242,disease,நோய் மேலாண்மை,sesame,எள்,alluvial,வண்டல் மண்,"எள் பயிரில் அறிகுறியை முதலில் சரியாக அடையாளம் காண வேண்டும். புகைப்படம்/கள ஆய்வு மூலம் உறுதி செய்து, தேவையற்ற மருந்து பயன்பாட்டைத் தவிர்த்து, உள்ளூர் வேளாண்மை அதிகாரி அல்லது TNAU பரிந்துரையைப் பின்பற்றுங்கள்."
CA_01243,disease,நோய் மேலாண்மை,sesame,எள்,sandy,மணல் மண்,"எள் பயிரில் அறிகுறியை முதலில் சரியாக அடையாளம் காண வேண்டும். புகைப்படம்/கள ஆய்வு மூலம் உறுதி செய்து, தேவையற்ற மருந்து பயன்பாட்டைத் தவிர்த்து, உள்ளூர் வேளாண்மை அதிகாரி அல்லது TNAU பரிந்துரையைப் பின்பற்றுங்கள்."
CA_01244,disease,நோய் மேலாண்மை,sesame,எள்,clay,களிமண்,"எள் பயிரில் அறிகுறியை முதலில் சரியாக அடையாளம் காண வேண்டும். புகைப்படம்/கள ஆய்வு மூலம் உறுதி செய்து, தேவையற்ற மருந்து பயன்பாட்டைத் தவிர்த்து, உள்ளூர் வேளாண்மை அதிகாரி அல்லது TNAU பரிந்துரையைப் பின்பற்றுங்கள்."
CA_01245,disease,நோய் மேலாண்மை,sesame,எள்,loamy,கலப்பு மண்,"எள் பயிரில் அறிகுறியை முதலில் சரியாக அடையாளம் காண வேண்டும். புகைப்படம்/கள ஆய்வு மூலம் உறுதி செய்து, தேவையற்ற மருந்து பயன்பாட்டைத் தவிர்த்து, உள்ளூர் வேளாண்மை அதிகாரி அல்லது TNAU பரிந்துரையைப் பின்பற்றுங்கள்."
CA_01246,disease,நோய் மேலாண்மை,sesame,எள்,laterite,சரளை மண்,"எள் பயிரில் அறிகுறியை முதலில் சரியாக அடையாளம் காண வேண்டும். புகைப்படம்/கள ஆய்வு மூலம் உறுதி செய்து, தேவையற்ற மருந்து பயன்பாட்டைத் தவிர்த்து, உள்ளூர் வேளாண்மை அதிகாரி அல்லது TNAU பரிந்துரையைப் பின்பற்றுங்கள்."
CA_01247,disease,நோய் மேலாண்மை,tapioca,மரவள்ளி,red,செம்மண்,"மரவள்ளி பயிரில் அறிகுறியை முதலில் சரியாக அடையாளம் காண வேண்டும். புகைப்படம்/கள ஆய்வு மூலம் உறுதி செய்து, தேவையற்ற மருந்து பயன்பாட்டைத் தவிர்த்து, உள்ளூர் வேளாண்மை அதிகாரி அல்லது TNAU பரிந்துரையைப் பின்பற்றுங்கள்."
CA_01248,disease,நோய் மேலாண்மை,tapioca,மரவள்ளி,black,கரிசல் மண்,"மரவள்ளி பயிரில் அறிகுறியை முதலில் சரியாக அடையாளம் காண வேண்டும். புகைப்படம்/கள ஆய்வு மூலம் உறுதி செய்து, தேவையற்ற மருந்து பயன்பாட்டைத் தவிர்த்து, உள்ளூர் வேளாண்மை அதிகாரி அல்லது TNAU பரிந்துரையைப் பின்பற்றுங்கள்."
CA_01249,disease,நோய் மேலாண்மை,tapioca,மரவள்ளி,alluvial,வண்டல் மண்,"மரவள்ளி பயிரில் அறிகுறியை முதலில் சரியாக அடையாளம் காண வேண்டும். புகைப்படம்/கள ஆய்வு மூலம் உறுதி செய்து, தேவையற்ற மருந்து பயன்பாட்டைத் தவிர்த்து, உள்ளூர் வேளாண்மை அதிகாரி அல்லது TNAU பரிந்துரையைப் பின்பற்றுங்கள்."
CA_01250,disease,நோய் மேலாண்மை,tapioca,மரவள்ளி,sandy,மணல் மண்,"மரவள்ளி பயிரில் அறிகுறியை முதலில் சரியாக அடையாளம் காண வேண்டும். புகைப்படம்/கள ஆய்வு மூலம் உறுதி செய்து, தேவையற்ற மருந்து பயன்பாட்டைத் தவிர்த்து, உள்ளூர் வேளாண்மை அதிகாரி அல்லது TNAU பரிந்துரையைப் பின்பற்றுங்கள்."
CA_01251,disease,நோய் மேலாண்மை,tapioca,மரவள்ளி,clay,களிமண்,"மரவள்ளி பயிரில் அறிகுறியை முதலில் சரியாக அடையாளம் காண வேண்டும். புகைப்படம்/கள ஆய்வு மூலம் உறுதி செய்து, தேவையற்ற மருந்து பயன்பாட்டைத் தவிர்த்து, உள்ளூர் வேளாண்மை அதிகாரி அல்லது TNAU பரிந்துரையைப் பின்பற்றுங்கள்."
CA_01252,disease,நோய் மேலாண்மை,tapioca,மரவள்ளி,loamy,கலப்பு மண்,"மரவள்ளி பயிரில் அறிகுறியை முதலில் சரியாக அடையாளம் காண வேண்டும். புகைப்படம்/கள ஆய்வு மூலம் உறுதி செய்து, தேவையற்ற மருந்து பயன்பாட்டைத் தவிர்த்து, உள்ளூர் வேளாண்மை அதிகாரி அல்லது TNAU பரிந்துரையைப் பின்பற்றுங்கள்."
CA_01253,disease,நோய் மேலாண்மை,tapioca,மரவள்ளி,laterite,சரளை மண்,"மரவள்ளி பயிரில் அறிகுறியை முதலில் சரியாக அடையாளம் காண வேண்டும். புகைப்படம்/கள ஆய்வு மூலம் உறுதி செய்து, தேவையற்ற மருந்து பயன்பாட்டைத் தவிர்த்து, உள்ளூர் வேளாண்மை அதிகாரி அல்லது TNAU பரிந்துரையைப் பின்பற்றுங்கள்."
CA_01254,disease,நோய் மேலாண்மை,drumstick,முருங்கை,red,செம்மண்,"முருங்கை பயிரில் அறிகுறியை முதலில் சரியாக அடையாளம் காண வேண்டும். புகைப்படம்/கள ஆய்வு மூலம் உறுதி செய்து, தேவையற்ற மருந்து பயன்பாட்டைத் தவிர்த்து, உள்ளூர் வேளாண்மை அதிகாரி அல்லது TNAU பரிந்துரையைப் பின்பற்றுங்கள்."
CA_01255,disease,நோய் மேலாண்மை,drumstick,முருங்கை,black,கரிசல் மண்,"முருங்கை பயிரில் அறிகுறியை முதலில் சரியாக அடையாளம் காண வேண்டும். புகைப்படம்/கள ஆய்வு மூலம் உறுதி செய்து, தேவையற்ற மருந்து பயன்பாட்டைத் தவிர்த்து, உள்ளூர் வேளாண்மை அதிகாரி அல்லது TNAU பரிந்துரையைப் பின்பற்றுங்கள்."
CA_01256,disease,நோய் மேலாண்மை,drumstick,முருங்கை,alluvial,வண்டல் மண்,"முருங்கை பயிரில் அறிகுறியை முதலில் சரியாக அடையாளம் காண வேண்டும். புகைப்படம்/கள ஆய்வு மூலம் உறுதி செய்து, தேவையற்ற மருந்து பயன்பாட்டைத் தவிர்த்து, உள்ளூர் வேளாண்மை அதிகாரி அல்லது TNAU பரிந்துரையைப் பின்பற்றுங்கள்."
CA_01257,disease,நோய் மேலாண்மை,drumstick,முருங்கை,sandy,மணல் மண்,"முருங்கை பயிரில் அறிகுறியை முதலில் சரியாக அடையாளம் காண வேண்டும். புகைப்படம்/கள ஆய்வு மூலம் உறுதி செய்து, தேவையற்ற மருந்து பயன்பாட்டைத் தவிர்த்து, உள்ளூர் வேளாண்மை அதிகாரி அல்லது TNAU பரிந்துரையைப் பின்பற்றுங்கள்."
CA_01258,disease,நோய் மேலாண்மை,drumstick,முருங்கை,clay,களிமண்,"முருங்கை பயிரில் அறிகுறியை முதலில் சரியாக அடையாளம் காண வேண்டும். புகைப்படம்/கள ஆய்வு மூலம் உறுதி செய்து, தேவையற்ற மருந்து பயன்பாட்டைத் தவிர்த்து, உள்ளூர் வேளாண்மை அதிகாரி அல்லது TNAU பரிந்துரையைப் பின்பற்றுங்கள்."
CA_01259,disease,நோய் மேலாண்மை,drumstick,முருங்கை,loamy,கலப்பு மண்,"முருங்கை பயிரில் அறிகுறியை முதலில் சரியாக அடையாளம் காண வேண்டும். புகைப்படம்/கள ஆய்வு மூலம் உறுதி செய்து, தேவையற்ற மருந்து பயன்பாட்டைத் தவிர்த்து, உள்ளூர் வேளாண்மை அதிகாரி அல்லது TNAU பரிந்துரையைப் பின்பற்றுங்கள்."
CA_01260,disease,நோய் மேலாண்மை,drumstick,முருங்கை,laterite,சரளை மண்,"முருங்கை பயிரில் அறிகுறியை முதலில் சரியாக அடையாளம் காண வேண்டும். புகைப்படம்/கள ஆய்வு மூலம் உறுதி செய்து, தேவையற்ற மருந்து பயன்பாட்டைத் தவிர்த்து, உள்ளூர் வேளாண்மை அதிகாரி அல்லது TNAU பரிந்துரையைப் பின்பற்றுங்கள்."
CA_01261,weed,களை மேலாண்மை,rice,நெல்,red,செம்மண்,"நெல் தொடர்பான முடிவை செம்மண், Tamil Nadu பகுதி, பருவம் மற்றும் பாசன வசதியை வைத்து எடுக்க வேண்டும். முதலில் மண் பரிசோதனை, சரியான விதை, நிலத் தயாரிப்பு மற்றும் நீர் மேலாண்மையை திட்டமிடுங்கள்."
CA_01262,weed,களை மேலாண்மை,rice,நெல்,black,கரிசல் மண்,"நெல் தொடர்பான முடிவை கரிசல் மண், Tamil Nadu பகுதி, பருவம் மற்றும் பாசன வசதியை வைத்து எடுக்க வேண்டும். முதலில் மண் பரிசோதனை, சரியான விதை, நிலத் தயாரிப்பு மற்றும் நீர் மேலாண்மையை திட்டமிடுங்கள்."
CA_01263,weed,களை மேலாண்மை,rice,நெல்,alluvial,வண்டல் மண்,"நெல் தொடர்பான முடிவை வண்டல் மண், Tamil Nadu பகுதி, பருவம் மற்றும் பாசன வசதியை வைத்து எடுக்க வேண்டும். முதலில் மண் பரிசோதனை, சரியான விதை, நிலத் தயாரிப்பு மற்றும் நீர் மேலாண்மையை திட்டமிடுங்கள்."
CA_01264,weed,களை மேலாண்மை,rice,நெல்,sandy,மணல் மண்,"நெல் தொடர்பான முடிவை மணல் மண், Tamil Nadu பகுதி, பருவம் மற்றும் பாசன வசதியை வைத்து எடுக்க வேண்டும். முதலில் மண் பரிசோதனை, சரியான விதை, நிலத் தயாரிப்பு மற்றும் நீர் மேலாண்மையை திட்டமிடுங்கள்."
CA_01265,weed,களை மேலாண்மை,rice,நெல்,clay,களிமண்,"நெல் தொடர்பான முடிவை களிமண், Tamil Nadu பகுதி, பருவம் மற்றும் பாசன வசதியை வைத்து எடுக்க வேண்டும். முதலில் மண் பரிசோதனை, சரியான விதை, நிலத் தயாரிப்பு மற்றும் நீர் மேலாண்மையை திட்டமிடுங்கள்."
CA_01266,weed,களை மேலாண்மை,rice,நெல்,loamy,கலப்பு மண்,"நெல் தொடர்பான முடிவை கலப்பு மண், Tamil Nadu பகுதி, பருவம் மற்றும் பாசன வசதியை வைத்து எடுக்க வேண்டும். முதலில் மண் பரிசோதனை, சரியான விதை, நிலத் தயாரிப்பு மற்றும் நீர் மேலாண்மையை திட்டமிடுங்கள்."
CA_01267,weed,களை மேலாண்மை,rice,நெல்,laterite,சரளை மண்,"நெல் தொடர்பான முடிவை சரளை மண், Tamil Nadu பகுதி, பருவம் மற்றும் பாசன வசதியை வைத்து எடுக்க வேண்டும். முதலில் மண் பரிசோதனை, சரியான விதை, நிலத் தயாரிப்பு மற்றும் நீர் மேலாண்மையை திட்டமிடுங்கள்."
CA_01268,weed,களை மேலாண்மை,banana,வாழை,red,செம்மண்,"வாழை தொடர்பான முடிவை செம்மண், Tamil Nadu பகுதி, பருவம் மற்றும் பாசன வசதியை வைத்து எடுக்க வேண்டும். முதலில் மண் பரிசோதனை, சரியான விதை, நிலத் தயாரிப்பு மற்றும் நீர் மேலாண்மையை திட்டமிடுங்கள்."
CA_01269,weed,களை மேலாண்மை,banana,வாழை,black,கரிசல் மண்,"வாழை தொடர்பான முடிவை கரிசல் மண், Tamil Nadu பகுதி, பருவம் மற்றும் பாசன வசதியை வைத்து எடுக்க வேண்டும். முதலில் மண் பரிசோதனை, சரியான விதை, நிலத் தயாரிப்பு மற்றும் நீர் மேலாண்மையை திட்டமிடுங்கள்."
CA_01270,weed,களை மேலாண்மை,banana,வாழை,alluvial,வண்டல் மண்,"வாழை தொடர்பான முடிவை வண்டல் மண், Tamil Nadu பகுதி, பருவம் மற்றும் பாசன வசதியை வைத்து எடுக்க வேண்டும். முதலில் மண் பரிசோதனை, சரியான விதை, நிலத் தயாரிப்பு மற்றும் நீர் மேலாண்மையை திட்டமிடுங்கள்."
CA_01271,weed,களை மேலாண்மை,banana,வாழை,sandy,மணல் மண்,"வாழை தொடர்பான முடிவை மணல் மண், Tamil Nadu பகுதி, பருவம் மற்றும் பாசன வசதியை வைத்து எடுக்க வேண்டும். முதலில் மண் பரிசோதனை, சரியான விதை, நிலத் தயாரிப்பு மற்றும் நீர் மேலாண்மையை திட்டமிடுங்கள்."
CA_01272,weed,களை மேலாண்மை,banana,வாழை,clay,களிமண்,"வாழை தொடர்பான முடிவை களிமண், Tamil Nadu பகுதி, பருவம் மற்றும் பாசன வசதியை வைத்து எடுக்க வேண்டும். முதலில் மண் பரிசோதனை, சரியான விதை, நிலத் தயாரிப்பு மற்றும் நீர் மேலாண்மையை திட்டமிடுங்கள்."
CA_01273,weed,களை மேலாண்மை,banana,வாழை,loamy,கலப்பு மண்,"வாழை தொடர்பான முடிவை கலப்பு மண், Tamil Nadu பகுதி, பருவம் மற்றும் பாசன வசதியை வைத்து எடுக்க வேண்டும். முதலில் மண் பரிசோதனை, சரியான விதை, நிலத் தயாரிப்பு மற்றும் நீர் மேலாண்மையை திட்டமிடுங்கள்."
CA_01274,weed,களை மேலாண்மை,banana,வாழை,laterite,சரளை மண்,"வாழை தொடர்பான முடிவை சரளை மண், Tamil Nadu பகுதி, பருவம் மற்றும் பாசன வசதியை வைத்து எடுக்க வேண்டும். முதலில் மண் பரிசோதனை, சரியான விதை, நிலத் தயாரிப்பு மற்றும் நீர் மேலாண்மையை திட்டமிடுங்கள்."
CA_01275,weed,களை மேலாண்மை,sugarcane,கரும்பு,red,செம்மண்,"கரும்பு தொடர்பான முடிவை செம்மண், Tamil Nadu பகுதி, பருவம் மற்றும் பாசன வசதியை வைத்து எடுக்க வேண்டும். முதலில் மண் பரிசோதனை, சரியான விதை, நிலத் தயாரிப்பு மற்றும் நீர் மேலாண்மையை திட்டமிடுங்கள்."
CA_01276,weed,களை மேலாண்மை,sugarcane,கரும்பு,black,கரிசல் மண்,"கரும்பு தொடர்பான முடிவை கரிசல் மண், Tamil Nadu பகுதி, பருவம் மற்றும் பாசன வசதியை வைத்து எடுக்க வேண்டும். முதலில் மண் பரிசோதனை, சரியான விதை, நிலத் தயாரிப்பு மற்றும் நீர் மேலாண்மையை திட்டமிடுங்கள்."
CA_01277,weed,களை மேலாண்மை,sugarcane,கரும்பு,alluvial,வண்டல் மண்,"கரும்பு தொடர்பான முடிவை வண்டல் மண், Tamil Nadu பகுதி, பருவம் மற்றும் பாசன வசதியை வைத்து எடுக்க வேண்டும். முதலில் மண் பரிசோதனை, சரியான விதை, நிலத் தயாரிப்பு மற்றும் நீர் மேலாண்மையை திட்டமிடுங்கள்."
CA_01278,weed,களை மேலாண்மை,sugarcane,கரும்பு,sandy,மணல் மண்,"கரும்பு தொடர்பான முடிவை மணல் மண், Tamil Nadu பகுதி, பருவம் மற்றும் பாசன வசதியை வைத்து எடுக்க வேண்டும். முதலில் மண் பரிசோதனை, சரியான விதை, நிலத் தயாரிப்பு மற்றும் நீர் மேலாண்மையை திட்டமிடுங்கள்."
CA_01279,weed,களை மேலாண்மை,sugarcane,கரும்பு,clay,களிமண்,"கரும்பு தொடர்பான முடிவை களிமண், Tamil Nadu பகுதி, பருவம் மற்றும் பாசன வசதியை வைத்து எடுக்க வேண்டும். முதலில் மண் பரிசோதனை, சரியான விதை, நிலத் தயாரிப்பு மற்றும் நீர் மேலாண்மையை திட்டமிடுங்கள்."
CA_01280,weed,களை மேலாண்மை,sugarcane,கரும்பு,loamy,கலப்பு மண்,"கரும்பு தொடர்பான முடிவை கலப்பு மண், Tamil Nadu பகுதி, பருவம் மற்றும் பாசன வசதியை வைத்து எடுக்க வேண்டும். முதலில் மண் பரிசோதனை, சரியான விதை, நிலத் தயாரிப்பு மற்றும் நீர் மேலாண்மையை திட்டமிடுங்கள்."
CA_01281,weed,களை மேலாண்மை,sugarcane,கரும்பு,laterite,சரளை மண்,"கரும்பு தொடர்பான முடிவை சரளை மண், Tamil Nadu பகுதி, பருவம் மற்றும் பாசன வசதியை வைத்து எடுக்க வேண்டும். முதலில் மண் பரிசோதனை, சரியான விதை, நிலத் தயாரிப்பு மற்றும் நீர் மேலாண்மையை திட்டமிடுங்கள்."
CA_01282,weed,களை மேலாண்மை,cotton,பருத்தி,red,செம்மண்,"பருத்தி தொடர்பான முடிவை செம்மண், Tamil Nadu பகுதி, பருவம் மற்றும் பாசன வசதியை வைத்து எடுக்க வேண்டும். முதலில் மண் பரிசோதனை, சரியான விதை, நிலத் தயாரிப்பு மற்றும் நீர் மேலாண்மையை திட்டமிடுங்கள்."
CA_01283,weed,களை மேலாண்மை,cotton,பருத்தி,black,கரிசல் மண்,"பருத்தி தொடர்பான முடிவை கரிசல் மண், Tamil Nadu பகுதி, பருவம் மற்றும் பாசன வசதியை வைத்து எடுக்க வேண்டும். முதலில் மண் பரிசோதனை, சரியான விதை, நிலத் தயாரிப்பு மற்றும் நீர் மேலாண்மையை திட்டமிடுங்கள்."
CA_01284,weed,களை மேலாண்மை,cotton,பருத்தி,alluvial,வண்டல் மண்,"பருத்தி தொடர்பான முடிவை வண்டல் மண், Tamil Nadu பகுதி, பருவம் மற்றும் பாசன வசதியை வைத்து எடுக்க வேண்டும். முதலில் மண் பரிசோதனை, சரியான விதை, நிலத் தயாரிப்பு மற்றும் நீர் மேலாண்மையை திட்டமிடுங்கள்."
CA_01285,weed,களை மேலாண்மை,cotton,பருத்தி,sandy,மணல் மண்,"பருத்தி தொடர்பான முடிவை மணல் மண், Tamil Nadu பகுதி, பருவம் மற்றும் பாசன வசதியை வைத்து எடுக்க வேண்டும். முதலில் மண் பரிசோதனை, சரியான விதை, நிலத் தயாரிப்பு மற்றும் நீர் மேலாண்மையை திட்டமிடுங்கள்."
CA_01286,weed,களை மேலாண்மை,cotton,பருத்தி,clay,களிமண்,"பருத்தி தொடர்பான முடிவை களிமண், Tamil Nadu பகுதி, பருவம் மற்றும் பாசன வசதியை வைத்து எடுக்க வேண்டும். முதலில் மண் பரிசோதனை, சரியான விதை, நிலத் தயாரிப்பு மற்றும் நீர் மேலாண்மையை திட்டமிடுங்கள்."
CA_01287,weed,களை மேலாண்மை,cotton,பருத்தி,loamy,கலப்பு மண்,"பருத்தி தொடர்பான முடிவை கலப்பு மண், Tamil Nadu பகுதி, பருவம் மற்றும் பாசன வசதியை வைத்து எடுக்க வேண்டும். முதலில் மண் பரிசோதனை, சரியான விதை, நிலத் தயாரிப்பு மற்றும் நீர் மேலாண்மையை திட்டமிடுங்கள்."
CA_01288,weed,களை மேலாண்மை,cotton,பருத்தி,laterite,சரளை மண்,"பருத்தி தொடர்பான முடிவை சரளை மண், Tamil Nadu பகுதி, பருவம் மற்றும் பாசன வசதியை வைத்து எடுக்க வேண்டும். முதலில் மண் பரிசோதனை, சரியான விதை, நிலத் தயாரிப்பு மற்றும் நீர் மேலாண்மையை திட்டமிடுங்கள்."
CA_01289,weed,களை மேலாண்மை,groundnut,நிலக்கடலை,red,செம்மண்,"நிலக்கடலை தொடர்பான முடிவை செம்மண், Tamil Nadu பகுதி, பருவம் மற்றும் பாசன வசதியை வைத்து எடுக்க வேண்டும். முதலில் மண் பரிசோதனை, சரியான விதை, நிலத் தயாரிப்பு மற்றும் நீர் மேலாண்மையை திட்டமிடுங்கள்."
CA_01290,weed,களை மேலாண்மை,groundnut,நிலக்கடலை,black,கரிசல் மண்,"நிலக்கடலை தொடர்பான முடிவை கரிசல் மண், Tamil Nadu பகுதி, பருவம் மற்றும் பாசன வசதியை வைத்து எடுக்க வேண்டும். முதலில் மண் பரிசோதனை, சரியான விதை, நிலத் தயாரிப்பு மற்றும் நீர் மேலாண்மையை திட்டமிடுங்கள்."
CA_01291,weed,களை மேலாண்மை,groundnut,நிலக்கடலை,alluvial,வண்டல் மண்,"நிலக்கடலை தொடர்பான முடிவை வண்டல் மண், Tamil Nadu பகுதி, பருவம் மற்றும் பாசன வசதியை வைத்து எடுக்க வேண்டும். முதலில் மண் பரிசோதனை, சரியான விதை, நிலத் தயாரிப்பு மற்றும் நீர் மேலாண்மையை திட்டமிடுங்கள்."
CA_01292,weed,களை மேலாண்மை,groundnut,நிலக்கடலை,sandy,மணல் மண்,"நிலக்கடலை தொடர்பான முடிவை மணல் மண், Tamil Nadu பகுதி, பருவம் மற்றும் பாசன வசதியை வைத்து எடுக்க வேண்டும். முதலில் மண் பரிசோதனை, சரியான விதை, நிலத் தயாரிப்பு மற்றும் நீர் மேலாண்மையை திட்டமிடுங்கள்."
CA_01293,weed,களை மேலாண்மை,groundnut,நிலக்கடலை,clay,களிமண்,"நிலக்கடலை தொடர்பான முடிவை களிமண், Tamil Nadu பகுதி, பருவம் மற்றும் பாசன வசதியை வைத்து எடுக்க வேண்டும். முதலில் மண் பரிசோதனை, சரியான விதை, நிலத் தயாரிப்பு மற்றும் நீர் மேலாண்மையை திட்டமிடுங்கள்."
CA_01294,weed,களை மேலாண்மை,groundnut,நிலக்கடலை,loamy,கலப்பு மண்,"நிலக்கடலை தொடர்பான முடிவை கலப்பு மண், Tamil Nadu பகுதி, பருவம் மற்றும் பாசன வசதியை வைத்து எடுக்க வேண்டும். முதலில் மண் பரிசோதனை, சரியான விதை, நிலத் தயாரிப்பு மற்றும் நீர் மேலாண்மையை திட்டமிடுங்கள்."
CA_01295,weed,களை மேலாண்மை,groundnut,நிலக்கடலை,laterite,சரளை மண்,"நிலக்கடலை தொடர்பான முடிவை சரளை மண், Tamil Nadu பகுதி, பருவம் மற்றும் பாசன வசதியை வைத்து எடுக்க வேண்டும். முதலில் மண் பரிசோதனை, சரியான விதை, நிலத் தயாரிப்பு மற்றும் நீர் மேலாண்மையை திட்டமிடுங்கள்."
CA_01296,weed,களை மேலாண்மை,maize,மக்காச்சோளம்,red,செம்மண்,"மக்காச்சோளம் தொடர்பான முடிவை செம்மண், Tamil Nadu பகுதி, பருவம் மற்றும் பாசன வசதியை வைத்து எடுக்க வேண்டும். முதலில் மண் பரிசோதனை, சரியான விதை, நிலத் தயாரிப்பு மற்றும் நீர் மேலாண்மையை திட்டமிடுங்கள்."
CA_01297,weed,களை மேலாண்மை,maize,மக்காச்சோளம்,black,கரிசல் மண்,"மக்காச்சோளம் தொடர்பான முடிவை கரிசல் மண், Tamil Nadu பகுதி, பருவம் மற்றும் பாசன வசதியை வைத்து எடுக்க வேண்டும். முதலில் மண் பரிசோதனை, சரியான விதை, நிலத் தயாரிப்பு மற்றும் நீர் மேலாண்மையை திட்டமிடுங்கள்."
CA_01298,weed,களை மேலாண்மை,maize,மக்காச்சோளம்,alluvial,வண்டல் மண்,"மக்காச்சோளம் தொடர்பான முடிவை வண்டல் மண், Tamil Nadu பகுதி, பருவம் மற்றும் பாசன வசதியை வைத்து எடுக்க வேண்டும். முதலில் மண் பரிசோதனை, சரியான விதை, நிலத் தயாரிப்பு மற்றும் நீர் மேலாண்மையை திட்டமிடுங்கள்."
CA_01299,weed,களை மேலாண்மை,maize,மக்காச்சோளம்,sandy,மணல் மண்,"மக்காச்சோளம் தொடர்பான முடிவை மணல் மண், Tamil Nadu பகுதி, பருவம் மற்றும் பாசன வசதியை வைத்து எடுக்க வேண்டும். முதலில் மண் பரிசோதனை, சரியான விதை, நிலத் தயாரிப்பு மற்றும் நீர் மேலாண்மையை திட்டமிடுங்கள்."
CA_01300,weed,களை மேலாண்மை,maize,மக்காச்சோளம்,clay,களிமண்,"மக்காச்சோளம் தொடர்பான முடிவை களிமண், Tamil Nadu பகுதி, பருவம் மற்றும் பாசன வசதியை வைத்து எடுக்க வேண்டும். முதலில் மண் பரிசோதனை, சரியான விதை, நிலத் தயாரிப்பு மற்றும் நீர் மேலாண்மையை திட்டமிடுங்கள்."
CA_01301,weed,களை மேலாண்மை,maize,மக்காச்சோளம்,loamy,கலப்பு மண்,"மக்காச்சோளம் தொடர்பான முடிவை கலப்பு மண், Tamil Nadu பகுதி, பருவம் மற்றும் பாசன வசதியை வைத்து எடுக்க வேண்டும். முதலில் மண் பரிசோதனை, சரியான விதை, நிலத் தயாரிப்பு மற்றும் நீர் மேலாண்மையை திட்டமிடுங்கள்."
CA_01302,weed,களை மேலாண்மை,maize,மக்காச்சோளம்,laterite,சரளை மண்,"மக்காச்சோளம் தொடர்பான முடிவை சரளை மண், Tamil Nadu பகுதி, பருவம் மற்றும் பாசன வசதியை வைத்து எடுக்க வேண்டும். முதலில் மண் பரிசோதனை, சரியான விதை, நிலத் தயாரிப்பு மற்றும் நீர் மேலாண்மையை திட்டமிடுங்கள்."
CA_01303,weed,களை மேலாண்மை,millet,சிறுதானியம்,red,செம்மண்,"சிறுதானியம் தொடர்பான முடிவை செம்மண், Tamil Nadu பகுதி, பருவம் மற்றும் பாசன வசதியை வைத்து எடுக்க வேண்டும். முதலில் மண் பரிசோதனை, சரியான விதை, நிலத் தயாரிப்பு மற்றும் நீர் மேலாண்மையை திட்டமிடுங்கள்."
CA_01304,weed,களை மேலாண்மை,millet,சிறுதானியம்,black,கரிசல் மண்,"சிறுதானியம் தொடர்பான முடிவை கரிசல் மண், Tamil Nadu பகுதி, பருவம் மற்றும் பாசன வசதியை வைத்து எடுக்க வேண்டும். முதலில் மண் பரிசோதனை, சரியான விதை, நிலத் தயாரிப்பு மற்றும் நீர் மேலாண்மையை திட்டமிடுங்கள்."
CA_01305,weed,களை மேலாண்மை,millet,சிறுதானியம்,alluvial,வண்டல் மண்,"சிறுதானியம் தொடர்பான முடிவை வண்டல் மண், Tamil Nadu பகுதி, பருவம் மற்றும் பாசன வசதியை வைத்து எடுக்க வேண்டும். முதலில் மண் பரிசோதனை, சரியான விதை, நிலத் தயாரிப்பு மற்றும் நீர் மேலாண்மையை திட்டமிடுங்கள்."
CA_01306,weed,களை மேலாண்மை,millet,சிறுதானியம்,sandy,மணல் மண்,"சிறுதானியம் தொடர்பான முடிவை மணல் மண், Tamil Nadu பகுதி, பருவம் மற்றும் பாசன வசதியை வைத்து எடுக்க வேண்டும். முதலில் மண் பரிசோதனை, சரியான விதை, நிலத் தயாரிப்பு மற்றும் நீர் மேலாண்மையை திட்டமிடுங்கள்."
CA_01307,weed,களை மேலாண்மை,millet,சிறுதானியம்,clay,களிமண்,"சிறுதானியம் தொடர்பான முடிவை களிமண், Tamil Nadu பகுதி, பருவம் மற்றும் பாசன வசதியை வைத்து எடுக்க வேண்டும். முதலில் மண் பரிசோதனை, சரியான விதை, நிலத் தயாரிப்பு மற்றும் நீர் மேலாண்மையை திட்டமிடுங்கள்."
CA_01308,weed,களை மேலாண்மை,millet,சிறுதானியம்,loamy,கலப்பு மண்,"சிறுதானியம் தொடர்பான முடிவை கலப்பு மண், Tamil Nadu பகுதி, பருவம் மற்றும் பாசன வசதியை வைத்து எடுக்க வேண்டும். முதலில் மண் பரிசோதனை, சரியான விதை, நிலத் தயாரிப்பு மற்றும் நீர் மேலாண்மையை திட்டமிடுங்கள்."
CA_01309,weed,களை மேலாண்மை,millet,சிறுதானியம்,laterite,சரளை மண்,"சிறுதானியம் தொடர்பான முடிவை சரளை மண், Tamil Nadu பகுதி, பருவம் மற்றும் பாசன வசதியை வைத்து எடுக்க வேண்டும். முதலில் மண் பரிசோதனை, சரியான விதை, நிலத் தயாரிப்பு மற்றும் நீர் மேலாண்மையை திட்டமிடுங்கள்."
CA_01310,weed,களை மேலாண்மை,tomato,தக்காளி,red,செம்மண்,"தக்காளி தொடர்பான முடிவை செம்மண், Tamil Nadu பகுதி, பருவம் மற்றும் பாசன வசதியை வைத்து எடுக்க வேண்டும். முதலில் மண் பரிசோதனை, சரியான விதை, நிலத் தயாரிப்பு மற்றும் நீர் மேலாண்மையை திட்டமிடுங்கள்."
CA_01311,weed,களை மேலாண்மை,tomato,தக்காளி,black,கரிசல் மண்,"தக்காளி தொடர்பான முடிவை கரிசல் மண், Tamil Nadu பகுதி, பருவம் மற்றும் பாசன வசதியை வைத்து எடுக்க வேண்டும். முதலில் மண் பரிசோதனை, சரியான விதை, நிலத் தயாரிப்பு மற்றும் நீர் மேலாண்மையை திட்டமிடுங்கள்."
CA_01312,weed,களை மேலாண்மை,tomato,தக்காளி,alluvial,வண்டல் மண்,"தக்காளி தொடர்பான முடிவை வண்டல் மண், Tamil Nadu பகுதி, பருவம் மற்றும் பாசன வசதியை வைத்து எடுக்க வேண்டும். முதலில் மண் பரிசோதனை, சரியான விதை, நிலத் தயாரிப்பு மற்றும் நீர் மேலாண்மையை திட்டமிடுங்கள்."
CA_01313,weed,களை மேலாண்மை,tomato,தக்காளி,sandy,மணல் மண்,"தக்காளி தொடர்பான முடிவை மணல் மண், Tamil Nadu பகுதி, பருவம் மற்றும் பாசன வசதியை வைத்து எடுக்க வேண்டும். முதலில் மண் பரிசோதனை, சரியான விதை, நிலத் தயாரிப்பு மற்றும் நீர் மேலாண்மையை திட்டமிடுங்கள்."
CA_01314,weed,களை மேலாண்மை,tomato,தக்காளி,clay,களிமண்,"தக்காளி தொடர்பான முடிவை களிமண், Tamil Nadu பகுதி, பருவம் மற்றும் பாசன வசதியை வைத்து எடுக்க வேண்டும். முதலில் மண் பரிசோதனை, சரியான விதை, நிலத் தயாரிப்பு மற்றும் நீர் மேலாண்மையை திட்டமிடுங்கள்."
CA_01315,weed,களை மேலாண்மை,tomato,தக்காளி,loamy,கலப்பு மண்,"தக்காளி தொடர்பான முடிவை கலப்பு மண், Tamil Nadu பகுதி, பருவம் மற்றும் பாசன வசதியை வைத்து எடுக்க வேண்டும். முதலில் மண் பரிசோதனை, சரியான விதை, நிலத் தயாரிப்பு மற்றும் நீர் மேலாண்மையை திட்டமிடுங்கள்."
CA_01316,weed,களை மேலாண்மை,tomato,தக்காளி,laterite,சரளை மண்,"தக்காளி தொடர்பான முடிவை சரளை மண், Tamil Nadu பகுதி, பருவம் மற்றும் பாசன வசதியை வைத்து எடுக்க வேண்டும். முதலில் மண் பரிசோதனை, சரியான விதை, நிலத் தயாரிப்பு மற்றும் நீர் மேலாண்மையை திட்டமிடுங்கள்."
CA_01317,weed,களை மேலாண்மை,chilli,மிளகாய்,red,செம்மண்,"மிளகாய் தொடர்பான முடிவை செம்மண், Tamil Nadu பகுதி, பருவம் மற்றும் பாசன வசதியை வைத்து எடுக்க வேண்டும். முதலில் மண் பரிசோதனை, சரியான விதை, நிலத் தயாரிப்பு மற்றும் நீர் மேலாண்மையை திட்டமிடுங்கள்."
CA_01318,weed,களை மேலாண்மை,chilli,மிளகாய்,black,கரிசல் மண்,"மிளகாய் தொடர்பான முடிவை கரிசல் மண், Tamil Nadu பகுதி, பருவம் மற்றும் பாசன வசதியை வைத்து எடுக்க வேண்டும். முதலில் மண் பரிசோதனை, சரியான விதை, நிலத் தயாரிப்பு மற்றும் நீர் மேலாண்மையை திட்டமிடுங்கள்."
CA_01319,weed,களை மேலாண்மை,chilli,மிளகாய்,alluvial,வண்டல் மண்,"மிளகாய் தொடர்பான முடிவை வண்டல் மண், Tamil Nadu பகுதி, பருவம் மற்றும் பாசன வசதியை வைத்து எடுக்க வேண்டும். முதலில் மண் பரிசோதனை, சரியான விதை, நிலத் தயாரிப்பு மற்றும் நீர் மேலாண்மையை திட்டமிடுங்கள்."
CA_01320,weed,களை மேலாண்மை,chilli,மிளகாய்,sandy,மணல் மண்,"மிளகாய் தொடர்பான முடிவை மணல் மண், Tamil Nadu பகுதி, பருவம் மற்றும் பாசன வசதியை வைத்து எடுக்க வேண்டும். முதலில் மண் பரிசோதனை, சரியான விதை, நிலத் தயாரிப்பு மற்றும் நீர் மேலாண்மையை திட்டமிடுங்கள்."
CA_01321,weed,களை மேலாண்மை,chilli,மிளகாய்,clay,களிமண்,"மிளகாய் தொடர்பான முடிவை களிமண், Tamil Nadu பகுதி, பருவம் மற்றும் பாசன வசதியை வைத்து எடுக்க வேண்டும். முதலில் மண் பரிசோதனை, சரியான விதை, நிலத் தயாரிப்பு மற்றும் நீர் மேலாண்மையை திட்டமிடுங்கள்."
CA_01322,weed,களை மேலாண்மை,chilli,மிளகாய்,loamy,கலப்பு மண்,"மிளகாய் தொடர்பான முடிவை கலப்பு மண், Tamil Nadu பகுதி, பருவம் மற்றும் பாசன வசதியை வைத்து எடுக்க வேண்டும். முதலில் மண் பரிசோதனை, சரியான விதை, நிலத் தயாரிப்பு மற்றும் நீர் மேலாண்மையை திட்டமிடுங்கள்."
CA_01323,weed,களை மேலாண்மை,chilli,மிளகாய்,laterite,சரளை மண்,"மிளகாய் தொடர்பான முடிவை சரளை மண், Tamil Nadu பகுதி, பருவம் மற்றும் பாசன வசதியை வைத்து எடுக்க வேண்டும். முதலில் மண் பரிசோதனை, சரியான விதை, நிலத் தயாரிப்பு மற்றும் நீர் மேலாண்மையை திட்டமிடுங்கள்."
CA_01324,weed,களை மேலாண்மை,onion,வெங்காயம்,red,செம்மண்,"வெங்காயம் தொடர்பான முடிவை செம்மண், Tamil Nadu பகுதி, பருவம் மற்றும் பாசன வசதியை வைத்து எடுக்க வேண்டும். முதலில் மண் பரிசோதனை, சரியான விதை, நிலத் தயாரிப்பு மற்றும் நீர் மேலாண்மையை திட்டமிடுங்கள்."
CA_01325,weed,களை மேலாண்மை,onion,வெங்காயம்,black,கரிசல் மண்,"வெங்காயம் தொடர்பான முடிவை கரிசல் மண், Tamil Nadu பகுதி, பருவம் மற்றும் பாசன வசதியை வைத்து எடுக்க வேண்டும். முதலில் மண் பரிசோதனை, சரியான விதை, நிலத் தயாரிப்பு மற்றும் நீர் மேலாண்மையை திட்டமிடுங்கள்."
CA_01326,weed,களை மேலாண்மை,onion,வெங்காயம்,alluvial,வண்டல் மண்,"வெங்காயம் தொடர்பான முடிவை வண்டல் மண், Tamil Nadu பகுதி, பருவம் மற்றும் பாசன வசதியை வைத்து எடுக்க வேண்டும். முதலில் மண் பரிசோதனை, சரியான விதை, நிலத் தயாரிப்பு மற்றும் நீர் மேலாண்மையை திட்டமிடுங்கள்."
CA_01327,weed,களை மேலாண்மை,onion,வெங்காயம்,sandy,மணல் மண்,"வெங்காயம் தொடர்பான முடிவை மணல் மண், Tamil Nadu பகுதி, பருவம் மற்றும் பாசன வசதியை வைத்து எடுக்க வேண்டும். முதலில் மண் பரிசோதனை, சரியான விதை, நிலத் தயாரிப்பு மற்றும் நீர் மேலாண்மையை திட்டமிடுங்கள்."
CA_01328,weed,களை மேலாண்மை,onion,வெங்காயம்,clay,களிமண்,"வெங்காயம் தொடர்பான முடிவை களிமண், Tamil Nadu பகுதி, பருவம் மற்றும் பாசன வசதியை வைத்து எடுக்க வேண்டும். முதலில் மண் பரிசோதனை, சரியான விதை, நிலத் தயாரிப்பு மற்றும் நீர் மேலாண்மையை திட்டமிடுங்கள்."
CA_01329,weed,களை மேலாண்மை,onion,வெங்காயம்,loamy,கலப்பு மண்,"வெங்காயம் தொடர்பான முடிவை கலப்பு மண், Tamil Nadu பகுதி, பருவம் மற்றும் பாசன வசதியை வைத்து எடுக்க வேண்டும். முதலில் மண் பரிசோதனை, சரியான விதை, நிலத் தயாரிப்பு மற்றும் நீர் மேலாண்மையை திட்டமிடுங்கள்."
CA_01330,weed,களை மேலாண்மை,onion,வெங்காயம்,laterite,சரளை மண்,"வெங்காயம் தொடர்பான முடிவை சரளை மண், Tamil Nadu பகுதி, பருவம் மற்றும் பாசன வசதியை வைத்து எடுக்க வேண்டும். முதலில் மண் பரிசோதனை, சரியான விதை, நிலத் தயாரிப்பு மற்றும் நீர் மேலாண்மையை திட்டமிடுங்கள்."
CA_01331,weed,களை மேலாண்மை,turmeric,மஞ்சள்,red,செம்மண்,"மஞ்சள் தொடர்பான முடிவை செம்மண், Tamil Nadu பகுதி, பருவம் மற்றும் பாசன வசதியை வைத்து எடுக்க வேண்டும். முதலில் மண் பரிசோதனை, சரியான விதை, நிலத் தயாரிப்பு மற்றும் நீர் மேலாண்மையை திட்டமிடுங்கள்."
CA_01332,weed,களை மேலாண்மை,turmeric,மஞ்சள்,black,கரிசல் மண்,"மஞ்சள் தொடர்பான முடிவை கரிசல் மண், Tamil Nadu பகுதி, பருவம் மற்றும் பாசன வசதியை வைத்து எடுக்க வேண்டும். முதலில் மண் பரிசோதனை, சரியான விதை, நிலத் தயாரிப்பு மற்றும் நீர் மேலாண்மையை திட்டமிடுங்கள்."
CA_01333,weed,களை மேலாண்மை,turmeric,மஞ்சள்,alluvial,வண்டல் மண்,"மஞ்சள் தொடர்பான முடிவை வண்டல் மண், Tamil Nadu பகுதி, பருவம் மற்றும் பாசன வசதியை வைத்து எடுக்க வேண்டும். முதலில் மண் பரிசோதனை, சரியான விதை, நிலத் தயாரிப்பு மற்றும் நீர் மேலாண்மையை திட்டமிடுங்கள்."
CA_01334,weed,களை மேலாண்மை,turmeric,மஞ்சள்,sandy,மணல் மண்,"மஞ்சள் தொடர்பான முடிவை மணல் மண், Tamil Nadu பகுதி, பருவம் மற்றும் பாசன வசதியை வைத்து எடுக்க வேண்டும். முதலில் மண் பரிசோதனை, சரியான விதை, நிலத் தயாரிப்பு மற்றும் நீர் மேலாண்மையை திட்டமிடுங்கள்."
CA_01335,weed,களை மேலாண்மை,turmeric,மஞ்சள்,clay,களிமண்,"மஞ்சள் தொடர்பான முடிவை களிமண், Tamil Nadu பகுதி, பருவம் மற்றும் பாசன வசதியை வைத்து எடுக்க வேண்டும். முதலில் மண் பரிசோதனை, சரியான விதை, நிலத் தயாரிப்பு மற்றும் நீர் மேலாண்மையை திட்டமிடுங்கள்."
CA_01336,weed,களை மேலாண்மை,turmeric,மஞ்சள்,loamy,கலப்பு மண்,"மஞ்சள் தொடர்பான முடிவை கலப்பு மண், Tamil Nadu பகுதி, பருவம் மற்றும் பாசன வசதியை வைத்து எடுக்க வேண்டும். முதலில் மண் பரிசோதனை, சரியான விதை, நிலத் தயாரிப்பு மற்றும் நீர் மேலாண்மையை திட்டமிடுங்கள்."
CA_01337,weed,களை மேலாண்மை,turmeric,மஞ்சள்,laterite,சரளை மண்,"மஞ்சள் தொடர்பான முடிவை சரளை மண், Tamil Nadu பகுதி, பருவம் மற்றும் பாசன வசதியை வைத்து எடுக்க வேண்டும். முதலில் மண் பரிசோதனை, சரியான விதை, நிலத் தயாரிப்பு மற்றும் நீர் மேலாண்மையை திட்டமிடுங்கள்."
CA_01338,weed,களை மேலாண்மை,brinjal,கத்தரிக்காய்,red,செம்மண்,"கத்தரிக்காய் தொடர்பான முடிவை செம்மண், Tamil Nadu பகுதி, பருவம் மற்றும் பாசன வசதியை வைத்து எடுக்க வேண்டும். முதலில் மண் பரிசோதனை, சரியான விதை, நிலத் தயாரிப்பு மற்றும் நீர் மேலாண்மையை திட்டமிடுங்கள்."
CA_01339,weed,களை மேலாண்மை,brinjal,கத்தரிக்காய்,black,கரிசல் மண்,"கத்தரிக்காய் தொடர்பான முடிவை கரிசல் மண், Tamil Nadu பகுதி, பருவம் மற்றும் பாசன வசதியை வைத்து எடுக்க வேண்டும். முதலில் மண் பரிசோதனை, சரியான விதை, நிலத் தயாரிப்பு மற்றும் நீர் மேலாண்மையை திட்டமிடுங்கள்."
CA_01340,weed,களை மேலாண்மை,brinjal,கத்தரிக்காய்,alluvial,வண்டல் மண்,"கத்தரிக்காய் தொடர்பான முடிவை வண்டல் மண், Tamil Nadu பகுதி, பருவம் மற்றும் பாசன வசதியை வைத்து எடுக்க வேண்டும். முதலில் மண் பரிசோதனை, சரியான விதை, நிலத் தயாரிப்பு மற்றும் நீர் மேலாண்மையை திட்டமிடுங்கள்."
CA_01341,weed,களை மேலாண்மை,brinjal,கத்தரிக்காய்,sandy,மணல் மண்,"கத்தரிக்காய் தொடர்பான முடிவை மணல் மண், Tamil Nadu பகுதி, பருவம் மற்றும் பாசன வசதியை வைத்து எடுக்க வேண்டும். முதலில் மண் பரிசோதனை, சரியான விதை, நிலத் தயாரிப்பு மற்றும் நீர் மேலாண்மையை திட்டமிடுங்கள்."
CA_01342,weed,களை மேலாண்மை,brinjal,கத்தரிக்காய்,clay,களிமண்,"கத்தரிக்காய் தொடர்பான முடிவை களிமண், Tamil Nadu பகுதி, பருவம் மற்றும் பாசன வசதியை வைத்து எடுக்க வேண்டும். முதலில் மண் பரிசோதனை, சரியான விதை, நிலத் தயாரிப்பு மற்றும் நீர் மேலாண்மையை திட்டமிடுங்கள்."
CA_01343,weed,களை மேலாண்மை,brinjal,கத்தரிக்காய்,loamy,கலப்பு மண்,"கத்தரிக்காய் தொடர்பான முடிவை கலப்பு மண், Tamil Nadu பகுதி, பருவம் மற்றும் பாசன வசதியை வைத்து எடுக்க வேண்டும். முதலில் மண் பரிசோதனை, சரியான விதை, நிலத் தயாரிப்பு மற்றும் நீர் மேலாண்மையை திட்டமிடுங்கள்."
CA_01344,weed,களை மேலாண்மை,brinjal,கத்தரிக்காய்,laterite,சரளை மண்,"கத்தரிக்காய் தொடர்பான முடிவை சரளை மண், Tamil Nadu பகுதி, பருவம் மற்றும் பாசன வசதியை வைத்து எடுக்க வேண்டும். முதலில் மண் பரிசோதனை, சரியான விதை, நிலத் தயாரிப்பு மற்றும் நீர் மேலாண்மையை திட்டமிடுங்கள்."
CA_01345,weed,களை மேலாண்மை,okra,வெண்டைக்காய்,red,செம்மண்,"வெண்டைக்காய் தொடர்பான முடிவை செம்மண், Tamil Nadu பகுதி, பருவம் மற்றும் பாசன வசதியை வைத்து எடுக்க வேண்டும். முதலில் மண் பரிசோதனை, சரியான விதை, நிலத் தயாரிப்பு மற்றும் நீர் மேலாண்மையை திட்டமிடுங்கள்."
CA_01346,weed,களை மேலாண்மை,okra,வெண்டைக்காய்,black,கரிசல் மண்,"வெண்டைக்காய் தொடர்பான முடிவை கரிசல் மண், Tamil Nadu பகுதி, பருவம் மற்றும் பாசன வசதியை வைத்து எடுக்க வேண்டும். முதலில் மண் பரிசோதனை, சரியான விதை, நிலத் தயாரிப்பு மற்றும் நீர் மேலாண்மையை திட்டமிடுங்கள்."
CA_01347,weed,களை மேலாண்மை,okra,வெண்டைக்காய்,alluvial,வண்டல் மண்,"வெண்டைக்காய் தொடர்பான முடிவை வண்டல் மண், Tamil Nadu பகுதி, பருவம் மற்றும் பாசன வசதியை வைத்து எடுக்க வேண்டும். முதலில் மண் பரிசோதனை, சரியான விதை, நிலத் தயாரிப்பு மற்றும் நீர் மேலாண்மையை திட்டமிடுங்கள்."
CA_01348,weed,களை மேலாண்மை,okra,வெண்டைக்காய்,sandy,மணல் மண்,"வெண்டைக்காய் தொடர்பான முடிவை மணல் மண், Tamil Nadu பகுதி, பருவம் மற்றும் பாசன வசதியை வைத்து எடுக்க வேண்டும். முதலில் மண் பரிசோதனை, சரியான விதை, நிலத் தயாரிப்பு மற்றும் நீர் மேலாண்மையை திட்டமிடுங்கள்."
CA_01349,weed,களை மேலாண்மை,okra,வெண்டைக்காய்,clay,களிமண்,"வெண்டைக்காய் தொடர்பான முடிவை களிமண், Tamil Nadu பகுதி, பருவம் மற்றும் பாசன வசதியை வைத்து எடுக்க வேண்டும். முதலில் மண் பரிசோதனை, சரியான விதை, நிலத் தயாரிப்பு மற்றும் நீர் மேலாண்மையை திட்டமிடுங்கள்."
CA_01350,weed,களை மேலாண்மை,okra,வெண்டைக்காய்,loamy,கலப்பு மண்,"வெண்டைக்காய் தொடர்பான முடிவை கலப்பு மண், Tamil Nadu பகுதி, பருவம் மற்றும் பாசன வசதியை வைத்து எடுக்க வேண்டும். முதலில் மண் பரிசோதனை, சரியான விதை, நிலத் தயாரிப்பு மற்றும் நீர் மேலாண்மையை திட்டமிடுங்கள்."
CA_01351,weed,களை மேலாண்மை,okra,வெண்டைக்காய்,laterite,சரளை மண்,"வெண்டைக்காய் தொடர்பான முடிவை சரளை மண், Tamil Nadu பகுதி, பருவம் மற்றும் பாசன வசதியை வைத்து எடுக்க வேண்டும். முதலில் மண் பரிசோதனை, சரியான விதை, நிலத் தயாரிப்பு மற்றும் நீர் மேலாண்மையை திட்டமிடுங்கள்."
CA_01352,weed,களை மேலாண்மை,coconut,தேங்காய்,red,செம்மண்,"தேங்காய் தொடர்பான முடிவை செம்மண், Tamil Nadu பகுதி, பருவம் மற்றும் பாசன வசதியை வைத்து எடுக்க வேண்டும். முதலில் மண் பரிசோதனை, சரியான விதை, நிலத் தயாரிப்பு மற்றும் நீர் மேலாண்மையை திட்டமிடுங்கள்."
CA_01353,weed,களை மேலாண்மை,coconut,தேங்காய்,black,கரிசல் மண்,"தேங்காய் தொடர்பான முடிவை கரிசல் மண், Tamil Nadu பகுதி, பருவம் மற்றும் பாசன வசதியை வைத்து எடுக்க வேண்டும். முதலில் மண் பரிசோதனை, சரியான விதை, நிலத் தயாரிப்பு மற்றும் நீர் மேலாண்மையை திட்டமிடுங்கள்."
CA_01354,weed,களை மேலாண்மை,coconut,தேங்காய்,alluvial,வண்டல் மண்,"தேங்காய் தொடர்பான முடிவை வண்டல் மண், Tamil Nadu பகுதி, பருவம் மற்றும் பாசன வசதியை வைத்து எடுக்க வேண்டும். முதலில் மண் பரிசோதனை, சரியான விதை, நிலத் தயாரிப்பு மற்றும் நீர் மேலாண்மையை திட்டமிடுங்கள்."
CA_01355,weed,களை மேலாண்மை,coconut,தேங்காய்,sandy,மணல் மண்,"தேங்காய் தொடர்பான முடிவை மணல் மண், Tamil Nadu பகுதி, பருவம் மற்றும் பாசன வசதியை வைத்து எடுக்க வேண்டும். முதலில் மண் பரிசோதனை, சரியான விதை, நிலத் தயாரிப்பு மற்றும் நீர் மேலாண்மையை திட்டமிடுங்கள்."
CA_01356,weed,களை மேலாண்மை,coconut,தேங்காய்,clay,களிமண்,"தேங்காய் தொடர்பான முடிவை களிமண், Tamil Nadu பகுதி, பருவம் மற்றும் பாசன வசதியை வைத்து எடுக்க வேண்டும். முதலில் மண் பரிசோதனை, சரியான விதை, நிலத் தயாரிப்பு மற்றும் நீர் மேலாண்மையை திட்டமிடுங்கள்."
CA_01357,weed,களை மேலாண்மை,coconut,தேங்காய்,loamy,கலப்பு மண்,"தேங்காய் தொடர்பான முடிவை கலப்பு மண், Tamil Nadu பகுதி, பருவம் மற்றும் பாசன வசதியை வைத்து எடுக்க வேண்டும். முதலில் மண் பரிசோதனை, சரியான விதை, நிலத் தயாரிப்பு மற்றும் நீர் மேலாண்மையை திட்டமிடுங்கள்."
CA_01358,weed,களை மேலாண்மை,coconut,தேங்காய்,laterite,சரளை மண்,"தேங்காய் தொடர்பான முடிவை சரளை மண், Tamil Nadu பகுதி, பருவம் மற்றும் பாசன வசதியை வைத்து எடுக்க வேண்டும். முதலில் மண் பரிசோதனை, சரியான விதை, நிலத் தயாரிப்பு மற்றும் நீர் மேலாண்மையை திட்டமிடுங்கள்."
CA_01359,weed,களை மேலாண்மை,pulses,பயறு,red,செம்மண்,"பயறு தொடர்பான முடிவை செம்மண், Tamil Nadu பகுதி, பருவம் மற்றும் பாசன வசதியை வைத்து எடுக்க வேண்டும். முதலில் மண் பரிசோதனை, சரியான விதை, நிலத் தயாரிப்பு மற்றும் நீர் மேலாண்மையை திட்டமிடுங்கள்."
CA_01360,weed,களை மேலாண்மை,pulses,பயறு,black,கரிசல் மண்,"பயறு தொடர்பான முடிவை கரிசல் மண், Tamil Nadu பகுதி, பருவம் மற்றும் பாசன வசதியை வைத்து எடுக்க வேண்டும். முதலில் மண் பரிசோதனை, சரியான விதை, நிலத் தயாரிப்பு மற்றும் நீர் மேலாண்மையை திட்டமிடுங்கள்."
CA_01361,weed,களை மேலாண்மை,pulses,பயறு,alluvial,வண்டல் மண்,"பயறு தொடர்பான முடிவை வண்டல் மண், Tamil Nadu பகுதி, பருவம் மற்றும் பாசன வசதியை வைத்து எடுக்க வேண்டும். முதலில் மண் பரிசோதனை, சரியான விதை, நிலத் தயாரிப்பு மற்றும் நீர் மேலாண்மையை திட்டமிடுங்கள்."
CA_01362,weed,களை மேலாண்மை,pulses,பயறு,sandy,மணல் மண்,"பயறு தொடர்பான முடிவை மணல் மண், Tamil Nadu பகுதி, பருவம் மற்றும் பாசன வசதியை வைத்து எடுக்க வேண்டும். முதலில் மண் பரிசோதனை, சரியான விதை, நிலத் தயாரிப்பு மற்றும் நீர் மேலாண்மையை திட்டமிடுங்கள்."
CA_01363,weed,களை மேலாண்மை,pulses,பயறு,clay,களிமண்,"பயறு தொடர்பான முடிவை களிமண், Tamil Nadu பகுதி, பருவம் மற்றும் பாசன வசதியை வைத்து எடுக்க வேண்டும். முதலில் மண் பரிசோதனை, சரியான விதை, நிலத் தயாரிப்பு மற்றும் நீர் மேலாண்மையை திட்டமிடுங்கள்."
CA_01364,weed,களை மேலாண்மை,pulses,பயறு,loamy,கலப்பு மண்,"பயறு தொடர்பான முடிவை கலப்பு மண், Tamil Nadu பகுதி, பருவம் மற்றும் பாசன வசதியை வைத்து எடுக்க வேண்டும். முதலில் மண் பரிசோதனை, சரியான விதை, நிலத் தயாரிப்பு மற்றும் நீர் மேலாண்மையை திட்டமிடுங்கள்."
CA_01365,weed,களை மேலாண்மை,pulses,பயறு,laterite,சரளை மண்,"பயறு தொடர்பான முடிவை சரளை மண், Tamil Nadu பகுதி, பருவம் மற்றும் பாசன வசதியை வைத்து எடுக்க வேண்டும். முதலில் மண் பரிசோதனை, சரியான விதை, நிலத் தயாரிப்பு மற்றும் நீர் மேலாண்மையை திட்டமிடுங்கள்."
CA_01366,weed,களை மேலாண்மை,sesame,எள்,red,செம்மண்,"எள் தொடர்பான முடிவை செம்மண், Tamil Nadu பகுதி, பருவம் மற்றும் பாசன வசதியை வைத்து எடுக்க வேண்டும். முதலில் மண் பரிசோதனை, சரியான விதை, நிலத் தயாரிப்பு மற்றும் நீர் மேலாண்மையை திட்டமிடுங்கள்."
CA_01367,weed,களை மேலாண்மை,sesame,எள்,black,கரிசல் மண்,"எள் தொடர்பான முடிவை கரிசல் மண், Tamil Nadu பகுதி, பருவம் மற்றும் பாசன வசதியை வைத்து எடுக்க வேண்டும். முதலில் மண் பரிசோதனை, சரியான விதை, நிலத் தயாரிப்பு மற்றும் நீர் மேலாண்மையை திட்டமிடுங்கள்."
CA_01368,weed,களை மேலாண்மை,sesame,எள்,alluvial,வண்டல் மண்,"எள் தொடர்பான முடிவை வண்டல் மண், Tamil Nadu பகுதி, பருவம் மற்றும் பாசன வசதியை வைத்து எடுக்க வேண்டும். முதலில் மண் பரிசோதனை, சரியான விதை, நிலத் தயாரிப்பு மற்றும் நீர் மேலாண்மையை திட்டமிடுங்கள்."
CA_01369,weed,களை மேலாண்மை,sesame,எள்,sandy,மணல் மண்,"எள் தொடர்பான முடிவை மணல் மண், Tamil Nadu பகுதி, பருவம் மற்றும் பாசன வசதியை வைத்து எடுக்க வேண்டும். முதலில் மண் பரிசோதனை, சரியான விதை, நிலத் தயாரிப்பு மற்றும் நீர் மேலாண்மையை திட்டமிடுங்கள்."
CA_01370,weed,களை மேலாண்மை,sesame,எள்,clay,களிமண்,"எள் தொடர்பான முடிவை களிமண், Tamil Nadu பகுதி, பருவம் மற்றும் பாசன வசதியை வைத்து எடுக்க வேண்டும். முதலில் மண் பரிசோதனை, சரியான விதை, நிலத் தயாரிப்பு மற்றும் நீர் மேலாண்மையை திட்டமிடுங்கள்."
CA_01371,weed,களை மேலாண்மை,sesame,எள்,loamy,கலப்பு மண்,"எள் தொடர்பான முடிவை கலப்பு மண், Tamil Nadu பகுதி, பருவம் மற்றும் பாசன வசதியை வைத்து எடுக்க வேண்டும். முதலில் மண் பரிசோதனை, சரியான விதை, நிலத் தயாரிப்பு மற்றும் நீர் மேலாண்மையை திட்டமிடுங்கள்."
CA_01372,weed,களை மேலாண்மை,sesame,எள்,laterite,சரளை மண்,"எள் தொடர்பான முடிவை சரளை மண், Tamil Nadu பகுதி, பருவம் மற்றும் பாசன வசதியை வைத்து எடுக்க வேண்டும். முதலில் மண் பரிசோதனை, சரியான விதை, நிலத் தயாரிப்பு மற்றும் நீர் மேலாண்மையை திட்டமிடுங்கள்."
CA_01373,weed,களை மேலாண்மை,tapioca,மரவள்ளி,red,செம்மண்,"மரவள்ளி தொடர்பான முடிவை செம்மண், Tamil Nadu பகுதி, பருவம் மற்றும் பாசன வசதியை வைத்து எடுக்க வேண்டும். முதலில் மண் பரிசோதனை, சரியான விதை, நிலத் தயாரிப்பு மற்றும் நீர் மேலாண்மையை திட்டமிடுங்கள்."
CA_01374,weed,களை மேலாண்மை,tapioca,மரவள்ளி,black,கரிசல் மண்,"மரவள்ளி தொடர்பான முடிவை கரிசல் மண், Tamil Nadu பகுதி, பருவம் மற்றும் பாசன வசதியை வைத்து எடுக்க வேண்டும். முதலில் மண் பரிசோதனை, சரியான விதை, நிலத் தயாரிப்பு மற்றும் நீர் மேலாண்மையை திட்டமிடுங்கள்."
CA_01375,weed,களை மேலாண்மை,tapioca,மரவள்ளி,alluvial,வண்டல் மண்,"மரவள்ளி தொடர்பான முடிவை வண்டல் மண், Tamil Nadu பகுதி, பருவம் மற்றும் பாசன வசதியை வைத்து எடுக்க வேண்டும். முதலில் மண் பரிசோதனை, சரியான விதை, நிலத் தயாரிப்பு மற்றும் நீர் மேலாண்மையை திட்டமிடுங்கள்."
CA_01376,weed,களை மேலாண்மை,tapioca,மரவள்ளி,sandy,மணல் மண்,"மரவள்ளி தொடர்பான முடிவை மணல் மண், Tamil Nadu பகுதி, பருவம் மற்றும் பாசன வசதியை வைத்து எடுக்க வேண்டும். முதலில் மண் பரிசோதனை, சரியான விதை, நிலத் தயாரிப்பு மற்றும் நீர் மேலாண்மையை திட்டமிடுங்கள்."
CA_01377,weed,களை மேலாண்மை,tapioca,மரவள்ளி,clay,களிமண்,"மரவள்ளி தொடர்பான முடிவை களிமண், Tamil Nadu பகுதி, பருவம் மற்றும் பாசன வசதியை வைத்து எடுக்க வேண்டும். முதலில் மண் பரிசோதனை, சரியான விதை, நிலத் தயாரிப்பு மற்றும் நீர் மேலாண்மையை திட்டமிடுங்கள்."
CA_01378,weed,களை மேலாண்மை,tapioca,மரவள்ளி,loamy,கலப்பு மண்,"மரவள்ளி தொடர்பான முடிவை கலப்பு மண், Tamil Nadu பகுதி, பருவம் மற்றும் பாசன வசதியை வைத்து எடுக்க வேண்டும். முதலில் மண் பரிசோதனை, சரியான விதை, நிலத் தயாரிப்பு மற்றும் நீர் மேலாண்மையை திட்டமிடுங்கள்."
CA_01379,weed,களை மேலாண்மை,tapioca,மரவள்ளி,laterite,சரளை மண்,"மரவள்ளி தொடர்பான முடிவை சரளை மண், Tamil Nadu பகுதி, பருவம் மற்றும் பாசன வசதியை வைத்து எடுக்க வேண்டும். முதலில் மண் பரிசோதனை, சரியான விதை, நிலத் தயாரிப்பு மற்றும் நீர் மேலாண்மையை திட்டமிடுங்கள்."
CA_01380,weed,களை மேலாண்மை,drumstick,முருங்கை,red,செம்மண்,"முருங்கை தொடர்பான முடிவை செம்மண், Tamil Nadu பகுதி, பருவம் மற்றும் பாசன வசதியை வைத்து எடுக்க வேண்டும். முதலில் மண் பரிசோதனை, சரியான விதை, நிலத் தயாரிப்பு மற்றும் நீர் மேலாண்மையை திட்டமிடுங்கள்."
CA_01381,weed,களை மேலாண்மை,drumstick,முருங்கை,black,கரிசல் மண்,"முருங்கை தொடர்பான முடிவை கரிசல் மண், Tamil Nadu பகுதி, பருவம் மற்றும் பாசன வசதியை வைத்து எடுக்க வேண்டும். முதலில் மண் பரிசோதனை, சரியான விதை, நிலத் தயாரிப்பு மற்றும் நீர் மேலாண்மையை திட்டமிடுங்கள்."
CA_01382,weed,களை மேலாண்மை,drumstick,முருங்கை,alluvial,வண்டல் மண்,"முருங்கை தொடர்பான முடிவை வண்டல் மண், Tamil Nadu பகுதி, பருவம் மற்றும் பாசன வசதியை வைத்து எடுக்க வேண்டும். முதலில் மண் பரிசோதனை, சரியான விதை, நிலத் தயாரிப்பு மற்றும் நீர் மேலாண்மையை திட்டமிடுங்கள்."
CA_01383,weed,களை மேலாண்மை,drumstick,முருங்கை,sandy,மணல் மண்,"முருங்கை தொடர்பான முடிவை மணல் மண், Tamil Nadu பகுதி, பருவம் மற்றும் பாசன வசதியை வைத்து எடுக்க வேண்டும். முதலில் மண் பரிசோதனை, சரியான விதை, நிலத் தயாரிப்பு மற்றும் நீர் மேலாண்மையை திட்டமிடுங்கள்."
CA_01384,weed,களை மேலாண்மை,drumstick,முருங்கை,clay,களிமண்,"முருங்கை தொடர்பான முடிவை களிமண், Tamil Nadu பகுதி, பருவம் மற்றும் பாசன வசதியை வைத்து எடுக்க வேண்டும். முதலில் மண் பரிசோதனை, சரியான விதை, நிலத் தயாரிப்பு மற்றும் நீர் மேலாண்மையை திட்டமிடுங்கள்."
CA_01385,weed,களை மேலாண்மை,drumstick,முருங்கை,loamy,கலப்பு மண்,"முருங்கை தொடர்பான முடிவை கலப்பு மண், Tamil Nadu பகுதி, பருவம் மற்றும் பாசன வசதியை வைத்து எடுக்க வேண்டும். முதலில் மண் பரிசோதனை, சரியான விதை, நிலத் தயாரிப்பு மற்றும் நீர் மேலாண்மையை திட்டமிடுங்கள்."
CA_01386,weed,களை மேலாண்மை,drumstick,முருங்கை,laterite,சரளை மண்,"முருங்கை தொடர்பான முடிவை சரளை மண், Tamil Nadu பகுதி, பருவம் மற்றும் பாசன வசதியை வைத்து எடுக்க வேண்டும். முதலில் மண் பரிசோதனை, சரியான விதை, நிலத் தயாரிப்பு மற்றும் நீர் மேலாண்மையை திட்டமிடுங்கள்."
CA_01387,growth,வளர்ச்சி கண்காணிப்பு,rice,நெல்,red,செம்மண்,"நெல் தொடர்பான முடிவை செம்மண், Tamil Nadu பகுதி, பருவம் மற்றும் பாசன வசதியை வைத்து எடுக்க வேண்டும். முதலில் மண் பரிசோதனை, சரியான விதை, நிலத் தயாரிப்பு மற்றும் நீர் மேலாண்மையை திட்டமிடுங்கள்."
CA_01388,growth,வளர்ச்சி கண்காணிப்பு,rice,நெல்,black,கரிசல் மண்,"நெல் தொடர்பான முடிவை கரிசல் மண், Tamil Nadu பகுதி, பருவம் மற்றும் பாசன வசதியை வைத்து எடுக்க வேண்டும். முதலில் மண் பரிசோதனை, சரியான விதை, நிலத் தயாரிப்பு மற்றும் நீர் மேலாண்மையை திட்டமிடுங்கள்."
CA_01389,growth,வளர்ச்சி கண்காணிப்பு,rice,நெல்,alluvial,வண்டல் மண்,"நெல் தொடர்பான முடிவை வண்டல் மண், Tamil Nadu பகுதி, பருவம் மற்றும் பாசன வசதியை வைத்து எடுக்க வேண்டும். முதலில் மண் பரிசோதனை, சரியான விதை, நிலத் தயாரிப்பு மற்றும் நீர் மேலாண்மையை திட்டமிடுங்கள்."
CA_01390,growth,வளர்ச்சி கண்காணிப்பு,rice,நெல்,sandy,மணல் மண்,"நெல் தொடர்பான முடிவை மணல் மண், Tamil Nadu பகுதி, பருவம் மற்றும் பாசன வசதியை வைத்து எடுக்க வேண்டும். முதலில் மண் பரிசோதனை, சரியான விதை, நிலத் தயாரிப்பு மற்றும் நீர் மேலாண்மையை திட்டமிடுங்கள்."
CA_01391,growth,வளர்ச்சி கண்காணிப்பு,rice,நெல்,clay,களிமண்,"நெல் தொடர்பான முடிவை களிமண், Tamil Nadu பகுதி, பருவம் மற்றும் பாசன வசதியை வைத்து எடுக்க வேண்டும். முதலில் மண் பரிசோதனை, சரியான விதை, நிலத் தயாரிப்பு மற்றும் நீர் மேலாண்மையை திட்டமிடுங்கள்."
CA_01392,growth,வளர்ச்சி கண்காணிப்பு,rice,நெல்,loamy,கலப்பு மண்,"நெல் தொடர்பான முடிவை கலப்பு மண், Tamil Nadu பகுதி, பருவம் மற்றும் பாசன வசதியை வைத்து எடுக்க வேண்டும். முதலில் மண் பரிசோதனை, சரியான விதை, நிலத் தயாரிப்பு மற்றும் நீர் மேலாண்மையை திட்டமிடுங்கள்."
CA_01393,growth,வளர்ச்சி கண்காணிப்பு,rice,நெல்,laterite,சரளை மண்,"நெல் தொடர்பான முடிவை சரளை மண், Tamil Nadu பகுதி, பருவம் மற்றும் பாசன வசதியை வைத்து எடுக்க வேண்டும். முதலில் மண் பரிசோதனை, சரியான விதை, நிலத் தயாரிப்பு மற்றும் நீர் மேலாண்மையை திட்டமிடுங்கள்."
CA_01394,growth,வளர்ச்சி கண்காணிப்பு,banana,வாழை,red,செம்மண்,"வாழை தொடர்பான முடிவை செம்மண், Tamil Nadu பகுதி, பருவம் மற்றும் பாசன வசதியை வைத்து எடுக்க வேண்டும். முதலில் மண் பரிசோதனை, சரியான விதை, நிலத் தயாரிப்பு மற்றும் நீர் மேலாண்மையை திட்டமிடுங்கள்."
CA_01395,growth,வளர்ச்சி கண்காணிப்பு,banana,வாழை,black,கரிசல் மண்,"வாழை தொடர்பான முடிவை கரிசல் மண், Tamil Nadu பகுதி, பருவம் மற்றும் பாசன வசதியை வைத்து எடுக்க வேண்டும். முதலில் மண் பரிசோதனை, சரியான விதை, நிலத் தயாரிப்பு மற்றும் நீர் மேலாண்மையை திட்டமிடுங்கள்."
CA_01396,growth,வளர்ச்சி கண்காணிப்பு,banana,வாழை,alluvial,வண்டல் மண்,"வாழை தொடர்பான முடிவை வண்டல் மண், Tamil Nadu பகுதி, பருவம் மற்றும் பாசன வசதியை வைத்து எடுக்க வேண்டும். முதலில் மண் பரிசோதனை, சரியான விதை, நிலத் தயாரிப்பு மற்றும் நீர் மேலாண்மையை திட்டமிடுங்கள்."
CA_01397,growth,வளர்ச்சி கண்காணிப்பு,banana,வாழை,sandy,மணல் மண்,"வாழை தொடர்பான முடிவை மணல் மண், Tamil Nadu பகுதி, பருவம் மற்றும் பாசன வசதியை வைத்து எடுக்க வேண்டும். முதலில் மண் பரிசோதனை, சரியான விதை, நிலத் தயாரிப்பு மற்றும் நீர் மேலாண்மையை திட்டமிடுங்கள்."
CA_01398,growth,வளர்ச்சி கண்காணிப்பு,banana,வாழை,clay,களிமண்,"வாழை தொடர்பான முடிவை களிமண், Tamil Nadu பகுதி, பருவம் மற்றும் பாசன வசதியை வைத்து எடுக்க வேண்டும். முதலில் மண் பரிசோதனை, சரியான விதை, நிலத் தயாரிப்பு மற்றும் நீர் மேலாண்மையை திட்டமிடுங்கள்."
CA_01399,growth,வளர்ச்சி கண்காணிப்பு,banana,வாழை,loamy,கலப்பு மண்,"வாழை தொடர்பான முடிவை கலப்பு மண், Tamil Nadu பகுதி, பருவம் மற்றும் பாசன வசதியை வைத்து எடுக்க வேண்டும். முதலில் மண் பரிசோதனை, சரியான விதை, நிலத் தயாரிப்பு மற்றும் நீர் மேலாண்மையை திட்டமிடுங்கள்."
CA_01400,growth,வளர்ச்சி கண்காணிப்பு,banana,வாழை,laterite,சரளை மண்,"வாழை தொடர்பான முடிவை சரளை மண், Tamil Nadu பகுதி, பருவம் மற்றும் பாசன வசதியை வைத்து எடுக்க வேண்டும். முதலில் மண் பரிசோதனை, சரியான விதை, நிலத் தயாரிப்பு மற்றும் நீர் மேலாண்மையை திட்டமிடுங்கள்."
CA_01401,growth,வளர்ச்சி கண்காணிப்பு,sugarcane,கரும்பு,red,செம்மண்,"கரும்பு தொடர்பான முடிவை செம்மண், Tamil Nadu பகுதி, பருவம் மற்றும் பாசன வசதியை வைத்து எடுக்க வேண்டும். முதலில் மண் பரிசோதனை, சரியான விதை, நிலத் தயாரிப்பு மற்றும் நீர் மேலாண்மையை திட்டமிடுங்கள்."
CA_01402,growth,வளர்ச்சி கண்காணிப்பு,sugarcane,கரும்பு,black,கரிசல் மண்,"கரும்பு தொடர்பான முடிவை கரிசல் மண், Tamil Nadu பகுதி, பருவம் மற்றும் பாசன வசதியை வைத்து எடுக்க வேண்டும். முதலில் மண் பரிசோதனை, சரியான விதை, நிலத் தயாரிப்பு மற்றும் நீர் மேலாண்மையை திட்டமிடுங்கள்."
CA_01403,growth,வளர்ச்சி கண்காணிப்பு,sugarcane,கரும்பு,alluvial,வண்டல் மண்,"கரும்பு தொடர்பான முடிவை வண்டல் மண், Tamil Nadu பகுதி, பருவம் மற்றும் பாசன வசதியை வைத்து எடுக்க வேண்டும். முதலில் மண் பரிசோதனை, சரியான விதை, நிலத் தயாரிப்பு மற்றும் நீர் மேலாண்மையை திட்டமிடுங்கள்."
CA_01404,growth,வளர்ச்சி கண்காணிப்பு,sugarcane,கரும்பு,sandy,மணல் மண்,"கரும்பு தொடர்பான முடிவை மணல் மண், Tamil Nadu பகுதி, பருவம் மற்றும் பாசன வசதியை வைத்து எடுக்க வேண்டும். முதலில் மண் பரிசோதனை, சரியான விதை, நிலத் தயாரிப்பு மற்றும் நீர் மேலாண்மையை திட்டமிடுங்கள்."
CA_01405,growth,வளர்ச்சி கண்காணிப்பு,sugarcane,கரும்பு,clay,களிமண்,"கரும்பு தொடர்பான முடிவை களிமண், Tamil Nadu பகுதி, பருவம் மற்றும் பாசன வசதியை வைத்து எடுக்க வேண்டும். முதலில் மண் பரிசோதனை, சரியான விதை, நிலத் தயாரிப்பு மற்றும் நீர் மேலாண்மையை திட்டமிடுங்கள்."
CA_01406,growth,வளர்ச்சி கண்காணிப்பு,sugarcane,கரும்பு,loamy,கலப்பு மண்,"கரும்பு தொடர்பான முடிவை கலப்பு மண், Tamil Nadu பகுதி, பருவம் மற்றும் பாசன வசதியை வைத்து எடுக்க வேண்டும். முதலில் மண் பரிசோதனை, சரியான விதை, நிலத் தயாரிப்பு மற்றும் நீர் மேலாண்மையை திட்டமிடுங்கள்."
CA_01407,growth,வளர்ச்சி கண்காணிப்பு,sugarcane,கரும்பு,laterite,சரளை மண்,"கரும்பு தொடர்பான முடிவை சரளை மண், Tamil Nadu பகுதி, பருவம் மற்றும் பாசன வசதியை வைத்து எடுக்க வேண்டும். முதலில் மண் பரிசோதனை, சரியான விதை, நிலத் தயாரிப்பு மற்றும் நீர் மேலாண்மையை திட்டமிடுங்கள்."
CA_01408,growth,வளர்ச்சி கண்காணிப்பு,cotton,பருத்தி,red,செம்மண்,"பருத்தி தொடர்பான முடிவை செம்மண், Tamil Nadu பகுதி, பருவம் மற்றும் பாசன வசதியை வைத்து எடுக்க வேண்டும். முதலில் மண் பரிசோதனை, சரியான விதை, நிலத் தயாரிப்பு மற்றும் நீர் மேலாண்மையை திட்டமிடுங்கள்."
CA_01409,growth,வளர்ச்சி கண்காணிப்பு,cotton,பருத்தி,black,கரிசல் மண்,"பருத்தி தொடர்பான முடிவை கரிசல் மண், Tamil Nadu பகுதி, பருவம் மற்றும் பாசன வசதியை வைத்து எடுக்க வேண்டும். முதலில் மண் பரிசோதனை, சரியான விதை, நிலத் தயாரிப்பு மற்றும் நீர் மேலாண்மையை திட்டமிடுங்கள்."
CA_01410,growth,வளர்ச்சி கண்காணிப்பு,cotton,பருத்தி,alluvial,வண்டல் மண்,"பருத்தி தொடர்பான முடிவை வண்டல் மண், Tamil Nadu பகுதி, பருவம் மற்றும் பாசன வசதியை வைத்து எடுக்க வேண்டும். முதலில் மண் பரிசோதனை, சரியான விதை, நிலத் தயாரிப்பு மற்றும் நீர் மேலாண்மையை திட்டமிடுங்கள்."
CA_01411,growth,வளர்ச்சி கண்காணிப்பு,cotton,பருத்தி,sandy,மணல் மண்,"பருத்தி தொடர்பான முடிவை மணல் மண், Tamil Nadu பகுதி, பருவம் மற்றும் பாசன வசதியை வைத்து எடுக்க வேண்டும். முதலில் மண் பரிசோதனை, சரியான விதை, நிலத் தயாரிப்பு மற்றும் நீர் மேலாண்மையை திட்டமிடுங்கள்."
CA_01412,growth,வளர்ச்சி கண்காணிப்பு,cotton,பருத்தி,clay,களிமண்,"பருத்தி தொடர்பான முடிவை களிமண், Tamil Nadu பகுதி, பருவம் மற்றும் பாசன வசதியை வைத்து எடுக்க வேண்டும். முதலில் மண் பரிசோதனை, சரியான விதை, நிலத் தயாரிப்பு மற்றும் நீர் மேலாண்மையை திட்டமிடுங்கள்."
CA_01413,growth,வளர்ச்சி கண்காணிப்பு,cotton,பருத்தி,loamy,கலப்பு மண்,"பருத்தி தொடர்பான முடிவை கலப்பு மண், Tamil Nadu பகுதி, பருவம் மற்றும் பாசன வசதியை வைத்து எடுக்க வேண்டும். முதலில் மண் பரிசோதனை, சரியான விதை, நிலத் தயாரிப்பு மற்றும் நீர் மேலாண்மையை திட்டமிடுங்கள்."
CA_01414,growth,வளர்ச்சி கண்காணிப்பு,cotton,பருத்தி,laterite,சரளை மண்,"பருத்தி தொடர்பான முடிவை சரளை மண், Tamil Nadu பகுதி, பருவம் மற்றும் பாசன வசதியை வைத்து எடுக்க வேண்டும். முதலில் மண் பரிசோதனை, சரியான விதை, நிலத் தயாரிப்பு மற்றும் நீர் மேலாண்மையை திட்டமிடுங்கள்."
CA_01415,growth,வளர்ச்சி கண்காணிப்பு,groundnut,நிலக்கடலை,red,செம்மண்,"நிலக்கடலை தொடர்பான முடிவை செம்மண், Tamil Nadu பகுதி, பருவம் மற்றும் பாசன வசதியை வைத்து எடுக்க வேண்டும். முதலில் மண் பரிசோதனை, சரியான விதை, நிலத் தயாரிப்பு மற்றும் நீர் மேலாண்மையை திட்டமிடுங்கள்."
CA_01416,growth,வளர்ச்சி கண்காணிப்பு,groundnut,நிலக்கடலை,black,கரிசல் மண்,"நிலக்கடலை தொடர்பான முடிவை கரிசல் மண், Tamil Nadu பகுதி, பருவம் மற்றும் பாசன வசதியை வைத்து எடுக்க வேண்டும். முதலில் மண் பரிசோதனை, சரியான விதை, நிலத் தயாரிப்பு மற்றும் நீர் மேலாண்மையை திட்டமிடுங்கள்."
CA_01417,growth,வளர்ச்சி கண்காணிப்பு,groundnut,நிலக்கடலை,alluvial,வண்டல் மண்,"நிலக்கடலை தொடர்பான முடிவை வண்டல் மண், Tamil Nadu பகுதி, பருவம் மற்றும் பாசன வசதியை வைத்து எடுக்க வேண்டும். முதலில் மண் பரிசோதனை, சரியான விதை, நிலத் தயாரிப்பு மற்றும் நீர் மேலாண்மையை திட்டமிடுங்கள்."
CA_01418,growth,வளர்ச்சி கண்காணிப்பு,groundnut,நிலக்கடலை,sandy,மணல் மண்,"நிலக்கடலை தொடர்பான முடிவை மணல் மண், Tamil Nadu பகுதி, பருவம் மற்றும் பாசன வசதியை வைத்து எடுக்க வேண்டும். முதலில் மண் பரிசோதனை, சரியான விதை, நிலத் தயாரிப்பு மற்றும் நீர் மேலாண்மையை திட்டமிடுங்கள்."
CA_01419,growth,வளர்ச்சி கண்காணிப்பு,groundnut,நிலக்கடலை,clay,களிமண்,"நிலக்கடலை தொடர்பான முடிவை களிமண், Tamil Nadu பகுதி, பருவம் மற்றும் பாசன வசதியை வைத்து எடுக்க வேண்டும். முதலில் மண் பரிசோதனை, சரியான விதை, நிலத் தயாரிப்பு மற்றும் நீர் மேலாண்மையை திட்டமிடுங்கள்."
CA_01420,growth,வளர்ச்சி கண்காணிப்பு,groundnut,நிலக்கடலை,loamy,கலப்பு மண்,"நிலக்கடலை தொடர்பான முடிவை கலப்பு மண், Tamil Nadu பகுதி, பருவம் மற்றும் பாசன வசதியை வைத்து எடுக்க வேண்டும். முதலில் மண் பரிசோதனை, சரியான விதை, நிலத் தயாரிப்பு மற்றும் நீர் மேலாண்மையை திட்டமிடுங்கள்."
CA_01421,growth,வளர்ச்சி கண்காணிப்பு,groundnut,நிலக்கடலை,laterite,சரளை மண்,"நிலக்கடலை தொடர்பான முடிவை சரளை மண், Tamil Nadu பகுதி, பருவம் மற்றும் பாசன வசதியை வைத்து எடுக்க வேண்டும். முதலில் மண் பரிசோதனை, சரியான விதை, நிலத் தயாரிப்பு மற்றும் நீர் மேலாண்மையை திட்டமிடுங்கள்."
CA_01422,growth,வளர்ச்சி கண்காணிப்பு,maize,மக்காச்சோளம்,red,செம்மண்,"மக்காச்சோளம் தொடர்பான முடிவை செம்மண், Tamil Nadu பகுதி, பருவம் மற்றும் பாசன வசதியை வைத்து எடுக்க வேண்டும். முதலில் மண் பரிசோதனை, சரியான விதை, நிலத் தயாரிப்பு மற்றும் நீர் மேலாண்மையை திட்டமிடுங்கள்."
CA_01423,growth,வளர்ச்சி கண்காணிப்பு,maize,மக்காச்சோளம்,black,கரிசல் மண்,"மக்காச்சோளம் தொடர்பான முடிவை கரிசல் மண், Tamil Nadu பகுதி, பருவம் மற்றும் பாசன வசதியை வைத்து எடுக்க வேண்டும். முதலில் மண் பரிசோதனை, சரியான விதை, நிலத் தயாரிப்பு மற்றும் நீர் மேலாண்மையை திட்டமிடுங்கள்."
CA_01424,growth,வளர்ச்சி கண்காணிப்பு,maize,மக்காச்சோளம்,alluvial,வண்டல் மண்,"மக்காச்சோளம் தொடர்பான முடிவை வண்டல் மண், Tamil Nadu பகுதி, பருவம் மற்றும் பாசன வசதியை வைத்து எடுக்க வேண்டும். முதலில் மண் பரிசோதனை, சரியான விதை, நிலத் தயாரிப்பு மற்றும் நீர் மேலாண்மையை திட்டமிடுங்கள்."
CA_01425,growth,வளர்ச்சி கண்காணிப்பு,maize,மக்காச்சோளம்,sandy,மணல் மண்,"மக்காச்சோளம் தொடர்பான முடிவை மணல் மண், Tamil Nadu பகுதி, பருவம் மற்றும் பாசன வசதியை வைத்து எடுக்க வேண்டும். முதலில் மண் பரிசோதனை, சரியான விதை, நிலத் தயாரிப்பு மற்றும் நீர் மேலாண்மையை திட்டமிடுங்கள்."
CA_01426,growth,வளர்ச்சி கண்காணிப்பு,maize,மக்காச்சோளம்,clay,களிமண்,"மக்காச்சோளம் தொடர்பான முடிவை களிமண், Tamil Nadu பகுதி, பருவம் மற்றும் பாசன வசதியை வைத்து எடுக்க வேண்டும். முதலில் மண் பரிசோதனை, சரியான விதை, நிலத் தயாரிப்பு மற்றும் நீர் மேலாண்மையை திட்டமிடுங்கள்."
CA_01427,growth,வளர்ச்சி கண்காணிப்பு,maize,மக்காச்சோளம்,loamy,கலப்பு மண்,"மக்காச்சோளம் தொடர்பான முடிவை கலப்பு மண், Tamil Nadu பகுதி, பருவம் மற்றும் பாசன வசதியை வைத்து எடுக்க வேண்டும். முதலில் மண் பரிசோதனை, சரியான விதை, நிலத் தயாரிப்பு மற்றும் நீர் மேலாண்மையை திட்டமிடுங்கள்."
CA_01428,growth,வளர்ச்சி கண்காணிப்பு,maize,மக்காச்சோளம்,laterite,சரளை மண்,"மக்காச்சோளம் தொடர்பான முடிவை சரளை மண், Tamil Nadu பகுதி, பருவம் மற்றும் பாசன வசதியை வைத்து எடுக்க வேண்டும். முதலில் மண் பரிசோதனை, சரியான விதை, நிலத் தயாரிப்பு மற்றும் நீர் மேலாண்மையை திட்டமிடுங்கள்."
CA_01429,growth,வளர்ச்சி கண்காணிப்பு,millet,சிறுதானியம்,red,செம்மண்,"சிறுதானியம் தொடர்பான முடிவை செம்மண், Tamil Nadu பகுதி, பருவம் மற்றும் பாசன வசதியை வைத்து எடுக்க வேண்டும். முதலில் மண் பரிசோதனை, சரியான விதை, நிலத் தயாரிப்பு மற்றும் நீர் மேலாண்மையை திட்டமிடுங்கள்."
CA_01430,growth,வளர்ச்சி கண்காணிப்பு,millet,சிறுதானியம்,black,கரிசல் மண்,"சிறுதானியம் தொடர்பான முடிவை கரிசல் மண், Tamil Nadu பகுதி, பருவம் மற்றும் பாசன வசதியை வைத்து எடுக்க வேண்டும். முதலில் மண் பரிசோதனை, சரியான விதை, நிலத் தயாரிப்பு மற்றும் நீர் மேலாண்மையை திட்டமிடுங்கள்."
CA_01431,growth,வளர்ச்சி கண்காணிப்பு,millet,சிறுதானியம்,alluvial,வண்டல் மண்,"சிறுதானியம் தொடர்பான முடிவை வண்டல் மண், Tamil Nadu பகுதி, பருவம் மற்றும் பாசன வசதியை வைத்து எடுக்க வேண்டும். முதலில் மண் பரிசோதனை, சரியான விதை, நிலத் தயாரிப்பு மற்றும் நீர் மேலாண்மையை திட்டமிடுங்கள்."
CA_01432,growth,வளர்ச்சி கண்காணிப்பு,millet,சிறுதானியம்,sandy,மணல் மண்,"சிறுதானியம் தொடர்பான முடிவை மணல் மண், Tamil Nadu பகுதி, பருவம் மற்றும் பாசன வசதியை வைத்து எடுக்க வேண்டும். முதலில் மண் பரிசோதனை, சரியான விதை, நிலத் தயாரிப்பு மற்றும் நீர் மேலாண்மையை திட்டமிடுங்கள்."
CA_01433,growth,வளர்ச்சி கண்காணிப்பு,millet,சிறுதானியம்,clay,களிமண்,"சிறுதானியம் தொடர்பான முடிவை களிமண், Tamil Nadu பகுதி, பருவம் மற்றும் பாசன வசதியை வைத்து எடுக்க வேண்டும். முதலில் மண் பரிசோதனை, சரியான விதை, நிலத் தயாரிப்பு மற்றும் நீர் மேலாண்மையை திட்டமிடுங்கள்."
CA_01434,growth,வளர்ச்சி கண்காணிப்பு,millet,சிறுதானியம்,loamy,கலப்பு மண்,"சிறுதானியம் தொடர்பான முடிவை கலப்பு மண், Tamil Nadu பகுதி, பருவம் மற்றும் பாசன வசதியை வைத்து எடுக்க வேண்டும். முதலில் மண் பரிசோதனை, சரியான விதை, நிலத் தயாரிப்பு மற்றும் நீர் மேலாண்மையை திட்டமிடுங்கள்."
CA_01435,growth,வளர்ச்சி கண்காணிப்பு,millet,சிறுதானியம்,laterite,சரளை மண்,"சிறுதானியம் தொடர்பான முடிவை சரளை மண், Tamil Nadu பகுதி, பருவம் மற்றும் பாசன வசதியை வைத்து எடுக்க வேண்டும். முதலில் மண் பரிசோதனை, சரியான விதை, நிலத் தயாரிப்பு மற்றும் நீர் மேலாண்மையை திட்டமிடுங்கள்."
CA_01436,growth,வளர்ச்சி கண்காணிப்பு,tomato,தக்காளி,red,செம்மண்,"தக்காளி தொடர்பான முடிவை செம்மண், Tamil Nadu பகுதி, பருவம் மற்றும் பாசன வசதியை வைத்து எடுக்க வேண்டும். முதலில் மண் பரிசோதனை, சரியான விதை, நிலத் தயாரிப்பு மற்றும் நீர் மேலாண்மையை திட்டமிடுங்கள்."
CA_01437,growth,வளர்ச்சி கண்காணிப்பு,tomato,தக்காளி,black,கரிசல் மண்,"தக்காளி தொடர்பான முடிவை கரிசல் மண், Tamil Nadu பகுதி, பருவம் மற்றும் பாசன வசதியை வைத்து எடுக்க வேண்டும். முதலில் மண் பரிசோதனை, சரியான விதை, நிலத் தயாரிப்பு மற்றும் நீர் மேலாண்மையை திட்டமிடுங்கள்."
CA_01438,growth,வளர்ச்சி கண்காணிப்பு,tomato,தக்காளி,alluvial,வண்டல் மண்,"தக்காளி தொடர்பான முடிவை வண்டல் மண், Tamil Nadu பகுதி, பருவம் மற்றும் பாசன வசதியை வைத்து எடுக்க வேண்டும். முதலில் மண் பரிசோதனை, சரியான விதை, நிலத் தயாரிப்பு மற்றும் நீர் மேலாண்மையை திட்டமிடுங்கள்."
CA_01439,growth,வளர்ச்சி கண்காணிப்பு,tomato,தக்காளி,sandy,மணல் மண்,"தக்காளி தொடர்பான முடிவை மணல் மண், Tamil Nadu பகுதி, பருவம் மற்றும் பாசன வசதியை வைத்து எடுக்க வேண்டும். முதலில் மண் பரிசோதனை, சரியான விதை, நிலத் தயாரிப்பு மற்றும் நீர் மேலாண்மையை திட்டமிடுங்கள்."
CA_01440,growth,வளர்ச்சி கண்காணிப்பு,tomato,தக்காளி,clay,களிமண்,"தக்காளி தொடர்பான முடிவை களிமண், Tamil Nadu பகுதி, பருவம் மற்றும் பாசன வசதியை வைத்து எடுக்க வேண்டும். முதலில் மண் பரிசோதனை, சரியான விதை, நிலத் தயாரிப்பு மற்றும் நீர் மேலாண்மையை திட்டமிடுங்கள்."
CA_01441,growth,வளர்ச்சி கண்காணிப்பு,tomato,தக்காளி,loamy,கலப்பு மண்,"தக்காளி தொடர்பான முடிவை கலப்பு மண், Tamil Nadu பகுதி, பருவம் மற்றும் பாசன வசதியை வைத்து எடுக்க வேண்டும். முதலில் மண் பரிசோதனை, சரியான விதை, நிலத் தயாரிப்பு மற்றும் நீர் மேலாண்மையை திட்டமிடுங்கள்."
CA_01442,growth,வளர்ச்சி கண்காணிப்பு,tomato,தக்காளி,laterite,சரளை மண்,"தக்காளி தொடர்பான முடிவை சரளை மண், Tamil Nadu பகுதி, பருவம் மற்றும் பாசன வசதியை வைத்து எடுக்க வேண்டும். முதலில் மண் பரிசோதனை, சரியான விதை, நிலத் தயாரிப்பு மற்றும் நீர் மேலாண்மையை திட்டமிடுங்கள்."
CA_01443,growth,வளர்ச்சி கண்காணிப்பு,chilli,மிளகாய்,red,செம்மண்,"மிளகாய் தொடர்பான முடிவை செம்மண், Tamil Nadu பகுதி, பருவம் மற்றும் பாசன வசதியை வைத்து எடுக்க வேண்டும். முதலில் மண் பரிசோதனை, சரியான விதை, நிலத் தயாரிப்பு மற்றும் நீர் மேலாண்மையை திட்டமிடுங்கள்."
CA_01444,growth,வளர்ச்சி கண்காணிப்பு,chilli,மிளகாய்,black,கரிசல் மண்,"மிளகாய் தொடர்பான முடிவை கரிசல் மண், Tamil Nadu பகுதி, பருவம் மற்றும் பாசன வசதியை வைத்து எடுக்க வேண்டும். முதலில் மண் பரிசோதனை, சரியான விதை, நிலத் தயாரிப்பு மற்றும் நீர் மேலாண்மையை திட்டமிடுங்கள்."
CA_01445,growth,வளர்ச்சி கண்காணிப்பு,chilli,மிளகாய்,alluvial,வண்டல் மண்,"மிளகாய் தொடர்பான முடிவை வண்டல் மண், Tamil Nadu பகுதி, பருவம் மற்றும் பாசன வசதியை வைத்து எடுக்க வேண்டும். முதலில் மண் பரிசோதனை, சரியான விதை, நிலத் தயாரிப்பு மற்றும் நீர் மேலாண்மையை திட்டமிடுங்கள்."
CA_01446,growth,வளர்ச்சி கண்காணிப்பு,chilli,மிளகாய்,sandy,மணல் மண்,"மிளகாய் தொடர்பான முடிவை மணல் மண், Tamil Nadu பகுதி, பருவம் மற்றும் பாசன வசதியை வைத்து எடுக்க வேண்டும். முதலில் மண் பரிசோதனை, சரியான விதை, நிலத் தயாரிப்பு மற்றும் நீர் மேலாண்மையை திட்டமிடுங்கள்."
CA_01447,growth,வளர்ச்சி கண்காணிப்பு,chilli,மிளகாய்,clay,களிமண்,"மிளகாய் தொடர்பான முடிவை களிமண், Tamil Nadu பகுதி, பருவம் மற்றும் பாசன வசதியை வைத்து எடுக்க வேண்டும். முதலில் மண் பரிசோதனை, சரியான விதை, நிலத் தயாரிப்பு மற்றும் நீர் மேலாண்மையை திட்டமிடுங்கள்."
CA_01448,growth,வளர்ச்சி கண்காணிப்பு,chilli,மிளகாய்,loamy,கலப்பு மண்,"மிளகாய் தொடர்பான முடிவை கலப்பு மண், Tamil Nadu பகுதி, பருவம் மற்றும் பாசன வசதியை வைத்து எடுக்க வேண்டும். முதலில் மண் பரிசோதனை, சரியான விதை, நிலத் தயாரிப்பு மற்றும் நீர் மேலாண்மையை திட்டமிடுங்கள்."
CA_01449,growth,வளர்ச்சி கண்காணிப்பு,chilli,மிளகாய்,laterite,சரளை மண்,"மிளகாய் தொடர்பான முடிவை சரளை மண், Tamil Nadu பகுதி, பருவம் மற்றும் பாசன வசதியை வைத்து எடுக்க வேண்டும். முதலில் மண் பரிசோதனை, சரியான விதை, நிலத் தயாரிப்பு மற்றும் நீர் மேலாண்மையை திட்டமிடுங்கள்."
CA_01450,growth,வளர்ச்சி கண்காணிப்பு,onion,வெங்காயம்,red,செம்மண்,"வெங்காயம் தொடர்பான முடிவை செம்மண், Tamil Nadu பகுதி, பருவம் மற்றும் பாசன வசதியை வைத்து எடுக்க வேண்டும். முதலில் மண் பரிசோதனை, சரியான விதை, நிலத் தயாரிப்பு மற்றும் நீர் மேலாண்மையை திட்டமிடுங்கள்."
CA_01451,growth,வளர்ச்சி கண்காணிப்பு,onion,வெங்காயம்,black,கரிசல் மண்,"வெங்காயம் தொடர்பான முடிவை கரிசல் மண், Tamil Nadu பகுதி, பருவம் மற்றும் பாசன வசதியை வைத்து எடுக்க வேண்டும். முதலில் மண் பரிசோதனை, சரியான விதை, நிலத் தயாரிப்பு மற்றும் நீர் மேலாண்மையை திட்டமிடுங்கள்."
CA_01452,growth,வளர்ச்சி கண்காணிப்பு,onion,வெங்காயம்,alluvial,வண்டல் மண்,"வெங்காயம் தொடர்பான முடிவை வண்டல் மண், Tamil Nadu பகுதி, பருவம் மற்றும் பாசன வசதியை வைத்து எடுக்க வேண்டும். முதலில் மண் பரிசோதனை, சரியான விதை, நிலத் தயாரிப்பு மற்றும் நீர் மேலாண்மையை திட்டமிடுங்கள்."
CA_01453,growth,வளர்ச்சி கண்காணிப்பு,onion,வெங்காயம்,sandy,மணல் மண்,"வெங்காயம் தொடர்பான முடிவை மணல் மண், Tamil Nadu பகுதி, பருவம் மற்றும் பாசன வசதியை வைத்து எடுக்க வேண்டும். முதலில் மண் பரிசோதனை, சரியான விதை, நிலத் தயாரிப்பு மற்றும் நீர் மேலாண்மையை திட்டமிடுங்கள்."
CA_01454,growth,வளர்ச்சி கண்காணிப்பு,onion,வெங்காயம்,clay,களிமண்,"வெங்காயம் தொடர்பான முடிவை களிமண், Tamil Nadu பகுதி, பருவம் மற்றும் பாசன வசதியை வைத்து எடுக்க வேண்டும். முதலில் மண் பரிசோதனை, சரியான விதை, நிலத் தயாரிப்பு மற்றும் நீர் மேலாண்மையை திட்டமிடுங்கள்."
CA_01455,growth,வளர்ச்சி கண்காணிப்பு,onion,வெங்காயம்,loamy,கலப்பு மண்,"வெங்காயம் தொடர்பான முடிவை கலப்பு மண், Tamil Nadu பகுதி, பருவம் மற்றும் பாசன வசதியை வைத்து எடுக்க வேண்டும். முதலில் மண் பரிசோதனை, சரியான விதை, நிலத் தயாரிப்பு மற்றும் நீர் மேலாண்மையை திட்டமிடுங்கள்."
CA_01456,growth,வளர்ச்சி கண்காணிப்பு,onion,வெங்காயம்,laterite,சரளை மண்,"வெங்காயம் தொடர்பான முடிவை சரளை மண், Tamil Nadu பகுதி, பருவம் மற்றும் பாசன வசதியை வைத்து எடுக்க வேண்டும். முதலில் மண் பரிசோதனை, சரியான விதை, நிலத் தயாரிப்பு மற்றும் நீர் மேலாண்மையை திட்டமிடுங்கள்."
CA_01457,growth,வளர்ச்சி கண்காணிப்பு,turmeric,மஞ்சள்,red,செம்மண்,"மஞ்சள் தொடர்பான முடிவை செம்மண், Tamil Nadu பகுதி, பருவம் மற்றும் பாசன வசதியை வைத்து எடுக்க வேண்டும். முதலில் மண் பரிசோதனை, சரியான விதை, நிலத் தயாரிப்பு மற்றும் நீர் மேலாண்மையை திட்டமிடுங்கள்."
CA_01458,growth,வளர்ச்சி கண்காணிப்பு,turmeric,மஞ்சள்,black,கரிசல் மண்,"மஞ்சள் தொடர்பான முடிவை கரிசல் மண், Tamil Nadu பகுதி, பருவம் மற்றும் பாசன வசதியை வைத்து எடுக்க வேண்டும். முதலில் மண் பரிசோதனை, சரியான விதை, நிலத் தயாரிப்பு மற்றும் நீர் மேலாண்மையை திட்டமிடுங்கள்."
CA_01459,growth,வளர்ச்சி கண்காணிப்பு,turmeric,மஞ்சள்,alluvial,வண்டல் மண்,"மஞ்சள் தொடர்பான முடிவை வண்டல் மண், Tamil Nadu பகுதி, பருவம் மற்றும் பாசன வசதியை வைத்து எடுக்க வேண்டும். முதலில் மண் பரிசோதனை, சரியான விதை, நிலத் தயாரிப்பு மற்றும் நீர் மேலாண்மையை திட்டமிடுங்கள்."
CA_01460,growth,வளர்ச்சி கண்காணிப்பு,turmeric,மஞ்சள்,sandy,மணல் மண்,"மஞ்சள் தொடர்பான முடிவை மணல் மண், Tamil Nadu பகுதி, பருவம் மற்றும் பாசன வசதியை வைத்து எடுக்க வேண்டும். முதலில் மண் பரிசோதனை, சரியான விதை, நிலத் தயாரிப்பு மற்றும் நீர் மேலாண்மையை திட்டமிடுங்கள்."
CA_01461,growth,வளர்ச்சி கண்காணிப்பு,turmeric,மஞ்சள்,clay,களிமண்,"மஞ்சள் தொடர்பான முடிவை களிமண், Tamil Nadu பகுதி, பருவம் மற்றும் பாசன வசதியை வைத்து எடுக்க வேண்டும். முதலில் மண் பரிசோதனை, சரியான விதை, நிலத் தயாரிப்பு மற்றும் நீர் மேலாண்மையை திட்டமிடுங்கள்."
CA_01462,growth,வளர்ச்சி கண்காணிப்பு,turmeric,மஞ்சள்,loamy,கலப்பு மண்,"மஞ்சள் தொடர்பான முடிவை கலப்பு மண், Tamil Nadu பகுதி, பருவம் மற்றும் பாசன வசதியை வைத்து எடுக்க வேண்டும். முதலில் மண் பரிசோதனை, சரியான விதை, நிலத் தயாரிப்பு மற்றும் நீர் மேலாண்மையை திட்டமிடுங்கள்."
CA_01463,growth,வளர்ச்சி கண்காணிப்பு,turmeric,மஞ்சள்,laterite,சரளை மண்,"மஞ்சள் தொடர்பான முடிவை சரளை மண், Tamil Nadu பகுதி, பருவம் மற்றும் பாசன வசதியை வைத்து எடுக்க வேண்டும். முதலில் மண் பரிசோதனை, சரியான விதை, நிலத் தயாரிப்பு மற்றும் நீர் மேலாண்மையை திட்டமிடுங்கள்."
CA_01464,growth,வளர்ச்சி கண்காணிப்பு,brinjal,கத்தரிக்காய்,red,செம்மண்,"கத்தரிக்காய் தொடர்பான முடிவை செம்மண், Tamil Nadu பகுதி, பருவம் மற்றும் பாசன வசதியை வைத்து எடுக்க வேண்டும். முதலில் மண் பரிசோதனை, சரியான விதை, நிலத் தயாரிப்பு மற்றும் நீர் மேலாண்மையை திட்டமிடுங்கள்."
CA_01465,growth,வளர்ச்சி கண்காணிப்பு,brinjal,கத்தரிக்காய்,black,கரிசல் மண்,"கத்தரிக்காய் தொடர்பான முடிவை கரிசல் மண், Tamil Nadu பகுதி, பருவம் மற்றும் பாசன வசதியை வைத்து எடுக்க வேண்டும். முதலில் மண் பரிசோதனை, சரியான விதை, நிலத் தயாரிப்பு மற்றும் நீர் மேலாண்மையை திட்டமிடுங்கள்."
CA_01466,growth,வளர்ச்சி கண்காணிப்பு,brinjal,கத்தரிக்காய்,alluvial,வண்டல் மண்,"கத்தரிக்காய் தொடர்பான முடிவை வண்டல் மண், Tamil Nadu பகுதி, பருவம் மற்றும் பாசன வசதியை வைத்து எடுக்க வேண்டும். முதலில் மண் பரிசோதனை, சரியான விதை, நிலத் தயாரிப்பு மற்றும் நீர் மேலாண்மையை திட்டமிடுங்கள்."
CA_01467,growth,வளர்ச்சி கண்காணிப்பு,brinjal,கத்தரிக்காய்,sandy,மணல் மண்,"கத்தரிக்காய் தொடர்பான முடிவை மணல் மண், Tamil Nadu பகுதி, பருவம் மற்றும் பாசன வசதியை வைத்து எடுக்க வேண்டும். முதலில் மண் பரிசோதனை, சரியான விதை, நிலத் தயாரிப்பு மற்றும் நீர் மேலாண்மையை திட்டமிடுங்கள்."
CA_01468,growth,வளர்ச்சி கண்காணிப்பு,brinjal,கத்தரிக்காய்,clay,களிமண்,"கத்தரிக்காய் தொடர்பான முடிவை களிமண், Tamil Nadu பகுதி, பருவம் மற்றும் பாசன வசதியை வைத்து எடுக்க வேண்டும். முதலில் மண் பரிசோதனை, சரியான விதை, நிலத் தயாரிப்பு மற்றும் நீர் மேலாண்மையை திட்டமிடுங்கள்."
CA_01469,growth,வளர்ச்சி கண்காணிப்பு,brinjal,கத்தரிக்காய்,loamy,கலப்பு மண்,"கத்தரிக்காய் தொடர்பான முடிவை கலப்பு மண், Tamil Nadu பகுதி, பருவம் மற்றும் பாசன வசதியை வைத்து எடுக்க வேண்டும். முதலில் மண் பரிசோதனை, சரியான விதை, நிலத் தயாரிப்பு மற்றும் நீர் மேலாண்மையை திட்டமிடுங்கள்."
CA_01470,growth,வளர்ச்சி கண்காணிப்பு,brinjal,கத்தரிக்காய்,laterite,சரளை மண்,"கத்தரிக்காய் தொடர்பான முடிவை சரளை மண், Tamil Nadu பகுதி, பருவம் மற்றும் பாசன வசதியை வைத்து எடுக்க வேண்டும். முதலில் மண் பரிசோதனை, சரியான விதை, நிலத் தயாரிப்பு மற்றும் நீர் மேலாண்மையை திட்டமிடுங்கள்."
CA_01471,growth,வளர்ச்சி கண்காணிப்பு,okra,வெண்டைக்காய்,red,செம்மண்,"வெண்டைக்காய் தொடர்பான முடிவை செம்மண், Tamil Nadu பகுதி, பருவம் மற்றும் பாசன வசதியை வைத்து எடுக்க வேண்டும். முதலில் மண் பரிசோதனை, சரியான விதை, நிலத் தயாரிப்பு மற்றும் நீர் மேலாண்மையை திட்டமிடுங்கள்."
CA_01472,growth,வளர்ச்சி கண்காணிப்பு,okra,வெண்டைக்காய்,black,கரிசல் மண்,"வெண்டைக்காய் தொடர்பான முடிவை கரிசல் மண், Tamil Nadu பகுதி, பருவம் மற்றும் பாசன வசதியை வைத்து எடுக்க வேண்டும். முதலில் மண் பரிசோதனை, சரியான விதை, நிலத் தயாரிப்பு மற்றும் நீர் மேலாண்மையை திட்டமிடுங்கள்."
CA_01473,growth,வளர்ச்சி கண்காணிப்பு,okra,வெண்டைக்காய்,alluvial,வண்டல் மண்,"வெண்டைக்காய் தொடர்பான முடிவை வண்டல் மண், Tamil Nadu பகுதி, பருவம் மற்றும் பாசன வசதியை வைத்து எடுக்க வேண்டும். முதலில் மண் பரிசோதனை, சரியான விதை, நிலத் தயாரிப்பு மற்றும் நீர் மேலாண்மையை திட்டமிடுங்கள்."
CA_01474,growth,வளர்ச்சி கண்காணிப்பு,okra,வெண்டைக்காய்,sandy,மணல் மண்,"வெண்டைக்காய் தொடர்பான முடிவை மணல் மண், Tamil Nadu பகுதி, பருவம் மற்றும் பாசன வசதியை வைத்து எடுக்க வேண்டும். முதலில் மண் பரிசோதனை, சரியான விதை, நிலத் தயாரிப்பு மற்றும் நீர் மேலாண்மையை திட்டமிடுங்கள்."
CA_01475,growth,வளர்ச்சி கண்காணிப்பு,okra,வெண்டைக்காய்,clay,களிமண்,"வெண்டைக்காய் தொடர்பான முடிவை களிமண், Tamil Nadu பகுதி, பருவம் மற்றும் பாசன வசதியை வைத்து எடுக்க வேண்டும். முதலில் மண் பரிசோதனை, சரியான விதை, நிலத் தயாரிப்பு மற்றும் நீர் மேலாண்மையை திட்டமிடுங்கள்."
CA_01476,growth,வளர்ச்சி கண்காணிப்பு,okra,வெண்டைக்காய்,loamy,கலப்பு மண்,"வெண்டைக்காய் தொடர்பான முடிவை கலப்பு மண், Tamil Nadu பகுதி, பருவம் மற்றும் பாசன வசதியை வைத்து எடுக்க வேண்டும். முதலில் மண் பரிசோதனை, சரியான விதை, நிலத் தயாரிப்பு மற்றும் நீர் மேலாண்மையை திட்டமிடுங்கள்."
CA_01477,growth,வளர்ச்சி கண்காணிப்பு,okra,வெண்டைக்காய்,laterite,சரளை மண்,"வெண்டைக்காய் தொடர்பான முடிவை சரளை மண், Tamil Nadu பகுதி, பருவம் மற்றும் பாசன வசதியை வைத்து எடுக்க வேண்டும். முதலில் மண் பரிசோதனை, சரியான விதை, நிலத் தயாரிப்பு மற்றும் நீர் மேலாண்மையை திட்டமிடுங்கள்."
CA_01478,growth,வளர்ச்சி கண்காணிப்பு,coconut,தேங்காய்,red,செம்மண்,"தேங்காய் தொடர்பான முடிவை செம்மண், Tamil Nadu பகுதி, பருவம் மற்றும் பாசன வசதியை வைத்து எடுக்க வேண்டும். முதலில் மண் பரிசோதனை, சரியான விதை, நிலத் தயாரிப்பு மற்றும் நீர் மேலாண்மையை திட்டமிடுங்கள்."
CA_01479,growth,வளர்ச்சி கண்காணிப்பு,coconut,தேங்காய்,black,கரிசல் மண்,"தேங்காய் தொடர்பான முடிவை கரிசல் மண், Tamil Nadu பகுதி, பருவம் மற்றும் பாசன வசதியை வைத்து எடுக்க வேண்டும். முதலில் மண் பரிசோதனை, சரியான விதை, நிலத் தயாரிப்பு மற்றும் நீர் மேலாண்மையை திட்டமிடுங்கள்."
CA_01480,growth,வளர்ச்சி கண்காணிப்பு,coconut,தேங்காய்,alluvial,வண்டல் மண்,"தேங்காய் தொடர்பான முடிவை வண்டல் மண், Tamil Nadu பகுதி, பருவம் மற்றும் பாசன வசதியை வைத்து எடுக்க வேண்டும். முதலில் மண் பரிசோதனை, சரியான விதை, நிலத் தயாரிப்பு மற்றும் நீர் மேலாண்மையை திட்டமிடுங்கள்."
CA_01481,growth,வளர்ச்சி கண்காணிப்பு,coconut,தேங்காய்,sandy,மணல் மண்,"தேங்காய் தொடர்பான முடிவை மணல் மண், Tamil Nadu பகுதி, பருவம் மற்றும் பாசன வசதியை வைத்து எடுக்க வேண்டும். முதலில் மண் பரிசோதனை, சரியான விதை, நிலத் தயாரிப்பு மற்றும் நீர் மேலாண்மையை திட்டமிடுங்கள்."
CA_01482,growth,வளர்ச்சி கண்காணிப்பு,coconut,தேங்காய்,clay,களிமண்,"தேங்காய் தொடர்பான முடிவை களிமண், Tamil Nadu பகுதி, பருவம் மற்றும் பாசன வசதியை வைத்து எடுக்க வேண்டும். முதலில் மண் பரிசோதனை, சரியான விதை, நிலத் தயாரிப்பு மற்றும் நீர் மேலாண்மையை திட்டமிடுங்கள்."
CA_01483,growth,வளர்ச்சி கண்காணிப்பு,coconut,தேங்காய்,loamy,கலப்பு மண்,"தேங்காய் தொடர்பான முடிவை கலப்பு மண், Tamil Nadu பகுதி, பருவம் மற்றும் பாசன வசதியை வைத்து எடுக்க வேண்டும். முதலில் மண் பரிசோதனை, சரியான விதை, நிலத் தயாரிப்பு மற்றும் நீர் மேலாண்மையை திட்டமிடுங்கள்."
CA_01484,growth,வளர்ச்சி கண்காணிப்பு,coconut,தேங்காய்,laterite,சரளை மண்,"தேங்காய் தொடர்பான முடிவை சரளை மண், Tamil Nadu பகுதி, பருவம் மற்றும் பாசன வசதியை வைத்து எடுக்க வேண்டும். முதலில் மண் பரிசோதனை, சரியான விதை, நிலத் தயாரிப்பு மற்றும் நீர் மேலாண்மையை திட்டமிடுங்கள்."
CA_01485,growth,வளர்ச்சி கண்காணிப்பு,pulses,பயறு,red,செம்மண்,"பயறு தொடர்பான முடிவை செம்மண், Tamil Nadu பகுதி, பருவம் மற்றும் பாசன வசதியை வைத்து எடுக்க வேண்டும். முதலில் மண் பரிசோதனை, சரியான விதை, நிலத் தயாரிப்பு மற்றும் நீர் மேலாண்மையை திட்டமிடுங்கள்."
CA_01486,growth,வளர்ச்சி கண்காணிப்பு,pulses,பயறு,black,கரிசல் மண்,"பயறு தொடர்பான முடிவை கரிசல் மண், Tamil Nadu பகுதி, பருவம் மற்றும் பாசன வசதியை வைத்து எடுக்க வேண்டும். முதலில் மண் பரிசோதனை, சரியான விதை, நிலத் தயாரிப்பு மற்றும் நீர் மேலாண்மையை திட்டமிடுங்கள்."
CA_01487,growth,வளர்ச்சி கண்காணிப்பு,pulses,பயறு,alluvial,வண்டல் மண்,"பயறு தொடர்பான முடிவை வண்டல் மண், Tamil Nadu பகுதி, பருவம் மற்றும் பாசன வசதியை வைத்து எடுக்க வேண்டும். முதலில் மண் பரிசோதனை, சரியான விதை, நிலத் தயாரிப்பு மற்றும் நீர் மேலாண்மையை திட்டமிடுங்கள்."
CA_01488,growth,வளர்ச்சி கண்காணிப்பு,pulses,பயறு,sandy,மணல் மண்,"பயறு தொடர்பான முடிவை மணல் மண், Tamil Nadu பகுதி, பருவம் மற்றும் பாசன வசதியை வைத்து எடுக்க வேண்டும். முதலில் மண் பரிசோதனை, சரியான விதை, நிலத் தயாரிப்பு மற்றும் நீர் மேலாண்மையை திட்டமிடுங்கள்."
CA_01489,growth,வளர்ச்சி கண்காணிப்பு,pulses,பயறு,clay,களிமண்,"பயறு தொடர்பான முடிவை களிமண், Tamil Nadu பகுதி, பருவம் மற்றும் பாசன வசதியை வைத்து எடுக்க வேண்டும். முதலில் மண் பரிசோதனை, சரியான விதை, நிலத் தயாரிப்பு மற்றும் நீர் மேலாண்மையை திட்டமிடுங்கள்."
CA_01490,growth,வளர்ச்சி கண்காணிப்பு,pulses,பயறு,loamy,கலப்பு மண்,"பயறு தொடர்பான முடிவை கலப்பு மண், Tamil Nadu பகுதி, பருவம் மற்றும் பாசன வசதியை வைத்து எடுக்க வேண்டும். முதலில் மண் பரிசோதனை, சரியான விதை, நிலத் தயாரிப்பு மற்றும் நீர் மேலாண்மையை திட்டமிடுங்கள்."
CA_01491,growth,வளர்ச்சி கண்காணிப்பு,pulses,பயறு,laterite,சரளை மண்,"பயறு தொடர்பான முடிவை சரளை மண், Tamil Nadu பகுதி, பருவம் மற்றும் பாசன வசதியை வைத்து எடுக்க வேண்டும். முதலில் மண் பரிசோதனை, சரியான விதை, நிலத் தயாரிப்பு மற்றும் நீர் மேலாண்மையை திட்டமிடுங்கள்."
CA_01492,growth,வளர்ச்சி கண்காணிப்பு,sesame,எள்,red,செம்மண்,"எள் தொடர்பான முடிவை செம்மண், Tamil Nadu பகுதி, பருவம் மற்றும் பாசன வசதியை வைத்து எடுக்க வேண்டும். முதலில் மண் பரிசோதனை, சரியான விதை, நிலத் தயாரிப்பு மற்றும் நீர் மேலாண்மையை திட்டமிடுங்கள்."
CA_01493,growth,வளர்ச்சி கண்காணிப்பு,sesame,எள்,black,கரிசல் மண்,"எள் தொடர்பான முடிவை கரிசல் மண், Tamil Nadu பகுதி, பருவம் மற்றும் பாசன வசதியை வைத்து எடுக்க வேண்டும். முதலில் மண் பரிசோதனை, சரியான விதை, நிலத் தயாரிப்பு மற்றும் நீர் மேலாண்மையை திட்டமிடுங்கள்."
CA_01494,growth,வளர்ச்சி கண்காணிப்பு,sesame,எள்,alluvial,வண்டல் மண்,"எள் தொடர்பான முடிவை வண்டல் மண், Tamil Nadu பகுதி, பருவம் மற்றும் பாசன வசதியை வைத்து எடுக்க வேண்டும். முதலில் மண் பரிசோதனை, சரியான விதை, நிலத் தயாரிப்பு மற்றும் நீர் மேலாண்மையை திட்டமிடுங்கள்."
CA_01495,growth,வளர்ச்சி கண்காணிப்பு,sesame,எள்,sandy,மணல் மண்,"எள் தொடர்பான முடிவை மணல் மண், Tamil Nadu பகுதி, பருவம் மற்றும் பாசன வசதியை வைத்து எடுக்க வேண்டும். முதலில் மண் பரிசோதனை, சரியான விதை, நிலத் தயாரிப்பு மற்றும் நீர் மேலாண்மையை திட்டமிடுங்கள்."
CA_01496,growth,வளர்ச்சி கண்காணிப்பு,sesame,எள்,clay,களிமண்,"எள் தொடர்பான முடிவை களிமண், Tamil Nadu பகுதி, பருவம் மற்றும் பாசன வசதியை வைத்து எடுக்க வேண்டும். முதலில் மண் பரிசோதனை, சரியான விதை, நிலத் தயாரிப்பு மற்றும் நீர் மேலாண்மையை திட்டமிடுங்கள்."
CA_01497,growth,வளர்ச்சி கண்காணிப்பு,sesame,எள்,loamy,கலப்பு மண்,"எள் தொடர்பான முடிவை கலப்பு மண், Tamil Nadu பகுதி, பருவம் மற்றும் பாசன வசதியை வைத்து எடுக்க வேண்டும். முதலில் மண் பரிசோதனை, சரியான விதை, நிலத் தயாரிப்பு மற்றும் நீர் மேலாண்மையை திட்டமிடுங்கள்."
CA_01498,growth,வளர்ச்சி கண்காணிப்பு,sesame,எள்,laterite,சரளை மண்,"எள் தொடர்பான முடிவை சரளை மண், Tamil Nadu பகுதி, பருவம் மற்றும் பாசன வசதியை வைத்து எடுக்க வேண்டும். முதலில் மண் பரிசோதனை, சரியான விதை, நிலத் தயாரிப்பு மற்றும் நீர் மேலாண்மையை திட்டமிடுங்கள்."
CA_01499,growth,வளர்ச்சி கண்காணிப்பு,tapioca,மரவள்ளி,red,செம்மண்,"மரவள்ளி தொடர்பான முடிவை செம்மண், Tamil Nadu பகுதி, பருவம் மற்றும் பாசன வசதியை வைத்து எடுக்க வேண்டும். முதலில் மண் பரிசோதனை, சரியான விதை, நிலத் தயாரிப்பு மற்றும் நீர் மேலாண்மையை திட்டமிடுங்கள்."
CA_01500,growth,வளர்ச்சி கண்காணிப்பு,tapioca,மரவள்ளி,black,கரிசல் மண்,"மரவள்ளி தொடர்பான முடிவை கரிசல் மண், Tamil Nadu பகுதி, பருவம் மற்றும் பாசன வசதியை வைத்து எடுக்க வேண்டும். முதலில் மண் பரிசோதனை, சரியான விதை, நிலத் தயாரிப்பு மற்றும் நீர் மேலாண்மையை திட்டமிடுங்கள்."
CA_01501,growth,வளர்ச்சி கண்காணிப்பு,tapioca,மரவள்ளி,alluvial,வண்டல் மண்,"மரவள்ளி தொடர்பான முடிவை வண்டல் மண், Tamil Nadu பகுதி, பருவம் மற்றும் பாசன வசதியை வைத்து எடுக்க வேண்டும். முதலில் மண் பரிசோதனை, சரியான விதை, நிலத் தயாரிப்பு மற்றும் நீர் மேலாண்மையை திட்டமிடுங்கள்."
CA_01502,growth,வளர்ச்சி கண்காணிப்பு,tapioca,மரவள்ளி,sandy,மணல் மண்,"மரவள்ளி தொடர்பான முடிவை மணல் மண், Tamil Nadu பகுதி, பருவம் மற்றும் பாசன வசதியை வைத்து எடுக்க வேண்டும். முதலில் மண் பரிசோதனை, சரியான விதை, நிலத் தயாரிப்பு மற்றும் நீர் மேலாண்மையை திட்டமிடுங்கள்."
CA_01503,growth,வளர்ச்சி கண்காணிப்பு,tapioca,மரவள்ளி,clay,களிமண்,"மரவள்ளி தொடர்பான முடிவை களிமண், Tamil Nadu பகுதி, பருவம் மற்றும் பாசன வசதியை வைத்து எடுக்க வேண்டும். முதலில் மண் பரிசோதனை, சரியான விதை, நிலத் தயாரிப்பு மற்றும் நீர் மேலாண்மையை திட்டமிடுங்கள்."
CA_01504,growth,வளர்ச்சி கண்காணிப்பு,tapioca,மரவள்ளி,loamy,கலப்பு மண்,"மரவள்ளி தொடர்பான முடிவை கலப்பு மண், Tamil Nadu பகுதி, பருவம் மற்றும் பாசன வசதியை வைத்து எடுக்க வேண்டும். முதலில் மண் பரிசோதனை, சரியான விதை, நிலத் தயாரிப்பு மற்றும் நீர் மேலாண்மையை திட்டமிடுங்கள்."
CA_01505,growth,வளர்ச்சி கண்காணிப்பு,tapioca,மரவள்ளி,laterite,சரளை மண்,"மரவள்ளி தொடர்பான முடிவை சரளை மண், Tamil Nadu பகுதி, பருவம் மற்றும் பாசன வசதியை வைத்து எடுக்க வேண்டும். முதலில் மண் பரிசோதனை, சரியான விதை, நிலத் தயாரிப்பு மற்றும் நீர் மேலாண்மையை திட்டமிடுங்கள்."
CA_01506,growth,வளர்ச்சி கண்காணிப்பு,drumstick,முருங்கை,red,செம்மண்,"முருங்கை தொடர்பான முடிவை செம்மண், Tamil Nadu பகுதி, பருவம் மற்றும் பாசன வசதியை வைத்து எடுக்க வேண்டும். முதலில் மண் பரிசோதனை, சரியான விதை, நிலத் தயாரிப்பு மற்றும் நீர் மேலாண்மையை திட்டமிடுங்கள்."
CA_01507,growth,வளர்ச்சி கண்காணிப்பு,drumstick,முருங்கை,black,கரிசல் மண்,"முருங்கை தொடர்பான முடிவை கரிசல் மண், Tamil Nadu பகுதி, பருவம் மற்றும் பாசன வசதியை வைத்து எடுக்க வேண்டும். முதலில் மண் பரிசோதனை, சரியான விதை, நிலத் தயாரிப்பு மற்றும் நீர் மேலாண்மையை திட்டமிடுங்கள்."
CA_01508,growth,வளர்ச்சி கண்காணிப்பு,drumstick,முருங்கை,alluvial,வண்டல் மண்,"முருங்கை தொடர்பான முடிவை வண்டல் மண், Tamil Nadu பகுதி, பருவம் மற்றும் பாசன வசதியை வைத்து எடுக்க வேண்டும். முதலில் மண் பரிசோதனை, சரியான விதை, நிலத் தயாரிப்பு மற்றும் நீர் மேலாண்மையை திட்டமிடுங்கள்."
CA_01509,growth,வளர்ச்சி கண்காணிப்பு,drumstick,முருங்கை,sandy,மணல் மண்,"முருங்கை தொடர்பான முடிவை மணல் மண், Tamil Nadu பகுதி, பருவம் மற்றும் பாசன வசதியை வைத்து எடுக்க வேண்டும். முதலில் மண் பரிசோதனை, சரியான விதை, நிலத் தயாரிப்பு மற்றும் நீர் மேலாண்மையை திட்டமிடுங்கள்."
CA_01510,growth,வளர்ச்சி கண்காணிப்பு,drumstick,முருங்கை,clay,களிமண்,"முருங்கை தொடர்பான முடிவை களிமண், Tamil Nadu பகுதி, பருவம் மற்றும் பாசன வசதியை வைத்து எடுக்க வேண்டும். முதலில் மண் பரிசோதனை, சரியான விதை, நிலத் தயாரிப்பு மற்றும் நீர் மேலாண்மையை திட்டமிடுங்கள்."
CA_01511,growth,வளர்ச்சி கண்காணிப்பு,drumstick,முருங்கை,loamy,கலப்பு மண்,"முருங்கை தொடர்பான முடிவை கலப்பு மண், Tamil Nadu பகுதி, பருவம் மற்றும் பாசன வசதியை வைத்து எடுக்க வேண்டும். முதலில் மண் பரிசோதனை, சரியான விதை, நிலத் தயாரிப்பு மற்றும் நீர் மேலாண்மையை திட்டமிடுங்கள்."
CA_01512,growth,வளர்ச்சி கண்காணிப்பு,drumstick,முருங்கை,laterite,சரளை மண்,"முருங்கை தொடர்பான முடிவை சரளை மண், Tamil Nadu பகுதி, பருவம் மற்றும் பாசன வசதியை வைத்து எடுக்க வேண்டும். முதலில் மண் பரிசோதனை, சரியான விதை, நிலத் தயாரிப்பு மற்றும் நீர் மேலாண்மையை திட்டமிடுங்கள்."
CA_01513,harvest,அறுவடை,rice,நெல்,red,செம்மண்,"நெல் அறுவடை நேரம் ரகம், விதைத்த நாள் மற்றும் முதிர்ச்சி அறிகுறிகளைப் பொறுத்தது. முதிர்ச்சி அறிகுறிகளையும் வானிலை முன்னறிவிப்பையும் பார்த்து அறுவடை செய்யுங்கள்."
CA_01514,harvest,அறுவடை,rice,நெல்,black,கரிசல் மண்,"நெல் அறுவடை நேரம் ரகம், விதைத்த நாள் மற்றும் முதிர்ச்சி அறிகுறிகளைப் பொறுத்தது. முதிர்ச்சி அறிகுறிகளையும் வானிலை முன்னறிவிப்பையும் பார்த்து அறுவடை செய்யுங்கள்."
CA_01515,harvest,அறுவடை,rice,நெல்,alluvial,வண்டல் மண்,"நெல் அறுவடை நேரம் ரகம், விதைத்த நாள் மற்றும் முதிர்ச்சி அறிகுறிகளைப் பொறுத்தது. முதிர்ச்சி அறிகுறிகளையும் வானிலை முன்னறிவிப்பையும் பார்த்து அறுவடை செய்யுங்கள்."
CA_01516,harvest,அறுவடை,rice,நெல்,sandy,மணல் மண்,"நெல் அறுவடை நேரம் ரகம், விதைத்த நாள் மற்றும் முதிர்ச்சி அறிகுறிகளைப் பொறுத்தது. முதிர்ச்சி அறிகுறிகளையும் வானிலை முன்னறிவிப்பையும் பார்த்து அறுவடை செய்யுங்கள்."
CA_01517,harvest,அறுவடை,rice,நெல்,clay,களிமண்,"நெல் அறுவடை நேரம் ரகம், விதைத்த நாள் மற்றும் முதிர்ச்சி அறிகுறிகளைப் பொறுத்தது. முதிர்ச்சி அறிகுறிகளையும் வானிலை முன்னறிவிப்பையும் பார்த்து அறுவடை செய்யுங்கள்."
CA_01518,harvest,அறுவடை,rice,நெல்,loamy,கலப்பு மண்,"நெல் அறுவடை நேரம் ரகம், விதைத்த நாள் மற்றும் முதிர்ச்சி அறிகுறிகளைப் பொறுத்தது. முதிர்ச்சி அறிகுறிகளையும் வானிலை முன்னறிவிப்பையும் பார்த்து அறுவடை செய்யுங்கள்."
CA_01519,harvest,அறுவடை,rice,நெல்,laterite,சரளை மண்,"நெல் அறுவடை நேரம் ரகம், விதைத்த நாள் மற்றும் முதிர்ச்சி அறிகுறிகளைப் பொறுத்தது. முதிர்ச்சி அறிகுறிகளையும் வானிலை முன்னறிவிப்பையும் பார்த்து அறுவடை செய்யுங்கள்."
CA_01520,harvest,அறுவடை,banana,வாழை,red,செம்மண்,"வாழை அறுவடை நேரம் ரகம், விதைத்த நாள் மற்றும் முதிர்ச்சி அறிகுறிகளைப் பொறுத்தது. முதிர்ச்சி அறிகுறிகளையும் வானிலை முன்னறிவிப்பையும் பார்த்து அறுவடை செய்யுங்கள்."
CA_01521,harvest,அறுவடை,banana,வாழை,black,கரிசல் மண்,"வாழை அறுவடை நேரம் ரகம், விதைத்த நாள் மற்றும் முதிர்ச்சி அறிகுறிகளைப் பொறுத்தது. முதிர்ச்சி அறிகுறிகளையும் வானிலை முன்னறிவிப்பையும் பார்த்து அறுவடை செய்யுங்கள்."
CA_01522,harvest,அறுவடை,banana,வாழை,alluvial,வண்டல் மண்,"வாழை அறுவடை நேரம் ரகம், விதைத்த நாள் மற்றும் முதிர்ச்சி அறிகுறிகளைப் பொறுத்தது. முதிர்ச்சி அறிகுறிகளையும் வானிலை முன்னறிவிப்பையும் பார்த்து அறுவடை செய்யுங்கள்."
CA_01523,harvest,அறுவடை,banana,வாழை,sandy,மணல் மண்,"வாழை அறுவடை நேரம் ரகம், விதைத்த நாள் மற்றும் முதிர்ச்சி அறிகுறிகளைப் பொறுத்தது. முதிர்ச்சி அறிகுறிகளையும் வானிலை முன்னறிவிப்பையும் பார்த்து அறுவடை செய்யுங்கள்."
CA_01524,harvest,அறுவடை,banana,வாழை,clay,களிமண்,"வாழை அறுவடை நேரம் ரகம், விதைத்த நாள் மற்றும் முதிர்ச்சி அறிகுறிகளைப் பொறுத்தது. முதிர்ச்சி அறிகுறிகளையும் வானிலை முன்னறிவிப்பையும் பார்த்து அறுவடை செய்யுங்கள்."
CA_01525,harvest,அறுவடை,banana,வாழை,loamy,கலப்பு மண்,"வாழை அறுவடை நேரம் ரகம், விதைத்த நாள் மற்றும் முதிர்ச்சி அறிகுறிகளைப் பொறுத்தது. முதிர்ச்சி அறிகுறிகளையும் வானிலை முன்னறிவிப்பையும் பார்த்து அறுவடை செய்யுங்கள்."
CA_01526,harvest,அறுவடை,banana,வாழை,laterite,சரளை மண்,"வாழை அறுவடை நேரம் ரகம், விதைத்த நாள் மற்றும் முதிர்ச்சி அறிகுறிகளைப் பொறுத்தது. முதிர்ச்சி அறிகுறிகளையும் வானிலை முன்னறிவிப்பையும் பார்த்து அறுவடை செய்யுங்கள்."
CA_01527,harvest,அறுவடை,sugarcane,கரும்பு,red,செம்மண்,"கரும்பு அறுவடை நேரம் ரகம், விதைத்த நாள் மற்றும் முதிர்ச்சி அறிகுறிகளைப் பொறுத்தது. முதிர்ச்சி அறிகுறிகளையும் வானிலை முன்னறிவிப்பையும் பார்த்து அறுவடை செய்யுங்கள்."
CA_01528,harvest,அறுவடை,sugarcane,கரும்பு,black,கரிசல் மண்,"கரும்பு அறுவடை நேரம் ரகம், விதைத்த நாள் மற்றும் முதிர்ச்சி அறிகுறிகளைப் பொறுத்தது. முதிர்ச்சி அறிகுறிகளையும் வானிலை முன்னறிவிப்பையும் பார்த்து அறுவடை செய்யுங்கள்."
CA_01529,harvest,அறுவடை,sugarcane,கரும்பு,alluvial,வண்டல் மண்,"கரும்பு அறுவடை நேரம் ரகம், விதைத்த நாள் மற்றும் முதிர்ச்சி அறிகுறிகளைப் பொறுத்தது. முதிர்ச்சி அறிகுறிகளையும் வானிலை முன்னறிவிப்பையும் பார்த்து அறுவடை செய்யுங்கள்."
CA_01530,harvest,அறுவடை,sugarcane,கரும்பு,sandy,மணல் மண்,"கரும்பு அறுவடை நேரம் ரகம், விதைத்த நாள் மற்றும் முதிர்ச்சி அறிகுறிகளைப் பொறுத்தது. முதிர்ச்சி அறிகுறிகளையும் வானிலை முன்னறிவிப்பையும் பார்த்து அறுவடை செய்யுங்கள்."
CA_01531,harvest,அறுவடை,sugarcane,கரும்பு,clay,களிமண்,"கரும்பு அறுவடை நேரம் ரகம், விதைத்த நாள் மற்றும் முதிர்ச்சி அறிகுறிகளைப் பொறுத்தது. முதிர்ச்சி அறிகுறிகளையும் வானிலை முன்னறிவிப்பையும் பார்த்து அறுவடை செய்யுங்கள்."
CA_01532,harvest,அறுவடை,sugarcane,கரும்பு,loamy,கலப்பு மண்,"கரும்பு அறுவடை நேரம் ரகம், விதைத்த நாள் மற்றும் முதிர்ச்சி அறிகுறிகளைப் பொறுத்தது. முதிர்ச்சி அறிகுறிகளையும் வானிலை முன்னறிவிப்பையும் பார்த்து அறுவடை செய்யுங்கள்."
CA_01533,harvest,அறுவடை,sugarcane,கரும்பு,laterite,சரளை மண்,"கரும்பு அறுவடை நேரம் ரகம், விதைத்த நாள் மற்றும் முதிர்ச்சி அறிகுறிகளைப் பொறுத்தது. முதிர்ச்சி அறிகுறிகளையும் வானிலை முன்னறிவிப்பையும் பார்த்து அறுவடை செய்யுங்கள்."
CA_01534,harvest,அறுவடை,cotton,பருத்தி,red,செம்மண்,"பருத்தி அறுவடை நேரம் ரகம், விதைத்த நாள் மற்றும் முதிர்ச்சி அறிகுறிகளைப் பொறுத்தது. முதிர்ச்சி அறிகுறிகளையும் வானிலை முன்னறிவிப்பையும் பார்த்து அறுவடை செய்யுங்கள்."
CA_01535,harvest,அறுவடை,cotton,பருத்தி,black,கரிசல் மண்,"பருத்தி அறுவடை நேரம் ரகம், விதைத்த நாள் மற்றும் முதிர்ச்சி அறிகுறிகளைப் பொறுத்தது. முதிர்ச்சி அறிகுறிகளையும் வானிலை முன்னறிவிப்பையும் பார்த்து அறுவடை செய்யுங்கள்."
CA_01536,harvest,அறுவடை,cotton,பருத்தி,alluvial,வண்டல் மண்,"பருத்தி அறுவடை நேரம் ரகம், விதைத்த நாள் மற்றும் முதிர்ச்சி அறிகுறிகளைப் பொறுத்தது. முதிர்ச்சி அறிகுறிகளையும் வானிலை முன்னறிவிப்பையும் பார்த்து அறுவடை செய்யுங்கள்."
CA_01537,harvest,அறுவடை,cotton,பருத்தி,sandy,மணல் மண்,"பருத்தி அறுவடை நேரம் ரகம், விதைத்த நாள் மற்றும் முதிர்ச்சி அறிகுறிகளைப் பொறுத்தது. முதிர்ச்சி அறிகுறிகளையும் வானிலை முன்னறிவிப்பையும் பார்த்து அறுவடை செய்யுங்கள்."
CA_01538,harvest,அறுவடை,cotton,பருத்தி,clay,களிமண்,"பருத்தி அறுவடை நேரம் ரகம், விதைத்த நாள் மற்றும் முதிர்ச்சி அறிகுறிகளைப் பொறுத்தது. முதிர்ச்சி அறிகுறிகளையும் வானிலை முன்னறிவிப்பையும் பார்த்து அறுவடை செய்யுங்கள்."
CA_01539,harvest,அறுவடை,cotton,பருத்தி,loamy,கலப்பு மண்,"பருத்தி அறுவடை நேரம் ரகம், விதைத்த நாள் மற்றும் முதிர்ச்சி அறிகுறிகளைப் பொறுத்தது. முதிர்ச்சி அறிகுறிகளையும் வானிலை முன்னறிவிப்பையும் பார்த்து அறுவடை செய்யுங்கள்."
CA_01540,harvest,அறுவடை,cotton,பருத்தி,laterite,சரளை மண்,"பருத்தி அறுவடை நேரம் ரகம், விதைத்த நாள் மற்றும் முதிர்ச்சி அறிகுறிகளைப் பொறுத்தது. முதிர்ச்சி அறிகுறிகளையும் வானிலை முன்னறிவிப்பையும் பார்த்து அறுவடை செய்யுங்கள்."
CA_01541,harvest,அறுவடை,groundnut,நிலக்கடலை,red,செம்மண்,"நிலக்கடலை அறுவடை நேரம் ரகம், விதைத்த நாள் மற்றும் முதிர்ச்சி அறிகுறிகளைப் பொறுத்தது. முதிர்ச்சி அறிகுறிகளையும் வானிலை முன்னறிவிப்பையும் பார்த்து அறுவடை செய்யுங்கள்."
CA_01542,harvest,அறுவடை,groundnut,நிலக்கடலை,black,கரிசல் மண்,"நிலக்கடலை அறுவடை நேரம் ரகம், விதைத்த நாள் மற்றும் முதிர்ச்சி அறிகுறிகளைப் பொறுத்தது. முதிர்ச்சி அறிகுறிகளையும் வானிலை முன்னறிவிப்பையும் பார்த்து அறுவடை செய்யுங்கள்."
CA_01543,harvest,அறுவடை,groundnut,நிலக்கடலை,alluvial,வண்டல் மண்,"நிலக்கடலை அறுவடை நேரம் ரகம், விதைத்த நாள் மற்றும் முதிர்ச்சி அறிகுறிகளைப் பொறுத்தது. முதிர்ச்சி அறிகுறிகளையும் வானிலை முன்னறிவிப்பையும் பார்த்து அறுவடை செய்யுங்கள்."
CA_01544,harvest,அறுவடை,groundnut,நிலக்கடலை,sandy,மணல் மண்,"நிலக்கடலை அறுவடை நேரம் ரகம், விதைத்த நாள் மற்றும் முதிர்ச்சி அறிகுறிகளைப் பொறுத்தது. முதிர்ச்சி அறிகுறிகளையும் வானிலை முன்னறிவிப்பையும் பார்த்து அறுவடை செய்யுங்கள்."
CA_01545,harvest,அறுவடை,groundnut,நிலக்கடலை,clay,களிமண்,"நிலக்கடலை அறுவடை நேரம் ரகம், விதைத்த நாள் மற்றும் முதிர்ச்சி அறிகுறிகளைப் பொறுத்தது. முதிர்ச்சி அறிகுறிகளையும் வானிலை முன்னறிவிப்பையும் பார்த்து அறுவடை செய்யுங்கள்."
CA_01546,harvest,அறுவடை,groundnut,நிலக்கடலை,loamy,கலப்பு மண்,"நிலக்கடலை அறுவடை நேரம் ரகம், விதைத்த நாள் மற்றும் முதிர்ச்சி அறிகுறிகளைப் பொறுத்தது. முதிர்ச்சி அறிகுறிகளையும் வானிலை முன்னறிவிப்பையும் பார்த்து அறுவடை செய்யுங்கள்."
CA_01547,harvest,அறுவடை,groundnut,நிலக்கடலை,laterite,சரளை மண்,"நிலக்கடலை அறுவடை நேரம் ரகம், விதைத்த நாள் மற்றும் முதிர்ச்சி அறிகுறிகளைப் பொறுத்தது. முதிர்ச்சி அறிகுறிகளையும் வானிலை முன்னறிவிப்பையும் பார்த்து அறுவடை செய்யுங்கள்."
CA_01548,harvest,அறுவடை,maize,மக்காச்சோளம்,red,செம்மண்,"மக்காச்சோளம் அறுவடை நேரம் ரகம், விதைத்த நாள் மற்றும் முதிர்ச்சி அறிகுறிகளைப் பொறுத்தது. முதிர்ச்சி அறிகுறிகளையும் வானிலை முன்னறிவிப்பையும் பார்த்து அறுவடை செய்யுங்கள்."
CA_01549,harvest,அறுவடை,maize,மக்காச்சோளம்,black,கரிசல் மண்,"மக்காச்சோளம் அறுவடை நேரம் ரகம், விதைத்த நாள் மற்றும் முதிர்ச்சி அறிகுறிகளைப் பொறுத்தது. முதிர்ச்சி அறிகுறிகளையும் வானிலை முன்னறிவிப்பையும் பார்த்து அறுவடை செய்யுங்கள்."
CA_01550,harvest,அறுவடை,maize,மக்காச்சோளம்,alluvial,வண்டல் மண்,"மக்காச்சோளம் அறுவடை நேரம் ரகம், விதைத்த நாள் மற்றும் முதிர்ச்சி அறிகுறிகளைப் பொறுத்தது. முதிர்ச்சி அறிகுறிகளையும் வானிலை முன்னறிவிப்பையும் பார்த்து அறுவடை செய்யுங்கள்."
CA_01551,harvest,அறுவடை,maize,மக்காச்சோளம்,sandy,மணல் மண்,"மக்காச்சோளம் அறுவடை நேரம் ரகம், விதைத்த நாள் மற்றும் முதிர்ச்சி அறிகுறிகளைப் பொறுத்தது. முதிர்ச்சி அறிகுறிகளையும் வானிலை முன்னறிவிப்பையும் பார்த்து அறுவடை செய்யுங்கள்."
CA_01552,harvest,அறுவடை,maize,மக்காச்சோளம்,clay,களிமண்,"மக்காச்சோளம் அறுவடை நேரம் ரகம், விதைத்த நாள் மற்றும் முதிர்ச்சி அறிகுறிகளைப் பொறுத்தது. முதிர்ச்சி அறிகுறிகளையும் வானிலை முன்னறிவிப்பையும் பார்த்து அறுவடை செய்யுங்கள்."
CA_01553,harvest,அறுவடை,maize,மக்காச்சோளம்,loamy,கலப்பு மண்,"மக்காச்சோளம் அறுவடை நேரம் ரகம், விதைத்த நாள் மற்றும் முதிர்ச்சி அறிகுறிகளைப் பொறுத்தது. முதிர்ச்சி அறிகுறிகளையும் வானிலை முன்னறிவிப்பையும் பார்த்து அறுவடை செய்யுங்கள்."
CA_01554,harvest,அறுவடை,maize,மக்காச்சோளம்,laterite,சரளை மண்,"மக்காச்சோளம் அறுவடை நேரம் ரகம், விதைத்த நாள் மற்றும் முதிர்ச்சி அறிகுறிகளைப் பொறுத்தது. முதிர்ச்சி அறிகுறிகளையும் வானிலை முன்னறிவிப்பையும் பார்த்து அறுவடை செய்யுங்கள்."
CA_01555,harvest,அறுவடை,millet,சிறுதானியம்,red,செம்மண்,"சிறுதானியம் அறுவடை நேரம் ரகம், விதைத்த நாள் மற்றும் முதிர்ச்சி அறிகுறிகளைப் பொறுத்தது. முதிர்ச்சி அறிகுறிகளையும் வானிலை முன்னறிவிப்பையும் பார்த்து அறுவடை செய்யுங்கள்."
CA_01556,harvest,அறுவடை,millet,சிறுதானியம்,black,கரிசல் மண்,"சிறுதானியம் அறுவடை நேரம் ரகம், விதைத்த நாள் மற்றும் முதிர்ச்சி அறிகுறிகளைப் பொறுத்தது. முதிர்ச்சி அறிகுறிகளையும் வானிலை முன்னறிவிப்பையும் பார்த்து அறுவடை செய்யுங்கள்."
CA_01557,harvest,அறுவடை,millet,சிறுதானியம்,alluvial,வண்டல் மண்,"சிறுதானியம் அறுவடை நேரம் ரகம், விதைத்த நாள் மற்றும் முதிர்ச்சி அறிகுறிகளைப் பொறுத்தது. முதிர்ச்சி அறிகுறிகளையும் வானிலை முன்னறிவிப்பையும் பார்த்து அறுவடை செய்யுங்கள்."
CA_01558,harvest,அறுவடை,millet,சிறுதானியம்,sandy,மணல் மண்,"சிறுதானியம் அறுவடை நேரம் ரகம், விதைத்த நாள் மற்றும் முதிர்ச்சி அறிகுறிகளைப் பொறுத்தது. முதிர்ச்சி அறிகுறிகளையும் வானிலை முன்னறிவிப்பையும் பார்த்து அறுவடை செய்யுங்கள்."
CA_01559,harvest,அறுவடை,millet,சிறுதானியம்,clay,களிமண்,"சிறுதானியம் அறுவடை நேரம் ரகம், விதைத்த நாள் மற்றும் முதிர்ச்சி அறிகுறிகளைப் பொறுத்தது. முதிர்ச்சி அறிகுறிகளையும் வானிலை முன்னறிவிப்பையும் பார்த்து அறுவடை செய்யுங்கள்."
CA_01560,harvest,அறுவடை,millet,சிறுதானியம்,loamy,கலப்பு மண்,"சிறுதானியம் அறுவடை நேரம் ரகம், விதைத்த நாள் மற்றும் முதிர்ச்சி அறிகுறிகளைப் பொறுத்தது. முதிர்ச்சி அறிகுறிகளையும் வானிலை முன்னறிவிப்பையும் பார்த்து அறுவடை செய்யுங்கள்."
CA_01561,harvest,அறுவடை,millet,சிறுதானியம்,laterite,சரளை மண்,"சிறுதானியம் அறுவடை நேரம் ரகம், விதைத்த நாள் மற்றும் முதிர்ச்சி அறிகுறிகளைப் பொறுத்தது. முதிர்ச்சி அறிகுறிகளையும் வானிலை முன்னறிவிப்பையும் பார்த்து அறுவடை செய்யுங்கள்."
CA_01562,harvest,அறுவடை,tomato,தக்காளி,red,செம்மண்,"தக்காளி அறுவடை நேரம் ரகம், விதைத்த நாள் மற்றும் முதிர்ச்சி அறிகுறிகளைப் பொறுத்தது. முதிர்ச்சி அறிகுறிகளையும் வானிலை முன்னறிவிப்பையும் பார்த்து அறுவடை செய்யுங்கள்."
CA_01563,harvest,அறுவடை,tomato,தக்காளி,black,கரிசல் மண்,"தக்காளி அறுவடை நேரம் ரகம், விதைத்த நாள் மற்றும் முதிர்ச்சி அறிகுறிகளைப் பொறுத்தது. முதிர்ச்சி அறிகுறிகளையும் வானிலை முன்னறிவிப்பையும் பார்த்து அறுவடை செய்யுங்கள்."
CA_01564,harvest,அறுவடை,tomato,தக்காளி,alluvial,வண்டல் மண்,"தக்காளி அறுவடை நேரம் ரகம், விதைத்த நாள் மற்றும் முதிர்ச்சி அறிகுறிகளைப் பொறுத்தது. முதிர்ச்சி அறிகுறிகளையும் வானிலை முன்னறிவிப்பையும் பார்த்து அறுவடை செய்யுங்கள்."
CA_01565,harvest,அறுவடை,tomato,தக்காளி,sandy,மணல் மண்,"தக்காளி அறுவடை நேரம் ரகம், விதைத்த நாள் மற்றும் முதிர்ச்சி அறிகுறிகளைப் பொறுத்தது. முதிர்ச்சி அறிகுறிகளையும் வானிலை முன்னறிவிப்பையும் பார்த்து அறுவடை செய்யுங்கள்."
CA_01566,harvest,அறுவடை,tomato,தக்காளி,clay,களிமண்,"தக்காளி அறுவடை நேரம் ரகம், விதைத்த நாள் மற்றும் முதிர்ச்சி அறிகுறிகளைப் பொறுத்தது. முதிர்ச்சி அறிகுறிகளையும் வானிலை முன்னறிவிப்பையும் பார்த்து அறுவடை செய்யுங்கள்."
CA_01567,harvest,அறுவடை,tomato,தக்காளி,loamy,கலப்பு மண்,"தக்காளி அறுவடை நேரம் ரகம், விதைத்த நாள் மற்றும் முதிர்ச்சி அறிகுறிகளைப் பொறுத்தது. முதிர்ச்சி அறிகுறிகளையும் வானிலை முன்னறிவிப்பையும் பார்த்து அறுவடை செய்யுங்கள்."
CA_01568,harvest,அறுவடை,tomato,தக்காளி,laterite,சரளை மண்,"தக்காளி அறுவடை நேரம் ரகம், விதைத்த நாள் மற்றும் முதிர்ச்சி அறிகுறிகளைப் பொறுத்தது. முதிர்ச்சி அறிகுறிகளையும் வானிலை முன்னறிவிப்பையும் பார்த்து அறுவடை செய்யுங்கள்."
CA_01569,harvest,அறுவடை,chilli,மிளகாய்,red,செம்மண்,"மிளகாய் அறுவடை நேரம் ரகம், விதைத்த நாள் மற்றும் முதிர்ச்சி அறிகுறிகளைப் பொறுத்தது. முதிர்ச்சி அறிகுறிகளையும் வானிலை முன்னறிவிப்பையும் பார்த்து அறுவடை செய்யுங்கள்."
CA_01570,harvest,அறுவடை,chilli,மிளகாய்,black,கரிசல் மண்,"மிளகாய் அறுவடை நேரம் ரகம், விதைத்த நாள் மற்றும் முதிர்ச்சி அறிகுறிகளைப் பொறுத்தது. முதிர்ச்சி அறிகுறிகளையும் வானிலை முன்னறிவிப்பையும் பார்த்து அறுவடை செய்யுங்கள்."
CA_01571,harvest,அறுவடை,chilli,மிளகாய்,alluvial,வண்டல் மண்,"மிளகாய் அறுவடை நேரம் ரகம், விதைத்த நாள் மற்றும் முதிர்ச்சி அறிகுறிகளைப் பொறுத்தது. முதிர்ச்சி அறிகுறிகளையும் வானிலை முன்னறிவிப்பையும் பார்த்து அறுவடை செய்யுங்கள்."
CA_01572,harvest,அறுவடை,chilli,மிளகாய்,sandy,மணல் மண்,"மிளகாய் அறுவடை நேரம் ரகம், விதைத்த நாள் மற்றும் முதிர்ச்சி அறிகுறிகளைப் பொறுத்தது. முதிர்ச்சி அறிகுறிகளையும் வானிலை முன்னறிவிப்பையும் பார்த்து அறுவடை செய்யுங்கள்."
CA_01573,harvest,அறுவடை,chilli,மிளகாய்,clay,களிமண்,"மிளகாய் அறுவடை நேரம் ரகம், விதைத்த நாள் மற்றும் முதிர்ச்சி அறிகுறிகளைப் பொறுத்தது. முதிர்ச்சி அறிகுறிகளையும் வானிலை முன்னறிவிப்பையும் பார்த்து அறுவடை செய்யுங்கள்."
CA_01574,harvest,அறுவடை,chilli,மிளகாய்,loamy,கலப்பு மண்,"மிளகாய் அறுவடை நேரம் ரகம், விதைத்த நாள் மற்றும் முதிர்ச்சி அறிகுறிகளைப் பொறுத்தது. முதிர்ச்சி அறிகுறிகளையும் வானிலை முன்னறிவிப்பையும் பார்த்து அறுவடை செய்யுங்கள்."
CA_01575,harvest,அறுவடை,chilli,மிளகாய்,laterite,சரளை மண்,"மிளகாய் அறுவடை நேரம் ரகம், விதைத்த நாள் மற்றும் முதிர்ச்சி அறிகுறிகளைப் பொறுத்தது. முதிர்ச்சி அறிகுறிகளையும் வானிலை முன்னறிவிப்பையும் பார்த்து அறுவடை செய்யுங்கள்."
CA_01576,harvest,அறுவடை,onion,வெங்காயம்,red,செம்மண்,"வெங்காயம் அறுவடை நேரம் ரகம், விதைத்த நாள் மற்றும் முதிர்ச்சி அறிகுறிகளைப் பொறுத்தது. முதிர்ச்சி அறிகுறிகளையும் வானிலை முன்னறிவிப்பையும் பார்த்து அறுவடை செய்யுங்கள்."
CA_01577,harvest,அறுவடை,onion,வெங்காயம்,black,கரிசல் மண்,"வெங்காயம் அறுவடை நேரம் ரகம், விதைத்த நாள் மற்றும் முதிர்ச்சி அறிகுறிகளைப் பொறுத்தது. முதிர்ச்சி அறிகுறிகளையும் வானிலை முன்னறிவிப்பையும் பார்த்து அறுவடை செய்யுங்கள்."
CA_01578,harvest,அறுவடை,onion,வெங்காயம்,alluvial,வண்டல் மண்,"வெங்காயம் அறுவடை நேரம் ரகம், விதைத்த நாள் மற்றும் முதிர்ச்சி அறிகுறிகளைப் பொறுத்தது. முதிர்ச்சி அறிகுறிகளையும் வானிலை முன்னறிவிப்பையும் பார்த்து அறுவடை செய்யுங்கள்."
CA_01579,harvest,அறுவடை,onion,வெங்காயம்,sandy,மணல் மண்,"வெங்காயம் அறுவடை நேரம் ரகம், விதைத்த நாள் மற்றும் முதிர்ச்சி அறிகுறிகளைப் பொறுத்தது. முதிர்ச்சி அறிகுறிகளையும் வானிலை முன்னறிவிப்பையும் பார்த்து அறுவடை செய்யுங்கள்."
CA_01580,harvest,அறுவடை,onion,வெங்காயம்,clay,களிமண்,"வெங்காயம் அறுவடை நேரம் ரகம், விதைத்த நாள் மற்றும் முதிர்ச்சி அறிகுறிகளைப் பொறுத்தது. முதிர்ச்சி அறிகுறிகளையும் வானிலை முன்னறிவிப்பையும் பார்த்து அறுவடை செய்யுங்கள்."
CA_01581,harvest,அறுவடை,onion,வெங்காயம்,loamy,கலப்பு மண்,"வெங்காயம் அறுவடை நேரம் ரகம், விதைத்த நாள் மற்றும் முதிர்ச்சி அறிகுறிகளைப் பொறுத்தது. முதிர்ச்சி அறிகுறிகளையும் வானிலை முன்னறிவிப்பையும் பார்த்து அறுவடை செய்யுங்கள்."
CA_01582,harvest,அறுவடை,onion,வெங்காயம்,laterite,சரளை மண்,"வெங்காயம் அறுவடை நேரம் ரகம், விதைத்த நாள் மற்றும் முதிர்ச்சி அறிகுறிகளைப் பொறுத்தது. முதிர்ச்சி அறிகுறிகளையும் வானிலை முன்னறிவிப்பையும் பார்த்து அறுவடை செய்யுங்கள்."
CA_01583,harvest,அறுவடை,turmeric,மஞ்சள்,red,செம்மண்,"மஞ்சள் அறுவடை நேரம் ரகம், விதைத்த நாள் மற்றும் முதிர்ச்சி அறிகுறிகளைப் பொறுத்தது. முதிர்ச்சி அறிகுறிகளையும் வானிலை முன்னறிவிப்பையும் பார்த்து அறுவடை செய்யுங்கள்."
CA_01584,harvest,அறுவடை,turmeric,மஞ்சள்,black,கரிசல் மண்,"மஞ்சள் அறுவடை நேரம் ரகம், விதைத்த நாள் மற்றும் முதிர்ச்சி அறிகுறிகளைப் பொறுத்தது. முதிர்ச்சி அறிகுறிகளையும் வானிலை முன்னறிவிப்பையும் பார்த்து அறுவடை செய்யுங்கள்."
CA_01585,harvest,அறுவடை,turmeric,மஞ்சள்,alluvial,வண்டல் மண்,"மஞ்சள் அறுவடை நேரம் ரகம், விதைத்த நாள் மற்றும் முதிர்ச்சி அறிகுறிகளைப் பொறுத்தது. முதிர்ச்சி அறிகுறிகளையும் வானிலை முன்னறிவிப்பையும் பார்த்து அறுவடை செய்யுங்கள்."
CA_01586,harvest,அறுவடை,turmeric,மஞ்சள்,sandy,மணல் மண்,"மஞ்சள் அறுவடை நேரம் ரகம், விதைத்த நாள் மற்றும் முதிர்ச்சி அறிகுறிகளைப் பொறுத்தது. முதிர்ச்சி அறிகுறிகளையும் வானிலை முன்னறிவிப்பையும் பார்த்து அறுவடை செய்யுங்கள்."
CA_01587,harvest,அறுவடை,turmeric,மஞ்சள்,clay,களிமண்,"மஞ்சள் அறுவடை நேரம் ரகம், விதைத்த நாள் மற்றும் முதிர்ச்சி அறிகுறிகளைப் பொறுத்தது. முதிர்ச்சி அறிகுறிகளையும் வானிலை முன்னறிவிப்பையும் பார்த்து அறுவடை செய்யுங்கள்."
CA_01588,harvest,அறுவடை,turmeric,மஞ்சள்,loamy,கலப்பு மண்,"மஞ்சள் அறுவடை நேரம் ரகம், விதைத்த நாள் மற்றும் முதிர்ச்சி அறிகுறிகளைப் பொறுத்தது. முதிர்ச்சி அறிகுறிகளையும் வானிலை முன்னறிவிப்பையும் பார்த்து அறுவடை செய்யுங்கள்."
CA_01589,harvest,அறுவடை,turmeric,மஞ்சள்,laterite,சரளை மண்,"மஞ்சள் அறுவடை நேரம் ரகம், விதைத்த நாள் மற்றும் முதிர்ச்சி அறிகுறிகளைப் பொறுத்தது. முதிர்ச்சி அறிகுறிகளையும் வானிலை முன்னறிவிப்பையும் பார்த்து அறுவடை செய்யுங்கள்."
CA_01590,harvest,அறுவடை,brinjal,கத்தரிக்காய்,red,செம்மண்,"கத்தரிக்காய் அறுவடை நேரம் ரகம், விதைத்த நாள் மற்றும் முதிர்ச்சி அறிகுறிகளைப் பொறுத்தது. முதிர்ச்சி அறிகுறிகளையும் வானிலை முன்னறிவிப்பையும் பார்த்து அறுவடை செய்யுங்கள்."
CA_01591,harvest,அறுவடை,brinjal,கத்தரிக்காய்,black,கரிசல் மண்,"கத்தரிக்காய் அறுவடை நேரம் ரகம், விதைத்த நாள் மற்றும் முதிர்ச்சி அறிகுறிகளைப் பொறுத்தது. முதிர்ச்சி அறிகுறிகளையும் வானிலை முன்னறிவிப்பையும் பார்த்து அறுவடை செய்யுங்கள்."
CA_01592,harvest,அறுவடை,brinjal,கத்தரிக்காய்,alluvial,வண்டல் மண்,"கத்தரிக்காய் அறுவடை நேரம் ரகம், விதைத்த நாள் மற்றும் முதிர்ச்சி அறிகுறிகளைப் பொறுத்தது. முதிர்ச்சி அறிகுறிகளையும் வானிலை முன்னறிவிப்பையும் பார்த்து அறுவடை செய்யுங்கள்."
CA_01593,harvest,அறுவடை,brinjal,கத்தரிக்காய்,sandy,மணல் மண்,"கத்தரிக்காய் அறுவடை நேரம் ரகம், விதைத்த நாள் மற்றும் முதிர்ச்சி அறிகுறிகளைப் பொறுத்தது. முதிர்ச்சி அறிகுறிகளையும் வானிலை முன்னறிவிப்பையும் பார்த்து அறுவடை செய்யுங்கள்."
CA_01594,harvest,அறுவடை,brinjal,கத்தரிக்காய்,clay,களிமண்,"கத்தரிக்காய் அறுவடை நேரம் ரகம், விதைத்த நாள் மற்றும் முதிர்ச்சி அறிகுறிகளைப் பொறுத்தது. முதிர்ச்சி அறிகுறிகளையும் வானிலை முன்னறிவிப்பையும் பார்த்து அறுவடை செய்யுங்கள்."
CA_01595,harvest,அறுவடை,brinjal,கத்தரிக்காய்,loamy,கலப்பு மண்,"கத்தரிக்காய் அறுவடை நேரம் ரகம், விதைத்த நாள் மற்றும் முதிர்ச்சி அறிகுறிகளைப் பொறுத்தது. முதிர்ச்சி அறிகுறிகளையும் வானிலை முன்னறிவிப்பையும் பார்த்து அறுவடை செய்யுங்கள்."
CA_01596,harvest,அறுவடை,brinjal,கத்தரிக்காய்,laterite,சரளை மண்,"கத்தரிக்காய் அறுவடை நேரம் ரகம், விதைத்த நாள் மற்றும் முதிர்ச்சி அறிகுறிகளைப் பொறுத்தது. முதிர்ச்சி அறிகுறிகளையும் வானிலை முன்னறிவிப்பையும் பார்த்து அறுவடை செய்யுங்கள்."
CA_01597,harvest,அறுவடை,okra,வெண்டைக்காய்,red,செம்மண்,"வெண்டைக்காய் அறுவடை நேரம் ரகம், விதைத்த நாள் மற்றும் முதிர்ச்சி அறிகுறிகளைப் பொறுத்தது. முதிர்ச்சி அறிகுறிகளையும் வானிலை முன்னறிவிப்பையும் பார்த்து அறுவடை செய்யுங்கள்."
CA_01598,harvest,அறுவடை,okra,வெண்டைக்காய்,black,கரிசல் மண்,"வெண்டைக்காய் அறுவடை நேரம் ரகம், விதைத்த நாள் மற்றும் முதிர்ச்சி அறிகுறிகளைப் பொறுத்தது. முதிர்ச்சி அறிகுறிகளையும் வானிலை முன்னறிவிப்பையும் பார்த்து அறுவடை செய்யுங்கள்."
CA_01599,harvest,அறுவடை,okra,வெண்டைக்காய்,alluvial,வண்டல் மண்,"வெண்டைக்காய் அறுவடை நேரம் ரகம், விதைத்த நாள் மற்றும் முதிர்ச்சி அறிகுறிகளைப் பொறுத்தது. முதிர்ச்சி அறிகுறிகளையும் வானிலை முன்னறிவிப்பையும் பார்த்து அறுவடை செய்யுங்கள்."
CA_01600,harvest,அறுவடை,okra,வெண்டைக்காய்,sandy,மணல் மண்,"வெண்டைக்காய் அறுவடை நேரம் ரகம், விதைத்த நாள் மற்றும் முதிர்ச்சி அறிகுறிகளைப் பொறுத்தது. முதிர்ச்சி அறிகுறிகளையும் வானிலை முன்னறிவிப்பையும் பார்த்து அறுவடை செய்யுங்கள்."
CA_01601,harvest,அறுவடை,okra,வெண்டைக்காய்,clay,களிமண்,"வெண்டைக்காய் அறுவடை நேரம் ரகம், விதைத்த நாள் மற்றும் முதிர்ச்சி அறிகுறிகளைப் பொறுத்தது. முதிர்ச்சி அறிகுறிகளையும் வானிலை முன்னறிவிப்பையும் பார்த்து அறுவடை செய்யுங்கள்."
CA_01602,harvest,அறுவடை,okra,வெண்டைக்காய்,loamy,கலப்பு மண்,"வெண்டைக்காய் அறுவடை நேரம் ரகம், விதைத்த நாள் மற்றும் முதிர்ச்சி அறிகுறிகளைப் பொறுத்தது. முதிர்ச்சி அறிகுறிகளையும் வானிலை முன்னறிவிப்பையும் பார்த்து அறுவடை செய்யுங்கள்."
CA_01603,harvest,அறுவடை,okra,வெண்டைக்காய்,laterite,சரளை மண்,"வெண்டைக்காய் அறுவடை நேரம் ரகம், விதைத்த நாள் மற்றும் முதிர்ச்சி அறிகுறிகளைப் பொறுத்தது. முதிர்ச்சி அறிகுறிகளையும் வானிலை முன்னறிவிப்பையும் பார்த்து அறுவடை செய்யுங்கள்."
CA_01604,harvest,அறுவடை,coconut,தேங்காய்,red,செம்மண்,"தேங்காய் அறுவடை நேரம் ரகம், விதைத்த நாள் மற்றும் முதிர்ச்சி அறிகுறிகளைப் பொறுத்தது. முதிர்ச்சி அறிகுறிகளையும் வானிலை முன்னறிவிப்பையும் பார்த்து அறுவடை செய்யுங்கள்."
CA_01605,harvest,அறுவடை,coconut,தேங்காய்,black,கரிசல் மண்,"தேங்காய் அறுவடை நேரம் ரகம், விதைத்த நாள் மற்றும் முதிர்ச்சி அறிகுறிகளைப் பொறுத்தது. முதிர்ச்சி அறிகுறிகளையும் வானிலை முன்னறிவிப்பையும் பார்த்து அறுவடை செய்யுங்கள்."
CA_01606,harvest,அறுவடை,coconut,தேங்காய்,alluvial,வண்டல் மண்,"தேங்காய் அறுவடை நேரம் ரகம், விதைத்த நாள் மற்றும் முதிர்ச்சி அறிகுறிகளைப் பொறுத்தது. முதிர்ச்சி அறிகுறிகளையும் வானிலை முன்னறிவிப்பையும் பார்த்து அறுவடை செய்யுங்கள்."
CA_01607,harvest,அறுவடை,coconut,தேங்காய்,sandy,மணல் மண்,"தேங்காய் அறுவடை நேரம் ரகம், விதைத்த நாள் மற்றும் முதிர்ச்சி அறிகுறிகளைப் பொறுத்தது. முதிர்ச்சி அறிகுறிகளையும் வானிலை முன்னறிவிப்பையும் பார்த்து அறுவடை செய்யுங்கள்."
CA_01608,harvest,அறுவடை,coconut,தேங்காய்,clay,களிமண்,"தேங்காய் அறுவடை நேரம் ரகம், விதைத்த நாள் மற்றும் முதிர்ச்சி அறிகுறிகளைப் பொறுத்தது. முதிர்ச்சி அறிகுறிகளையும் வானிலை முன்னறிவிப்பையும் பார்த்து அறுவடை செய்யுங்கள்."
CA_01609,harvest,அறுவடை,coconut,தேங்காய்,loamy,கலப்பு மண்,"தேங்காய் அறுவடை நேரம் ரகம், விதைத்த நாள் மற்றும் முதிர்ச்சி அறிகுறிகளைப் பொறுத்தது. முதிர்ச்சி அறிகுறிகளையும் வானிலை முன்னறிவிப்பையும் பார்த்து அறுவடை செய்யுங்கள்."
CA_01610,harvest,அறுவடை,coconut,தேங்காய்,laterite,சரளை மண்,"தேங்காய் அறுவடை நேரம் ரகம், விதைத்த நாள் மற்றும் முதிர்ச்சி அறிகுறிகளைப் பொறுத்தது. முதிர்ச்சி அறிகுறிகளையும் வானிலை முன்னறிவிப்பையும் பார்த்து அறுவடை செய்யுங்கள்."
CA_01611,harvest,அறுவடை,pulses,பயறு,red,செம்மண்,"பயறு அறுவடை நேரம் ரகம், விதைத்த நாள் மற்றும் முதிர்ச்சி அறிகுறிகளைப் பொறுத்தது. முதிர்ச்சி அறிகுறிகளையும் வானிலை முன்னறிவிப்பையும் பார்த்து அறுவடை செய்யுங்கள்."
CA_01612,harvest,அறுவடை,pulses,பயறு,black,கரிசல் மண்,"பயறு அறுவடை நேரம் ரகம், விதைத்த நாள் மற்றும் முதிர்ச்சி அறிகுறிகளைப் பொறுத்தது. முதிர்ச்சி அறிகுறிகளையும் வானிலை முன்னறிவிப்பையும் பார்த்து அறுவடை செய்யுங்கள்."
CA_01613,harvest,அறுவடை,pulses,பயறு,alluvial,வண்டல் மண்,"பயறு அறுவடை நேரம் ரகம், விதைத்த நாள் மற்றும் முதிர்ச்சி அறிகுறிகளைப் பொறுத்தது. முதிர்ச்சி அறிகுறிகளையும் வானிலை முன்னறிவிப்பையும் பார்த்து அறுவடை செய்யுங்கள்."
CA_01614,harvest,அறுவடை,pulses,பயறு,sandy,மணல் மண்,"பயறு அறுவடை நேரம் ரகம், விதைத்த நாள் மற்றும் முதிர்ச்சி அறிகுறிகளைப் பொறுத்தது. முதிர்ச்சி அறிகுறிகளையும் வானிலை முன்னறிவிப்பையும் பார்த்து அறுவடை செய்யுங்கள்."
CA_01615,harvest,அறுவடை,pulses,பயறு,clay,களிமண்,"பயறு அறுவடை நேரம் ரகம், விதைத்த நாள் மற்றும் முதிர்ச்சி அறிகுறிகளைப் பொறுத்தது. முதிர்ச்சி அறிகுறிகளையும் வானிலை முன்னறிவிப்பையும் பார்த்து அறுவடை செய்யுங்கள்."
CA_01616,harvest,அறுவடை,pulses,பயறு,loamy,கலப்பு மண்,"பயறு அறுவடை நேரம் ரகம், விதைத்த நாள் மற்றும் முதிர்ச்சி அறிகுறிகளைப் பொறுத்தது. முதிர்ச்சி அறிகுறிகளையும் வானிலை முன்னறிவிப்பையும் பார்த்து அறுவடை செய்யுங்கள்."
CA_01617,harvest,அறுவடை,pulses,பயறு,laterite,சரளை மண்,"பயறு அறுவடை நேரம் ரகம், விதைத்த நாள் மற்றும் முதிர்ச்சி அறிகுறிகளைப் பொறுத்தது. முதிர்ச்சி அறிகுறிகளையும் வானிலை முன்னறிவிப்பையும் பார்த்து அறுவடை செய்யுங்கள்."
CA_01618,harvest,அறுவடை,sesame,எள்,red,செம்மண்,"எள் அறுவடை நேரம் ரகம், விதைத்த நாள் மற்றும் முதிர்ச்சி அறிகுறிகளைப் பொறுத்தது. முதிர்ச்சி அறிகுறிகளையும் வானிலை முன்னறிவிப்பையும் பார்த்து அறுவடை செய்யுங்கள்."
CA_01619,harvest,அறுவடை,sesame,எள்,black,கரிசல் மண்,"எள் அறுவடை நேரம் ரகம், விதைத்த நாள் மற்றும் முதிர்ச்சி அறிகுறிகளைப் பொறுத்தது. முதிர்ச்சி அறிகுறிகளையும் வானிலை முன்னறிவிப்பையும் பார்த்து அறுவடை செய்யுங்கள்."
CA_01620,harvest,அறுவடை,sesame,எள்,alluvial,வண்டல் மண்,"எள் அறுவடை நேரம் ரகம், விதைத்த நாள் மற்றும் முதிர்ச்சி அறிகுறிகளைப் பொறுத்தது. முதிர்ச்சி அறிகுறிகளையும் வானிலை முன்னறிவிப்பையும் பார்த்து அறுவடை செய்யுங்கள்."
CA_01621,harvest,அறுவடை,sesame,எள்,sandy,மணல் மண்,"எள் அறுவடை நேரம் ரகம், விதைத்த நாள் மற்றும் முதிர்ச்சி அறிகுறிகளைப் பொறுத்தது. முதிர்ச்சி அறிகுறிகளையும் வானிலை முன்னறிவிப்பையும் பார்த்து அறுவடை செய்யுங்கள்."
CA_01622,harvest,அறுவடை,sesame,எள்,clay,களிமண்,"எள் அறுவடை நேரம் ரகம், விதைத்த நாள் மற்றும் முதிர்ச்சி அறிகுறிகளைப் பொறுத்தது. முதிர்ச்சி அறிகுறிகளையும் வானிலை முன்னறிவிப்பையும் பார்த்து அறுவடை செய்யுங்கள்."
CA_01623,harvest,அறுவடை,sesame,எள்,loamy,கலப்பு மண்,"எள் அறுவடை நேரம் ரகம், விதைத்த நாள் மற்றும் முதிர்ச்சி அறிகுறிகளைப் பொறுத்தது. முதிர்ச்சி அறிகுறிகளையும் வானிலை முன்னறிவிப்பையும் பார்த்து அறுவடை செய்யுங்கள்."
CA_01624,harvest,அறுவடை,sesame,எள்,laterite,சரளை மண்,"எள் அறுவடை நேரம் ரகம், விதைத்த நாள் மற்றும் முதிர்ச்சி அறிகுறிகளைப் பொறுத்தது. முதிர்ச்சி அறிகுறிகளையும் வானிலை முன்னறிவிப்பையும் பார்த்து அறுவடை செய்யுங்கள்."
CA_01625,harvest,அறுவடை,tapioca,மரவள்ளி,red,செம்மண்,"மரவள்ளி அறுவடை நேரம் ரகம், விதைத்த நாள் மற்றும் முதிர்ச்சி அறிகுறிகளைப் பொறுத்தது. முதிர்ச்சி அறிகுறிகளையும் வானிலை முன்னறிவிப்பையும் பார்த்து அறுவடை செய்யுங்கள்."
CA_01626,harvest,அறுவடை,tapioca,மரவள்ளி,black,கரிசல் மண்,"மரவள்ளி அறுவடை நேரம் ரகம், விதைத்த நாள் மற்றும் முதிர்ச்சி அறிகுறிகளைப் பொறுத்தது. முதிர்ச்சி அறிகுறிகளையும் வானிலை முன்னறிவிப்பையும் பார்த்து அறுவடை செய்யுங்கள்."
CA_01627,harvest,அறுவடை,tapioca,மரவள்ளி,alluvial,வண்டல் மண்,"மரவள்ளி அறுவடை நேரம் ரகம், விதைத்த நாள் மற்றும் முதிர்ச்சி அறிகுறிகளைப் பொறுத்தது. முதிர்ச்சி அறிகுறிகளையும் வானிலை முன்னறிவிப்பையும் பார்த்து அறுவடை செய்யுங்கள்."
CA_01628,harvest,அறுவடை,tapioca,மரவள்ளி,sandy,மணல் மண்,"மரவள்ளி அறுவடை நேரம் ரகம், விதைத்த நாள் மற்றும் முதிர்ச்சி அறிகுறிகளைப் பொறுத்தது. முதிர்ச்சி அறிகுறிகளையும் வானிலை முன்னறிவிப்பையும் பார்த்து அறுவடை செய்யுங்கள்."
CA_01629,harvest,அறுவடை,tapioca,மரவள்ளி,clay,களிமண்,"மரவள்ளி அறுவடை நேரம் ரகம், விதைத்த நாள் மற்றும் முதிர்ச்சி அறிகுறிகளைப் பொறுத்தது. முதிர்ச்சி அறிகுறிகளையும் வானிலை முன்னறிவிப்பையும் பார்த்து அறுவடை செய்யுங்கள்."
CA_01630,harvest,அறுவடை,tapioca,மரவள்ளி,loamy,கலப்பு மண்,"மரவள்ளி அறுவடை நேரம் ரகம், விதைத்த நாள் மற்றும் முதிர்ச்சி அறிகுறிகளைப் பொறுத்தது. முதிர்ச்சி அறிகுறிகளையும் வானிலை முன்னறிவிப்பையும் பார்த்து அறுவடை செய்யுங்கள்."
CA_01631,harvest,அறுவடை,tapioca,மரவள்ளி,laterite,சரளை மண்,"மரவள்ளி அறுவடை நேரம் ரகம், விதைத்த நாள் மற்றும் முதிர்ச்சி அறிகுறிகளைப் பொறுத்தது. முதிர்ச்சி அறிகுறிகளையும் வானிலை முன்னறிவிப்பையும் பார்த்து அறுவடை செய்யுங்கள்."
CA_01632,harvest,அறுவடை,drumstick,முருங்கை,red,செம்மண்,"முருங்கை அறுவடை நேரம் ரகம், விதைத்த நாள் மற்றும் முதிர்ச்சி அறிகுறிகளைப் பொறுத்தது. முதிர்ச்சி அறிகுறிகளையும் வானிலை முன்னறிவிப்பையும் பார்த்து அறுவடை செய்யுங்கள்."
CA_01633,harvest,அறுவடை,drumstick,முருங்கை,black,கரிசல் மண்,"முருங்கை அறுவடை நேரம் ரகம், விதைத்த நாள் மற்றும் முதிர்ச்சி அறிகுறிகளைப் பொறுத்தது. முதிர்ச்சி அறிகுறிகளையும் வானிலை முன்னறிவிப்பையும் பார்த்து அறுவடை செய்யுங்கள்."
CA_01634,harvest,அறுவடை,drumstick,முருங்கை,alluvial,வண்டல் மண்,"முருங்கை அறுவடை நேரம் ரகம், விதைத்த நாள் மற்றும் முதிர்ச்சி அறிகுறிகளைப் பொறுத்தது. முதிர்ச்சி அறிகுறிகளையும் வானிலை முன்னறிவிப்பையும் பார்த்து அறுவடை செய்யுங்கள்."
CA_01635,harvest,அறுவடை,drumstick,முருங்கை,sandy,மணல் மண்,"முருங்கை அறுவடை நேரம் ரகம், விதைத்த நாள் மற்றும் முதிர்ச்சி அறிகுறிகளைப் பொறுத்தது. முதிர்ச்சி அறிகுறிகளையும் வானிலை முன்னறிவிப்பையும் பார்த்து அறுவடை செய்யுங்கள்."
CA_01636,harvest,அறுவடை,drumstick,முருங்கை,clay,களிமண்,"முருங்கை அறுவடை நேரம் ரகம், விதைத்த நாள் மற்றும் முதிர்ச்சி அறிகுறிகளைப் பொறுத்தது. முதிர்ச்சி அறிகுறிகளையும் வானிலை முன்னறிவிப்பையும் பார்த்து அறுவடை செய்யுங்கள்."
CA_01637,harvest,அறுவடை,drumstick,முருங்கை,loamy,கலப்பு மண்,"முருங்கை அறுவடை நேரம் ரகம், விதைத்த நாள் மற்றும் முதிர்ச்சி அறிகுறிகளைப் பொறுத்தது. முதிர்ச்சி அறிகுறிகளையும் வானிலை முன்னறிவிப்பையும் பார்த்து அறுவடை செய்யுங்கள்."
CA_01638,harvest,அறுவடை,drumstick,முருங்கை,laterite,சரளை மண்,"முருங்கை அறுவடை நேரம் ரகம், விதைத்த நாள் மற்றும் முதிர்ச்சி அறிகுறிகளைப் பொறுத்தது. முதிர்ச்சி அறிகுறிகளையும் வானிலை முன்னறிவிப்பையும் பார்த்து அறுவடை செய்யுங்கள்."
CA_01639,yield,மகசூல்,rice,நெல்,red,செம்மண்,"நெல் மகசூல் ரகம், நிலம், நீர், ஊட்டச்சத்து, வானிலை மற்றும் மேலாண்மையைப் பொறுத்தது. உள்ளூர் சராசரி மற்றும் உங்கள் பண்ணை பதிவுகளுடன் ஒப்பிட்டு மதிப்பிடுங்கள்."
CA_01640,yield,மகசூல்,rice,நெல்,black,கரிசல் மண்,"நெல் மகசூல் ரகம், நிலம், நீர், ஊட்டச்சத்து, வானிலை மற்றும் மேலாண்மையைப் பொறுத்தது. உள்ளூர் சராசரி மற்றும் உங்கள் பண்ணை பதிவுகளுடன் ஒப்பிட்டு மதிப்பிடுங்கள்."
CA_01641,yield,மகசூல்,rice,நெல்,alluvial,வண்டல் மண்,"நெல் மகசூல் ரகம், நிலம், நீர், ஊட்டச்சத்து, வானிலை மற்றும் மேலாண்மையைப் பொறுத்தது. உள்ளூர் சராசரி மற்றும் உங்கள் பண்ணை பதிவுகளுடன் ஒப்பிட்டு மதிப்பிடுங்கள்."
CA_01642,yield,மகசூல்,rice,நெல்,sandy,மணல் மண்,"நெல் மகசூல் ரகம், நிலம், நீர், ஊட்டச்சத்து, வானிலை மற்றும் மேலாண்மையைப் பொறுத்தது. உள்ளூர் சராசரி மற்றும் உங்கள் பண்ணை பதிவுகளுடன் ஒப்பிட்டு மதிப்பிடுங்கள்."
CA_01643,yield,மகசூல்,rice,நெல்,clay,களிமண்,"நெல் மகசூல் ரகம், நிலம், நீர், ஊட்டச்சத்து, வானிலை மற்றும் மேலாண்மையைப் பொறுத்தது. உள்ளூர் சராசரி மற்றும் உங்கள் பண்ணை பதிவுகளுடன் ஒப்பிட்டு மதிப்பிடுங்கள்."
CA_01644,yield,மகசூல்,rice,நெல்,loamy,கலப்பு மண்,"நெல் மகசூல் ரகம், நிலம், நீர், ஊட்டச்சத்து, வானிலை மற்றும் மேலாண்மையைப் பொறுத்தது. உள்ளூர் சராசரி மற்றும் உங்கள் பண்ணை பதிவுகளுடன் ஒப்பிட்டு மதிப்பிடுங்கள்."
CA_01645,yield,மகசூல்,rice,நெல்,laterite,சரளை மண்,"நெல் மகசூல் ரகம், நிலம், நீர், ஊட்டச்சத்து, வானிலை மற்றும் மேலாண்மையைப் பொறுத்தது. உள்ளூர் சராசரி மற்றும் உங்கள் பண்ணை பதிவுகளுடன் ஒப்பிட்டு மதிப்பிடுங்கள்."
CA_01646,yield,மகசூல்,banana,வாழை,red,செம்மண்,"வாழை மகசூல் ரகம், நிலம், நீர், ஊட்டச்சத்து, வானிலை மற்றும் மேலாண்மையைப் பொறுத்தது. உள்ளூர் சராசரி மற்றும் உங்கள் பண்ணை பதிவுகளுடன் ஒப்பிட்டு மதிப்பிடுங்கள்."
CA_01647,yield,மகசூல்,banana,வாழை,black,கரிசல் மண்,"வாழை மகசூல் ரகம், நிலம், நீர், ஊட்டச்சத்து, வானிலை மற்றும் மேலாண்மையைப் பொறுத்தது. உள்ளூர் சராசரி மற்றும் உங்கள் பண்ணை பதிவுகளுடன் ஒப்பிட்டு மதிப்பிடுங்கள்."
CA_01648,yield,மகசூல்,banana,வாழை,alluvial,வண்டல் மண்,"வாழை மகசூல் ரகம், நிலம், நீர், ஊட்டச்சத்து, வானிலை மற்றும் மேலாண்மையைப் பொறுத்தது. உள்ளூர் சராசரி மற்றும் உங்கள் பண்ணை பதிவுகளுடன் ஒப்பிட்டு மதிப்பிடுங்கள்."
CA_01649,yield,மகசூல்,banana,வாழை,sandy,மணல் மண்,"வாழை மகசூல் ரகம், நிலம், நீர், ஊட்டச்சத்து, வானிலை மற்றும் மேலாண்மையைப் பொறுத்தது. உள்ளூர் சராசரி மற்றும் உங்கள் பண்ணை பதிவுகளுடன் ஒப்பிட்டு மதிப்பிடுங்கள்."
CA_01650,yield,மகசூல்,banana,வாழை,clay,களிமண்,"வாழை மகசூல் ரகம், நிலம், நீர், ஊட்டச்சத்து, வானிலை மற்றும் மேலாண்மையைப் பொறுத்தது. உள்ளூர் சராசரி மற்றும் உங்கள் பண்ணை பதிவுகளுடன் ஒப்பிட்டு மதிப்பிடுங்கள்."
CA_01651,yield,மகசூல்,banana,வாழை,loamy,கலப்பு மண்,"வாழை மகசூல் ரகம், நிலம், நீர், ஊட்டச்சத்து, வானிலை மற்றும் மேலாண்மையைப் பொறுத்தது. உள்ளூர் சராசரி மற்றும் உங்கள் பண்ணை பதிவுகளுடன் ஒப்பிட்டு மதிப்பிடுங்கள்."
CA_01652,yield,மகசூல்,banana,வாழை,laterite,சரளை மண்,"வாழை மகசூல் ரகம், நிலம், நீர், ஊட்டச்சத்து, வானிலை மற்றும் மேலாண்மையைப் பொறுத்தது. உள்ளூர் சராசரி மற்றும் உங்கள் பண்ணை பதிவுகளுடன் ஒப்பிட்டு மதிப்பிடுங்கள்."
CA_01653,yield,மகசூல்,sugarcane,கரும்பு,red,செம்மண்,"கரும்பு மகசூல் ரகம், நிலம், நீர், ஊட்டச்சத்து, வானிலை மற்றும் மேலாண்மையைப் பொறுத்தது. உள்ளூர் சராசரி மற்றும் உங்கள் பண்ணை பதிவுகளுடன் ஒப்பிட்டு மதிப்பிடுங்கள்."
CA_01654,yield,மகசூல்,sugarcane,கரும்பு,black,கரிசல் மண்,"கரும்பு மகசூல் ரகம், நிலம், நீர், ஊட்டச்சத்து, வானிலை மற்றும் மேலாண்மையைப் பொறுத்தது. உள்ளூர் சராசரி மற்றும் உங்கள் பண்ணை பதிவுகளுடன் ஒப்பிட்டு மதிப்பிடுங்கள்."
CA_01655,yield,மகசூல்,sugarcane,கரும்பு,alluvial,வண்டல் மண்,"கரும்பு மகசூல் ரகம், நிலம், நீர், ஊட்டச்சத்து, வானிலை மற்றும் மேலாண்மையைப் பொறுத்தது. உள்ளூர் சராசரி மற்றும் உங்கள் பண்ணை பதிவுகளுடன் ஒப்பிட்டு மதிப்பிடுங்கள்."
CA_01656,yield,மகசூல்,sugarcane,கரும்பு,sandy,மணல் மண்,"கரும்பு மகசூல் ரகம், நிலம், நீர், ஊட்டச்சத்து, வானிலை மற்றும் மேலாண்மையைப் பொறுத்தது. உள்ளூர் சராசரி மற்றும் உங்கள் பண்ணை பதிவுகளுடன் ஒப்பிட்டு மதிப்பிடுங்கள்."
CA_01657,yield,மகசூல்,sugarcane,கரும்பு,clay,களிமண்,"கரும்பு மகசூல் ரகம், நிலம், நீர், ஊட்டச்சத்து, வானிலை மற்றும் மேலாண்மையைப் பொறுத்தது. உள்ளூர் சராசரி மற்றும் உங்கள் பண்ணை பதிவுகளுடன் ஒப்பிட்டு மதிப்பிடுங்கள்."
CA_01658,yield,மகசூல்,sugarcane,கரும்பு,loamy,கலப்பு மண்,"கரும்பு மகசூல் ரகம், நிலம், நீர், ஊட்டச்சத்து, வானிலை மற்றும் மேலாண்மையைப் பொறுத்தது. உள்ளூர் சராசரி மற்றும் உங்கள் பண்ணை பதிவுகளுடன் ஒப்பிட்டு மதிப்பிடுங்கள்."
CA_01659,yield,மகசூல்,sugarcane,கரும்பு,laterite,சரளை மண்,"கரும்பு மகசூல் ரகம், நிலம், நீர், ஊட்டச்சத்து, வானிலை மற்றும் மேலாண்மையைப் பொறுத்தது. உள்ளூர் சராசரி மற்றும் உங்கள் பண்ணை பதிவுகளுடன் ஒப்பிட்டு மதிப்பிடுங்கள்."
CA_01660,yield,மகசூல்,cotton,பருத்தி,red,செம்மண்,"பருத்தி மகசூல் ரகம், நிலம், நீர், ஊட்டச்சத்து, வானிலை மற்றும் மேலாண்மையைப் பொறுத்தது. உள்ளூர் சராசரி மற்றும் உங்கள் பண்ணை பதிவுகளுடன் ஒப்பிட்டு மதிப்பிடுங்கள்."
CA_01661,yield,மகசூல்,cotton,பருத்தி,black,கரிசல் மண்,"பருத்தி மகசூல் ரகம், நிலம், நீர், ஊட்டச்சத்து, வானிலை மற்றும் மேலாண்மையைப் பொறுத்தது. உள்ளூர் சராசரி மற்றும் உங்கள் பண்ணை பதிவுகளுடன் ஒப்பிட்டு மதிப்பிடுங்கள்."
CA_01662,yield,மகசூல்,cotton,பருத்தி,alluvial,வண்டல் மண்,"பருத்தி மகசூல் ரகம், நிலம், நீர், ஊட்டச்சத்து, வானிலை மற்றும் மேலாண்மையைப் பொறுத்தது. உள்ளூர் சராசரி மற்றும் உங்கள் பண்ணை பதிவுகளுடன் ஒப்பிட்டு மதிப்பிடுங்கள்."
CA_01663,yield,மகசூல்,cotton,பருத்தி,sandy,மணல் மண்,"பருத்தி மகசூல் ரகம், நிலம், நீர், ஊட்டச்சத்து, வானிலை மற்றும் மேலாண்மையைப் பொறுத்தது. உள்ளூர் சராசரி மற்றும் உங்கள் பண்ணை பதிவுகளுடன் ஒப்பிட்டு மதிப்பிடுங்கள்."
CA_01664,yield,மகசூல்,cotton,பருத்தி,clay,களிமண்,"பருத்தி மகசூல் ரகம், நிலம், நீர், ஊட்டச்சத்து, வானிலை மற்றும் மேலாண்மையைப் பொறுத்தது. உள்ளூர் சராசரி மற்றும் உங்கள் பண்ணை பதிவுகளுடன் ஒப்பிட்டு மதிப்பிடுங்கள்."
CA_01665,yield,மகசூல்,cotton,பருத்தி,loamy,கலப்பு மண்,"பருத்தி மகசூல் ரகம், நிலம், நீர், ஊட்டச்சத்து, வானிலை மற்றும் மேலாண்மையைப் பொறுத்தது. உள்ளூர் சராசரி மற்றும் உங்கள் பண்ணை பதிவுகளுடன் ஒப்பிட்டு மதிப்பிடுங்கள்."
CA_01666,yield,மகசூல்,cotton,பருத்தி,laterite,சரளை மண்,"பருத்தி மகசூல் ரகம், நிலம், நீர், ஊட்டச்சத்து, வானிலை மற்றும் மேலாண்மையைப் பொறுத்தது. உள்ளூர் சராசரி மற்றும் உங்கள் பண்ணை பதிவுகளுடன் ஒப்பிட்டு மதிப்பிடுங்கள்."
CA_01667,yield,மகசூல்,groundnut,நிலக்கடலை,red,செம்மண்,"நிலக்கடலை மகசூல் ரகம், நிலம், நீர், ஊட்டச்சத்து, வானிலை மற்றும் மேலாண்மையைப் பொறுத்தது. உள்ளூர் சராசரி மற்றும் உங்கள் பண்ணை பதிவுகளுடன் ஒப்பிட்டு மதிப்பிடுங்கள்."
CA_01668,yield,மகசூல்,groundnut,நிலக்கடலை,black,கரிசல் மண்,"நிலக்கடலை மகசூல் ரகம், நிலம், நீர், ஊட்டச்சத்து, வானிலை மற்றும் மேலாண்மையைப் பொறுத்தது. உள்ளூர் சராசரி மற்றும் உங்கள் பண்ணை பதிவுகளுடன் ஒப்பிட்டு மதிப்பிடுங்கள்."
CA_01669,yield,மகசூல்,groundnut,நிலக்கடலை,alluvial,வண்டல் மண்,"நிலக்கடலை மகசூல் ரகம், நிலம், நீர், ஊட்டச்சத்து, வானிலை மற்றும் மேலாண்மையைப் பொறுத்தது. உள்ளூர் சராசரி மற்றும் உங்கள் பண்ணை பதிவுகளுடன் ஒப்பிட்டு மதிப்பிடுங்கள்."
CA_01670,yield,மகசூல்,groundnut,நிலக்கடலை,sandy,மணல் மண்,"நிலக்கடலை மகசூல் ரகம், நிலம், நீர், ஊட்டச்சத்து, வானிலை மற்றும் மேலாண்மையைப் பொறுத்தது. உள்ளூர் சராசரி மற்றும் உங்கள் பண்ணை பதிவுகளுடன் ஒப்பிட்டு மதிப்பிடுங்கள்."
CA_01671,yield,மகசூல்,groundnut,நிலக்கடலை,clay,களிமண்,"நிலக்கடலை மகசூல் ரகம், நிலம், நீர், ஊட்டச்சத்து, வானிலை மற்றும் மேலாண்மையைப் பொறுத்தது. உள்ளூர் சராசரி மற்றும் உங்கள் பண்ணை பதிவுகளுடன் ஒப்பிட்டு மதிப்பிடுங்கள்."
CA_01672,yield,மகசூல்,groundnut,நிலக்கடலை,loamy,கலப்பு மண்,"நிலக்கடலை மகசூல் ரகம், நிலம், நீர், ஊட்டச்சத்து, வானிலை மற்றும் மேலாண்மையைப் பொறுத்தது. உள்ளூர் சராசரி மற்றும் உங்கள் பண்ணை பதிவுகளுடன் ஒப்பிட்டு மதிப்பிடுங்கள்."
CA_01673,yield,மகசூல்,groundnut,நிலக்கடலை,laterite,சரளை மண்,"நிலக்கடலை மகசூல் ரகம், நிலம், நீர், ஊட்டச்சத்து, வானிலை மற்றும் மேலாண்மையைப் பொறுத்தது. உள்ளூர் சராசரி மற்றும் உங்கள் பண்ணை பதிவுகளுடன் ஒப்பிட்டு மதிப்பிடுங்கள்."
CA_01674,yield,மகசூல்,maize,மக்காச்சோளம்,red,செம்மண்,"மக்காச்சோளம் மகசூல் ரகம், நிலம், நீர், ஊட்டச்சத்து, வானிலை மற்றும் மேலாண்மையைப் பொறுத்தது. உள்ளூர் சராசரி மற்றும் உங்கள் பண்ணை பதிவுகளுடன் ஒப்பிட்டு மதிப்பிடுங்கள்."
CA_01675,yield,மகசூல்,maize,மக்காச்சோளம்,black,கரிசல் மண்,"மக்காச்சோளம் மகசூல் ரகம், நிலம், நீர், ஊட்டச்சத்து, வானிலை மற்றும் மேலாண்மையைப் பொறுத்தது. உள்ளூர் சராசரி மற்றும் உங்கள் பண்ணை பதிவுகளுடன் ஒப்பிட்டு மதிப்பிடுங்கள்."
CA_01676,yield,மகசூல்,maize,மக்காச்சோளம்,alluvial,வண்டல் மண்,"மக்காச்சோளம் மகசூல் ரகம், நிலம், நீர், ஊட்டச்சத்து, வானிலை மற்றும் மேலாண்மையைப் பொறுத்தது. உள்ளூர் சராசரி மற்றும் உங்கள் பண்ணை பதிவுகளுடன் ஒப்பிட்டு மதிப்பிடுங்கள்."
CA_01677,yield,மகசூல்,maize,மக்காச்சோளம்,sandy,மணல் மண்,"மக்காச்சோளம் மகசூல் ரகம், நிலம், நீர், ஊட்டச்சத்து, வானிலை மற்றும் மேலாண்மையைப் பொறுத்தது. உள்ளூர் சராசரி மற்றும் உங்கள் பண்ணை பதிவுகளுடன் ஒப்பிட்டு மதிப்பிடுங்கள்."
CA_01678,yield,மகசூல்,maize,மக்காச்சோளம்,clay,களிமண்,"மக்காச்சோளம் மகசூல் ரகம், நிலம், நீர், ஊட்டச்சத்து, வானிலை மற்றும் மேலாண்மையைப் பொறுத்தது. உள்ளூர் சராசரி மற்றும் உங்கள் பண்ணை பதிவுகளுடன் ஒப்பிட்டு மதிப்பிடுங்கள்."
CA_01679,yield,மகசூல்,maize,மக்காச்சோளம்,loamy,கலப்பு மண்,"மக்காச்சோளம் மகசூல் ரகம், நிலம், நீர், ஊட்டச்சத்து, வானிலை மற்றும் மேலாண்மையைப் பொறுத்தது. உள்ளூர் சராசரி மற்றும் உங்கள் பண்ணை பதிவுகளுடன் ஒப்பிட்டு மதிப்பிடுங்கள்."
CA_01680,yield,மகசூல்,maize,மக்காச்சோளம்,laterite,சரளை மண்,"மக்காச்சோளம் மகசூல் ரகம், நிலம், நீர், ஊட்டச்சத்து, வானிலை மற்றும் மேலாண்மையைப் பொறுத்தது. உள்ளூர் சராசரி மற்றும் உங்கள் பண்ணை பதிவுகளுடன் ஒப்பிட்டு மதிப்பிடுங்கள்."
CA_01681,yield,மகசூல்,millet,சிறுதானியம்,red,செம்மண்,"சிறுதானியம் மகசூல் ரகம், நிலம், நீர், ஊட்டச்சத்து, வானிலை மற்றும் மேலாண்மையைப் பொறுத்தது. உள்ளூர் சராசரி மற்றும் உங்கள் பண்ணை பதிவுகளுடன் ஒப்பிட்டு மதிப்பிடுங்கள்."
CA_01682,yield,மகசூல்,millet,சிறுதானியம்,black,கரிசல் மண்,"சிறுதானியம் மகசூல் ரகம், நிலம், நீர், ஊட்டச்சத்து, வானிலை மற்றும் மேலாண்மையைப் பொறுத்தது. உள்ளூர் சராசரி மற்றும் உங்கள் பண்ணை பதிவுகளுடன் ஒப்பிட்டு மதிப்பிடுங்கள்."
CA_01683,yield,மகசூல்,millet,சிறுதானியம்,alluvial,வண்டல் மண்,"சிறுதானியம் மகசூல் ரகம், நிலம், நீர், ஊட்டச்சத்து, வானிலை மற்றும் மேலாண்மையைப் பொறுத்தது. உள்ளூர் சராசரி மற்றும் உங்கள் பண்ணை பதிவுகளுடன் ஒப்பிட்டு மதிப்பிடுங்கள்."
CA_01684,yield,மகசூல்,millet,சிறுதானியம்,sandy,மணல் மண்,"சிறுதானியம் மகசூல் ரகம், நிலம், நீர், ஊட்டச்சத்து, வானிலை மற்றும் மேலாண்மையைப் பொறுத்தது. உள்ளூர் சராசரி மற்றும் உங்கள் பண்ணை பதிவுகளுடன் ஒப்பிட்டு மதிப்பிடுங்கள்."
CA_01685,yield,மகசூல்,millet,சிறுதானியம்,clay,களிமண்,"சிறுதானியம் மகசூல் ரகம், நிலம், நீர், ஊட்டச்சத்து, வானிலை மற்றும் மேலாண்மையைப் பொறுத்தது. உள்ளூர் சராசரி மற்றும் உங்கள் பண்ணை பதிவுகளுடன் ஒப்பிட்டு மதிப்பிடுங்கள்."
CA_01686,yield,மகசூல்,millet,சிறுதானியம்,loamy,கலப்பு மண்,"சிறுதானியம் மகசூல் ரகம், நிலம், நீர், ஊட்டச்சத்து, வானிலை மற்றும் மேலாண்மையைப் பொறுத்தது. உள்ளூர் சராசரி மற்றும் உங்கள் பண்ணை பதிவுகளுடன் ஒப்பிட்டு மதிப்பிடுங்கள்."
CA_01687,yield,மகசூல்,millet,சிறுதானியம்,laterite,சரளை மண்,"சிறுதானியம் மகசூல் ரகம், நிலம், நீர், ஊட்டச்சத்து, வானிலை மற்றும் மேலாண்மையைப் பொறுத்தது. உள்ளூர் சராசரி மற்றும் உங்கள் பண்ணை பதிவுகளுடன் ஒப்பிட்டு மதிப்பிடுங்கள்."
CA_01688,yield,மகசூல்,tomato,தக்காளி,red,செம்மண்,"தக்காளி மகசூல் ரகம், நிலம், நீர், ஊட்டச்சத்து, வானிலை மற்றும் மேலாண்மையைப் பொறுத்தது. உள்ளூர் சராசரி மற்றும் உங்கள் பண்ணை பதிவுகளுடன் ஒப்பிட்டு மதிப்பிடுங்கள்."
CA_01689,yield,மகசூல்,tomato,தக்காளி,black,கரிசல் மண்,"தக்காளி மகசூல் ரகம், நிலம், நீர், ஊட்டச்சத்து, வானிலை மற்றும் மேலாண்மையைப் பொறுத்தது. உள்ளூர் சராசரி மற்றும் உங்கள் பண்ணை பதிவுகளுடன் ஒப்பிட்டு மதிப்பிடுங்கள்."
CA_01690,yield,மகசூல்,tomato,தக்காளி,alluvial,வண்டல் மண்,"தக்காளி மகசூல் ரகம், நிலம், நீர், ஊட்டச்சத்து, வானிலை மற்றும் மேலாண்மையைப் பொறுத்தது. உள்ளூர் சராசரி மற்றும் உங்கள் பண்ணை பதிவுகளுடன் ஒப்பிட்டு மதிப்பிடுங்கள்."
CA_01691,yield,மகசூல்,tomato,தக்காளி,sandy,மணல் மண்,"தக்காளி மகசூல் ரகம், நிலம், நீர், ஊட்டச்சத்து, வானிலை மற்றும் மேலாண்மையைப் பொறுத்தது. உள்ளூர் சராசரி மற்றும் உங்கள் பண்ணை பதிவுகளுடன் ஒப்பிட்டு மதிப்பிடுங்கள்."
CA_01692,yield,மகசூல்,tomato,தக்காளி,clay,களிமண்,"தக்காளி மகசூல் ரகம், நிலம், நீர், ஊட்டச்சத்து, வானிலை மற்றும் மேலாண்மையைப் பொறுத்தது. உள்ளூர் சராசரி மற்றும் உங்கள் பண்ணை பதிவுகளுடன் ஒப்பிட்டு மதிப்பிடுங்கள்."
CA_01693,yield,மகசூல்,tomato,தக்காளி,loamy,கலப்பு மண்,"தக்காளி மகசூல் ரகம், நிலம், நீர், ஊட்டச்சத்து, வானிலை மற்றும் மேலாண்மையைப் பொறுத்தது. உள்ளூர் சராசரி மற்றும் உங்கள் பண்ணை பதிவுகளுடன் ஒப்பிட்டு மதிப்பிடுங்கள்."
CA_01694,yield,மகசூல்,tomato,தக்காளி,laterite,சரளை மண்,"தக்காளி மகசூல் ரகம், நிலம், நீர், ஊட்டச்சத்து, வானிலை மற்றும் மேலாண்மையைப் பொறுத்தது. உள்ளூர் சராசரி மற்றும் உங்கள் பண்ணை பதிவுகளுடன் ஒப்பிட்டு மதிப்பிடுங்கள்."
CA_01695,yield,மகசூல்,chilli,மிளகாய்,red,செம்மண்,"மிளகாய் மகசூல் ரகம், நிலம், நீர், ஊட்டச்சத்து, வானிலை மற்றும் மேலாண்மையைப் பொறுத்தது. உள்ளூர் சராசரி மற்றும் உங்கள் பண்ணை பதிவுகளுடன் ஒப்பிட்டு மதிப்பிடுங்கள்."
CA_01696,yield,மகசூல்,chilli,மிளகாய்,black,கரிசல் மண்,"மிளகாய் மகசூல் ரகம், நிலம், நீர், ஊட்டச்சத்து, வானிலை மற்றும் மேலாண்மையைப் பொறுத்தது. உள்ளூர் சராசரி மற்றும் உங்கள் பண்ணை பதிவுகளுடன் ஒப்பிட்டு மதிப்பிடுங்கள்."
CA_01697,yield,மகசூல்,chilli,மிளகாய்,alluvial,வண்டல் மண்,"மிளகாய் மகசூல் ரகம், நிலம், நீர், ஊட்டச்சத்து, வானிலை மற்றும் மேலாண்மையைப் பொறுத்தது. உள்ளூர் சராசரி மற்றும் உங்கள் பண்ணை பதிவுகளுடன் ஒப்பிட்டு மதிப்பிடுங்கள்."
CA_01698,yield,மகசூல்,chilli,மிளகாய்,sandy,மணல் மண்,"மிளகாய் மகசூல் ரகம், நிலம், நீர், ஊட்டச்சத்து, வானிலை மற்றும் மேலாண்மையைப் பொறுத்தது. உள்ளூர் சராசரி மற்றும் உங்கள் பண்ணை பதிவுகளுடன் ஒப்பிட்டு மதிப்பிடுங்கள்."
CA_01699,yield,மகசூல்,chilli,மிளகாய்,clay,களிமண்,"மிளகாய் மகசூல் ரகம், நிலம், நீர், ஊட்டச்சத்து, வானிலை மற்றும் மேலாண்மையைப் பொறுத்தது. உள்ளூர் சராசரி மற்றும் உங்கள் பண்ணை பதிவுகளுடன் ஒப்பிட்டு மதிப்பிடுங்கள்."
CA_01700,yield,மகசூல்,chilli,மிளகாய்,loamy,கலப்பு மண்,"மிளகாய் மகசூல் ரகம், நிலம், நீர், ஊட்டச்சத்து, வானிலை மற்றும் மேலாண்மையைப் பொறுத்தது. உள்ளூர் சராசரி மற்றும் உங்கள் பண்ணை பதிவுகளுடன் ஒப்பிட்டு மதிப்பிடுங்கள்."
CA_01701,yield,மகசூல்,chilli,மிளகாய்,laterite,சரளை மண்,"மிளகாய் மகசூல் ரகம், நிலம், நீர், ஊட்டச்சத்து, வானிலை மற்றும் மேலாண்மையைப் பொறுத்தது. உள்ளூர் சராசரி மற்றும் உங்கள் பண்ணை பதிவுகளுடன் ஒப்பிட்டு மதிப்பிடுங்கள்."
CA_01702,yield,மகசூல்,onion,வெங்காயம்,red,செம்மண்,"வெங்காயம் மகசூல் ரகம், நிலம், நீர், ஊட்டச்சத்து, வானிலை மற்றும் மேலாண்மையைப் பொறுத்தது. உள்ளூர் சராசரி மற்றும் உங்கள் பண்ணை பதிவுகளுடன் ஒப்பிட்டு மதிப்பிடுங்கள்."
CA_01703,yield,மகசூல்,onion,வெங்காயம்,black,கரிசல் மண்,"வெங்காயம் மகசூல் ரகம், நிலம், நீர், ஊட்டச்சத்து, வானிலை மற்றும் மேலாண்மையைப் பொறுத்தது. உள்ளூர் சராசரி மற்றும் உங்கள் பண்ணை பதிவுகளுடன் ஒப்பிட்டு மதிப்பிடுங்கள்."
CA_01704,yield,மகசூல்,onion,வெங்காயம்,alluvial,வண்டல் மண்,"வெங்காயம் மகசூல் ரகம், நிலம், நீர், ஊட்டச்சத்து, வானிலை மற்றும் மேலாண்மையைப் பொறுத்தது. உள்ளூர் சராசரி மற்றும் உங்கள் பண்ணை பதிவுகளுடன் ஒப்பிட்டு மதிப்பிடுங்கள்."
CA_01705,yield,மகசூல்,onion,வெங்காயம்,sandy,மணல் மண்,"வெங்காயம் மகசூல் ரகம், நிலம், நீர், ஊட்டச்சத்து, வானிலை மற்றும் மேலாண்மையைப் பொறுத்தது. உள்ளூர் சராசரி மற்றும் உங்கள் பண்ணை பதிவுகளுடன் ஒப்பிட்டு மதிப்பிடுங்கள்."
CA_01706,yield,மகசூல்,onion,வெங்காயம்,clay,களிமண்,"வெங்காயம் மகசூல் ரகம், நிலம், நீர், ஊட்டச்சத்து, வானிலை மற்றும் மேலாண்மையைப் பொறுத்தது. உள்ளூர் சராசரி மற்றும் உங்கள் பண்ணை பதிவுகளுடன் ஒப்பிட்டு மதிப்பிடுங்கள்."
CA_01707,yield,மகசூல்,onion,வெங்காயம்,loamy,கலப்பு மண்,"வெங்காயம் மகசூல் ரகம், நிலம், நீர், ஊட்டச்சத்து, வானிலை மற்றும் மேலாண்மையைப் பொறுத்தது. உள்ளூர் சராசரி மற்றும் உங்கள் பண்ணை பதிவுகளுடன் ஒப்பிட்டு மதிப்பிடுங்கள்."
CA_01708,yield,மகசூல்,onion,வெங்காயம்,laterite,சரளை மண்,"வெங்காயம் மகசூல் ரகம், நிலம், நீர், ஊட்டச்சத்து, வானிலை மற்றும் மேலாண்மையைப் பொறுத்தது. உள்ளூர் சராசரி மற்றும் உங்கள் பண்ணை பதிவுகளுடன் ஒப்பிட்டு மதிப்பிடுங்கள்."
CA_01709,yield,மகசூல்,turmeric,மஞ்சள்,red,செம்மண்,"மஞ்சள் மகசூல் ரகம், நிலம், நீர், ஊட்டச்சத்து, வானிலை மற்றும் மேலாண்மையைப் பொறுத்தது. உள்ளூர் சராசரி மற்றும் உங்கள் பண்ணை பதிவுகளுடன் ஒப்பிட்டு மதிப்பிடுங்கள்."
CA_01710,yield,மகசூல்,turmeric,மஞ்சள்,black,கரிசல் மண்,"மஞ்சள் மகசூல் ரகம், நிலம், நீர், ஊட்டச்சத்து, வானிலை மற்றும் மேலாண்மையைப் பொறுத்தது. உள்ளூர் சராசரி மற்றும் உங்கள் பண்ணை பதிவுகளுடன் ஒப்பிட்டு மதிப்பிடுங்கள்."
CA_01711,yield,மகசூல்,turmeric,மஞ்சள்,alluvial,வண்டல் மண்,"மஞ்சள் மகசூல் ரகம், நிலம், நீர், ஊட்டச்சத்து, வானிலை மற்றும் மேலாண்மையைப் பொறுத்தது. உள்ளூர் சராசரி மற்றும் உங்கள் பண்ணை பதிவுகளுடன் ஒப்பிட்டு மதிப்பிடுங்கள்."
CA_01712,yield,மகசூல்,turmeric,மஞ்சள்,sandy,மணல் மண்,"மஞ்சள் மகசூல் ரகம், நிலம், நீர், ஊட்டச்சத்து, வானிலை மற்றும் மேலாண்மையைப் பொறுத்தது. உள்ளூர் சராசரி மற்றும் உங்கள் பண்ணை பதிவுகளுடன் ஒப்பிட்டு மதிப்பிடுங்கள்."
CA_01713,yield,மகசூல்,turmeric,மஞ்சள்,clay,களிமண்,"மஞ்சள் மகசூல் ரகம், நிலம், நீர், ஊட்டச்சத்து, வானிலை மற்றும் மேலாண்மையைப் பொறுத்தது. உள்ளூர் சராசரி மற்றும் உங்கள் பண்ணை பதிவுகளுடன் ஒப்பிட்டு மதிப்பிடுங்கள்."
CA_01714,yield,மகசூல்,turmeric,மஞ்சள்,loamy,கலப்பு மண்,"மஞ்சள் மகசூல் ரகம், நிலம், நீர், ஊட்டச்சத்து, வானிலை மற்றும் மேலாண்மையைப் பொறுத்தது. உள்ளூர் சராசரி மற்றும் உங்கள் பண்ணை பதிவுகளுடன் ஒப்பிட்டு மதிப்பிடுங்கள்."
CA_01715,yield,மகசூல்,turmeric,மஞ்சள்,laterite,சரளை மண்,"மஞ்சள் மகசூல் ரகம், நிலம், நீர், ஊட்டச்சத்து, வானிலை மற்றும் மேலாண்மையைப் பொறுத்தது. உள்ளூர் சராசரி மற்றும் உங்கள் பண்ணை பதிவுகளுடன் ஒப்பிட்டு மதிப்பிடுங்கள்."
CA_01716,yield,மகசூல்,brinjal,கத்தரிக்காய்,red,செம்மண்,"கத்தரிக்காய் மகசூல் ரகம், நிலம், நீர், ஊட்டச்சத்து, வானிலை மற்றும் மேலாண்மையைப் பொறுத்தது. உள்ளூர் சராசரி மற்றும் உங்கள் பண்ணை பதிவுகளுடன் ஒப்பிட்டு மதிப்பிடுங்கள்."
CA_01717,yield,மகசூல்,brinjal,கத்தரிக்காய்,black,கரிசல் மண்,"கத்தரிக்காய் மகசூல் ரகம், நிலம், நீர், ஊட்டச்சத்து, வானிலை மற்றும் மேலாண்மையைப் பொறுத்தது. உள்ளூர் சராசரி மற்றும் உங்கள் பண்ணை பதிவுகளுடன் ஒப்பிட்டு மதிப்பிடுங்கள்."
CA_01718,yield,மகசூல்,brinjal,கத்தரிக்காய்,alluvial,வண்டல் மண்,"கத்தரிக்காய் மகசூல் ரகம், நிலம், நீர், ஊட்டச்சத்து, வானிலை மற்றும் மேலாண்மையைப் பொறுத்தது. உள்ளூர் சராசரி மற்றும் உங்கள் பண்ணை பதிவுகளுடன் ஒப்பிட்டு மதிப்பிடுங்கள்."
CA_01719,yield,மகசூல்,brinjal,கத்தரிக்காய்,sandy,மணல் மண்,"கத்தரிக்காய் மகசூல் ரகம், நிலம், நீர், ஊட்டச்சத்து, வானிலை மற்றும் மேலாண்மையைப் பொறுத்தது. உள்ளூர் சராசரி மற்றும் உங்கள் பண்ணை பதிவுகளுடன் ஒப்பிட்டு மதிப்பிடுங்கள்."
CA_01720,yield,மகசூல்,brinjal,கத்தரிக்காய்,clay,களிமண்,"கத்தரிக்காய் மகசூல் ரகம், நிலம், நீர், ஊட்டச்சத்து, வானிலை மற்றும் மேலாண்மையைப் பொறுத்தது. உள்ளூர் சராசரி மற்றும் உங்கள் பண்ணை பதிவுகளுடன் ஒப்பிட்டு மதிப்பிடுங்கள்."
CA_01721,yield,மகசூல்,brinjal,கத்தரிக்காய்,loamy,கலப்பு மண்,"கத்தரிக்காய் மகசூல் ரகம், நிலம், நீர், ஊட்டச்சத்து, வானிலை மற்றும் மேலாண்மையைப் பொறுத்தது. உள்ளூர் சராசரி மற்றும் உங்கள் பண்ணை பதிவுகளுடன் ஒப்பிட்டு மதிப்பிடுங்கள்."
CA_01722,yield,மகசூல்,brinjal,கத்தரிக்காய்,laterite,சரளை மண்,"கத்தரிக்காய் மகசூல் ரகம், நிலம், நீர், ஊட்டச்சத்து, வானிலை மற்றும் மேலாண்மையைப் பொறுத்தது. உள்ளூர் சராசரி மற்றும் உங்கள் பண்ணை பதிவுகளுடன் ஒப்பிட்டு மதிப்பிடுங்கள்."
CA_01723,yield,மகசூல்,okra,வெண்டைக்காய்,red,செம்மண்,"வெண்டைக்காய் மகசூல் ரகம், நிலம், நீர், ஊட்டச்சத்து, வானிலை மற்றும் மேலாண்மையைப் பொறுத்தது. உள்ளூர் சராசரி மற்றும் உங்கள் பண்ணை பதிவுகளுடன் ஒப்பிட்டு மதிப்பிடுங்கள்."
CA_01724,yield,மகசூல்,okra,வெண்டைக்காய்,black,கரிசல் மண்,"வெண்டைக்காய் மகசூல் ரகம், நிலம், நீர், ஊட்டச்சத்து, வானிலை மற்றும் மேலாண்மையைப் பொறுத்தது. உள்ளூர் சராசரி மற்றும் உங்கள் பண்ணை பதிவுகளுடன் ஒப்பிட்டு மதிப்பிடுங்கள்."
CA_01725,yield,மகசூல்,okra,வெண்டைக்காய்,alluvial,வண்டல் மண்,"வெண்டைக்காய் மகசூல் ரகம், நிலம், நீர், ஊட்டச்சத்து, வானிலை மற்றும் மேலாண்மையைப் பொறுத்தது. உள்ளூர் சராசரி மற்றும் உங்கள் பண்ணை பதிவுகளுடன் ஒப்பிட்டு மதிப்பிடுங்கள்."
CA_01726,yield,மகசூல்,okra,வெண்டைக்காய்,sandy,மணல் மண்,"வெண்டைக்காய் மகசூல் ரகம், நிலம், நீர், ஊட்டச்சத்து, வானிலை மற்றும் மேலாண்மையைப் பொறுத்தது. உள்ளூர் சராசரி மற்றும் உங்கள் பண்ணை பதிவுகளுடன் ஒப்பிட்டு மதிப்பிடுங்கள்."
CA_01727,yield,மகசூல்,okra,வெண்டைக்காய்,clay,களிமண்,"வெண்டைக்காய் மகசூல் ரகம், நிலம், நீர், ஊட்டச்சத்து, வானிலை மற்றும் மேலாண்மையைப் பொறுத்தது. உள்ளூர் சராசரி மற்றும் உங்கள் பண்ணை பதிவுகளுடன் ஒப்பிட்டு மதிப்பிடுங்கள்."
CA_01728,yield,மகசூல்,okra,வெண்டைக்காய்,loamy,கலப்பு மண்,"வெண்டைக்காய் மகசூல் ரகம், நிலம், நீர், ஊட்டச்சத்து, வானிலை மற்றும் மேலாண்மையைப் பொறுத்தது. உள்ளூர் சராசரி மற்றும் உங்கள் பண்ணை பதிவுகளுடன் ஒப்பிட்டு மதிப்பிடுங்கள்."
CA_01729,yield,மகசூல்,okra,வெண்டைக்காய்,laterite,சரளை மண்,"வெண்டைக்காய் மகசூல் ரகம், நிலம், நீர், ஊட்டச்சத்து, வானிலை மற்றும் மேலாண்மையைப் பொறுத்தது. உள்ளூர் சராசரி மற்றும் உங்கள் பண்ணை பதிவுகளுடன் ஒப்பிட்டு மதிப்பிடுங்கள்."
CA_01730,yield,மகசூல்,coconut,தேங்காய்,red,செம்மண்,"தேங்காய் மகசூல் ரகம், நிலம், நீர், ஊட்டச்சத்து, வானிலை மற்றும் மேலாண்மையைப் பொறுத்தது. உள்ளூர் சராசரி மற்றும் உங்கள் பண்ணை பதிவுகளுடன் ஒப்பிட்டு மதிப்பிடுங்கள்."
CA_01731,yield,மகசூல்,coconut,தேங்காய்,black,கரிசல் மண்,"தேங்காய் மகசூல் ரகம், நிலம், நீர், ஊட்டச்சத்து, வானிலை மற்றும் மேலாண்மையைப் பொறுத்தது. உள்ளூர் சராசரி மற்றும் உங்கள் பண்ணை பதிவுகளுடன் ஒப்பிட்டு மதிப்பிடுங்கள்."
CA_01732,yield,மகசூல்,coconut,தேங்காய்,alluvial,வண்டல் மண்,"தேங்காய் மகசூல் ரகம், நிலம், நீர், ஊட்டச்சத்து, வானிலை மற்றும் மேலாண்மையைப் பொறுத்தது. உள்ளூர் சராசரி மற்றும் உங்கள் பண்ணை பதிவுகளுடன் ஒப்பிட்டு மதிப்பிடுங்கள்."
CA_01733,yield,மகசூல்,coconut,தேங்காய்,sandy,மணல் மண்,"தேங்காய் மகசூல் ரகம், நிலம், நீர், ஊட்டச்சத்து, வானிலை மற்றும் மேலாண்மையைப் பொறுத்தது. உள்ளூர் சராசரி மற்றும் உங்கள் பண்ணை பதிவுகளுடன் ஒப்பிட்டு மதிப்பிடுங்கள்."
CA_01734,yield,மகசூல்,coconut,தேங்காய்,clay,களிமண்,"தேங்காய் மகசூல் ரகம், நிலம், நீர், ஊட்டச்சத்து, வானிலை மற்றும் மேலாண்மையைப் பொறுத்தது. உள்ளூர் சராசரி மற்றும் உங்கள் பண்ணை பதிவுகளுடன் ஒப்பிட்டு மதிப்பிடுங்கள்."
CA_01735,yield,மகசூல்,coconut,தேங்காய்,loamy,கலப்பு மண்,"தேங்காய் மகசூல் ரகம், நிலம், நீர், ஊட்டச்சத்து, வானிலை மற்றும் மேலாண்மையைப் பொறுத்தது. உள்ளூர் சராசரி மற்றும் உங்கள் பண்ணை பதிவுகளுடன் ஒப்பிட்டு மதிப்பிடுங்கள்."
CA_01736,yield,மகசூல்,coconut,தேங்காய்,laterite,சரளை மண்,"தேங்காய் மகசூல் ரகம், நிலம், நீர், ஊட்டச்சத்து, வானிலை மற்றும் மேலாண்மையைப் பொறுத்தது. உள்ளூர் சராசரி மற்றும் உங்கள் பண்ணை பதிவுகளுடன் ஒப்பிட்டு மதிப்பிடுங்கள்."
CA_01737,yield,மகசூல்,pulses,பயறு,red,செம்மண்,"பயறு மகசூல் ரகம், நிலம், நீர், ஊட்டச்சத்து, வானிலை மற்றும் மேலாண்மையைப் பொறுத்தது. உள்ளூர் சராசரி மற்றும் உங்கள் பண்ணை பதிவுகளுடன் ஒப்பிட்டு மதிப்பிடுங்கள்."
CA_01738,yield,மகசூல்,pulses,பயறு,black,கரிசல் மண்,"பயறு மகசூல் ரகம், நிலம், நீர், ஊட்டச்சத்து, வானிலை மற்றும் மேலாண்மையைப் பொறுத்தது. உள்ளூர் சராசரி மற்றும் உங்கள் பண்ணை பதிவுகளுடன் ஒப்பிட்டு மதிப்பிடுங்கள்."
CA_01739,yield,மகசூல்,pulses,பயறு,alluvial,வண்டல் மண்,"பயறு மகசூல் ரகம், நிலம், நீர், ஊட்டச்சத்து, வானிலை மற்றும் மேலாண்மையைப் பொறுத்தது. உள்ளூர் சராசரி மற்றும் உங்கள் பண்ணை பதிவுகளுடன் ஒப்பிட்டு மதிப்பிடுங்கள்."
CA_01740,yield,மகசூல்,pulses,பயறு,sandy,மணல் மண்,"பயறு மகசூல் ரகம், நிலம், நீர், ஊட்டச்சத்து, வானிலை மற்றும் மேலாண்மையைப் பொறுத்தது. உள்ளூர் சராசரி மற்றும் உங்கள் பண்ணை பதிவுகளுடன் ஒப்பிட்டு மதிப்பிடுங்கள்."
CA_01741,yield,மகசூல்,pulses,பயறு,clay,களிமண்,"பயறு மகசூல் ரகம், நிலம், நீர், ஊட்டச்சத்து, வானிலை மற்றும் மேலாண்மையைப் பொறுத்தது. உள்ளூர் சராசரி மற்றும் உங்கள் பண்ணை பதிவுகளுடன் ஒப்பிட்டு மதிப்பிடுங்கள்."
CA_01742,yield,மகசூல்,pulses,பயறு,loamy,கலப்பு மண்,"பயறு மகசூல் ரகம், நிலம், நீர், ஊட்டச்சத்து, வானிலை மற்றும் மேலாண்மையைப் பொறுத்தது. உள்ளூர் சராசரி மற்றும் உங்கள் பண்ணை பதிவுகளுடன் ஒப்பிட்டு மதிப்பிடுங்கள்."
CA_01743,yield,மகசூல்,pulses,பயறு,laterite,சரளை மண்,"பயறு மகசூல் ரகம், நிலம், நீர், ஊட்டச்சத்து, வானிலை மற்றும் மேலாண்மையைப் பொறுத்தது. உள்ளூர் சராசரி மற்றும் உங்கள் பண்ணை பதிவுகளுடன் ஒப்பிட்டு மதிப்பிடுங்கள்."
CA_01744,yield,மகசூல்,sesame,எள்,red,செம்மண்,"எள் மகசூல் ரகம், நிலம், நீர், ஊட்டச்சத்து, வானிலை மற்றும் மேலாண்மையைப் பொறுத்தது. உள்ளூர் சராசரி மற்றும் உங்கள் பண்ணை பதிவுகளுடன் ஒப்பிட்டு மதிப்பிடுங்கள்."
CA_01745,yield,மகசூல்,sesame,எள்,black,கரிசல் மண்,"எள் மகசூல் ரகம், நிலம், நீர், ஊட்டச்சத்து, வானிலை மற்றும் மேலாண்மையைப் பொறுத்தது. உள்ளூர் சராசரி மற்றும் உங்கள் பண்ணை பதிவுகளுடன் ஒப்பிட்டு மதிப்பிடுங்கள்."
CA_01746,yield,மகசூல்,sesame,எள்,alluvial,வண்டல் மண்,"எள் மகசூல் ரகம், நிலம், நீர், ஊட்டச்சத்து, வானிலை மற்றும் மேலாண்மையைப் பொறுத்தது. உள்ளூர் சராசரி மற்றும் உங்கள் பண்ணை பதிவுகளுடன் ஒப்பிட்டு மதிப்பிடுங்கள்."
CA_01747,yield,மகசூல்,sesame,எள்,sandy,மணல் மண்,"எள் மகசூல் ரகம், நிலம், நீர், ஊட்டச்சத்து, வானிலை மற்றும் மேலாண்மையைப் பொறுத்தது. உள்ளூர் சராசரி மற்றும் உங்கள் பண்ணை பதிவுகளுடன் ஒப்பிட்டு மதிப்பிடுங்கள்."
CA_01748,yield,மகசூல்,sesame,எள்,clay,களிமண்,"எள் மகசூல் ரகம், நிலம், நீர், ஊட்டச்சத்து, வானிலை மற்றும் மேலாண்மையைப் பொறுத்தது. உள்ளூர் சராசரி மற்றும் உங்கள் பண்ணை பதிவுகளுடன் ஒப்பிட்டு மதிப்பிடுங்கள்."
CA_01749,yield,மகசூல்,sesame,எள்,loamy,கலப்பு மண்,"எள் மகசூல் ரகம், நிலம், நீர், ஊட்டச்சத்து, வானிலை மற்றும் மேலாண்மையைப் பொறுத்தது. உள்ளூர் சராசரி மற்றும் உங்கள் பண்ணை பதிவுகளுடன் ஒப்பிட்டு மதிப்பிடுங்கள்."
CA_01750,yield,மகசூல்,sesame,எள்,laterite,சரளை மண்,"எள் மகசூல் ரகம், நிலம், நீர், ஊட்டச்சத்து, வானிலை மற்றும் மேலாண்மையைப் பொறுத்தது. உள்ளூர் சராசரி மற்றும் உங்கள் பண்ணை பதிவுகளுடன் ஒப்பிட்டு மதிப்பிடுங்கள்."
CA_01751,yield,மகசூல்,tapioca,மரவள்ளி,red,செம்மண்,"மரவள்ளி மகசூல் ரகம், நிலம், நீர், ஊட்டச்சத்து, வானிலை மற்றும் மேலாண்மையைப் பொறுத்தது. உள்ளூர் சராசரி மற்றும் உங்கள் பண்ணை பதிவுகளுடன் ஒப்பிட்டு மதிப்பிடுங்கள்."
CA_01752,yield,மகசூல்,tapioca,மரவள்ளி,black,கரிசல் மண்,"மரவள்ளி மகசூல் ரகம், நிலம், நீர், ஊட்டச்சத்து, வானிலை மற்றும் மேலாண்மையைப் பொறுத்தது. உள்ளூர் சராசரி மற்றும் உங்கள் பண்ணை பதிவுகளுடன் ஒப்பிட்டு மதிப்பிடுங்கள்."
CA_01753,yield,மகசூல்,tapioca,மரவள்ளி,alluvial,வண்டல் மண்,"மரவள்ளி மகசூல் ரகம், நிலம், நீர், ஊட்டச்சத்து, வானிலை மற்றும் மேலாண்மையைப் பொறுத்தது. உள்ளூர் சராசரி மற்றும் உங்கள் பண்ணை பதிவுகளுடன் ஒப்பிட்டு மதிப்பிடுங்கள்."
CA_01754,yield,மகசூல்,tapioca,மரவள்ளி,sandy,மணல் மண்,"மரவள்ளி மகசூல் ரகம், நிலம், நீர், ஊட்டச்சத்து, வானிலை மற்றும் மேலாண்மையைப் பொறுத்தது. உள்ளூர் சராசரி மற்றும் உங்கள் பண்ணை பதிவுகளுடன் ஒப்பிட்டு மதிப்பிடுங்கள்."
CA_01755,yield,மகசூல்,tapioca,மரவள்ளி,clay,களிமண்,"மரவள்ளி மகசூல் ரகம், நிலம், நீர், ஊட்டச்சத்து, வானிலை மற்றும் மேலாண்மையைப் பொறுத்தது. உள்ளூர் சராசரி மற்றும் உங்கள் பண்ணை பதிவுகளுடன் ஒப்பிட்டு மதிப்பிடுங்கள்."
CA_01756,yield,மகசூல்,tapioca,மரவள்ளி,loamy,கலப்பு மண்,"மரவள்ளி மகசூல் ரகம், நிலம், நீர், ஊட்டச்சத்து, வானிலை மற்றும் மேலாண்மையைப் பொறுத்தது. உள்ளூர் சராசரி மற்றும் உங்கள் பண்ணை பதிவுகளுடன் ஒப்பிட்டு மதிப்பிடுங்கள்."
CA_01757,yield,மகசூல்,tapioca,மரவள்ளி,laterite,சரளை மண்,"மரவள்ளி மகசூல் ரகம், நிலம், நீர், ஊட்டச்சத்து, வானிலை மற்றும் மேலாண்மையைப் பொறுத்தது. உள்ளூர் சராசரி மற்றும் உங்கள் பண்ணை பதிவுகளுடன் ஒப்பிட்டு மதிப்பிடுங்கள்."
CA_01758,yield,மகசூல்,drumstick,முருங்கை,red,செம்மண்,"முருங்கை மகசூல் ரகம், நிலம், நீர், ஊட்டச்சத்து, வானிலை மற்றும் மேலாண்மையைப் பொறுத்தது. உள்ளூர் சராசரி மற்றும் உங்கள் பண்ணை பதிவுகளுடன் ஒப்பிட்டு மதிப்பிடுங்கள்."
CA_01759,yield,மகசூல்,drumstick,முருங்கை,black,கரிசல் மண்,"முருங்கை மகசூல் ரகம், நிலம், நீர், ஊட்டச்சத்து, வானிலை மற்றும் மேலாண்மையைப் பொறுத்தது. உள்ளூர் சராசரி மற்றும் உங்கள் பண்ணை பதிவுகளுடன் ஒப்பிட்டு மதிப்பிடுங்கள்."
CA_01760,yield,மகசூல்,drumstick,முருங்கை,alluvial,வண்டல் மண்,"முருங்கை மகசூல் ரகம், நிலம், நீர், ஊட்டச்சத்து, வானிலை மற்றும் மேலாண்மையைப் பொறுத்தது. உள்ளூர் சராசரி மற்றும் உங்கள் பண்ணை பதிவுகளுடன் ஒப்பிட்டு மதிப்பிடுங்கள்."
CA_01761,yield,மகசூல்,drumstick,முருங்கை,sandy,மணல் மண்,"முருங்கை மகசூல் ரகம், நிலம், நீர், ஊட்டச்சத்து, வானிலை மற்றும் மேலாண்மையைப் பொறுத்தது. உள்ளூர் சராசரி மற்றும் உங்கள் பண்ணை பதிவுகளுடன் ஒப்பிட்டு மதிப்பிடுங்கள்."
CA_01762,yield,மகசூல்,drumstick,முருங்கை,clay,களிமண்,"முருங்கை மகசூல் ரகம், நிலம், நீர், ஊட்டச்சத்து, வானிலை மற்றும் மேலாண்மையைப் பொறுத்தது. உள்ளூர் சராசரி மற்றும் உங்கள் பண்ணை பதிவுகளுடன் ஒப்பிட்டு மதிப்பிடுங்கள்."
CA_01763,yield,மகசூல்,drumstick,முருங்கை,loamy,கலப்பு மண்,"முருங்கை மகசூல் ரகம், நிலம், நீர், ஊட்டச்சத்து, வானிலை மற்றும் மேலாண்மையைப் பொறுத்தது. உள்ளூர் சராசரி மற்றும் உங்கள் பண்ணை பதிவுகளுடன் ஒப்பிட்டு மதிப்பிடுங்கள்."
CA_01764,yield,மகசூல்,drumstick,முருங்கை,laterite,சரளை மண்,"முருங்கை மகசூல் ரகம், நிலம், நீர், ஊட்டச்சத்து, வானிலை மற்றும் மேலாண்மையைப் பொறுத்தது. உள்ளூர் சராசரி மற்றும் உங்கள் பண்ணை பதிவுகளுடன் ஒப்பிட்டு மதிப்பிடுங்கள்."
CA_01765,market_price,சந்தை விலை,rice,நெல்,red,செம்மண்,"நெல் சந்தை விலை தினமும் மாறக்கூடும். Tamil Nadu அருகிலுள்ள ஒழுங்குமுறை சந்தை அல்லது உழவர் சந்தையின் அன்றைய விலையை சரிபார்த்து, தரம் மற்றும் அளவை ஒப்பிட்டு விற்பனை செய்யுங்கள்."
CA_01766,market_price,சந்தை விலை,rice,நெல்,black,கரிசல் மண்,"நெல் சந்தை விலை தினமும் மாறக்கூடும். Tamil Nadu அருகிலுள்ள ஒழுங்குமுறை சந்தை அல்லது உழவர் சந்தையின் அன்றைய விலையை சரிபார்த்து, தரம் மற்றும் அளவை ஒப்பிட்டு விற்பனை செய்யுங்கள்."
CA_01767,market_price,சந்தை விலை,rice,நெல்,alluvial,வண்டல் மண்,"நெல் சந்தை விலை தினமும் மாறக்கூடும். Tamil Nadu அருகிலுள்ள ஒழுங்குமுறை சந்தை அல்லது உழவர் சந்தையின் அன்றைய விலையை சரிபார்த்து, தரம் மற்றும் அளவை ஒப்பிட்டு விற்பனை செய்யுங்கள்."
CA_01768,market_price,சந்தை விலை,rice,நெல்,sandy,மணல் மண்,"நெல் சந்தை விலை தினமும் மாறக்கூடும். Tamil Nadu அருகிலுள்ள ஒழுங்குமுறை சந்தை அல்லது உழவர் சந்தையின் அன்றைய விலையை சரிபார்த்து, தரம் மற்றும் அளவை ஒப்பிட்டு விற்பனை செய்யுங்கள்."
CA_01769,market_price,சந்தை விலை,rice,நெல்,clay,களிமண்,"நெல் சந்தை விலை தினமும் மாறக்கூடும். Tamil Nadu அருகிலுள்ள ஒழுங்குமுறை சந்தை அல்லது உழவர் சந்தையின் அன்றைய விலையை சரிபார்த்து, தரம் மற்றும் அளவை ஒப்பிட்டு விற்பனை செய்யுங்கள்."
CA_01770,market_price,சந்தை விலை,rice,நெல்,loamy,கலப்பு மண்,"நெல் சந்தை விலை தினமும் மாறக்கூடும். Tamil Nadu அருகிலுள்ள ஒழுங்குமுறை சந்தை அல்லது உழவர் சந்தையின் அன்றைய விலையை சரிபார்த்து, தரம் மற்றும் அளவை ஒப்பிட்டு விற்பனை செய்யுங்கள்."
CA_01771,market_price,சந்தை விலை,rice,நெல்,laterite,சரளை மண்,"நெல் சந்தை விலை தினமும் மாறக்கூடும். Tamil Nadu அருகிலுள்ள ஒழுங்குமுறை சந்தை அல்லது உழவர் சந்தையின் அன்றைய விலையை சரிபார்த்து, தரம் மற்றும் அளவை ஒப்பிட்டு விற்பனை செய்யுங்கள்."
CA_01772,market_price,சந்தை விலை,banana,வாழை,red,செம்மண்,"வாழை சந்தை விலை தினமும் மாறக்கூடும். Tamil Nadu அருகிலுள்ள ஒழுங்குமுறை சந்தை அல்லது உழவர் சந்தையின் அன்றைய விலையை சரிபார்த்து, தரம் மற்றும் அளவை ஒப்பிட்டு விற்பனை செய்யுங்கள்."
CA_01773,market_price,சந்தை விலை,banana,வாழை,black,கரிசல் மண்,"வாழை சந்தை விலை தினமும் மாறக்கூடும். Tamil Nadu அருகிலுள்ள ஒழுங்குமுறை சந்தை அல்லது உழவர் சந்தையின் அன்றைய விலையை சரிபார்த்து, தரம் மற்றும் அளவை ஒப்பிட்டு விற்பனை செய்யுங்கள்."
CA_01774,market_price,சந்தை விலை,banana,வாழை,alluvial,வண்டல் மண்,"வாழை சந்தை விலை தினமும் மாறக்கூடும். Tamil Nadu அருகிலுள்ள ஒழுங்குமுறை சந்தை அல்லது உழவர் சந்தையின் அன்றைய விலையை சரிபார்த்து, தரம் மற்றும் அளவை ஒப்பிட்டு விற்பனை செய்யுங்கள்."
CA_01775,market_price,சந்தை விலை,banana,வாழை,sandy,மணல் மண்,"வாழை சந்தை விலை தினமும் மாறக்கூடும். Tamil Nadu அருகிலுள்ள ஒழுங்குமுறை சந்தை அல்லது உழவர் சந்தையின் அன்றைய விலையை சரிபார்த்து, தரம் மற்றும் அளவை ஒப்பிட்டு விற்பனை செய்யுங்கள்."
CA_01776,market_price,சந்தை விலை,banana,வாழை,clay,களிமண்,"வாழை சந்தை விலை தினமும் மாறக்கூடும். Tamil Nadu அருகிலுள்ள ஒழுங்குமுறை சந்தை அல்லது உழவர் சந்தையின் அன்றைய விலையை சரிபார்த்து, தரம் மற்றும் அளவை ஒப்பிட்டு விற்பனை செய்யுங்கள்."
CA_01777,market_price,சந்தை விலை,banana,வாழை,loamy,கலப்பு மண்,"வாழை சந்தை விலை தினமும் மாறக்கூடும். Tamil Nadu அருகிலுள்ள ஒழுங்குமுறை சந்தை அல்லது உழவர் சந்தையின் அன்றைய விலையை சரிபார்த்து, தரம் மற்றும் அளவை ஒப்பிட்டு விற்பனை செய்யுங்கள்."
CA_01778,market_price,சந்தை விலை,banana,வாழை,laterite,சரளை மண்,"வாழை சந்தை விலை தினமும் மாறக்கூடும். Tamil Nadu அருகிலுள்ள ஒழுங்குமுறை சந்தை அல்லது உழவர் சந்தையின் அன்றைய விலையை சரிபார்த்து, தரம் மற்றும் அளவை ஒப்பிட்டு விற்பனை செய்யுங்கள்."
CA_01779,market_price,சந்தை விலை,sugarcane,கரும்பு,red,செம்மண்,"கரும்பு சந்தை விலை தினமும் மாறக்கூடும். Tamil Nadu அருகிலுள்ள ஒழுங்குமுறை சந்தை அல்லது உழவர் சந்தையின் அன்றைய விலையை சரிபார்த்து, தரம் மற்றும் அளவை ஒப்பிட்டு விற்பனை செய்யுங்கள்."
CA_01780,market_price,சந்தை விலை,sugarcane,கரும்பு,black,கரிசல் மண்,"கரும்பு சந்தை விலை தினமும் மாறக்கூடும். Tamil Nadu அருகிலுள்ள ஒழுங்குமுறை சந்தை அல்லது உழவர் சந்தையின் அன்றைய விலையை சரிபார்த்து, தரம் மற்றும் அளவை ஒப்பிட்டு விற்பனை செய்யுங்கள்."
CA_01781,market_price,சந்தை விலை,sugarcane,கரும்பு,alluvial,வண்டல் மண்,"கரும்பு சந்தை விலை தினமும் மாறக்கூடும். Tamil Nadu அருகிலுள்ள ஒழுங்குமுறை சந்தை அல்லது உழவர் சந்தையின் அன்றைய விலையை சரிபார்த்து, தரம் மற்றும் அளவை ஒப்பிட்டு விற்பனை செய்யுங்கள்."
CA_01782,market_price,சந்தை விலை,sugarcane,கரும்பு,sandy,மணல் மண்,"கரும்பு சந்தை விலை தினமும் மாறக்கூடும். Tamil Nadu அருகிலுள்ள ஒழுங்குமுறை சந்தை அல்லது உழவர் சந்தையின் அன்றைய விலையை சரிபார்த்து, தரம் மற்றும் அளவை ஒப்பிட்டு விற்பனை செய்யுங்கள்."
CA_01783,market_price,சந்தை விலை,sugarcane,கரும்பு,clay,களிமண்,"கரும்பு சந்தை விலை தினமும் மாறக்கூடும். Tamil Nadu அருகிலுள்ள ஒழுங்குமுறை சந்தை அல்லது உழவர் சந்தையின் அன்றைய விலையை சரிபார்த்து, தரம் மற்றும் அளவை ஒப்பிட்டு விற்பனை செய்யுங்கள்."
CA_01784,market_price,சந்தை விலை,sugarcane,கரும்பு,loamy,கலப்பு மண்,"கரும்பு சந்தை விலை தினமும் மாறக்கூடும். Tamil Nadu அருகிலுள்ள ஒழுங்குமுறை சந்தை அல்லது உழவர் சந்தையின் அன்றைய விலையை சரிபார்த்து, தரம் மற்றும் அளவை ஒப்பிட்டு விற்பனை செய்யுங்கள்."
CA_01785,market_price,சந்தை விலை,sugarcane,கரும்பு,laterite,சரளை மண்,"கரும்பு சந்தை விலை தினமும் மாறக்கூடும். Tamil Nadu அருகிலுள்ள ஒழுங்குமுறை சந்தை அல்லது உழவர் சந்தையின் அன்றைய விலையை சரிபார்த்து, தரம் மற்றும் அளவை ஒப்பிட்டு விற்பனை செய்யுங்கள்."
CA_01786,market_price,சந்தை விலை,cotton,பருத்தி,red,செம்மண்,"பருத்தி சந்தை விலை தினமும் மாறக்கூடும். Tamil Nadu அருகிலுள்ள ஒழுங்குமுறை சந்தை அல்லது உழவர் சந்தையின் அன்றைய விலையை சரிபார்த்து, தரம் மற்றும் அளவை ஒப்பிட்டு விற்பனை செய்யுங்கள்."
CA_01787,market_price,சந்தை விலை,cotton,பருத்தி,black,கரிசல் மண்,"பருத்தி சந்தை விலை தினமும் மாறக்கூடும். Tamil Nadu அருகிலுள்ள ஒழுங்குமுறை சந்தை அல்லது உழவர் சந்தையின் அன்றைய விலையை சரிபார்த்து, தரம் மற்றும் அளவை ஒப்பிட்டு விற்பனை செய்யுங்கள்."
CA_01788,market_price,சந்தை விலை,cotton,பருத்தி,alluvial,வண்டல் மண்,"பருத்தி சந்தை விலை தினமும் மாறக்கூடும். Tamil Nadu அருகிலுள்ள ஒழுங்குமுறை சந்தை அல்லது உழவர் சந்தையின் அன்றைய விலையை சரிபார்த்து, தரம் மற்றும் அளவை ஒப்பிட்டு விற்பனை செய்யுங்கள்."
CA_01789,market_price,சந்தை விலை,cotton,பருத்தி,sandy,மணல் மண்,"பருத்தி சந்தை விலை தினமும் மாறக்கூடும். Tamil Nadu அருகிலுள்ள ஒழுங்குமுறை சந்தை அல்லது உழவர் சந்தையின் அன்றைய விலையை சரிபார்த்து, தரம் மற்றும் அளவை ஒப்பிட்டு விற்பனை செய்யுங்கள்."
CA_01790,market_price,சந்தை விலை,cotton,பருத்தி,clay,களிமண்,"பருத்தி சந்தை விலை தினமும் மாறக்கூடும். Tamil Nadu அருகிலுள்ள ஒழுங்குமுறை சந்தை அல்லது உழவர் சந்தையின் அன்றைய விலையை சரிபார்த்து, தரம் மற்றும் அளவை ஒப்பிட்டு விற்பனை செய்யுங்கள்."
CA_01791,market_price,சந்தை விலை,cotton,பருத்தி,loamy,கலப்பு மண்,"பருத்தி சந்தை விலை தினமும் மாறக்கூடும். Tamil Nadu அருகிலுள்ள ஒழுங்குமுறை சந்தை அல்லது உழவர் சந்தையின் அன்றைய விலையை சரிபார்த்து, தரம் மற்றும் அளவை ஒப்பிட்டு விற்பனை செய்யுங்கள்."
CA_01792,market_price,சந்தை விலை,cotton,பருத்தி,laterite,சரளை மண்,"பருத்தி சந்தை விலை தினமும் மாறக்கூடும். Tamil Nadu அருகிலுள்ள ஒழுங்குமுறை சந்தை அல்லது உழவர் சந்தையின் அன்றைய விலையை சரிபார்த்து, தரம் மற்றும் அளவை ஒப்பிட்டு விற்பனை செய்யுங்கள்."
CA_01793,market_price,சந்தை விலை,groundnut,நிலக்கடலை,red,செம்மண்,"நிலக்கடலை சந்தை விலை தினமும் மாறக்கூடும். Tamil Nadu அருகிலுள்ள ஒழுங்குமுறை சந்தை அல்லது உழவர் சந்தையின் அன்றைய விலையை சரிபார்த்து, தரம் மற்றும் அளவை ஒப்பிட்டு விற்பனை செய்யுங்கள்."
CA_01794,market_price,சந்தை விலை,groundnut,நிலக்கடலை,black,கரிசல் மண்,"நிலக்கடலை சந்தை விலை தினமும் மாறக்கூடும். Tamil Nadu அருகிலுள்ள ஒழுங்குமுறை சந்தை அல்லது உழவர் சந்தையின் அன்றைய விலையை சரிபார்த்து, தரம் மற்றும் அளவை ஒப்பிட்டு விற்பனை செய்யுங்கள்."
CA_01795,market_price,சந்தை விலை,groundnut,நிலக்கடலை,alluvial,வண்டல் மண்,"நிலக்கடலை சந்தை விலை தினமும் மாறக்கூடும். Tamil Nadu அருகிலுள்ள ஒழுங்குமுறை சந்தை அல்லது உழவர் சந்தையின் அன்றைய விலையை சரிபார்த்து, தரம் மற்றும் அளவை ஒப்பிட்டு விற்பனை செய்யுங்கள்."
CA_01796,market_price,சந்தை விலை,groundnut,நிலக்கடலை,sandy,மணல் மண்,"நிலக்கடலை சந்தை விலை தினமும் மாறக்கூடும். Tamil Nadu அருகிலுள்ள ஒழுங்குமுறை சந்தை அல்லது உழவர் சந்தையின் அன்றைய விலையை சரிபார்த்து, தரம் மற்றும் அளவை ஒப்பிட்டு விற்பனை செய்யுங்கள்."
CA_01797,market_price,சந்தை விலை,groundnut,நிலக்கடலை,clay,களிமண்,"நிலக்கடலை சந்தை விலை தினமும் மாறக்கூடும். Tamil Nadu அருகிலுள்ள ஒழுங்குமுறை சந்தை அல்லது உழவர் சந்தையின் அன்றைய விலையை சரிபார்த்து, தரம் மற்றும் அளவை ஒப்பிட்டு விற்பனை செய்யுங்கள்."
CA_01798,market_price,சந்தை விலை,groundnut,நிலக்கடலை,loamy,கலப்பு மண்,"நிலக்கடலை சந்தை விலை தினமும் மாறக்கூடும். Tamil Nadu அருகிலுள்ள ஒழுங்குமுறை சந்தை அல்லது உழவர் சந்தையின் அன்றைய விலையை சரிபார்த்து, தரம் மற்றும் அளவை ஒப்பிட்டு விற்பனை செய்யுங்கள்."
CA_01799,market_price,சந்தை விலை,groundnut,நிலக்கடலை,laterite,சரளை மண்,"நிலக்கடலை சந்தை விலை தினமும் மாறக்கூடும். Tamil Nadu அருகிலுள்ள ஒழுங்குமுறை சந்தை அல்லது உழவர் சந்தையின் அன்றைய விலையை சரிபார்த்து, தரம் மற்றும் அளவை ஒப்பிட்டு விற்பனை செய்யுங்கள்."
CA_01800,market_price,சந்தை விலை,maize,மக்காச்சோளம்,red,செம்மண்,"மக்காச்சோளம் சந்தை விலை தினமும் மாறக்கூடும். Tamil Nadu அருகிலுள்ள ஒழுங்குமுறை சந்தை அல்லது உழவர் சந்தையின் அன்றைய விலையை சரிபார்த்து, தரம் மற்றும் அளவை ஒப்பிட்டு விற்பனை செய்யுங்கள்."
CA_01801,market_price,சந்தை விலை,maize,மக்காச்சோளம்,black,கரிசல் மண்,"மக்காச்சோளம் சந்தை விலை தினமும் மாறக்கூடும். Tamil Nadu அருகிலுள்ள ஒழுங்குமுறை சந்தை அல்லது உழவர் சந்தையின் அன்றைய விலையை சரிபார்த்து, தரம் மற்றும் அளவை ஒப்பிட்டு விற்பனை செய்யுங்கள்."
CA_01802,market_price,சந்தை விலை,maize,மக்காச்சோளம்,alluvial,வண்டல் மண்,"மக்காச்சோளம் சந்தை விலை தினமும் மாறக்கூடும். Tamil Nadu அருகிலுள்ள ஒழுங்குமுறை சந்தை அல்லது உழவர் சந்தையின் அன்றைய விலையை சரிபார்த்து, தரம் மற்றும் அளவை ஒப்பிட்டு விற்பனை செய்யுங்கள்."
CA_01803,market_price,சந்தை விலை,maize,மக்காச்சோளம்,sandy,மணல் மண்,"மக்காச்சோளம் சந்தை விலை தினமும் மாறக்கூடும். Tamil Nadu அருகிலுள்ள ஒழுங்குமுறை சந்தை அல்லது உழவர் சந்தையின் அன்றைய விலையை சரிபார்த்து, தரம் மற்றும் அளவை ஒப்பிட்டு விற்பனை செய்யுங்கள்."
CA_01804,market_price,சந்தை விலை,maize,மக்காச்சோளம்,clay,களிமண்,"மக்காச்சோளம் சந்தை விலை தினமும் மாறக்கூடும். Tamil Nadu அருகிலுள்ள ஒழுங்குமுறை சந்தை அல்லது உழவர் சந்தையின் அன்றைய விலையை சரிபார்த்து, தரம் மற்றும் அளவை ஒப்பிட்டு விற்பனை செய்யுங்கள்."
CA_01805,market_price,சந்தை விலை,maize,மக்காச்சோளம்,loamy,கலப்பு மண்,"மக்காச்சோளம் சந்தை விலை தினமும் மாறக்கூடும். Tamil Nadu அருகிலுள்ள ஒழுங்குமுறை சந்தை அல்லது உழவர் சந்தையின் அன்றைய விலையை சரிபார்த்து, தரம் மற்றும் அளவை ஒப்பிட்டு விற்பனை செய்யுங்கள்."
CA_01806,market_price,சந்தை விலை,maize,மக்காச்சோளம்,laterite,சரளை மண்,"மக்காச்சோளம் சந்தை விலை தினமும் மாறக்கூடும். Tamil Nadu அருகிலுள்ள ஒழுங்குமுறை சந்தை அல்லது உழவர் சந்தையின் அன்றைய விலையை சரிபார்த்து, தரம் மற்றும் அளவை ஒப்பிட்டு விற்பனை செய்யுங்கள்."
CA_01807,market_price,சந்தை விலை,millet,சிறுதானியம்,red,செம்மண்,"சிறுதானியம் சந்தை விலை தினமும் மாறக்கூடும். Tamil Nadu அருகிலுள்ள ஒழுங்குமுறை சந்தை அல்லது உழவர் சந்தையின் அன்றைய விலையை சரிபார்த்து, தரம் மற்றும் அளவை ஒப்பிட்டு விற்பனை செய்யுங்கள்."
CA_01808,market_price,சந்தை விலை,millet,சிறுதானியம்,black,கரிசல் மண்,"சிறுதானியம் சந்தை விலை தினமும் மாறக்கூடும். Tamil Nadu அருகிலுள்ள ஒழுங்குமுறை சந்தை அல்லது உழவர் சந்தையின் அன்றைய விலையை சரிபார்த்து, தரம் மற்றும் அளவை ஒப்பிட்டு விற்பனை செய்யுங்கள்."
CA_01809,market_price,சந்தை விலை,millet,சிறுதானியம்,alluvial,வண்டல் மண்,"சிறுதானியம் சந்தை விலை தினமும் மாறக்கூடும். Tamil Nadu அருகிலுள்ள ஒழுங்குமுறை சந்தை அல்லது உழவர் சந்தையின் அன்றைய விலையை சரிபார்த்து, தரம் மற்றும் அளவை ஒப்பிட்டு விற்பனை செய்யுங்கள்."
CA_01810,market_price,சந்தை விலை,millet,சிறுதானியம்,sandy,மணல் மண்,"சிறுதானியம் சந்தை விலை தினமும் மாறக்கூடும். Tamil Nadu அருகிலுள்ள ஒழுங்குமுறை சந்தை அல்லது உழவர் சந்தையின் அன்றைய விலையை சரிபார்த்து, தரம் மற்றும் அளவை ஒப்பிட்டு விற்பனை செய்யுங்கள்."
CA_01811,market_price,சந்தை விலை,millet,சிறுதானியம்,clay,களிமண்,"சிறுதானியம் சந்தை விலை தினமும் மாறக்கூடும். Tamil Nadu அருகிலுள்ள ஒழுங்குமுறை சந்தை அல்லது உழவர் சந்தையின் அன்றைய விலையை சரிபார்த்து, தரம் மற்றும் அளவை ஒப்பிட்டு விற்பனை செய்யுங்கள்."
CA_01812,market_price,சந்தை விலை,millet,சிறுதானியம்,loamy,கலப்பு மண்,"சிறுதானியம் சந்தை விலை தினமும் மாறக்கூடும். Tamil Nadu அருகிலுள்ள ஒழுங்குமுறை சந்தை அல்லது உழவர் சந்தையின் அன்றைய விலையை சரிபார்த்து, தரம் மற்றும் அளவை ஒப்பிட்டு விற்பனை செய்யுங்கள்."
CA_01813,market_price,சந்தை விலை,millet,சிறுதானியம்,laterite,சரளை மண்,"சிறுதானியம் சந்தை விலை தினமும் மாறக்கூடும். Tamil Nadu அருகிலுள்ள ஒழுங்குமுறை சந்தை அல்லது உழவர் சந்தையின் அன்றைய விலையை சரிபார்த்து, தரம் மற்றும் அளவை ஒப்பிட்டு விற்பனை செய்யுங்கள்."
CA_01814,market_price,சந்தை விலை,tomato,தக்காளி,red,செம்மண்,"தக்காளி சந்தை விலை தினமும் மாறக்கூடும். Tamil Nadu அருகிலுள்ள ஒழுங்குமுறை சந்தை அல்லது உழவர் சந்தையின் அன்றைய விலையை சரிபார்த்து, தரம் மற்றும் அளவை ஒப்பிட்டு விற்பனை செய்யுங்கள்."
CA_01815,market_price,சந்தை விலை,tomato,தக்காளி,black,கரிசல் மண்,"தக்காளி சந்தை விலை தினமும் மாறக்கூடும். Tamil Nadu அருகிலுள்ள ஒழுங்குமுறை சந்தை அல்லது உழவர் சந்தையின் அன்றைய விலையை சரிபார்த்து, தரம் மற்றும் அளவை ஒப்பிட்டு விற்பனை செய்யுங்கள்."
CA_01816,market_price,சந்தை விலை,tomato,தக்காளி,alluvial,வண்டல் மண்,"தக்காளி சந்தை விலை தினமும் மாறக்கூடும். Tamil Nadu அருகிலுள்ள ஒழுங்குமுறை சந்தை அல்லது உழவர் சந்தையின் அன்றைய விலையை சரிபார்த்து, தரம் மற்றும் அளவை ஒப்பிட்டு விற்பனை செய்யுங்கள்."
CA_01817,market_price,சந்தை விலை,tomato,தக்காளி,sandy,மணல் மண்,"தக்காளி சந்தை விலை தினமும் மாறக்கூடும். Tamil Nadu அருகிலுள்ள ஒழுங்குமுறை சந்தை அல்லது உழவர் சந்தையின் அன்றைய விலையை சரிபார்த்து, தரம் மற்றும் அளவை ஒப்பிட்டு விற்பனை செய்யுங்கள்."
CA_01818,market_price,சந்தை விலை,tomato,தக்காளி,clay,களிமண்,"தக்காளி சந்தை விலை தினமும் மாறக்கூடும். Tamil Nadu அருகிலுள்ள ஒழுங்குமுறை சந்தை அல்லது உழவர் சந்தையின் அன்றைய விலையை சரிபார்த்து, தரம் மற்றும் அளவை ஒப்பிட்டு விற்பனை செய்யுங்கள்."
CA_01819,market_price,சந்தை விலை,tomato,தக்காளி,loamy,கலப்பு மண்,"தக்காளி சந்தை விலை தினமும் மாறக்கூடும். Tamil Nadu அருகிலுள்ள ஒழுங்குமுறை சந்தை அல்லது உழவர் சந்தையின் அன்றைய விலையை சரிபார்த்து, தரம் மற்றும் அளவை ஒப்பிட்டு விற்பனை செய்யுங்கள்."
CA_01820,market_price,சந்தை விலை,tomato,தக்காளி,laterite,சரளை மண்,"தக்காளி சந்தை விலை தினமும் மாறக்கூடும். Tamil Nadu அருகிலுள்ள ஒழுங்குமுறை சந்தை அல்லது உழவர் சந்தையின் அன்றைய விலையை சரிபார்த்து, தரம் மற்றும் அளவை ஒப்பிட்டு விற்பனை செய்யுங்கள்."
CA_01821,market_price,சந்தை விலை,chilli,மிளகாய்,red,செம்மண்,"மிளகாய் சந்தை விலை தினமும் மாறக்கூடும். Tamil Nadu அருகிலுள்ள ஒழுங்குமுறை சந்தை அல்லது உழவர் சந்தையின் அன்றைய விலையை சரிபார்த்து, தரம் மற்றும் அளவை ஒப்பிட்டு விற்பனை செய்யுங்கள்."
CA_01822,market_price,சந்தை விலை,chilli,மிளகாய்,black,கரிசல் மண்,"மிளகாய் சந்தை விலை தினமும் மாறக்கூடும். Tamil Nadu அருகிலுள்ள ஒழுங்குமுறை சந்தை அல்லது உழவர் சந்தையின் அன்றைய விலையை சரிபார்த்து, தரம் மற்றும் அளவை ஒப்பிட்டு விற்பனை செய்யுங்கள்."
CA_01823,market_price,சந்தை விலை,chilli,மிளகாய்,alluvial,வண்டல் மண்,"மிளகாய் சந்தை விலை தினமும் மாறக்கூடும். Tamil Nadu அருகிலுள்ள ஒழுங்குமுறை சந்தை அல்லது உழவர் சந்தையின் அன்றைய விலையை சரிபார்த்து, தரம் மற்றும் அளவை ஒப்பிட்டு விற்பனை செய்யுங்கள்."
CA_01824,market_price,சந்தை விலை,chilli,மிளகாய்,sandy,மணல் மண்,"மிளகாய் சந்தை விலை தினமும் மாறக்கூடும். Tamil Nadu அருகிலுள்ள ஒழுங்குமுறை சந்தை அல்லது உழவர் சந்தையின் அன்றைய விலையை சரிபார்த்து, தரம் மற்றும் அளவை ஒப்பிட்டு விற்பனை செய்யுங்கள்."
CA_01825,market_price,சந்தை விலை,chilli,மிளகாய்,clay,களிமண்,"மிளகாய் சந்தை விலை தினமும் மாறக்கூடும். Tamil Nadu அருகிலுள்ள ஒழுங்குமுறை சந்தை அல்லது உழவர் சந்தையின் அன்றைய விலையை சரிபார்த்து, தரம் மற்றும் அளவை ஒப்பிட்டு விற்பனை செய்யுங்கள்."
CA_01826,market_price,சந்தை விலை,chilli,மிளகாய்,loamy,கலப்பு மண்,"மிளகாய் சந்தை விலை தினமும் மாறக்கூடும். Tamil Nadu அருகிலுள்ள ஒழுங்குமுறை சந்தை அல்லது உழவர் சந்தையின் அன்றைய விலையை சரிபார்த்து, தரம் மற்றும் அளவை ஒப்பிட்டு விற்பனை செய்யுங்கள்."
CA_01827,market_price,சந்தை விலை,chilli,மிளகாய்,laterite,சரளை மண்,"மிளகாய் சந்தை விலை தினமும் மாறக்கூடும். Tamil Nadu அருகிலுள்ள ஒழுங்குமுறை சந்தை அல்லது உழவர் சந்தையின் அன்றைய விலையை சரிபார்த்து, தரம் மற்றும் அளவை ஒப்பிட்டு விற்பனை செய்யுங்கள்."
CA_01828,market_price,சந்தை விலை,onion,வெங்காயம்,red,செம்மண்,"வெங்காயம் சந்தை விலை தினமும் மாறக்கூடும். Tamil Nadu அருகிலுள்ள ஒழுங்குமுறை சந்தை அல்லது உழவர் சந்தையின் அன்றைய விலையை சரிபார்த்து, தரம் மற்றும் அளவை ஒப்பிட்டு விற்பனை செய்யுங்கள்."
CA_01829,market_price,சந்தை விலை,onion,வெங்காயம்,black,கரிசல் மண்,"வெங்காயம் சந்தை விலை தினமும் மாறக்கூடும். Tamil Nadu அருகிலுள்ள ஒழுங்குமுறை சந்தை அல்லது உழவர் சந்தையின் அன்றைய விலையை சரிபார்த்து, தரம் மற்றும் அளவை ஒப்பிட்டு விற்பனை செய்யுங்கள்."
CA_01830,market_price,சந்தை விலை,onion,வெங்காயம்,alluvial,வண்டல் மண்,"வெங்காயம் சந்தை விலை தினமும் மாறக்கூடும். Tamil Nadu அருகிலுள்ள ஒழுங்குமுறை சந்தை அல்லது உழவர் சந்தையின் அன்றைய விலையை சரிபார்த்து, தரம் மற்றும் அளவை ஒப்பிட்டு விற்பனை செய்யுங்கள்."
CA_01831,market_price,சந்தை விலை,onion,வெங்காயம்,sandy,மணல் மண்,"வெங்காயம் சந்தை விலை தினமும் மாறக்கூடும். Tamil Nadu அருகிலுள்ள ஒழுங்குமுறை சந்தை அல்லது உழவர் சந்தையின் அன்றைய விலையை சரிபார்த்து, தரம் மற்றும் அளவை ஒப்பிட்டு விற்பனை செய்யுங்கள்."
CA_01832,market_price,சந்தை விலை,onion,வெங்காயம்,clay,களிமண்,"வெங்காயம் சந்தை விலை தினமும் மாறக்கூடும். Tamil Nadu அருகிலுள்ள ஒழுங்குமுறை சந்தை அல்லது உழவர் சந்தையின் அன்றைய விலையை சரிபார்த்து, தரம் மற்றும் அளவை ஒப்பிட்டு விற்பனை செய்யுங்கள்."
CA_01833,market_price,சந்தை விலை,onion,வெங்காயம்,loamy,கலப்பு மண்,"வெங்காயம் சந்தை விலை தினமும் மாறக்கூடும். Tamil Nadu அருகிலுள்ள ஒழுங்குமுறை சந்தை அல்லது உழவர் சந்தையின் அன்றைய விலையை சரிபார்த்து, தரம் மற்றும் அளவை ஒப்பிட்டு விற்பனை செய்யுங்கள்."
CA_01834,market_price,சந்தை விலை,onion,வெங்காயம்,laterite,சரளை மண்,"வெங்காயம் சந்தை விலை தினமும் மாறக்கூடும். Tamil Nadu அருகிலுள்ள ஒழுங்குமுறை சந்தை அல்லது உழவர் சந்தையின் அன்றைய விலையை சரிபார்த்து, தரம் மற்றும் அளவை ஒப்பிட்டு விற்பனை செய்யுங்கள்."
CA_01835,market_price,சந்தை விலை,turmeric,மஞ்சள்,red,செம்மண்,"மஞ்சள் சந்தை விலை தினமும் மாறக்கூடும். Tamil Nadu அருகிலுள்ள ஒழுங்குமுறை சந்தை அல்லது உழவர் சந்தையின் அன்றைய விலையை சரிபார்த்து, தரம் மற்றும் அளவை ஒப்பிட்டு விற்பனை செய்யுங்கள்."
CA_01836,market_price,சந்தை விலை,turmeric,மஞ்சள்,black,கரிசல் மண்,"மஞ்சள் சந்தை விலை தினமும் மாறக்கூடும். Tamil Nadu அருகிலுள்ள ஒழுங்குமுறை சந்தை அல்லது உழவர் சந்தையின் அன்றைய விலையை சரிபார்த்து, தரம் மற்றும் அளவை ஒப்பிட்டு விற்பனை செய்யுங்கள்."
CA_01837,market_price,சந்தை விலை,turmeric,மஞ்சள்,alluvial,வண்டல் மண்,"மஞ்சள் சந்தை விலை தினமும் மாறக்கூடும். Tamil Nadu அருகிலுள்ள ஒழுங்குமுறை சந்தை அல்லது உழவர் சந்தையின் அன்றைய விலையை சரிபார்த்து, தரம் மற்றும் அளவை ஒப்பிட்டு விற்பனை செய்யுங்கள்."
CA_01838,market_price,சந்தை விலை,turmeric,மஞ்சள்,sandy,மணல் மண்,"மஞ்சள் சந்தை விலை தினமும் மாறக்கூடும். Tamil Nadu அருகிலுள்ள ஒழுங்குமுறை சந்தை அல்லது உழவர் சந்தையின் அன்றைய விலையை சரிபார்த்து, தரம் மற்றும் அளவை ஒப்பிட்டு விற்பனை செய்யுங்கள்."
CA_01839,market_price,சந்தை விலை,turmeric,மஞ்சள்,clay,களிமண்,"மஞ்சள் சந்தை விலை தினமும் மாறக்கூடும். Tamil Nadu அருகிலுள்ள ஒழுங்குமுறை சந்தை அல்லது உழவர் சந்தையின் அன்றைய விலையை சரிபார்த்து, தரம் மற்றும் அளவை ஒப்பிட்டு விற்பனை செய்யுங்கள்."
CA_01840,market_price,சந்தை விலை,turmeric,மஞ்சள்,loamy,கலப்பு மண்,"மஞ்சள் சந்தை விலை தினமும் மாறக்கூடும். Tamil Nadu அருகிலுள்ள ஒழுங்குமுறை சந்தை அல்லது உழவர் சந்தையின் அன்றைய விலையை சரிபார்த்து, தரம் மற்றும் அளவை ஒப்பிட்டு விற்பனை செய்யுங்கள்."
CA_01841,market_price,சந்தை விலை,turmeric,மஞ்சள்,laterite,சரளை மண்,"மஞ்சள் சந்தை விலை தினமும் மாறக்கூடும். Tamil Nadu அருகிலுள்ள ஒழுங்குமுறை சந்தை அல்லது உழவர் சந்தையின் அன்றைய விலையை சரிபார்த்து, தரம் மற்றும் அளவை ஒப்பிட்டு விற்பனை செய்யுங்கள்."
CA_01842,market_price,சந்தை விலை,brinjal,கத்தரிக்காய்,red,செம்மண்,"கத்தரிக்காய் சந்தை விலை தினமும் மாறக்கூடும். Tamil Nadu அருகிலுள்ள ஒழுங்குமுறை சந்தை அல்லது உழவர் சந்தையின் அன்றைய விலையை சரிபார்த்து, தரம் மற்றும் அளவை ஒப்பிட்டு விற்பனை செய்யுங்கள்."
CA_01843,market_price,சந்தை விலை,brinjal,கத்தரிக்காய்,black,கரிசல் மண்,"கத்தரிக்காய் சந்தை விலை தினமும் மாறக்கூடும். Tamil Nadu அருகிலுள்ள ஒழுங்குமுறை சந்தை அல்லது உழவர் சந்தையின் அன்றைய விலையை சரிபார்த்து, தரம் மற்றும் அளவை ஒப்பிட்டு விற்பனை செய்யுங்கள்."
CA_01844,market_price,சந்தை விலை,brinjal,கத்தரிக்காய்,alluvial,வண்டல் மண்,"கத்தரிக்காய் சந்தை விலை தினமும் மாறக்கூடும். Tamil Nadu அருகிலுள்ள ஒழுங்குமுறை சந்தை அல்லது உழவர் சந்தையின் அன்றைய விலையை சரிபார்த்து, தரம் மற்றும் அளவை ஒப்பிட்டு விற்பனை செய்யுங்கள்."
CA_01845,market_price,சந்தை விலை,brinjal,கத்தரிக்காய்,sandy,மணல் மண்,"கத்தரிக்காய் சந்தை விலை தினமும் மாறக்கூடும். Tamil Nadu அருகிலுள்ள ஒழுங்குமுறை சந்தை அல்லது உழவர் சந்தையின் அன்றைய விலையை சரிபார்த்து, தரம் மற்றும் அளவை ஒப்பிட்டு விற்பனை செய்யுங்கள்."
CA_01846,market_price,சந்தை விலை,brinjal,கத்தரிக்காய்,clay,களிமண்,"கத்தரிக்காய் சந்தை விலை தினமும் மாறக்கூடும். Tamil Nadu அருகிலுள்ள ஒழுங்குமுறை சந்தை அல்லது உழவர் சந்தையின் அன்றைய விலையை சரிபார்த்து, தரம் மற்றும் அளவை ஒப்பிட்டு விற்பனை செய்யுங்கள்."
CA_01847,market_price,சந்தை விலை,brinjal,கத்தரிக்காய்,loamy,கலப்பு மண்,"கத்தரிக்காய் சந்தை விலை தினமும் மாறக்கூடும். Tamil Nadu அருகிலுள்ள ஒழுங்குமுறை சந்தை அல்லது உழவர் சந்தையின் அன்றைய விலையை சரிபார்த்து, தரம் மற்றும் அளவை ஒப்பிட்டு விற்பனை செய்யுங்கள்."
CA_01848,market_price,சந்தை விலை,brinjal,கத்தரிக்காய்,laterite,சரளை மண்,"கத்தரிக்காய் சந்தை விலை தினமும் மாறக்கூடும். Tamil Nadu அருகிலுள்ள ஒழுங்குமுறை சந்தை அல்லது உழவர் சந்தையின் அன்றைய விலையை சரிபார்த்து, தரம் மற்றும் அளவை ஒப்பிட்டு விற்பனை செய்யுங்கள்."
CA_01849,market_price,சந்தை விலை,okra,வெண்டைக்காய்,red,செம்மண்,"வெண்டைக்காய் சந்தை விலை தினமும் மாறக்கூடும். Tamil Nadu அருகிலுள்ள ஒழுங்குமுறை சந்தை அல்லது உழவர் சந்தையின் அன்றைய விலையை சரிபார்த்து, தரம் மற்றும் அளவை ஒப்பிட்டு விற்பனை செய்யுங்கள்."
CA_01850,market_price,சந்தை விலை,okra,வெண்டைக்காய்,black,கரிசல் மண்,"வெண்டைக்காய் சந்தை விலை தினமும் மாறக்கூடும். Tamil Nadu அருகிலுள்ள ஒழுங்குமுறை சந்தை அல்லது உழவர் சந்தையின் அன்றைய விலையை சரிபார்த்து, தரம் மற்றும் அளவை ஒப்பிட்டு விற்பனை செய்யுங்கள்."
CA_01851,market_price,சந்தை விலை,okra,வெண்டைக்காய்,alluvial,வண்டல் மண்,"வெண்டைக்காய் சந்தை விலை தினமும் மாறக்கூடும். Tamil Nadu அருகிலுள்ள ஒழுங்குமுறை சந்தை அல்லது உழவர் சந்தையின் அன்றைய விலையை சரிபார்த்து, தரம் மற்றும் அளவை ஒப்பிட்டு விற்பனை செய்யுங்கள்."
CA_01852,market_price,சந்தை விலை,okra,வெண்டைக்காய்,sandy,மணல் மண்,"வெண்டைக்காய் சந்தை விலை தினமும் மாறக்கூடும். Tamil Nadu அருகிலுள்ள ஒழுங்குமுறை சந்தை அல்லது உழவர் சந்தையின் அன்றைய விலையை சரிபார்த்து, தரம் மற்றும் அளவை ஒப்பிட்டு விற்பனை செய்யுங்கள்."
CA_01853,market_price,சந்தை விலை,okra,வெண்டைக்காய்,clay,களிமண்,"வெண்டைக்காய் சந்தை விலை தினமும் மாறக்கூடும். Tamil Nadu அருகிலுள்ள ஒழுங்குமுறை சந்தை அல்லது உழவர் சந்தையின் அன்றைய விலையை சரிபார்த்து, தரம் மற்றும் அளவை ஒப்பிட்டு விற்பனை செய்யுங்கள்."
CA_01854,market_price,சந்தை விலை,okra,வெண்டைக்காய்,loamy,கலப்பு மண்,"வெண்டைக்காய் சந்தை விலை தினமும் மாறக்கூடும். Tamil Nadu அருகிலுள்ள ஒழுங்குமுறை சந்தை அல்லது உழவர் சந்தையின் அன்றைய விலையை சரிபார்த்து, தரம் மற்றும் அளவை ஒப்பிட்டு விற்பனை செய்யுங்கள்."
CA_01855,market_price,சந்தை விலை,okra,வெண்டைக்காய்,laterite,சரளை மண்,"வெண்டைக்காய் சந்தை விலை தினமும் மாறக்கூடும். Tamil Nadu அருகிலுள்ள ஒழுங்குமுறை சந்தை அல்லது உழவர் சந்தையின் அன்றைய விலையை சரிபார்த்து, தரம் மற்றும் அளவை ஒப்பிட்டு விற்பனை செய்யுங்கள்."
CA_01856,market_price,சந்தை விலை,coconut,தேங்காய்,red,செம்மண்,"தேங்காய் சந்தை விலை தினமும் மாறக்கூடும். Tamil Nadu அருகிலுள்ள ஒழுங்குமுறை சந்தை அல்லது உழவர் சந்தையின் அன்றைய விலையை சரிபார்த்து, தரம் மற்றும் அளவை ஒப்பிட்டு விற்பனை செய்யுங்கள்."
CA_01857,market_price,சந்தை விலை,coconut,தேங்காய்,black,கரிசல் மண்,"தேங்காய் சந்தை விலை தினமும் மாறக்கூடும். Tamil Nadu அருகிலுள்ள ஒழுங்குமுறை சந்தை அல்லது உழவர் சந்தையின் அன்றைய விலையை சரிபார்த்து, தரம் மற்றும் அளவை ஒப்பிட்டு விற்பனை செய்யுங்கள்."
CA_01858,market_price,சந்தை விலை,coconut,தேங்காய்,alluvial,வண்டல் மண்,"தேங்காய் சந்தை விலை தினமும் மாறக்கூடும். Tamil Nadu அருகிலுள்ள ஒழுங்குமுறை சந்தை அல்லது உழவர் சந்தையின் அன்றைய விலையை சரிபார்த்து, தரம் மற்றும் அளவை ஒப்பிட்டு விற்பனை செய்யுங்கள்."
CA_01859,market_price,சந்தை விலை,coconut,தேங்காய்,sandy,மணல் மண்,"தேங்காய் சந்தை விலை தினமும் மாறக்கூடும். Tamil Nadu அருகிலுள்ள ஒழுங்குமுறை சந்தை அல்லது உழவர் சந்தையின் அன்றைய விலையை சரிபார்த்து, தரம் மற்றும் அளவை ஒப்பிட்டு விற்பனை செய்யுங்கள்."
CA_01860,market_price,சந்தை விலை,coconut,தேங்காய்,clay,களிமண்,"தேங்காய் சந்தை விலை தினமும் மாறக்கூடும். Tamil Nadu அருகிலுள்ள ஒழுங்குமுறை சந்தை அல்லது உழவர் சந்தையின் அன்றைய விலையை சரிபார்த்து, தரம் மற்றும் அளவை ஒப்பிட்டு விற்பனை செய்யுங்கள்."
CA_01861,market_price,சந்தை விலை,coconut,தேங்காய்,loamy,கலப்பு மண்,"தேங்காய் சந்தை விலை தினமும் மாறக்கூடும். Tamil Nadu அருகிலுள்ள ஒழுங்குமுறை சந்தை அல்லது உழவர் சந்தையின் அன்றைய விலையை சரிபார்த்து, தரம் மற்றும் அளவை ஒப்பிட்டு விற்பனை செய்யுங்கள்."
CA_01862,market_price,சந்தை விலை,coconut,தேங்காய்,laterite,சரளை மண்,"தேங்காய் சந்தை விலை தினமும் மாறக்கூடும். Tamil Nadu அருகிலுள்ள ஒழுங்குமுறை சந்தை அல்லது உழவர் சந்தையின் அன்றைய விலையை சரிபார்த்து, தரம் மற்றும் அளவை ஒப்பிட்டு விற்பனை செய்யுங்கள்."
CA_01863,market_price,சந்தை விலை,pulses,பயறு,red,செம்மண்,"பயறு சந்தை விலை தினமும் மாறக்கூடும். Tamil Nadu அருகிலுள்ள ஒழுங்குமுறை சந்தை அல்லது உழவர் சந்தையின் அன்றைய விலையை சரிபார்த்து, தரம் மற்றும் அளவை ஒப்பிட்டு விற்பனை செய்யுங்கள்."
CA_01864,market_price,சந்தை விலை,pulses,பயறு,black,கரிசல் மண்,"பயறு சந்தை விலை தினமும் மாறக்கூடும். Tamil Nadu அருகிலுள்ள ஒழுங்குமுறை சந்தை அல்லது உழவர் சந்தையின் அன்றைய விலையை சரிபார்த்து, தரம் மற்றும் அளவை ஒப்பிட்டு விற்பனை செய்யுங்கள்."
CA_01865,market_price,சந்தை விலை,pulses,பயறு,alluvial,வண்டல் மண்,"பயறு சந்தை விலை தினமும் மாறக்கூடும். Tamil Nadu அருகிலுள்ள ஒழுங்குமுறை சந்தை அல்லது உழவர் சந்தையின் அன்றைய விலையை சரிபார்த்து, தரம் மற்றும் அளவை ஒப்பிட்டு விற்பனை செய்யுங்கள்."
CA_01866,market_price,சந்தை விலை,pulses,பயறு,sandy,மணல் மண்,"பயறு சந்தை விலை தினமும் மாறக்கூடும். Tamil Nadu அருகிலுள்ள ஒழுங்குமுறை சந்தை அல்லது உழவர் சந்தையின் அன்றைய விலையை சரிபார்த்து, தரம் மற்றும் அளவை ஒப்பிட்டு விற்பனை செய்யுங்கள்."
CA_01867,market_price,சந்தை விலை,pulses,பயறு,clay,களிமண்,"பயறு சந்தை விலை தினமும் மாறக்கூடும். Tamil Nadu அருகிலுள்ள ஒழுங்குமுறை சந்தை அல்லது உழவர் சந்தையின் அன்றைய விலையை சரிபார்த்து, தரம் மற்றும் அளவை ஒப்பிட்டு விற்பனை செய்யுங்கள்."
CA_01868,market_price,சந்தை விலை,pulses,பயறு,loamy,கலப்பு மண்,"பயறு சந்தை விலை தினமும் மாறக்கூடும். Tamil Nadu அருகிலுள்ள ஒழுங்குமுறை சந்தை அல்லது உழவர் சந்தையின் அன்றைய விலையை சரிபார்த்து, தரம் மற்றும் அளவை ஒப்பிட்டு விற்பனை செய்யுங்கள்."
CA_01869,market_price,சந்தை விலை,pulses,பயறு,laterite,சரளை மண்,"பயறு சந்தை விலை தினமும் மாறக்கூடும். Tamil Nadu அருகிலுள்ள ஒழுங்குமுறை சந்தை அல்லது உழவர் சந்தையின் அன்றைய விலையை சரிபார்த்து, தரம் மற்றும் அளவை ஒப்பிட்டு விற்பனை செய்யுங்கள்."
CA_01870,market_price,சந்தை விலை,sesame,எள்,red,செம்மண்,"எள் சந்தை விலை தினமும் மாறக்கூடும். Tamil Nadu அருகிலுள்ள ஒழுங்குமுறை சந்தை அல்லது உழவர் சந்தையின் அன்றைய விலையை சரிபார்த்து, தரம் மற்றும் அளவை ஒப்பிட்டு விற்பனை செய்யுங்கள்."
CA_01871,market_price,சந்தை விலை,sesame,எள்,black,கரிசல் மண்,"எள் சந்தை விலை தினமும் மாறக்கூடும். Tamil Nadu அருகிலுள்ள ஒழுங்குமுறை சந்தை அல்லது உழவர் சந்தையின் அன்றைய விலையை சரிபார்த்து, தரம் மற்றும் அளவை ஒப்பிட்டு விற்பனை செய்யுங்கள்."
CA_01872,market_price,சந்தை விலை,sesame,எள்,alluvial,வண்டல் மண்,"எள் சந்தை விலை தினமும் மாறக்கூடும். Tamil Nadu அருகிலுள்ள ஒழுங்குமுறை சந்தை அல்லது உழவர் சந்தையின் அன்றைய விலையை சரிபார்த்து, தரம் மற்றும் அளவை ஒப்பிட்டு விற்பனை செய்யுங்கள்."
CA_01873,market_price,சந்தை விலை,sesame,எள்,sandy,மணல் மண்,"எள் சந்தை விலை தினமும் மாறக்கூடும். Tamil Nadu அருகிலுள்ள ஒழுங்குமுறை சந்தை அல்லது உழவர் சந்தையின் அன்றைய விலையை சரிபார்த்து, தரம் மற்றும் அளவை ஒப்பிட்டு விற்பனை செய்யுங்கள்."
CA_01874,market_price,சந்தை விலை,sesame,எள்,clay,களிமண்,"எள் சந்தை விலை தினமும் மாறக்கூடும். Tamil Nadu அருகிலுள்ள ஒழுங்குமுறை சந்தை அல்லது உழவர் சந்தையின் அன்றைய விலையை சரிபார்த்து, தரம் மற்றும் அளவை ஒப்பிட்டு விற்பனை செய்யுங்கள்."
CA_01875,market_price,சந்தை விலை,sesame,எள்,loamy,கலப்பு மண்,"எள் சந்தை விலை தினமும் மாறக்கூடும். Tamil Nadu அருகிலுள்ள ஒழுங்குமுறை சந்தை அல்லது உழவர் சந்தையின் அன்றைய விலையை சரிபார்த்து, தரம் மற்றும் அளவை ஒப்பிட்டு விற்பனை செய்யுங்கள்."
CA_01876,market_price,சந்தை விலை,sesame,எள்,laterite,சரளை மண்,"எள் சந்தை விலை தினமும் மாறக்கூடும். Tamil Nadu அருகிலுள்ள ஒழுங்குமுறை சந்தை அல்லது உழவர் சந்தையின் அன்றைய விலையை சரிபார்த்து, தரம் மற்றும் அளவை ஒப்பிட்டு விற்பனை செய்யுங்கள்."
CA_01877,market_price,சந்தை விலை,tapioca,மரவள்ளி,red,செம்மண்,"மரவள்ளி சந்தை விலை தினமும் மாறக்கூடும். Tamil Nadu அருகிலுள்ள ஒழுங்குமுறை சந்தை அல்லது உழவர் சந்தையின் அன்றைய விலையை சரிபார்த்து, தரம் மற்றும் அளவை ஒப்பிட்டு விற்பனை செய்யுங்கள்."
CA_01878,market_price,சந்தை விலை,tapioca,மரவள்ளி,black,கரிசல் மண்,"மரவள்ளி சந்தை விலை தினமும் மாறக்கூடும். Tamil Nadu அருகிலுள்ள ஒழுங்குமுறை சந்தை அல்லது உழவர் சந்தையின் அன்றைய விலையை சரிபார்த்து, தரம் மற்றும் அளவை ஒப்பிட்டு விற்பனை செய்யுங்கள்."
CA_01879,market_price,சந்தை விலை,tapioca,மரவள்ளி,alluvial,வண்டல் மண்,"மரவள்ளி சந்தை விலை தினமும் மாறக்கூடும். Tamil Nadu அருகிலுள்ள ஒழுங்குமுறை சந்தை அல்லது உழவர் சந்தையின் அன்றைய விலையை சரிபார்த்து, தரம் மற்றும் அளவை ஒப்பிட்டு விற்பனை செய்யுங்கள்."
CA_01880,market_price,சந்தை விலை,tapioca,மரவள்ளி,sandy,மணல் மண்,"மரவள்ளி சந்தை விலை தினமும் மாறக்கூடும். Tamil Nadu அருகிலுள்ள ஒழுங்குமுறை சந்தை அல்லது உழவர் சந்தையின் அன்றைய விலையை சரிபார்த்து, தரம் மற்றும் அளவை ஒப்பிட்டு விற்பனை செய்யுங்கள்."
CA_01881,market_price,சந்தை விலை,tapioca,மரவள்ளி,clay,களிமண்,"மரவள்ளி சந்தை விலை தினமும் மாறக்கூடும். Tamil Nadu அருகிலுள்ள ஒழுங்குமுறை சந்தை அல்லது உழவர் சந்தையின் அன்றைய விலையை சரிபார்த்து, தரம் மற்றும் அளவை ஒப்பிட்டு விற்பனை செய்யுங்கள்."
CA_01882,market_price,சந்தை விலை,tapioca,மரவள்ளி,loamy,கலப்பு மண்,"மரவள்ளி சந்தை விலை தினமும் மாறக்கூடும். Tamil Nadu அருகிலுள்ள ஒழுங்குமுறை சந்தை அல்லது உழவர் சந்தையின் அன்றைய விலையை சரிபார்த்து, தரம் மற்றும் அளவை ஒப்பிட்டு விற்பனை செய்யுங்கள்."
CA_01883,market_price,சந்தை விலை,tapioca,மரவள்ளி,laterite,சரளை மண்,"மரவள்ளி சந்தை விலை தினமும் மாறக்கூடும். Tamil Nadu அருகிலுள்ள ஒழுங்குமுறை சந்தை அல்லது உழவர் சந்தையின் அன்றைய விலையை சரிபார்த்து, தரம் மற்றும் அளவை ஒப்பிட்டு விற்பனை செய்யுங்கள்."
CA_01884,market_price,சந்தை விலை,drumstick,முருங்கை,red,செம்மண்,"முருங்கை சந்தை விலை தினமும் மாறக்கூடும். Tamil Nadu அருகிலுள்ள ஒழுங்குமுறை சந்தை அல்லது உழவர் சந்தையின் அன்றைய விலையை சரிபார்த்து, தரம் மற்றும் அளவை ஒப்பிட்டு விற்பனை செய்யுங்கள்."
CA_01885,market_price,சந்தை விலை,drumstick,முருங்கை,black,கரிசல் மண்,"முருங்கை சந்தை விலை தினமும் மாறக்கூடும். Tamil Nadu அருகிலுள்ள ஒழுங்குமுறை சந்தை அல்லது உழவர் சந்தையின் அன்றைய விலையை சரிபார்த்து, தரம் மற்றும் அளவை ஒப்பிட்டு விற்பனை செய்யுங்கள்."
CA_01886,market_price,சந்தை விலை,drumstick,முருங்கை,alluvial,வண்டல் மண்,"முருங்கை சந்தை விலை தினமும் மாறக்கூடும். Tamil Nadu அருகிலுள்ள ஒழுங்குமுறை சந்தை அல்லது உழவர் சந்தையின் அன்றைய விலையை சரிபார்த்து, தரம் மற்றும் அளவை ஒப்பிட்டு விற்பனை செய்யுங்கள்."
CA_01887,market_price,சந்தை விலை,drumstick,முருங்கை,sandy,மணல் மண்,"முருங்கை சந்தை விலை தினமும் மாறக்கூடும். Tamil Nadu அருகிலுள்ள ஒழுங்குமுறை சந்தை அல்லது உழவர் சந்தையின் அன்றைய விலையை சரிபார்த்து, தரம் மற்றும் அளவை ஒப்பிட்டு விற்பனை செய்யுங்கள்."
CA_01888,market_price,சந்தை விலை,drumstick,முருங்கை,clay,களிமண்,"முருங்கை சந்தை விலை தினமும் மாறக்கூடும். Tamil Nadu அருகிலுள்ள ஒழுங்குமுறை சந்தை அல்லது உழவர் சந்தையின் அன்றைய விலையை சரிபார்த்து, தரம் மற்றும் அளவை ஒப்பிட்டு விற்பனை செய்யுங்கள்."
CA_01889,market_price,சந்தை விலை,drumstick,முருங்கை,loamy,கலப்பு மண்,"முருங்கை சந்தை விலை தினமும் மாறக்கூடும். Tamil Nadu அருகிலுள்ள ஒழுங்குமுறை சந்தை அல்லது உழவர் சந்தையின் அன்றைய விலையை சரிபார்த்து, தரம் மற்றும் அளவை ஒப்பிட்டு விற்பனை செய்யுங்கள்."
CA_01890,market_price,சந்தை விலை,drumstick,முருங்கை,laterite,சரளை மண்,"முருங்கை சந்தை விலை தினமும் மாறக்கூடும். Tamil Nadu அருகிலுள்ள ஒழுங்குமுறை சந்தை அல்லது உழவர் சந்தையின் அன்றைய விலையை சரிபார்த்து, தரம் மற்றும் அளவை ஒப்பிட்டு விற்பனை செய்யுங்கள்."
CA_01891,selling,விற்பனை,rice,நெல்,red,செம்மண்,"நெல் தொடர்பான முடிவை செம்மண், Tamil Nadu பகுதி, பருவம் மற்றும் பாசன வசதியை வைத்து எடுக்க வேண்டும். முதலில் மண் பரிசோதனை, சரியான விதை, நிலத் தயாரிப்பு மற்றும் நீர் மேலாண்மையை திட்டமிடுங்கள்."
CA_01892,selling,விற்பனை,rice,நெல்,black,கரிசல் மண்,"நெல் தொடர்பான முடிவை கரிசல் மண், Tamil Nadu பகுதி, பருவம் மற்றும் பாசன வசதியை வைத்து எடுக்க வேண்டும். முதலில் மண் பரிசோதனை, சரியான விதை, நிலத் தயாரிப்பு மற்றும் நீர் மேலாண்மையை திட்டமிடுங்கள்."
CA_01893,selling,விற்பனை,rice,நெல்,alluvial,வண்டல் மண்,"நெல் தொடர்பான முடிவை வண்டல் மண், Tamil Nadu பகுதி, பருவம் மற்றும் பாசன வசதியை வைத்து எடுக்க வேண்டும். முதலில் மண் பரிசோதனை, சரியான விதை, நிலத் தயாரிப்பு மற்றும் நீர் மேலாண்மையை திட்டமிடுங்கள்."
CA_01894,selling,விற்பனை,rice,நெல்,sandy,மணல் மண்,"நெல் தொடர்பான முடிவை மணல் மண், Tamil Nadu பகுதி, பருவம் மற்றும் பாசன வசதியை வைத்து எடுக்க வேண்டும். முதலில் மண் பரிசோதனை, சரியான விதை, நிலத் தயாரிப்பு மற்றும் நீர் மேலாண்மையை திட்டமிடுங்கள்."
CA_01895,selling,விற்பனை,rice,நெல்,clay,களிமண்,"நெல் தொடர்பான முடிவை களிமண், Tamil Nadu பகுதி, பருவம் மற்றும் பாசன வசதியை வைத்து எடுக்க வேண்டும். முதலில் மண் பரிசோதனை, சரியான விதை, நிலத் தயாரிப்பு மற்றும் நீர் மேலாண்மையை திட்டமிடுங்கள்."
CA_01896,selling,விற்பனை,rice,நெல்,loamy,கலப்பு மண்,"நெல் தொடர்பான முடிவை கலப்பு மண், Tamil Nadu பகுதி, பருவம் மற்றும் பாசன வசதியை வைத்து எடுக்க வேண்டும். முதலில் மண் பரிசோதனை, சரியான விதை, நிலத் தயாரிப்பு மற்றும் நீர் மேலாண்மையை திட்டமிடுங்கள்."
CA_01897,selling,விற்பனை,rice,நெல்,laterite,சரளை மண்,"நெல் தொடர்பான முடிவை சரளை மண், Tamil Nadu பகுதி, பருவம் மற்றும் பாசன வசதியை வைத்து எடுக்க வேண்டும். முதலில் மண் பரிசோதனை, சரியான விதை, நிலத் தயாரிப்பு மற்றும் நீர் மேலாண்மையை திட்டமிடுங்கள்."
CA_01898,selling,விற்பனை,banana,வாழை,red,செம்மண்,"வாழை தொடர்பான முடிவை செம்மண், Tamil Nadu பகுதி, பருவம் மற்றும் பாசன வசதியை வைத்து எடுக்க வேண்டும். முதலில் மண் பரிசோதனை, சரியான விதை, நிலத் தயாரிப்பு மற்றும் நீர் மேலாண்மையை திட்டமிடுங்கள்."
CA_01899,selling,விற்பனை,banana,வாழை,black,கரிசல் மண்,"வாழை தொடர்பான முடிவை கரிசல் மண், Tamil Nadu பகுதி, பருவம் மற்றும் பாசன வசதியை வைத்து எடுக்க வேண்டும். முதலில் மண் பரிசோதனை, சரியான விதை, நிலத் தயாரிப்பு மற்றும் நீர் மேலாண்மையை திட்டமிடுங்கள்."
CA_01900,selling,விற்பனை,banana,வாழை,alluvial,வண்டல் மண்,"வாழை தொடர்பான முடிவை வண்டல் மண், Tamil Nadu பகுதி, பருவம் மற்றும் பாசன வசதியை வைத்து எடுக்க வேண்டும். முதலில் மண் பரிசோதனை, சரியான விதை, நிலத் தயாரிப்பு மற்றும் நீர் மேலாண்மையை திட்டமிடுங்கள்."
CA_01901,selling,விற்பனை,banana,வாழை,sandy,மணல் மண்,"வாழை தொடர்பான முடிவை மணல் மண், Tamil Nadu பகுதி, பருவம் மற்றும் பாசன வசதியை வைத்து எடுக்க வேண்டும். முதலில் மண் பரிசோதனை, சரியான விதை, நிலத் தயாரிப்பு மற்றும் நீர் மேலாண்மையை திட்டமிடுங்கள்."
CA_01902,selling,விற்பனை,banana,வாழை,clay,களிமண்,"வாழை தொடர்பான முடிவை களிமண், Tamil Nadu பகுதி, பருவம் மற்றும் பாசன வசதியை வைத்து எடுக்க வேண்டும். முதலில் மண் பரிசோதனை, சரியான விதை, நிலத் தயாரிப்பு மற்றும் நீர் மேலாண்மையை திட்டமிடுங்கள்."
CA_01903,selling,விற்பனை,banana,வாழை,loamy,கலப்பு மண்,"வாழை தொடர்பான முடிவை கலப்பு மண், Tamil Nadu பகுதி, பருவம் மற்றும் பாசன வசதியை வைத்து எடுக்க வேண்டும். முதலில் மண் பரிசோதனை, சரியான விதை, நிலத் தயாரிப்பு மற்றும் நீர் மேலாண்மையை திட்டமிடுங்கள்."
CA_01904,selling,விற்பனை,banana,வாழை,laterite,சரளை மண்,"வாழை தொடர்பான முடிவை சரளை மண், Tamil Nadu பகுதி, பருவம் மற்றும் பாசன வசதியை வைத்து எடுக்க வேண்டும். முதலில் மண் பரிசோதனை, சரியான விதை, நிலத் தயாரிப்பு மற்றும் நீர் மேலாண்மையை திட்டமிடுங்கள்."
CA_01905,selling,விற்பனை,sugarcane,கரும்பு,red,செம்மண்,"கரும்பு தொடர்பான முடிவை செம்மண், Tamil Nadu பகுதி, பருவம் மற்றும் பாசன வசதியை வைத்து எடுக்க வேண்டும். முதலில் மண் பரிசோதனை, சரியான விதை, நிலத் தயாரிப்பு மற்றும் நீர் மேலாண்மையை திட்டமிடுங்கள்."
CA_01906,selling,விற்பனை,sugarcane,கரும்பு,black,கரிசல் மண்,"கரும்பு தொடர்பான முடிவை கரிசல் மண், Tamil Nadu பகுதி, பருவம் மற்றும் பாசன வசதியை வைத்து எடுக்க வேண்டும். முதலில் மண் பரிசோதனை, சரியான விதை, நிலத் தயாரிப்பு மற்றும் நீர் மேலாண்மையை திட்டமிடுங்கள்."
CA_01907,selling,விற்பனை,sugarcane,கரும்பு,alluvial,வண்டல் மண்,"கரும்பு தொடர்பான முடிவை வண்டல் மண், Tamil Nadu பகுதி, பருவம் மற்றும் பாசன வசதியை வைத்து எடுக்க வேண்டும். முதலில் மண் பரிசோதனை, சரியான விதை, நிலத் தயாரிப்பு மற்றும் நீர் மேலாண்மையை திட்டமிடுங்கள்."
CA_01908,selling,விற்பனை,sugarcane,கரும்பு,sandy,மணல் மண்,"கரும்பு தொடர்பான முடிவை மணல் மண், Tamil Nadu பகுதி, பருவம் மற்றும் பாசன வசதியை வைத்து எடுக்க வேண்டும். முதலில் மண் பரிசோதனை, சரியான விதை, நிலத் தயாரிப்பு மற்றும் நீர் மேலாண்மையை திட்டமிடுங்கள்."
CA_01909,selling,விற்பனை,sugarcane,கரும்பு,clay,களிமண்,"கரும்பு தொடர்பான முடிவை களிமண், Tamil Nadu பகுதி, பருவம் மற்றும் பாசன வசதியை வைத்து எடுக்க வேண்டும். முதலில் மண் பரிசோதனை, சரியான விதை, நிலத் தயாரிப்பு மற்றும் நீர் மேலாண்மையை திட்டமிடுங்கள்."
CA_01910,selling,விற்பனை,sugarcane,கரும்பு,loamy,கலப்பு மண்,"கரும்பு தொடர்பான முடிவை கலப்பு மண், Tamil Nadu பகுதி, பருவம் மற்றும் பாசன வசதியை வைத்து எடுக்க வேண்டும். முதலில் மண் பரிசோதனை, சரியான விதை, நிலத் தயாரிப்பு மற்றும் நீர் மேலாண்மையை திட்டமிடுங்கள்."
CA_01911,selling,விற்பனை,sugarcane,கரும்பு,laterite,சரளை மண்,"கரும்பு தொடர்பான முடிவை சரளை மண், Tamil Nadu பகுதி, பருவம் மற்றும் பாசன வசதியை வைத்து எடுக்க வேண்டும். முதலில் மண் பரிசோதனை, சரியான விதை, நிலத் தயாரிப்பு மற்றும் நீர் மேலாண்மையை திட்டமிடுங்கள்."
CA_01912,selling,விற்பனை,cotton,பருத்தி,red,செம்மண்,"பருத்தி தொடர்பான முடிவை செம்மண், Tamil Nadu பகுதி, பருவம் மற்றும் பாசன வசதியை வைத்து எடுக்க வேண்டும். முதலில் மண் பரிசோதனை, சரியான விதை, நிலத் தயாரிப்பு மற்றும் நீர் மேலாண்மையை திட்டமிடுங்கள்."
CA_01913,selling,விற்பனை,cotton,பருத்தி,black,கரிசல் மண்,"பருத்தி தொடர்பான முடிவை கரிசல் மண், Tamil Nadu பகுதி, பருவம் மற்றும் பாசன வசதியை வைத்து எடுக்க வேண்டும். முதலில் மண் பரிசோதனை, சரியான விதை, நிலத் தயாரிப்பு மற்றும் நீர் மேலாண்மையை திட்டமிடுங்கள்."
CA_01914,selling,விற்பனை,cotton,பருத்தி,alluvial,வண்டல் மண்,"பருத்தி தொடர்பான முடிவை வண்டல் மண், Tamil Nadu பகுதி, பருவம் மற்றும் பாசன வசதியை வைத்து எடுக்க வேண்டும். முதலில் மண் பரிசோதனை, சரியான விதை, நிலத் தயாரிப்பு மற்றும் நீர் மேலாண்மையை திட்டமிடுங்கள்."
CA_01915,selling,விற்பனை,cotton,பருத்தி,sandy,மணல் மண்,"பருத்தி தொடர்பான முடிவை மணல் மண், Tamil Nadu பகுதி, பருவம் மற்றும் பாசன வசதியை வைத்து எடுக்க வேண்டும். முதலில் மண் பரிசோதனை, சரியான விதை, நிலத் தயாரிப்பு மற்றும் நீர் மேலாண்மையை திட்டமிடுங்கள்."
CA_01916,selling,விற்பனை,cotton,பருத்தி,clay,களிமண்,"பருத்தி தொடர்பான முடிவை களிமண், Tamil Nadu பகுதி, பருவம் மற்றும் பாசன வசதியை வைத்து எடுக்க வேண்டும். முதலில் மண் பரிசோதனை, சரியான விதை, நிலத் தயாரிப்பு மற்றும் நீர் மேலாண்மையை திட்டமிடுங்கள்."
CA_01917,selling,விற்பனை,cotton,பருத்தி,loamy,கலப்பு மண்,"பருத்தி தொடர்பான முடிவை கலப்பு மண், Tamil Nadu பகுதி, பருவம் மற்றும் பாசன வசதியை வைத்து எடுக்க வேண்டும். முதலில் மண் பரிசோதனை, சரியான விதை, நிலத் தயாரிப்பு மற்றும் நீர் மேலாண்மையை திட்டமிடுங்கள்."
CA_01918,selling,விற்பனை,cotton,பருத்தி,laterite,சரளை மண்,"பருத்தி தொடர்பான முடிவை சரளை மண், Tamil Nadu பகுதி, பருவம் மற்றும் பாசன வசதியை வைத்து எடுக்க வேண்டும். முதலில் மண் பரிசோதனை, சரியான விதை, நிலத் தயாரிப்பு மற்றும் நீர் மேலாண்மையை திட்டமிடுங்கள்."
CA_01919,selling,விற்பனை,groundnut,நிலக்கடலை,red,செம்மண்,"நிலக்கடலை தொடர்பான முடிவை செம்மண், Tamil Nadu பகுதி, பருவம் மற்றும் பாசன வசதியை வைத்து எடுக்க வேண்டும். முதலில் மண் பரிசோதனை, சரியான விதை, நிலத் தயாரிப்பு மற்றும் நீர் மேலாண்மையை திட்டமிடுங்கள்."
CA_01920,selling,விற்பனை,groundnut,நிலக்கடலை,black,கரிசல் மண்,"நிலக்கடலை தொடர்பான முடிவை கரிசல் மண், Tamil Nadu பகுதி, பருவம் மற்றும் பாசன வசதியை வைத்து எடுக்க வேண்டும். முதலில் மண் பரிசோதனை, சரியான விதை, நிலத் தயாரிப்பு மற்றும் நீர் மேலாண்மையை திட்டமிடுங்கள்."
CA_01921,selling,விற்பனை,groundnut,நிலக்கடலை,alluvial,வண்டல் மண்,"நிலக்கடலை தொடர்பான முடிவை வண்டல் மண், Tamil Nadu பகுதி, பருவம் மற்றும் பாசன வசதியை வைத்து எடுக்க வேண்டும். முதலில் மண் பரிசோதனை, சரியான விதை, நிலத் தயாரிப்பு மற்றும் நீர் மேலாண்மையை திட்டமிடுங்கள்."
CA_01922,selling,விற்பனை,groundnut,நிலக்கடலை,sandy,மணல் மண்,"நிலக்கடலை தொடர்பான முடிவை மணல் மண், Tamil Nadu பகுதி, பருவம் மற்றும் பாசன வசதியை வைத்து எடுக்க வேண்டும். முதலில் மண் பரிசோதனை, சரியான விதை, நிலத் தயாரிப்பு மற்றும் நீர் மேலாண்மையை திட்டமிடுங்கள்."
CA_01923,selling,விற்பனை,groundnut,நிலக்கடலை,clay,களிமண்,"நிலக்கடலை தொடர்பான முடிவை களிமண், Tamil Nadu பகுதி, பருவம் மற்றும் பாசன வசதியை வைத்து எடுக்க வேண்டும். முதலில் மண் பரிசோதனை, சரியான விதை, நிலத் தயாரிப்பு மற்றும் நீர் மேலாண்மையை திட்டமிடுங்கள்."
CA_01924,selling,விற்பனை,groundnut,நிலக்கடலை,loamy,கலப்பு மண்,"நிலக்கடலை தொடர்பான முடிவை கலப்பு மண், Tamil Nadu பகுதி, பருவம் மற்றும் பாசன வசதியை வைத்து எடுக்க வேண்டும். முதலில் மண் பரிசோதனை, சரியான விதை, நிலத் தயாரிப்பு மற்றும் நீர் மேலாண்மையை திட்டமிடுங்கள்."
CA_01925,selling,விற்பனை,groundnut,நிலக்கடலை,laterite,சரளை மண்,"நிலக்கடலை தொடர்பான முடிவை சரளை மண், Tamil Nadu பகுதி, பருவம் மற்றும் பாசன வசதியை வைத்து எடுக்க வேண்டும். முதலில் மண் பரிசோதனை, சரியான விதை, நிலத் தயாரிப்பு மற்றும் நீர் மேலாண்மையை திட்டமிடுங்கள்."
CA_01926,selling,விற்பனை,maize,மக்காச்சோளம்,red,செம்மண்,"மக்காச்சோளம் தொடர்பான முடிவை செம்மண், Tamil Nadu பகுதி, பருவம் மற்றும் பாசன வசதியை வைத்து எடுக்க வேண்டும். முதலில் மண் பரிசோதனை, சரியான விதை, நிலத் தயாரிப்பு மற்றும் நீர் மேலாண்மையை திட்டமிடுங்கள்."
CA_01927,selling,விற்பனை,maize,மக்காச்சோளம்,black,கரிசல் மண்,"மக்காச்சோளம் தொடர்பான முடிவை கரிசல் மண், Tamil Nadu பகுதி, பருவம் மற்றும் பாசன வசதியை வைத்து எடுக்க வேண்டும். முதலில் மண் பரிசோதனை, சரியான விதை, நிலத் தயாரிப்பு மற்றும் நீர் மேலாண்மையை திட்டமிடுங்கள்."
CA_01928,selling,விற்பனை,maize,மக்காச்சோளம்,alluvial,வண்டல் மண்,"மக்காச்சோளம் தொடர்பான முடிவை வண்டல் மண், Tamil Nadu பகுதி, பருவம் மற்றும் பாசன வசதியை வைத்து எடுக்க வேண்டும். முதலில் மண் பரிசோதனை, சரியான விதை, நிலத் தயாரிப்பு மற்றும் நீர் மேலாண்மையை திட்டமிடுங்கள்."
CA_01929,selling,விற்பனை,maize,மக்காச்சோளம்,sandy,மணல் மண்,"மக்காச்சோளம் தொடர்பான முடிவை மணல் மண், Tamil Nadu பகுதி, பருவம் மற்றும் பாசன வசதியை வைத்து எடுக்க வேண்டும். முதலில் மண் பரிசோதனை, சரியான விதை, நிலத் தயாரிப்பு மற்றும் நீர் மேலாண்மையை திட்டமிடுங்கள்."
CA_01930,selling,விற்பனை,maize,மக்காச்சோளம்,clay,களிமண்,"மக்காச்சோளம் தொடர்பான முடிவை களிமண், Tamil Nadu பகுதி, பருவம் மற்றும் பாசன வசதியை வைத்து எடுக்க வேண்டும். முதலில் மண் பரிசோதனை, சரியான விதை, நிலத் தயாரிப்பு மற்றும் நீர் மேலாண்மையை திட்டமிடுங்கள்."
CA_01931,selling,விற்பனை,maize,மக்காச்சோளம்,loamy,கலப்பு மண்,"மக்காச்சோளம் தொடர்பான முடிவை கலப்பு மண், Tamil Nadu பகுதி, பருவம் மற்றும் பாசன வசதியை வைத்து எடுக்க வேண்டும். முதலில் மண் பரிசோதனை, சரியான விதை, நிலத் தயாரிப்பு மற்றும் நீர் மேலாண்மையை திட்டமிடுங்கள்."
CA_01932,selling,விற்பனை,maize,மக்காச்சோளம்,laterite,சரளை மண்,"மக்காச்சோளம் தொடர்பான முடிவை சரளை மண், Tamil Nadu பகுதி, பருவம் மற்றும் பாசன வசதியை வைத்து எடுக்க வேண்டும். முதலில் மண் பரிசோதனை, சரியான விதை, நிலத் தயாரிப்பு மற்றும் நீர் மேலாண்மையை திட்டமிடுங்கள்."
CA_01933,selling,விற்பனை,millet,சிறுதானியம்,red,செம்மண்,"சிறுதானியம் தொடர்பான முடிவை செம்மண், Tamil Nadu பகுதி, பருவம் மற்றும் பாசன வசதியை வைத்து எடுக்க வேண்டும். முதலில் மண் பரிசோதனை, சரியான விதை, நிலத் தயாரிப்பு மற்றும் நீர் மேலாண்மையை திட்டமிடுங்கள்."
CA_01934,selling,விற்பனை,millet,சிறுதானியம்,black,கரிசல் மண்,"சிறுதானியம் தொடர்பான முடிவை கரிசல் மண், Tamil Nadu பகுதி, பருவம் மற்றும் பாசன வசதியை வைத்து எடுக்க வேண்டும். முதலில் மண் பரிசோதனை, சரியான விதை, நிலத் தயாரிப்பு மற்றும் நீர் மேலாண்மையை திட்டமிடுங்கள்."
CA_01935,selling,விற்பனை,millet,சிறுதானியம்,alluvial,வண்டல் மண்,"சிறுதானியம் தொடர்பான முடிவை வண்டல் மண், Tamil Nadu பகுதி, பருவம் மற்றும் பாசன வசதியை வைத்து எடுக்க வேண்டும். முதலில் மண் பரிசோதனை, சரியான விதை, நிலத் தயாரிப்பு மற்றும் நீர் மேலாண்மையை திட்டமிடுங்கள்."
CA_01936,selling,விற்பனை,millet,சிறுதானியம்,sandy,மணல் மண்,"சிறுதானியம் தொடர்பான முடிவை மணல் மண், Tamil Nadu பகுதி, பருவம் மற்றும் பாசன வசதியை வைத்து எடுக்க வேண்டும். முதலில் மண் பரிசோதனை, சரியான விதை, நிலத் தயாரிப்பு மற்றும் நீர் மேலாண்மையை திட்டமிடுங்கள்."
CA_01937,selling,விற்பனை,millet,சிறுதானியம்,clay,களிமண்,"சிறுதானியம் தொடர்பான முடிவை களிமண், Tamil Nadu பகுதி, பருவம் மற்றும் பாசன வசதியை வைத்து எடுக்க வேண்டும். முதலில் மண் பரிசோதனை, சரியான விதை, நிலத் தயாரிப்பு மற்றும் நீர் மேலாண்மையை திட்டமிடுங்கள்."
CA_01938,selling,விற்பனை,millet,சிறுதானியம்,loamy,கலப்பு மண்,"சிறுதானியம் தொடர்பான முடிவை கலப்பு மண், Tamil Nadu பகுதி, பருவம் மற்றும் பாசன வசதியை வைத்து எடுக்க வேண்டும். முதலில் மண் பரிசோதனை, சரியான விதை, நிலத் தயாரிப்பு மற்றும் நீர் மேலாண்மையை திட்டமிடுங்கள்."
CA_01939,selling,விற்பனை,millet,சிறுதானியம்,laterite,சரளை மண்,"சிறுதானியம் தொடர்பான முடிவை சரளை மண், Tamil Nadu பகுதி, பருவம் மற்றும் பாசன வசதியை வைத்து எடுக்க வேண்டும். முதலில் மண் பரிசோதனை, சரியான விதை, நிலத் தயாரிப்பு மற்றும் நீர் மேலாண்மையை திட்டமிடுங்கள்."
CA_01940,selling,விற்பனை,tomato,தக்காளி,red,செம்மண்,"தக்காளி தொடர்பான முடிவை செம்மண், Tamil Nadu பகுதி, பருவம் மற்றும் பாசன வசதியை வைத்து எடுக்க வேண்டும். முதலில் மண் பரிசோதனை, சரியான விதை, நிலத் தயாரிப்பு மற்றும் நீர் மேலாண்மையை திட்டமிடுங்கள்."
CA_01941,selling,விற்பனை,tomato,தக்காளி,black,கரிசல் மண்,"தக்காளி தொடர்பான முடிவை கரிசல் மண், Tamil Nadu பகுதி, பருவம் மற்றும் பாசன வசதியை வைத்து எடுக்க வேண்டும். முதலில் மண் பரிசோதனை, சரியான விதை, நிலத் தயாரிப்பு மற்றும் நீர் மேலாண்மையை திட்டமிடுங்கள்."
CA_01942,selling,விற்பனை,tomato,தக்காளி,alluvial,வண்டல் மண்,"தக்காளி தொடர்பான முடிவை வண்டல் மண், Tamil Nadu பகுதி, பருவம் மற்றும் பாசன வசதியை வைத்து எடுக்க வேண்டும். முதலில் மண் பரிசோதனை, சரியான விதை, நிலத் தயாரிப்பு மற்றும் நீர் மேலாண்மையை திட்டமிடுங்கள்."
CA_01943,selling,விற்பனை,tomato,தக்காளி,sandy,மணல் மண்,"தக்காளி தொடர்பான முடிவை மணல் மண், Tamil Nadu பகுதி, பருவம் மற்றும் பாசன வசதியை வைத்து எடுக்க வேண்டும். முதலில் மண் பரிசோதனை, சரியான விதை, நிலத் தயாரிப்பு மற்றும் நீர் மேலாண்மையை திட்டமிடுங்கள்."
CA_01944,selling,விற்பனை,tomato,தக்காளி,clay,களிமண்,"தக்காளி தொடர்பான முடிவை களிமண், Tamil Nadu பகுதி, பருவம் மற்றும் பாசன வசதியை வைத்து எடுக்க வேண்டும். முதலில் மண் பரிசோதனை, சரியான விதை, நிலத் தயாரிப்பு மற்றும் நீர் மேலாண்மையை திட்டமிடுங்கள்."
CA_01945,selling,விற்பனை,tomato,தக்காளி,loamy,கலப்பு மண்,"தக்காளி தொடர்பான முடிவை கலப்பு மண், Tamil Nadu பகுதி, பருவம் மற்றும் பாசன வசதியை வைத்து எடுக்க வேண்டும். முதலில் மண் பரிசோதனை, சரியான விதை, நிலத் தயாரிப்பு மற்றும் நீர் மேலாண்மையை திட்டமிடுங்கள்."
CA_01946,selling,விற்பனை,tomato,தக்காளி,laterite,சரளை மண்,"தக்காளி தொடர்பான முடிவை சரளை மண், Tamil Nadu பகுதி, பருவம் மற்றும் பாசன வசதியை வைத்து எடுக்க வேண்டும். முதலில் மண் பரிசோதனை, சரியான விதை, நிலத் தயாரிப்பு மற்றும் நீர் மேலாண்மையை திட்டமிடுங்கள்."
CA_01947,selling,விற்பனை,chilli,மிளகாய்,red,செம்மண்,"மிளகாய் தொடர்பான முடிவை செம்மண், Tamil Nadu பகுதி, பருவம் மற்றும் பாசன வசதியை வைத்து எடுக்க வேண்டும். முதலில் மண் பரிசோதனை, சரியான விதை, நிலத் தயாரிப்பு மற்றும் நீர் மேலாண்மையை திட்டமிடுங்கள்."
CA_01948,selling,விற்பனை,chilli,மிளகாய்,black,கரிசல் மண்,"மிளகாய் தொடர்பான முடிவை கரிசல் மண், Tamil Nadu பகுதி, பருவம் மற்றும் பாசன வசதியை வைத்து எடுக்க வேண்டும். முதலில் மண் பரிசோதனை, சரியான விதை, நிலத் தயாரிப்பு மற்றும் நீர் மேலாண்மையை திட்டமிடுங்கள்."
CA_01949,selling,விற்பனை,chilli,மிளகாய்,alluvial,வண்டல் மண்,"மிளகாய் தொடர்பான முடிவை வண்டல் மண், Tamil Nadu பகுதி, பருவம் மற்றும் பாசன வசதியை வைத்து எடுக்க வேண்டும். முதலில் மண் பரிசோதனை, சரியான விதை, நிலத் தயாரிப்பு மற்றும் நீர் மேலாண்மையை திட்டமிடுங்கள்."
CA_01950,selling,விற்பனை,chilli,மிளகாய்,sandy,மணல் மண்,"மிளகாய் தொடர்பான முடிவை மணல் மண், Tamil Nadu பகுதி, பருவம் மற்றும் பாசன வசதியை வைத்து எடுக்க வேண்டும். முதலில் மண் பரிசோதனை, சரியான விதை, நிலத் தயாரிப்பு மற்றும் நீர் மேலாண்மையை திட்டமிடுங்கள்."
CA_01951,selling,விற்பனை,chilli,மிளகாய்,clay,களிமண்,"மிளகாய் தொடர்பான முடிவை களிமண், Tamil Nadu பகுதி, பருவம் மற்றும் பாசன வசதியை வைத்து எடுக்க வேண்டும். முதலில் மண் பரிசோதனை, சரியான விதை, நிலத் தயாரிப்பு மற்றும் நீர் மேலாண்மையை திட்டமிடுங்கள்."
CA_01952,selling,விற்பனை,chilli,மிளகாய்,loamy,கலப்பு மண்,"மிளகாய் தொடர்பான முடிவை கலப்பு மண், Tamil Nadu பகுதி, பருவம் மற்றும் பாசன வசதியை வைத்து எடுக்க வேண்டும். முதலில் மண் பரிசோதனை, சரியான விதை, நிலத் தயாரிப்பு மற்றும் நீர் மேலாண்மையை திட்டமிடுங்கள்."
CA_01953,selling,விற்பனை,chilli,மிளகாய்,laterite,சரளை மண்,"மிளகாய் தொடர்பான முடிவை சரளை மண், Tamil Nadu பகுதி, பருவம் மற்றும் பாசன வசதியை வைத்து எடுக்க வேண்டும். முதலில் மண் பரிசோதனை, சரியான விதை, நிலத் தயாரிப்பு மற்றும் நீர் மேலாண்மையை திட்டமிடுங்கள்."
CA_01954,selling,விற்பனை,onion,வெங்காயம்,red,செம்மண்,"வெங்காயம் தொடர்பான முடிவை செம்மண், Tamil Nadu பகுதி, பருவம் மற்றும் பாசன வசதியை வைத்து எடுக்க வேண்டும். முதலில் மண் பரிசோதனை, சரியான விதை, நிலத் தயாரிப்பு மற்றும் நீர் மேலாண்மையை திட்டமிடுங்கள்."
CA_01955,selling,விற்பனை,onion,வெங்காயம்,black,கரிசல் மண்,"வெங்காயம் தொடர்பான முடிவை கரிசல் மண், Tamil Nadu பகுதி, பருவம் மற்றும் பாசன வசதியை வைத்து எடுக்க வேண்டும். முதலில் மண் பரிசோதனை, சரியான விதை, நிலத் தயாரிப்பு மற்றும் நீர் மேலாண்மையை திட்டமிடுங்கள்."
CA_01956,selling,விற்பனை,onion,வெங்காயம்,alluvial,வண்டல் மண்,"வெங்காயம் தொடர்பான முடிவை வண்டல் மண், Tamil Nadu பகுதி, பருவம் மற்றும் பாசன வசதியை வைத்து எடுக்க வேண்டும். முதலில் மண் பரிசோதனை, சரியான விதை, நிலத் தயாரிப்பு மற்றும் நீர் மேலாண்மையை திட்டமிடுங்கள்."
CA_01957,selling,விற்பனை,onion,வெங்காயம்,sandy,மணல் மண்,"வெங்காயம் தொடர்பான முடிவை மணல் மண், Tamil Nadu பகுதி, பருவம் மற்றும் பாசன வசதியை வைத்து எடுக்க வேண்டும். முதலில் மண் பரிசோதனை, சரியான விதை, நிலத் தயாரிப்பு மற்றும் நீர் மேலாண்மையை திட்டமிடுங்கள்."
CA_01958,selling,விற்பனை,onion,வெங்காயம்,clay,களிமண்,"வெங்காயம் தொடர்பான முடிவை களிமண், Tamil Nadu பகுதி, பருவம் மற்றும் பாசன வசதியை வைத்து எடுக்க வேண்டும். முதலில் மண் பரிசோதனை, சரியான விதை, நிலத் தயாரிப்பு மற்றும் நீர் மேலாண்மையை திட்டமிடுங்கள்."
CA_01959,selling,விற்பனை,onion,வெங்காயம்,loamy,கலப்பு மண்,"வெங்காயம் தொடர்பான முடிவை கலப்பு மண், Tamil Nadu பகுதி, பருவம் மற்றும் பாசன வசதியை வைத்து எடுக்க வேண்டும். முதலில் மண் பரிசோதனை, சரியான விதை, நிலத் தயாரிப்பு மற்றும் நீர் மேலாண்மையை திட்டமிடுங்கள்."
CA_01960,selling,விற்பனை,onion,வெங்காயம்,laterite,சரளை மண்,"வெங்காயம் தொடர்பான முடிவை சரளை மண், Tamil Nadu பகுதி, பருவம் மற்றும் பாசன வசதியை வைத்து எடுக்க வேண்டும். முதலில் மண் பரிசோதனை, சரியான விதை, நிலத் தயாரிப்பு மற்றும் நீர் மேலாண்மையை திட்டமிடுங்கள்."
CA_01961,selling,விற்பனை,turmeric,மஞ்சள்,red,செம்மண்,"மஞ்சள் தொடர்பான முடிவை செம்மண், Tamil Nadu பகுதி, பருவம் மற்றும் பாசன வசதியை வைத்து எடுக்க வேண்டும். முதலில் மண் பரிசோதனை, சரியான விதை, நிலத் தயாரிப்பு மற்றும் நீர் மேலாண்மையை திட்டமிடுங்கள்."
CA_01962,selling,விற்பனை,turmeric,மஞ்சள்,black,கரிசல் மண்,"மஞ்சள் தொடர்பான முடிவை கரிசல் மண், Tamil Nadu பகுதி, பருவம் மற்றும் பாசன வசதியை வைத்து எடுக்க வேண்டும். முதலில் மண் பரிசோதனை, சரியான விதை, நிலத் தயாரிப்பு மற்றும் நீர் மேலாண்மையை திட்டமிடுங்கள்."
CA_01963,selling,விற்பனை,turmeric,மஞ்சள்,alluvial,வண்டல் மண்,"மஞ்சள் தொடர்பான முடிவை வண்டல் மண், Tamil Nadu பகுதி, பருவம் மற்றும் பாசன வசதியை வைத்து எடுக்க வேண்டும். முதலில் மண் பரிசோதனை, சரியான விதை, நிலத் தயாரிப்பு மற்றும் நீர் மேலாண்மையை திட்டமிடுங்கள்."
CA_01964,selling,விற்பனை,turmeric,மஞ்சள்,sandy,மணல் மண்,"மஞ்சள் தொடர்பான முடிவை மணல் மண், Tamil Nadu பகுதி, பருவம் மற்றும் பாசன வசதியை வைத்து எடுக்க வேண்டும். முதலில் மண் பரிசோதனை, சரியான விதை, நிலத் தயாரிப்பு மற்றும் நீர் மேலாண்மையை திட்டமிடுங்கள்."
CA_01965,selling,விற்பனை,turmeric,மஞ்சள்,clay,களிமண்,"மஞ்சள் தொடர்பான முடிவை களிமண், Tamil Nadu பகுதி, பருவம் மற்றும் பாசன வசதியை வைத்து எடுக்க வேண்டும். முதலில் மண் பரிசோதனை, சரியான விதை, நிலத் தயாரிப்பு மற்றும் நீர் மேலாண்மையை திட்டமிடுங்கள்."
CA_01966,selling,விற்பனை,turmeric,மஞ்சள்,loamy,கலப்பு மண்,"மஞ்சள் தொடர்பான முடிவை கலப்பு மண், Tamil Nadu பகுதி, பருவம் மற்றும் பாசன வசதியை வைத்து எடுக்க வேண்டும். முதலில் மண் பரிசோதனை, சரியான விதை, நிலத் தயாரிப்பு மற்றும் நீர் மேலாண்மையை திட்டமிடுங்கள்."
CA_01967,selling,விற்பனை,turmeric,மஞ்சள்,laterite,சரளை மண்,"மஞ்சள் தொடர்பான முடிவை சரளை மண், Tamil Nadu பகுதி, பருவம் மற்றும் பாசன வசதியை வைத்து எடுக்க வேண்டும். முதலில் மண் பரிசோதனை, சரியான விதை, நிலத் தயாரிப்பு மற்றும் நீர் மேலாண்மையை திட்டமிடுங்கள்."
CA_01968,selling,விற்பனை,brinjal,கத்தரிக்காய்,red,செம்மண்,"கத்தரிக்காய் தொடர்பான முடிவை செம்மண், Tamil Nadu பகுதி, பருவம் மற்றும் பாசன வசதியை வைத்து எடுக்க வேண்டும். முதலில் மண் பரிசோதனை, சரியான விதை, நிலத் தயாரிப்பு மற்றும் நீர் மேலாண்மையை திட்டமிடுங்கள்."
CA_01969,selling,விற்பனை,brinjal,கத்தரிக்காய்,black,கரிசல் மண்,"கத்தரிக்காய் தொடர்பான முடிவை கரிசல் மண், Tamil Nadu பகுதி, பருவம் மற்றும் பாசன வசதியை வைத்து எடுக்க வேண்டும். முதலில் மண் பரிசோதனை, சரியான விதை, நிலத் தயாரிப்பு மற்றும் நீர் மேலாண்மையை திட்டமிடுங்கள்."
CA_01970,selling,விற்பனை,brinjal,கத்தரிக்காய்,alluvial,வண்டல் மண்,"கத்தரிக்காய் தொடர்பான முடிவை வண்டல் மண், Tamil Nadu பகுதி, பருவம் மற்றும் பாசன வசதியை வைத்து எடுக்க வேண்டும். முதலில் மண் பரிசோதனை, சரியான விதை, நிலத் தயாரிப்பு மற்றும் நீர் மேலாண்மையை திட்டமிடுங்கள்."
CA_01971,selling,விற்பனை,brinjal,கத்தரிக்காய்,sandy,மணல் மண்,"கத்தரிக்காய் தொடர்பான முடிவை மணல் மண், Tamil Nadu பகுதி, பருவம் மற்றும் பாசன வசதியை வைத்து எடுக்க வேண்டும். முதலில் மண் பரிசோதனை, சரியான விதை, நிலத் தயாரிப்பு மற்றும் நீர் மேலாண்மையை திட்டமிடுங்கள்."
CA_01972,selling,விற்பனை,brinjal,கத்தரிக்காய்,clay,களிமண்,"கத்தரிக்காய் தொடர்பான முடிவை களிமண், Tamil Nadu பகுதி, பருவம் மற்றும் பாசன வசதியை வைத்து எடுக்க வேண்டும். முதலில் மண் பரிசோதனை, சரியான விதை, நிலத் தயாரிப்பு மற்றும் நீர் மேலாண்மையை திட்டமிடுங்கள்."
CA_01973,selling,விற்பனை,brinjal,கத்தரிக்காய்,loamy,கலப்பு மண்,"கத்தரிக்காய் தொடர்பான முடிவை கலப்பு மண், Tamil Nadu பகுதி, பருவம் மற்றும் பாசன வசதியை வைத்து எடுக்க வேண்டும். முதலில் மண் பரிசோதனை, சரியான விதை, நிலத் தயாரிப்பு மற்றும் நீர் மேலாண்மையை திட்டமிடுங்கள்."
CA_01974,selling,விற்பனை,brinjal,கத்தரிக்காய்,laterite,சரளை மண்,"கத்தரிக்காய் தொடர்பான முடிவை சரளை மண், Tamil Nadu பகுதி, பருவம் மற்றும் பாசன வசதியை வைத்து எடுக்க வேண்டும். முதலில் மண் பரிசோதனை, சரியான விதை, நிலத் தயாரிப்பு மற்றும் நீர் மேலாண்மையை திட்டமிடுங்கள்."
CA_01975,selling,விற்பனை,okra,வெண்டைக்காய்,red,செம்மண்,"வெண்டைக்காய் தொடர்பான முடிவை செம்மண், Tamil Nadu பகுதி, பருவம் மற்றும் பாசன வசதியை வைத்து எடுக்க வேண்டும். முதலில் மண் பரிசோதனை, சரியான விதை, நிலத் தயாரிப்பு மற்றும் நீர் மேலாண்மையை திட்டமிடுங்கள்."
CA_01976,selling,விற்பனை,okra,வெண்டைக்காய்,black,கரிசல் மண்,"வெண்டைக்காய் தொடர்பான முடிவை கரிசல் மண், Tamil Nadu பகுதி, பருவம் மற்றும் பாசன வசதியை வைத்து எடுக்க வேண்டும். முதலில் மண் பரிசோதனை, சரியான விதை, நிலத் தயாரிப்பு மற்றும் நீர் மேலாண்மையை திட்டமிடுங்கள்."
CA_01977,selling,விற்பனை,okra,வெண்டைக்காய்,alluvial,வண்டல் மண்,"வெண்டைக்காய் தொடர்பான முடிவை வண்டல் மண், Tamil Nadu பகுதி, பருவம் மற்றும் பாசன வசதியை வைத்து எடுக்க வேண்டும். முதலில் மண் பரிசோதனை, சரியான விதை, நிலத் தயாரிப்பு மற்றும் நீர் மேலாண்மையை திட்டமிடுங்கள்."
CA_01978,selling,விற்பனை,okra,வெண்டைக்காய்,sandy,மணல் மண்,"வெண்டைக்காய் தொடர்பான முடிவை மணல் மண், Tamil Nadu பகுதி, பருவம் மற்றும் பாசன வசதியை வைத்து எடுக்க வேண்டும். முதலில் மண் பரிசோதனை, சரியான விதை, நிலத் தயாரிப்பு மற்றும் நீர் மேலாண்மையை திட்டமிடுங்கள்."
CA_01979,selling,விற்பனை,okra,வெண்டைக்காய்,clay,களிமண்,"வெண்டைக்காய் தொடர்பான முடிவை களிமண், Tamil Nadu பகுதி, பருவம் மற்றும் பாசன வசதியை வைத்து எடுக்க வேண்டும். முதலில் மண் பரிசோதனை, சரியான விதை, நிலத் தயாரிப்பு மற்றும் நீர் மேலாண்மையை திட்டமிடுங்கள்."
CA_01980,selling,விற்பனை,okra,வெண்டைக்காய்,loamy,கலப்பு மண்,"வெண்டைக்காய் தொடர்பான முடிவை கலப்பு மண், Tamil Nadu பகுதி, பருவம் மற்றும் பாசன வசதியை வைத்து எடுக்க வேண்டும். முதலில் மண் பரிசோதனை, சரியான விதை, நிலத் தயாரிப்பு மற்றும் நீர் மேலாண்மையை திட்டமிடுங்கள்."
CA_01981,selling,விற்பனை,okra,வெண்டைக்காய்,laterite,சரளை மண்,"வெண்டைக்காய் தொடர்பான முடிவை சரளை மண், Tamil Nadu பகுதி, பருவம் மற்றும் பாசன வசதியை வைத்து எடுக்க வேண்டும். முதலில் மண் பரிசோதனை, சரியான விதை, நிலத் தயாரிப்பு மற்றும் நீர் மேலாண்மையை திட்டமிடுங்கள்."
CA_01982,selling,விற்பனை,coconut,தேங்காய்,red,செம்மண்,"தேங்காய் தொடர்பான முடிவை செம்மண், Tamil Nadu பகுதி, பருவம் மற்றும் பாசன வசதியை வைத்து எடுக்க வேண்டும். முதலில் மண் பரிசோதனை, சரியான விதை, நிலத் தயாரிப்பு மற்றும் நீர் மேலாண்மையை திட்டமிடுங்கள்."
CA_01983,selling,விற்பனை,coconut,தேங்காய்,black,கரிசல் மண்,"தேங்காய் தொடர்பான முடிவை கரிசல் மண், Tamil Nadu பகுதி, பருவம் மற்றும் பாசன வசதியை வைத்து எடுக்க வேண்டும். முதலில் மண் பரிசோதனை, சரியான விதை, நிலத் தயாரிப்பு மற்றும் நீர் மேலாண்மையை திட்டமிடுங்கள்."
CA_01984,selling,விற்பனை,coconut,தேங்காய்,alluvial,வண்டல் மண்,"தேங்காய் தொடர்பான முடிவை வண்டல் மண், Tamil Nadu பகுதி, பருவம் மற்றும் பாசன வசதியை வைத்து எடுக்க வேண்டும். முதலில் மண் பரிசோதனை, சரியான விதை, நிலத் தயாரிப்பு மற்றும் நீர் மேலாண்மையை திட்டமிடுங்கள்."
CA_01985,selling,விற்பனை,coconut,தேங்காய்,sandy,மணல் மண்,"தேங்காய் தொடர்பான முடிவை மணல் மண், Tamil Nadu பகுதி, பருவம் மற்றும் பாசன வசதியை வைத்து எடுக்க வேண்டும். முதலில் மண் பரிசோதனை, சரியான விதை, நிலத் தயாரிப்பு மற்றும் நீர் மேலாண்மையை திட்டமிடுங்கள்."
CA_01986,selling,விற்பனை,coconut,தேங்காய்,clay,களிமண்,"தேங்காய் தொடர்பான முடிவை களிமண், Tamil Nadu பகுதி, பருவம் மற்றும் பாசன வசதியை வைத்து எடுக்க வேண்டும். முதலில் மண் பரிசோதனை, சரியான விதை, நிலத் தயாரிப்பு மற்றும் நீர் மேலாண்மையை திட்டமிடுங்கள்."
CA_01987,selling,விற்பனை,coconut,தேங்காய்,loamy,கலப்பு மண்,"தேங்காய் தொடர்பான முடிவை கலப்பு மண், Tamil Nadu பகுதி, பருவம் மற்றும் பாசன வசதியை வைத்து எடுக்க வேண்டும். முதலில் மண் பரிசோதனை, சரியான விதை, நிலத் தயாரிப்பு மற்றும் நீர் மேலாண்மையை திட்டமிடுங்கள்."
CA_01988,selling,விற்பனை,coconut,தேங்காய்,laterite,சரளை மண்,"தேங்காய் தொடர்பான முடிவை சரளை மண், Tamil Nadu பகுதி, பருவம் மற்றும் பாசன வசதியை வைத்து எடுக்க வேண்டும். முதலில் மண் பரிசோதனை, சரியான விதை, நிலத் தயாரிப்பு மற்றும் நீர் மேலாண்மையை திட்டமிடுங்கள்."
CA_01989,selling,விற்பனை,pulses,பயறு,red,செம்மண்,"பயறு தொடர்பான முடிவை செம்மண், Tamil Nadu பகுதி, பருவம் மற்றும் பாசன வசதியை வைத்து எடுக்க வேண்டும். முதலில் மண் பரிசோதனை, சரியான விதை, நிலத் தயாரிப்பு மற்றும் நீர் மேலாண்மையை திட்டமிடுங்கள்."
CA_01990,selling,விற்பனை,pulses,பயறு,black,கரிசல் மண்,"பயறு தொடர்பான முடிவை கரிசல் மண், Tamil Nadu பகுதி, பருவம் மற்றும் பாசன வசதியை வைத்து எடுக்க வேண்டும். முதலில் மண் பரிசோதனை, சரியான விதை, நிலத் தயாரிப்பு மற்றும் நீர் மேலாண்மையை திட்டமிடுங்கள்."
CA_01991,selling,விற்பனை,pulses,பயறு,alluvial,வண்டல் மண்,"பயறு தொடர்பான முடிவை வண்டல் மண், Tamil Nadu பகுதி, பருவம் மற்றும் பாசன வசதியை வைத்து எடுக்க வேண்டும். முதலில் மண் பரிசோதனை, சரியான விதை, நிலத் தயாரிப்பு மற்றும் நீர் மேலாண்மையை திட்டமிடுங்கள்."
CA_01992,selling,விற்பனை,pulses,பயறு,sandy,மணல் மண்,"பயறு தொடர்பான முடிவை மணல் மண், Tamil Nadu பகுதி, பருவம் மற்றும் பாசன வசதியை வைத்து எடுக்க வேண்டும். முதலில் மண் பரிசோதனை, சரியான விதை, நிலத் தயாரிப்பு மற்றும் நீர் மேலாண்மையை திட்டமிடுங்கள்."
CA_01993,selling,விற்பனை,pulses,பயறு,clay,களிமண்,"பயறு தொடர்பான முடிவை களிமண், Tamil Nadu பகுதி, பருவம் மற்றும் பாசன வசதியை வைத்து எடுக்க வேண்டும். முதலில் மண் பரிசோதனை, சரியான விதை, நிலத் தயாரிப்பு மற்றும் நீர் மேலாண்மையை திட்டமிடுங்கள்."
CA_01994,selling,விற்பனை,pulses,பயறு,loamy,கலப்பு மண்,"பயறு தொடர்பான முடிவை கலப்பு மண், Tamil Nadu பகுதி, பருவம் மற்றும் பாசன வசதியை வைத்து எடுக்க வேண்டும். முதலில் மண் பரிசோதனை, சரியான விதை, நிலத் தயாரிப்பு மற்றும் நீர் மேலாண்மையை திட்டமிடுங்கள்."
CA_01995,selling,விற்பனை,pulses,பயறு,laterite,சரளை மண்,"பயறு தொடர்பான முடிவை சரளை மண், Tamil Nadu பகுதி, பருவம் மற்றும் பாசன வசதியை வைத்து எடுக்க வேண்டும். முதலில் மண் பரிசோதனை, சரியான விதை, நிலத் தயாரிப்பு மற்றும் நீர் மேலாண்மையை திட்டமிடுங்கள்."
CA_01996,selling,விற்பனை,sesame,எள்,red,செம்மண்,"எள் தொடர்பான முடிவை செம்மண், Tamil Nadu பகுதி, பருவம் மற்றும் பாசன வசதியை வைத்து எடுக்க வேண்டும். முதலில் மண் பரிசோதனை, சரியான விதை, நிலத் தயாரிப்பு மற்றும் நீர் மேலாண்மையை திட்டமிடுங்கள்."
CA_01997,selling,விற்பனை,sesame,எள்,black,கரிசல் மண்,"எள் தொடர்பான முடிவை கரிசல் மண், Tamil Nadu பகுதி, பருவம் மற்றும் பாசன வசதியை வைத்து எடுக்க வேண்டும். முதலில் மண் பரிசோதனை, சரியான விதை, நிலத் தயாரிப்பு மற்றும் நீர் மேலாண்மையை திட்டமிடுங்கள்."
CA_01998,selling,விற்பனை,sesame,எள்,alluvial,வண்டல் மண்,"எள் தொடர்பான முடிவை வண்டல் மண், Tamil Nadu பகுதி, பருவம் மற்றும் பாசன வசதியை வைத்து எடுக்க வேண்டும். முதலில் மண் பரிசோதனை, சரியான விதை, நிலத் தயாரிப்பு மற்றும் நீர் மேலாண்மையை திட்டமிடுங்கள்."
CA_01999,selling,விற்பனை,sesame,எள்,sandy,மணல் மண்,"எள் தொடர்பான முடிவை மணல் மண், Tamil Nadu பகுதி, பருவம் மற்றும் பாசன வசதியை வைத்து எடுக்க வேண்டும். முதலில் மண் பரிசோதனை, சரியான விதை, நிலத் தயாரிப்பு மற்றும் நீர் மேலாண்மையை திட்டமிடுங்கள்."
CA_02000,selling,விற்பனை,sesame,எள்,clay,களிமண்,"எள் தொடர்பான முடிவை களிமண், Tamil Nadu பகுதி, பருவம் மற்றும் பாசன வசதியை வைத்து எடுக்க வேண்டும். முதலில் மண் பரிசோதனை, சரியான விதை, நிலத் தயாரிப்பு மற்றும் நீர் மேலாண்மையை திட்டமிடுங்கள்."
CA_02001,selling,விற்பனை,sesame,எள்,loamy,கலப்பு மண்,"எள் தொடர்பான முடிவை கலப்பு மண், Tamil Nadu பகுதி, பருவம் மற்றும் பாசன வசதியை வைத்து எடுக்க வேண்டும். முதலில் மண் பரிசோதனை, சரியான விதை, நிலத் தயாரிப்பு மற்றும் நீர் மேலாண்மையை திட்டமிடுங்கள்."
CA_02002,selling,விற்பனை,sesame,எள்,laterite,சரளை மண்,"எள் தொடர்பான முடிவை சரளை மண், Tamil Nadu பகுதி, பருவம் மற்றும் பாசன வசதியை வைத்து எடுக்க வேண்டும். முதலில் மண் பரிசோதனை, சரியான விதை, நிலத் தயாரிப்பு மற்றும் நீர் மேலாண்மையை திட்டமிடுங்கள்."
CA_02003,selling,விற்பனை,tapioca,மரவள்ளி,red,செம்மண்,"மரவள்ளி தொடர்பான முடிவை செம்மண், Tamil Nadu பகுதி, பருவம் மற்றும் பாசன வசதியை வைத்து எடுக்க வேண்டும். முதலில் மண் பரிசோதனை, சரியான விதை, நிலத் தயாரிப்பு மற்றும் நீர் மேலாண்மையை திட்டமிடுங்கள்."
CA_02004,selling,விற்பனை,tapioca,மரவள்ளி,black,கரிசல் மண்,"மரவள்ளி தொடர்பான முடிவை கரிசல் மண், Tamil Nadu பகுதி, பருவம் மற்றும் பாசன வசதியை வைத்து எடுக்க வேண்டும். முதலில் மண் பரிசோதனை, சரியான விதை, நிலத் தயாரிப்பு மற்றும் நீர் மேலாண்மையை திட்டமிடுங்கள்."
CA_02005,selling,விற்பனை,tapioca,மரவள்ளி,alluvial,வண்டல் மண்,"மரவள்ளி தொடர்பான முடிவை வண்டல் மண், Tamil Nadu பகுதி, பருவம் மற்றும் பாசன வசதியை வைத்து எடுக்க வேண்டும். முதலில் மண் பரிசோதனை, சரியான விதை, நிலத் தயாரிப்பு மற்றும் நீர் மேலாண்மையை திட்டமிடுங்கள்."
CA_02006,selling,விற்பனை,tapioca,மரவள்ளி,sandy,மணல் மண்,"மரவள்ளி தொடர்பான முடிவை மணல் மண், Tamil Nadu பகுதி, பருவம் மற்றும் பாசன வசதியை வைத்து எடுக்க வேண்டும். முதலில் மண் பரிசோதனை, சரியான விதை, நிலத் தயாரிப்பு மற்றும் நீர் மேலாண்மையை திட்டமிடுங்கள்."
CA_02007,selling,விற்பனை,tapioca,மரவள்ளி,clay,களிமண்,"மரவள்ளி தொடர்பான முடிவை களிமண், Tamil Nadu பகுதி, பருவம் மற்றும் பாசன வசதியை வைத்து எடுக்க வேண்டும். முதலில் மண் பரிசோதனை, சரியான விதை, நிலத் தயாரிப்பு மற்றும் நீர் மேலாண்மையை திட்டமிடுங்கள்."
CA_02008,selling,விற்பனை,tapioca,மரவள்ளி,loamy,கலப்பு மண்,"மரவள்ளி தொடர்பான முடிவை கலப்பு மண், Tamil Nadu பகுதி, பருவம் மற்றும் பாசன வசதியை வைத்து எடுக்க வேண்டும். முதலில் மண் பரிசோதனை, சரியான விதை, நிலத் தயாரிப்பு மற்றும் நீர் மேலாண்மையை திட்டமிடுங்கள்."
CA_02009,selling,விற்பனை,tapioca,மரவள்ளி,laterite,சரளை மண்,"மரவள்ளி தொடர்பான முடிவை சரளை மண், Tamil Nadu பகுதி, பருவம் மற்றும் பாசன வசதியை வைத்து எடுக்க வேண்டும். முதலில் மண் பரிசோதனை, சரியான விதை, நிலத் தயாரிப்பு மற்றும் நீர் மேலாண்மையை திட்டமிடுங்கள்."
CA_02010,selling,விற்பனை,drumstick,முருங்கை,red,செம்மண்,"முருங்கை தொடர்பான முடிவை செம்மண், Tamil Nadu பகுதி, பருவம் மற்றும் பாசன வசதியை வைத்து எடுக்க வேண்டும். முதலில் மண் பரிசோதனை, சரியான விதை, நிலத் தயாரிப்பு மற்றும் நீர் மேலாண்மையை திட்டமிடுங்கள்."
CA_02011,selling,விற்பனை,drumstick,முருங்கை,black,கரிசல் மண்,"முருங்கை தொடர்பான முடிவை கரிசல் மண், Tamil Nadu பகுதி, பருவம் மற்றும் பாசன வசதியை வைத்து எடுக்க வேண்டும். முதலில் மண் பரிசோதனை, சரியான விதை, நிலத் தயாரிப்பு மற்றும் நீர் மேலாண்மையை திட்டமிடுங்கள்."
CA_02012,selling,விற்பனை,drumstick,முருங்கை,alluvial,வண்டல் மண்,"முருங்கை தொடர்பான முடிவை வண்டல் மண், Tamil Nadu பகுதி, பருவம் மற்றும் பாசன வசதியை வைத்து எடுக்க வேண்டும். முதலில் மண் பரிசோதனை, சரியான விதை, நிலத் தயாரிப்பு மற்றும் நீர் மேலாண்மையை திட்டமிடுங்கள்."
CA_02013,selling,விற்பனை,drumstick,முருங்கை,sandy,மணல் மண்,"முருங்கை தொடர்பான முடிவை மணல் மண், Tamil Nadu பகுதி, பருவம் மற்றும் பாசன வசதியை வைத்து எடுக்க வேண்டும். முதலில் மண் பரிசோதனை, சரியான விதை, நிலத் தயாரிப்பு மற்றும் நீர் மேலாண்மையை திட்டமிடுங்கள்."
CA_02014,selling,விற்பனை,drumstick,முருங்கை,clay,களிமண்,"முருங்கை தொடர்பான முடிவை களிமண், Tamil Nadu பகுதி, பருவம் மற்றும் பாசன வசதியை வைத்து எடுக்க வேண்டும். முதலில் மண் பரிசோதனை, சரியான விதை, நிலத் தயாரிப்பு மற்றும் நீர் மேலாண்மையை திட்டமிடுங்கள்."
CA_02015,selling,விற்பனை,drumstick,முருங்கை,loamy,கலப்பு மண்,"முருங்கை தொடர்பான முடிவை கலப்பு மண், Tamil Nadu பகுதி, பருவம் மற்றும் பாசன வசதியை வைத்து எடுக்க வேண்டும். முதலில் மண் பரிசோதனை, சரியான விதை, நிலத் தயாரிப்பு மற்றும் நீர் மேலாண்மையை திட்டமிடுங்கள்."
CA_02016,selling,விற்பனை,drumstick,முருங்கை,laterite,சரளை மண்,"முருங்கை தொடர்பான முடிவை சரளை மண், Tamil Nadu பகுதி, பருவம் மற்றும் பாசன வசதியை வைத்து எடுக்க வேண்டும். முதலில் மண் பரிசோதனை, சரியான விதை, நிலத் தயாரிப்பு மற்றும் நீர் மேலாண்மையை திட்டமிடுங்கள்."
CA_02017,weather,வானிலை,rice,நெல்,red,செம்மண்,"நெல் தொடர்பான முடிவை செம்மண், Tamil Nadu பகுதி, பருவம் மற்றும் பாசன வசதியை வைத்து எடுக்க வேண்டும். முதலில் மண் பரிசோதனை, சரியான விதை, நிலத் தயாரிப்பு மற்றும் நீர் மேலாண்மையை திட்டமிடுங்கள்."
CA_02018,weather,வானிலை,rice,நெல்,black,கரிசல் மண்,"நெல் தொடர்பான முடிவை கரிசல் மண், Tamil Nadu பகுதி, பருவம் மற்றும் பாசன வசதியை வைத்து எடுக்க வேண்டும். முதலில் மண் பரிசோதனை, சரியான விதை, நிலத் தயாரிப்பு மற்றும் நீர் மேலாண்மையை திட்டமிடுங்கள்."
CA_02019,weather,வானிலை,rice,நெல்,alluvial,வண்டல் மண்,"நெல் தொடர்பான முடிவை வண்டல் மண், Tamil Nadu பகுதி, பருவம் மற்றும் பாசன வசதியை வைத்து எடுக்க வேண்டும். முதலில் மண் பரிசோதனை, சரியான விதை, நிலத் தயாரிப்பு மற்றும் நீர் மேலாண்மையை திட்டமிடுங்கள்."
CA_02020,weather,வானிலை,rice,நெல்,sandy,மணல் மண்,"நெல் தொடர்பான முடிவை மணல் மண், Tamil Nadu பகுதி, பருவம் மற்றும் பாசன வசதியை வைத்து எடுக்க வேண்டும். முதலில் மண் பரிசோதனை, சரியான விதை, நிலத் தயாரிப்பு மற்றும் நீர் மேலாண்மையை திட்டமிடுங்கள்."
CA_02021,weather,வானிலை,rice,நெல்,clay,களிமண்,"நெல் தொடர்பான முடிவை களிமண், Tamil Nadu பகுதி, பருவம் மற்றும் பாசன வசதியை வைத்து எடுக்க வேண்டும். முதலில் மண் பரிசோதனை, சரியான விதை, நிலத் தயாரிப்பு மற்றும் நீர் மேலாண்மையை திட்டமிடுங்கள்."
CA_02022,weather,வானிலை,rice,நெல்,loamy,கலப்பு மண்,"நெல் தொடர்பான முடிவை கலப்பு மண், Tamil Nadu பகுதி, பருவம் மற்றும் பாசன வசதியை வைத்து எடுக்க வேண்டும். முதலில் மண் பரிசோதனை, சரியான விதை, நிலத் தயாரிப்பு மற்றும் நீர் மேலாண்மையை திட்டமிடுங்கள்."
CA_02023,weather,வானிலை,rice,நெல்,laterite,சரளை மண்,"நெல் தொடர்பான முடிவை சரளை மண், Tamil Nadu பகுதி, பருவம் மற்றும் பாசன வசதியை வைத்து எடுக்க வேண்டும். முதலில் மண் பரிசோதனை, சரியான விதை, நிலத் தயாரிப்பு மற்றும் நீர் மேலாண்மையை திட்டமிடுங்கள்."
CA_02024,weather,வானிலை,banana,வாழை,red,செம்மண்,"வாழை தொடர்பான முடிவை செம்மண், Tamil Nadu பகுதி, பருவம் மற்றும் பாசன வசதியை வைத்து எடுக்க வேண்டும். முதலில் மண் பரிசோதனை, சரியான விதை, நிலத் தயாரிப்பு மற்றும் நீர் மேலாண்மையை திட்டமிடுங்கள்."
CA_02025,weather,வானிலை,banana,வாழை,black,கரிசல் மண்,"வாழை தொடர்பான முடிவை கரிசல் மண், Tamil Nadu பகுதி, பருவம் மற்றும் பாசன வசதியை வைத்து எடுக்க வேண்டும். முதலில் மண் பரிசோதனை, சரியான விதை, நிலத் தயாரிப்பு மற்றும் நீர் மேலாண்மையை திட்டமிடுங்கள்."
CA_02026,weather,வானிலை,banana,வாழை,alluvial,வண்டல் மண்,"வாழை தொடர்பான முடிவை வண்டல் மண், Tamil Nadu பகுதி, பருவம் மற்றும் பாசன வசதியை வைத்து எடுக்க வேண்டும். முதலில் மண் பரிசோதனை, சரியான விதை, நிலத் தயாரிப்பு மற்றும் நீர் மேலாண்மையை திட்டமிடுங்கள்."
CA_02027,weather,வானிலை,banana,வாழை,sandy,மணல் மண்,"வாழை தொடர்பான முடிவை மணல் மண், Tamil Nadu பகுதி, பருவம் மற்றும் பாசன வசதியை வைத்து எடுக்க வேண்டும். முதலில் மண் பரிசோதனை, சரியான விதை, நிலத் தயாரிப்பு மற்றும் நீர் மேலாண்மையை திட்டமிடுங்கள்."
CA_02028,weather,வானிலை,banana,வாழை,clay,களிமண்,"வாழை தொடர்பான முடிவை களிமண், Tamil Nadu பகுதி, பருவம் மற்றும் பாசன வசதியை வைத்து எடுக்க வேண்டும். முதலில் மண் பரிசோதனை, சரியான விதை, நிலத் தயாரிப்பு மற்றும் நீர் மேலாண்மையை திட்டமிடுங்கள்."
CA_02029,weather,வானிலை,banana,வாழை,loamy,கலப்பு மண்,"வாழை தொடர்பான முடிவை கலப்பு மண், Tamil Nadu பகுதி, பருவம் மற்றும் பாசன வசதியை வைத்து எடுக்க வேண்டும். முதலில் மண் பரிசோதனை, சரியான விதை, நிலத் தயாரிப்பு மற்றும் நீர் மேலாண்மையை திட்டமிடுங்கள்."
CA_02030,weather,வானிலை,banana,வாழை,laterite,சரளை மண்,"வாழை தொடர்பான முடிவை சரளை மண், Tamil Nadu பகுதி, பருவம் மற்றும் பாசன வசதியை வைத்து எடுக்க வேண்டும். முதலில் மண் பரிசோதனை, சரியான விதை, நிலத் தயாரிப்பு மற்றும் நீர் மேலாண்மையை திட்டமிடுங்கள்."
CA_02031,weather,வானிலை,sugarcane,கரும்பு,red,செம்மண்,"கரும்பு தொடர்பான முடிவை செம்மண், Tamil Nadu பகுதி, பருவம் மற்றும் பாசன வசதியை வைத்து எடுக்க வேண்டும். முதலில் மண் பரிசோதனை, சரியான விதை, நிலத் தயாரிப்பு மற்றும் நீர் மேலாண்மையை திட்டமிடுங்கள்."
CA_02032,weather,வானிலை,sugarcane,கரும்பு,black,கரிசல் மண்,"கரும்பு தொடர்பான முடிவை கரிசல் மண், Tamil Nadu பகுதி, பருவம் மற்றும் பாசன வசதியை வைத்து எடுக்க வேண்டும். முதலில் மண் பரிசோதனை, சரியான விதை, நிலத் தயாரிப்பு மற்றும் நீர் மேலாண்மையை திட்டமிடுங்கள்."
CA_02033,weather,வானிலை,sugarcane,கரும்பு,alluvial,வண்டல் மண்,"கரும்பு தொடர்பான முடிவை வண்டல் மண், Tamil Nadu பகுதி, பருவம் மற்றும் பாசன வசதியை வைத்து எடுக்க வேண்டும். முதலில் மண் பரிசோதனை, சரியான விதை, நிலத் தயாரிப்பு மற்றும் நீர் மேலாண்மையை திட்டமிடுங்கள்."
CA_02034,weather,வானிலை,sugarcane,கரும்பு,sandy,மணல் மண்,"கரும்பு தொடர்பான முடிவை மணல் மண், Tamil Nadu பகுதி, பருவம் மற்றும் பாசன வசதியை வைத்து எடுக்க வேண்டும். முதலில் மண் பரிசோதனை, சரியான விதை, நிலத் தயாரிப்பு மற்றும் நீர் மேலாண்மையை திட்டமிடுங்கள்."
CA_02035,weather,வானிலை,sugarcane,கரும்பு,clay,களிமண்,"கரும்பு தொடர்பான முடிவை களிமண், Tamil Nadu பகுதி, பருவம் மற்றும் பாசன வசதியை வைத்து எடுக்க வேண்டும். முதலில் மண் பரிசோதனை, சரியான விதை, நிலத் தயாரிப்பு மற்றும் நீர் மேலாண்மையை திட்டமிடுங்கள்."
CA_02036,weather,வானிலை,sugarcane,கரும்பு,loamy,கலப்பு மண்,"கரும்பு தொடர்பான முடிவை கலப்பு மண், Tamil Nadu பகுதி, பருவம் மற்றும் பாசன வசதியை வைத்து எடுக்க வேண்டும். முதலில் மண் பரிசோதனை, சரியான விதை, நிலத் தயாரிப்பு மற்றும் நீர் மேலாண்மையை திட்டமிடுங்கள்."
CA_02037,weather,வானிலை,sugarcane,கரும்பு,laterite,சரளை மண்,"கரும்பு தொடர்பான முடிவை சரளை மண், Tamil Nadu பகுதி, பருவம் மற்றும் பாசன வசதியை வைத்து எடுக்க வேண்டும். முதலில் மண் பரிசோதனை, சரியான விதை, நிலத் தயாரிப்பு மற்றும் நீர் மேலாண்மையை திட்டமிடுங்கள்."
CA_02038,weather,வானிலை,cotton,பருத்தி,red,செம்மண்,"பருத்தி தொடர்பான முடிவை செம்மண், Tamil Nadu பகுதி, பருவம் மற்றும் பாசன வசதியை வைத்து எடுக்க வேண்டும். முதலில் மண் பரிசோதனை, சரியான விதை, நிலத் தயாரிப்பு மற்றும் நீர் மேலாண்மையை திட்டமிடுங்கள்."
CA_02039,weather,வானிலை,cotton,பருத்தி,black,கரிசல் மண்,"பருத்தி தொடர்பான முடிவை கரிசல் மண், Tamil Nadu பகுதி, பருவம் மற்றும் பாசன வசதியை வைத்து எடுக்க வேண்டும். முதலில் மண் பரிசோதனை, சரியான விதை, நிலத் தயாரிப்பு மற்றும் நீர் மேலாண்மையை திட்டமிடுங்கள்."
CA_02040,weather,வானிலை,cotton,பருத்தி,alluvial,வண்டல் மண்,"பருத்தி தொடர்பான முடிவை வண்டல் மண், Tamil Nadu பகுதி, பருவம் மற்றும் பாசன வசதியை வைத்து எடுக்க வேண்டும். முதலில் மண் பரிசோதனை, சரியான விதை, நிலத் தயாரிப்பு மற்றும் நீர் மேலாண்மையை திட்டமிடுங்கள்."
CA_02041,weather,வானிலை,cotton,பருத்தி,sandy,மணல் மண்,"பருத்தி தொடர்பான முடிவை மணல் மண், Tamil Nadu பகுதி, பருவம் மற்றும் பாசன வசதியை வைத்து எடுக்க வேண்டும். முதலில் மண் பரிசோதனை, சரியான விதை, நிலத் தயாரிப்பு மற்றும் நீர் மேலாண்மையை திட்டமிடுங்கள்."
CA_02042,weather,வானிலை,cotton,பருத்தி,clay,களிமண்,"பருத்தி தொடர்பான முடிவை களிமண், Tamil Nadu பகுதி, பருவம் மற்றும் பாசன வசதியை வைத்து எடுக்க வேண்டும். முதலில் மண் பரிசோதனை, சரியான விதை, நிலத் தயாரிப்பு மற்றும் நீர் மேலாண்மையை திட்டமிடுங்கள்."
CA_02043,weather,வானிலை,cotton,பருத்தி,loamy,கலப்பு மண்,"பருத்தி தொடர்பான முடிவை கலப்பு மண், Tamil Nadu பகுதி, பருவம் மற்றும் பாசன வசதியை வைத்து எடுக்க வேண்டும். முதலில் மண் பரிசோதனை, சரியான விதை, நிலத் தயாரிப்பு மற்றும் நீர் மேலாண்மையை திட்டமிடுங்கள்."
CA_02044,weather,வானிலை,cotton,பருத்தி,laterite,சரளை மண்,"பருத்தி தொடர்பான முடிவை சரளை மண், Tamil Nadu பகுதி, பருவம் மற்றும் பாசன வசதியை வைத்து எடுக்க வேண்டும். முதலில் மண் பரிசோதனை, சரியான விதை, நிலத் தயாரிப்பு மற்றும் நீர் மேலாண்மையை திட்டமிடுங்கள்."
CA_02045,weather,வானிலை,groundnut,நிலக்கடலை,red,செம்மண்,"நிலக்கடலை தொடர்பான முடிவை செம்மண், Tamil Nadu பகுதி, பருவம் மற்றும் பாசன வசதியை வைத்து எடுக்க வேண்டும். முதலில் மண் பரிசோதனை, சரியான விதை, நிலத் தயாரிப்பு மற்றும் நீர் மேலாண்மையை திட்டமிடுங்கள்."
CA_02046,weather,வானிலை,groundnut,நிலக்கடலை,black,கரிசல் மண்,"நிலக்கடலை தொடர்பான முடிவை கரிசல் மண், Tamil Nadu பகுதி, பருவம் மற்றும் பாசன வசதியை வைத்து எடுக்க வேண்டும். முதலில் மண் பரிசோதனை, சரியான விதை, நிலத் தயாரிப்பு மற்றும் நீர் மேலாண்மையை திட்டமிடுங்கள்."
CA_02047,weather,வானிலை,groundnut,நிலக்கடலை,alluvial,வண்டல் மண்,"நிலக்கடலை தொடர்பான முடிவை வண்டல் மண், Tamil Nadu பகுதி, பருவம் மற்றும் பாசன வசதியை வைத்து எடுக்க வேண்டும். முதலில் மண் பரிசோதனை, சரியான விதை, நிலத் தயாரிப்பு மற்றும் நீர் மேலாண்மையை திட்டமிடுங்கள்."
CA_02048,weather,வானிலை,groundnut,நிலக்கடலை,sandy,மணல் மண்,"நிலக்கடலை தொடர்பான முடிவை மணல் மண், Tamil Nadu பகுதி, பருவம் மற்றும் பாசன வசதியை வைத்து எடுக்க வேண்டும். முதலில் மண் பரிசோதனை, சரியான விதை, நிலத் தயாரிப்பு மற்றும் நீர் மேலாண்மையை திட்டமிடுங்கள்."
CA_02049,weather,வானிலை,groundnut,நிலக்கடலை,clay,களிமண்,"நிலக்கடலை தொடர்பான முடிவை களிமண், Tamil Nadu பகுதி, பருவம் மற்றும் பாசன வசதியை வைத்து எடுக்க வேண்டும். முதலில் மண் பரிசோதனை, சரியான விதை, நிலத் தயாரிப்பு மற்றும் நீர் மேலாண்மையை திட்டமிடுங்கள்."
CA_02050,weather,வானிலை,groundnut,நிலக்கடலை,loamy,கலப்பு மண்,"நிலக்கடலை தொடர்பான முடிவை கலப்பு மண், Tamil Nadu பகுதி, பருவம் மற்றும் பாசன வசதியை வைத்து எடுக்க வேண்டும். முதலில் மண் பரிசோதனை, சரியான விதை, நிலத் தயாரிப்பு மற்றும் நீர் மேலாண்மையை திட்டமிடுங்கள்."
CA_02051,weather,வானிலை,groundnut,நிலக்கடலை,laterite,சரளை மண்,"நிலக்கடலை தொடர்பான முடிவை சரளை மண், Tamil Nadu பகுதி, பருவம் மற்றும் பாசன வசதியை வைத்து எடுக்க வேண்டும். முதலில் மண் பரிசோதனை, சரியான விதை, நிலத் தயாரிப்பு மற்றும் நீர் மேலாண்மையை திட்டமிடுங்கள்."
CA_02052,weather,வானிலை,maize,மக்காச்சோளம்,red,செம்மண்,"மக்காச்சோளம் தொடர்பான முடிவை செம்மண், Tamil Nadu பகுதி, பருவம் மற்றும் பாசன வசதியை வைத்து எடுக்க வேண்டும். முதலில் மண் பரிசோதனை, சரியான விதை, நிலத் தயாரிப்பு மற்றும் நீர் மேலாண்மையை திட்டமிடுங்கள்."
CA_02053,weather,வானிலை,maize,மக்காச்சோளம்,black,கரிசல் மண்,"மக்காச்சோளம் தொடர்பான முடிவை கரிசல் மண், Tamil Nadu பகுதி, பருவம் மற்றும் பாசன வசதியை வைத்து எடுக்க வேண்டும். முதலில் மண் பரிசோதனை, சரியான விதை, நிலத் தயாரிப்பு மற்றும் நீர் மேலாண்மையை திட்டமிடுங்கள்."
CA_02054,weather,வானிலை,maize,மக்காச்சோளம்,alluvial,வண்டல் மண்,"மக்காச்சோளம் தொடர்பான முடிவை வண்டல் மண், Tamil Nadu பகுதி, பருவம் மற்றும் பாசன வசதியை வைத்து எடுக்க வேண்டும். முதலில் மண் பரிசோதனை, சரியான விதை, நிலத் தயாரிப்பு மற்றும் நீர் மேலாண்மையை திட்டமிடுங்கள்."
CA_02055,weather,வானிலை,maize,மக்காச்சோளம்,sandy,மணல் மண்,"மக்காச்சோளம் தொடர்பான முடிவை மணல் மண், Tamil Nadu பகுதி, பருவம் மற்றும் பாசன வசதியை வைத்து எடுக்க வேண்டும். முதலில் மண் பரிசோதனை, சரியான விதை, நிலத் தயாரிப்பு மற்றும் நீர் மேலாண்மையை திட்டமிடுங்கள்."
CA_02056,weather,வானிலை,maize,மக்காச்சோளம்,clay,களிமண்,"மக்காச்சோளம் தொடர்பான முடிவை களிமண், Tamil Nadu பகுதி, பருவம் மற்றும் பாசன வசதியை வைத்து எடுக்க வேண்டும். முதலில் மண் பரிசோதனை, சரியான விதை, நிலத் தயாரிப்பு மற்றும் நீர் மேலாண்மையை திட்டமிடுங்கள்."
CA_02057,weather,வானிலை,maize,மக்காச்சோளம்,loamy,கலப்பு மண்,"மக்காச்சோளம் தொடர்பான முடிவை கலப்பு மண், Tamil Nadu பகுதி, பருவம் மற்றும் பாசன வசதியை வைத்து எடுக்க வேண்டும். முதலில் மண் பரிசோதனை, சரியான விதை, நிலத் தயாரிப்பு மற்றும் நீர் மேலாண்மையை திட்டமிடுங்கள்."
CA_02058,weather,வானிலை,maize,மக்காச்சோளம்,laterite,சரளை மண்,"மக்காச்சோளம் தொடர்பான முடிவை சரளை மண், Tamil Nadu பகுதி, பருவம் மற்றும் பாசன வசதியை வைத்து எடுக்க வேண்டும். முதலில் மண் பரிசோதனை, சரியான விதை, நிலத் தயாரிப்பு மற்றும் நீர் மேலாண்மையை திட்டமிடுங்கள்."
CA_02059,weather,வானிலை,millet,சிறுதானியம்,red,செம்மண்,"சிறுதானியம் தொடர்பான முடிவை செம்மண், Tamil Nadu பகுதி, பருவம் மற்றும் பாசன வசதியை வைத்து எடுக்க வேண்டும். முதலில் மண் பரிசோதனை, சரியான விதை, நிலத் தயாரிப்பு மற்றும் நீர் மேலாண்மையை திட்டமிடுங்கள்."
CA_02060,weather,வானிலை,millet,சிறுதானியம்,black,கரிசல் மண்,"சிறுதானியம் தொடர்பான முடிவை கரிசல் மண், Tamil Nadu பகுதி, பருவம் மற்றும் பாசன வசதியை வைத்து எடுக்க வேண்டும். முதலில் மண் பரிசோதனை, சரியான விதை, நிலத் தயாரிப்பு மற்றும் நீர் மேலாண்மையை திட்டமிடுங்கள்."
CA_02061,weather,வானிலை,millet,சிறுதானியம்,alluvial,வண்டல் மண்,"சிறுதானியம் தொடர்பான முடிவை வண்டல் மண், Tamil Nadu பகுதி, பருவம் மற்றும் பாசன வசதியை வைத்து எடுக்க வேண்டும். முதலில் மண் பரிசோதனை, சரியான விதை, நிலத் தயாரிப்பு மற்றும் நீர் மேலாண்மையை திட்டமிடுங்கள்."
CA_02062,weather,வானிலை,millet,சிறுதானியம்,sandy,மணல் மண்,"சிறுதானியம் தொடர்பான முடிவை மணல் மண், Tamil Nadu பகுதி, பருவம் மற்றும் பாசன வசதியை வைத்து எடுக்க வேண்டும். முதலில் மண் பரிசோதனை, சரியான விதை, நிலத் தயாரிப்பு மற்றும் நீர் மேலாண்மையை திட்டமிடுங்கள்."
CA_02063,weather,வானிலை,millet,சிறுதானியம்,clay,களிமண்,"சிறுதானியம் தொடர்பான முடிவை களிமண், Tamil Nadu பகுதி, பருவம் மற்றும் பாசன வசதியை வைத்து எடுக்க வேண்டும். முதலில் மண் பரிசோதனை, சரியான விதை, நிலத் தயாரிப்பு மற்றும் நீர் மேலாண்மையை திட்டமிடுங்கள்."
CA_02064,weather,வானிலை,millet,சிறுதானியம்,loamy,கலப்பு மண்,"சிறுதானியம் தொடர்பான முடிவை கலப்பு மண், Tamil Nadu பகுதி, பருவம் மற்றும் பாசன வசதியை வைத்து எடுக்க வேண்டும். முதலில் மண் பரிசோதனை, சரியான விதை, நிலத் தயாரிப்பு மற்றும் நீர் மேலாண்மையை திட்டமிடுங்கள்."
CA_02065,weather,வானிலை,millet,சிறுதானியம்,laterite,சரளை மண்,"சிறுதானியம் தொடர்பான முடிவை சரளை மண், Tamil Nadu பகுதி, பருவம் மற்றும் பாசன வசதியை வைத்து எடுக்க வேண்டும். முதலில் மண் பரிசோதனை, சரியான விதை, நிலத் தயாரிப்பு மற்றும் நீர் மேலாண்மையை திட்டமிடுங்கள்."
CA_02066,weather,வானிலை,tomato,தக்காளி,red,செம்மண்,"தக்காளி தொடர்பான முடிவை செம்மண், Tamil Nadu பகுதி, பருவம் மற்றும் பாசன வசதியை வைத்து எடுக்க வேண்டும். முதலில் மண் பரிசோதனை, சரியான விதை, நிலத் தயாரிப்பு மற்றும் நீர் மேலாண்மையை திட்டமிடுங்கள்."
CA_02067,weather,வானிலை,tomato,தக்காளி,black,கரிசல் மண்,"தக்காளி தொடர்பான முடிவை கரிசல் மண், Tamil Nadu பகுதி, பருவம் மற்றும் பாசன வசதியை வைத்து எடுக்க வேண்டும். முதலில் மண் பரிசோதனை, சரியான விதை, நிலத் தயாரிப்பு மற்றும் நீர் மேலாண்மையை திட்டமிடுங்கள்."
CA_02068,weather,வானிலை,tomato,தக்காளி,alluvial,வண்டல் மண்,"தக்காளி தொடர்பான முடிவை வண்டல் மண், Tamil Nadu பகுதி, பருவம் மற்றும் பாசன வசதியை வைத்து எடுக்க வேண்டும். முதலில் மண் பரிசோதனை, சரியான விதை, நிலத் தயாரிப்பு மற்றும் நீர் மேலாண்மையை திட்டமிடுங்கள்."
CA_02069,weather,வானிலை,tomato,தக்காளி,sandy,மணல் மண்,"தக்காளி தொடர்பான முடிவை மணல் மண், Tamil Nadu பகுதி, பருவம் மற்றும் பாசன வசதியை வைத்து எடுக்க வேண்டும். முதலில் மண் பரிசோதனை, சரியான விதை, நிலத் தயாரிப்பு மற்றும் நீர் மேலாண்மையை திட்டமிடுங்கள்."
CA_02070,weather,வானிலை,tomato,தக்காளி,clay,களிமண்,"தக்காளி தொடர்பான முடிவை களிமண், Tamil Nadu பகுதி, பருவம் மற்றும் பாசன வசதியை வைத்து எடுக்க வேண்டும். முதலில் மண் பரிசோதனை, சரியான விதை, நிலத் தயாரிப்பு மற்றும் நீர் மேலாண்மையை திட்டமிடுங்கள்."
CA_02071,weather,வானிலை,tomato,தக்காளி,loamy,கலப்பு மண்,"தக்காளி தொடர்பான முடிவை கலப்பு மண், Tamil Nadu பகுதி, பருவம் மற்றும் பாசன வசதியை வைத்து எடுக்க வேண்டும். முதலில் மண் பரிசோதனை, சரியான விதை, நிலத் தயாரிப்பு மற்றும் நீர் மேலாண்மையை திட்டமிடுங்கள்."
CA_02072,weather,வானிலை,tomato,தக்காளி,laterite,சரளை மண்,"தக்காளி தொடர்பான முடிவை சரளை மண், Tamil Nadu பகுதி, பருவம் மற்றும் பாசன வசதியை வைத்து எடுக்க வேண்டும். முதலில் மண் பரிசோதனை, சரியான விதை, நிலத் தயாரிப்பு மற்றும் நீர் மேலாண்மையை திட்டமிடுங்கள்."
CA_02073,weather,வானிலை,chilli,மிளகாய்,red,செம்மண்,"மிளகாய் தொடர்பான முடிவை செம்மண், Tamil Nadu பகுதி, பருவம் மற்றும் பாசன வசதியை வைத்து எடுக்க வேண்டும். முதலில் மண் பரிசோதனை, சரியான விதை, நிலத் தயாரிப்பு மற்றும் நீர் மேலாண்மையை திட்டமிடுங்கள்."
CA_02074,weather,வானிலை,chilli,மிளகாய்,black,கரிசல் மண்,"மிளகாய் தொடர்பான முடிவை கரிசல் மண், Tamil Nadu பகுதி, பருவம் மற்றும் பாசன வசதியை வைத்து எடுக்க வேண்டும். முதலில் மண் பரிசோதனை, சரியான விதை, நிலத் தயாரிப்பு மற்றும் நீர் மேலாண்மையை திட்டமிடுங்கள்."
CA_02075,weather,வானிலை,chilli,மிளகாய்,alluvial,வண்டல் மண்,"மிளகாய் தொடர்பான முடிவை வண்டல் மண், Tamil Nadu பகுதி, பருவம் மற்றும் பாசன வசதியை வைத்து எடுக்க வேண்டும். முதலில் மண் பரிசோதனை, சரியான விதை, நிலத் தயாரிப்பு மற்றும் நீர் மேலாண்மையை திட்டமிடுங்கள்."
CA_02076,weather,வானிலை,chilli,மிளகாய்,sandy,மணல் மண்,"மிளகாய் தொடர்பான முடிவை மணல் மண், Tamil Nadu பகுதி, பருவம் மற்றும் பாசன வசதியை வைத்து எடுக்க வேண்டும். முதலில் மண் பரிசோதனை, சரியான விதை, நிலத் தயாரிப்பு மற்றும் நீர் மேலாண்மையை திட்டமிடுங்கள்."
CA_02077,weather,வானிலை,chilli,மிளகாய்,clay,களிமண்,"மிளகாய் தொடர்பான முடிவை களிமண், Tamil Nadu பகுதி, பருவம் மற்றும் பாசன வசதியை வைத்து எடுக்க வேண்டும். முதலில் மண் பரிசோதனை, சரியான விதை, நிலத் தயாரிப்பு மற்றும் நீர் மேலாண்மையை திட்டமிடுங்கள்."
CA_02078,weather,வானிலை,chilli,மிளகாய்,loamy,கலப்பு மண்,"மிளகாய் தொடர்பான முடிவை கலப்பு மண், Tamil Nadu பகுதி, பருவம் மற்றும் பாசன வசதியை வைத்து எடுக்க வேண்டும். முதலில் மண் பரிசோதனை, சரியான விதை, நிலத் தயாரிப்பு மற்றும் நீர் மேலாண்மையை திட்டமிடுங்கள்."
CA_02079,weather,வானிலை,chilli,மிளகாய்,laterite,சரளை மண்,"மிளகாய் தொடர்பான முடிவை சரளை மண், Tamil Nadu பகுதி, பருவம் மற்றும் பாசன வசதியை வைத்து எடுக்க வேண்டும். முதலில் மண் பரிசோதனை, சரியான விதை, நிலத் தயாரிப்பு மற்றும் நீர் மேலாண்மையை திட்டமிடுங்கள்."
CA_02080,weather,வானிலை,onion,வெங்காயம்,red,செம்மண்,"வெங்காயம் தொடர்பான முடிவை செம்மண், Tamil Nadu பகுதி, பருவம் மற்றும் பாசன வசதியை வைத்து எடுக்க வேண்டும். முதலில் மண் பரிசோதனை, சரியான விதை, நிலத் தயாரிப்பு மற்றும் நீர் மேலாண்மையை திட்டமிடுங்கள்."
CA_02081,weather,வானிலை,onion,வெங்காயம்,black,கரிசல் மண்,"வெங்காயம் தொடர்பான முடிவை கரிசல் மண், Tamil Nadu பகுதி, பருவம் மற்றும் பாசன வசதியை வைத்து எடுக்க வேண்டும். முதலில் மண் பரிசோதனை, சரியான விதை, நிலத் தயாரிப்பு மற்றும் நீர் மேலாண்மையை திட்டமிடுங்கள்."
CA_02082,weather,வானிலை,onion,வெங்காயம்,alluvial,வண்டல் மண்,"வெங்காயம் தொடர்பான முடிவை வண்டல் மண், Tamil Nadu பகுதி, பருவம் மற்றும் பாசன வசதியை வைத்து எடுக்க வேண்டும். முதலில் மண் பரிசோதனை, சரியான விதை, நிலத் தயாரிப்பு மற்றும் நீர் மேலாண்மையை திட்டமிடுங்கள்."
CA_02083,weather,வானிலை,onion,வெங்காயம்,sandy,மணல் மண்,"வெங்காயம் தொடர்பான முடிவை மணல் மண், Tamil Nadu பகுதி, பருவம் மற்றும் பாசன வசதியை வைத்து எடுக்க வேண்டும். முதலில் மண் பரிசோதனை, சரியான விதை, நிலத் தயாரிப்பு மற்றும் நீர் மேலாண்மையை திட்டமிடுங்கள்."
CA_02084,weather,வானிலை,onion,வெங்காயம்,clay,களிமண்,"வெங்காயம் தொடர்பான முடிவை களிமண், Tamil Nadu பகுதி, பருவம் மற்றும் பாசன வசதியை வைத்து எடுக்க வேண்டும். முதலில் மண் பரிசோதனை, சரியான விதை, நிலத் தயாரிப்பு மற்றும் நீர் மேலாண்மையை திட்டமிடுங்கள்."
CA_02085,weather,வானிலை,onion,வெங்காயம்,loamy,கலப்பு மண்,"வெங்காயம் தொடர்பான முடிவை கலப்பு மண், Tamil Nadu பகுதி, பருவம் மற்றும் பாசன வசதியை வைத்து எடுக்க வேண்டும். முதலில் மண் பரிசோதனை, சரியான விதை, நிலத் தயாரிப்பு மற்றும் நீர் மேலாண்மையை திட்டமிடுங்கள்."
CA_02086,weather,வானிலை,onion,வெங்காயம்,laterite,சரளை மண்,"வெங்காயம் தொடர்பான முடிவை சரளை மண், Tamil Nadu பகுதி, பருவம் மற்றும் பாசன வசதியை வைத்து எடுக்க வேண்டும். முதலில் மண் பரிசோதனை, சரியான விதை, நிலத் தயாரிப்பு மற்றும் நீர் மேலாண்மையை திட்டமிடுங்கள்."
CA_02087,weather,வானிலை,turmeric,மஞ்சள்,red,செம்மண்,"மஞ்சள் தொடர்பான முடிவை செம்மண், Tamil Nadu பகுதி, பருவம் மற்றும் பாசன வசதியை வைத்து எடுக்க வேண்டும். முதலில் மண் பரிசோதனை, சரியான விதை, நிலத் தயாரிப்பு மற்றும் நீர் மேலாண்மையை திட்டமிடுங்கள்."
CA_02088,weather,வானிலை,turmeric,மஞ்சள்,black,கரிசல் மண்,"மஞ்சள் தொடர்பான முடிவை கரிசல் மண், Tamil Nadu பகுதி, பருவம் மற்றும் பாசன வசதியை வைத்து எடுக்க வேண்டும். முதலில் மண் பரிசோதனை, சரியான விதை, நிலத் தயாரிப்பு மற்றும் நீர் மேலாண்மையை திட்டமிடுங்கள்."
CA_02089,weather,வானிலை,turmeric,மஞ்சள்,alluvial,வண்டல் மண்,"மஞ்சள் தொடர்பான முடிவை வண்டல் மண், Tamil Nadu பகுதி, பருவம் மற்றும் பாசன வசதியை வைத்து எடுக்க வேண்டும். முதலில் மண் பரிசோதனை, சரியான விதை, நிலத் தயாரிப்பு மற்றும் நீர் மேலாண்மையை திட்டமிடுங்கள்."
CA_02090,weather,வானிலை,turmeric,மஞ்சள்,sandy,மணல் மண்,"மஞ்சள் தொடர்பான முடிவை மணல் மண், Tamil Nadu பகுதி, பருவம் மற்றும் பாசன வசதியை வைத்து எடுக்க வேண்டும். முதலில் மண் பரிசோதனை, சரியான விதை, நிலத் தயாரிப்பு மற்றும் நீர் மேலாண்மையை திட்டமிடுங்கள்."
CA_02091,weather,வானிலை,turmeric,மஞ்சள்,clay,களிமண்,"மஞ்சள் தொடர்பான முடிவை களிமண், Tamil Nadu பகுதி, பருவம் மற்றும் பாசன வசதியை வைத்து எடுக்க வேண்டும். முதலில் மண் பரிசோதனை, சரியான விதை, நிலத் தயாரிப்பு மற்றும் நீர் மேலாண்மையை திட்டமிடுங்கள்."
CA_02092,weather,வானிலை,turmeric,மஞ்சள்,loamy,கலப்பு மண்,"மஞ்சள் தொடர்பான முடிவை கலப்பு மண், Tamil Nadu பகுதி, பருவம் மற்றும் பாசன வசதியை வைத்து எடுக்க வேண்டும். முதலில் மண் பரிசோதனை, சரியான விதை, நிலத் தயாரிப்பு மற்றும் நீர் மேலாண்மையை திட்டமிடுங்கள்."
CA_02093,weather,வானிலை,turmeric,மஞ்சள்,laterite,சரளை மண்,"மஞ்சள் தொடர்பான முடிவை சரளை மண், Tamil Nadu பகுதி, பருவம் மற்றும் பாசன வசதியை வைத்து எடுக்க வேண்டும். முதலில் மண் பரிசோதனை, சரியான விதை, நிலத் தயாரிப்பு மற்றும் நீர் மேலாண்மையை திட்டமிடுங்கள்."
CA_02094,weather,வானிலை,brinjal,கத்தரிக்காய்,red,செம்மண்,"கத்தரிக்காய் தொடர்பான முடிவை செம்மண், Tamil Nadu பகுதி, பருவம் மற்றும் பாசன வசதியை வைத்து எடுக்க வேண்டும். முதலில் மண் பரிசோதனை, சரியான விதை, நிலத் தயாரிப்பு மற்றும் நீர் மேலாண்மையை திட்டமிடுங்கள்."
CA_02095,weather,வானிலை,brinjal,கத்தரிக்காய்,black,கரிசல் மண்,"கத்தரிக்காய் தொடர்பான முடிவை கரிசல் மண், Tamil Nadu பகுதி, பருவம் மற்றும் பாசன வசதியை வைத்து எடுக்க வேண்டும். முதலில் மண் பரிசோதனை, சரியான விதை, நிலத் தயாரிப்பு மற்றும் நீர் மேலாண்மையை திட்டமிடுங்கள்."
CA_02096,weather,வானிலை,brinjal,கத்தரிக்காய்,alluvial,வண்டல் மண்,"கத்தரிக்காய் தொடர்பான முடிவை வண்டல் மண், Tamil Nadu பகுதி, பருவம் மற்றும் பாசன வசதியை வைத்து எடுக்க வேண்டும். முதலில் மண் பரிசோதனை, சரியான விதை, நிலத் தயாரிப்பு மற்றும் நீர் மேலாண்மையை திட்டமிடுங்கள்."
CA_02097,weather,வானிலை,brinjal,கத்தரிக்காய்,sandy,மணல் மண்,"கத்தரிக்காய் தொடர்பான முடிவை மணல் மண், Tamil Nadu பகுதி, பருவம் மற்றும் பாசன வசதியை வைத்து எடுக்க வேண்டும். முதலில் மண் பரிசோதனை, சரியான விதை, நிலத் தயாரிப்பு மற்றும் நீர் மேலாண்மையை திட்டமிடுங்கள்."
CA_02098,weather,வானிலை,brinjal,கத்தரிக்காய்,clay,களிமண்,"கத்தரிக்காய் தொடர்பான முடிவை களிமண், Tamil Nadu பகுதி, பருவம் மற்றும் பாசன வசதியை வைத்து எடுக்க வேண்டும். முதலில் மண் பரிசோதனை, சரியான விதை, நிலத் தயாரிப்பு மற்றும் நீர் மேலாண்மையை திட்டமிடுங்கள்."
CA_02099,weather,வானிலை,brinjal,கத்தரிக்காய்,loamy,கலப்பு மண்,"கத்தரிக்காய் தொடர்பான முடிவை கலப்பு மண், Tamil Nadu பகுதி, பருவம் மற்றும் பாசன வசதியை வைத்து எடுக்க வேண்டும். முதலில் மண் பரிசோதனை, சரியான விதை, நிலத் தயாரிப்பு மற்றும் நீர் மேலாண்மையை திட்டமிடுங்கள்."
CA_02100,weather,வானிலை,brinjal,கத்தரிக்காய்,laterite,சரளை மண்,"கத்தரிக்காய் தொடர்பான முடிவை சரளை மண், Tamil Nadu பகுதி, பருவம் மற்றும் பாசன வசதியை வைத்து எடுக்க வேண்டும். முதலில் மண் பரிசோதனை, சரியான விதை, நிலத் தயாரிப்பு மற்றும் நீர் மேலாண்மையை திட்டமிடுங்கள்."
CA_02101,weather,வானிலை,okra,வெண்டைக்காய்,red,செம்மண்,"வெண்டைக்காய் தொடர்பான முடிவை செம்மண், Tamil Nadu பகுதி, பருவம் மற்றும் பாசன வசதியை வைத்து எடுக்க வேண்டும். முதலில் மண் பரிசோதனை, சரியான விதை, நிலத் தயாரிப்பு மற்றும் நீர் மேலாண்மையை திட்டமிடுங்கள்."
CA_02102,weather,வானிலை,okra,வெண்டைக்காய்,black,கரிசல் மண்,"வெண்டைக்காய் தொடர்பான முடிவை கரிசல் மண், Tamil Nadu பகுதி, பருவம் மற்றும் பாசன வசதியை வைத்து எடுக்க வேண்டும். முதலில் மண் பரிசோதனை, சரியான விதை, நிலத் தயாரிப்பு மற்றும் நீர் மேலாண்மையை திட்டமிடுங்கள்."
CA_02103,weather,வானிலை,okra,வெண்டைக்காய்,alluvial,வண்டல் மண்,"வெண்டைக்காய் தொடர்பான முடிவை வண்டல் மண், Tamil Nadu பகுதி, பருவம் மற்றும் பாசன வசதியை வைத்து எடுக்க வேண்டும். முதலில் மண் பரிசோதனை, சரியான விதை, நிலத் தயாரிப்பு மற்றும் நீர் மேலாண்மையை திட்டமிடுங்கள்."
CA_02104,weather,வானிலை,okra,வெண்டைக்காய்,sandy,மணல் மண்,"வெண்டைக்காய் தொடர்பான முடிவை மணல் மண், Tamil Nadu பகுதி, பருவம் மற்றும் பாசன வசதியை வைத்து எடுக்க வேண்டும். முதலில் மண் பரிசோதனை, சரியான விதை, நிலத் தயாரிப்பு மற்றும் நீர் மேலாண்மையை திட்டமிடுங்கள்."
CA_02105,weather,வானிலை,okra,வெண்டைக்காய்,clay,களிமண்,"வெண்டைக்காய் தொடர்பான முடிவை களிமண், Tamil Nadu பகுதி, பருவம் மற்றும் பாசன வசதியை வைத்து எடுக்க வேண்டும். முதலில் மண் பரிசோதனை, சரியான விதை, நிலத் தயாரிப்பு மற்றும் நீர் மேலாண்மையை திட்டமிடுங்கள்."
CA_02106,weather,வானிலை,okra,வெண்டைக்காய்,loamy,கலப்பு மண்,"வெண்டைக்காய் தொடர்பான முடிவை கலப்பு மண், Tamil Nadu பகுதி, பருவம் மற்றும் பாசன வசதியை வைத்து எடுக்க வேண்டும். முதலில் மண் பரிசோதனை, சரியான விதை, நிலத் தயாரிப்பு மற்றும் நீர் மேலாண்மையை திட்டமிடுங்கள்."
CA_02107,weather,வானிலை,okra,வெண்டைக்காய்,laterite,சரளை மண்,"வெண்டைக்காய் தொடர்பான முடிவை சரளை மண், Tamil Nadu பகுதி, பருவம் மற்றும் பாசன வசதியை வைத்து எடுக்க வேண்டும். முதலில் மண் பரிசோதனை, சரியான விதை, நிலத் தயாரிப்பு மற்றும் நீர் மேலாண்மையை திட்டமிடுங்கள்."
CA_02108,weather,வானிலை,coconut,தேங்காய்,red,செம்மண்,"தேங்காய் தொடர்பான முடிவை செம்மண், Tamil Nadu பகுதி, பருவம் மற்றும் பாசன வசதியை வைத்து எடுக்க வேண்டும். முதலில் மண் பரிசோதனை, சரியான விதை, நிலத் தயாரிப்பு மற்றும் நீர் மேலாண்மையை திட்டமிடுங்கள்."
CA_02109,weather,வானிலை,coconut,தேங்காய்,black,கரிசல் மண்,"தேங்காய் தொடர்பான முடிவை கரிசல் மண், Tamil Nadu பகுதி, பருவம் மற்றும் பாசன வசதியை வைத்து எடுக்க வேண்டும். முதலில் மண் பரிசோதனை, சரியான விதை, நிலத் தயாரிப்பு மற்றும் நீர் மேலாண்மையை திட்டமிடுங்கள்."
CA_02110,weather,வானிலை,coconut,தேங்காய்,alluvial,வண்டல் மண்,"தேங்காய் தொடர்பான முடிவை வண்டல் மண், Tamil Nadu பகுதி, பருவம் மற்றும் பாசன வசதியை வைத்து எடுக்க வேண்டும். முதலில் மண் பரிசோதனை, சரியான விதை, நிலத் தயாரிப்பு மற்றும் நீர் மேலாண்மையை திட்டமிடுங்கள்."
CA_02111,weather,வானிலை,coconut,தேங்காய்,sandy,மணல் மண்,"தேங்காய் தொடர்பான முடிவை மணல் மண், Tamil Nadu பகுதி, பருவம் மற்றும் பாசன வசதியை வைத்து எடுக்க வேண்டும். முதலில் மண் பரிசோதனை, சரியான விதை, நிலத் தயாரிப்பு மற்றும் நீர் மேலாண்மையை திட்டமிடுங்கள்."
CA_02112,weather,வானிலை,coconut,தேங்காய்,clay,களிமண்,"தேங்காய் தொடர்பான முடிவை களிமண், Tamil Nadu பகுதி, பருவம் மற்றும் பாசன வசதியை வைத்து எடுக்க வேண்டும். முதலில் மண் பரிசோதனை, சரியான விதை, நிலத் தயாரிப்பு மற்றும் நீர் மேலாண்மையை திட்டமிடுங்கள்."
CA_02113,weather,வானிலை,coconut,தேங்காய்,loamy,கலப்பு மண்,"தேங்காய் தொடர்பான முடிவை கலப்பு மண், Tamil Nadu பகுதி, பருவம் மற்றும் பாசன வசதியை வைத்து எடுக்க வேண்டும். முதலில் மண் பரிசோதனை, சரியான விதை, நிலத் தயாரிப்பு மற்றும் நீர் மேலாண்மையை திட்டமிடுங்கள்."
CA_02114,weather,வானிலை,coconut,தேங்காய்,laterite,சரளை மண்,"தேங்காய் தொடர்பான முடிவை சரளை மண், Tamil Nadu பகுதி, பருவம் மற்றும் பாசன வசதியை வைத்து எடுக்க வேண்டும். முதலில் மண் பரிசோதனை, சரியான விதை, நிலத் தயாரிப்பு மற்றும் நீர் மேலாண்மையை திட்டமிடுங்கள்."
CA_02115,weather,வானிலை,pulses,பயறு,red,செம்மண்,"பயறு தொடர்பான முடிவை செம்மண், Tamil Nadu பகுதி, பருவம் மற்றும் பாசன வசதியை வைத்து எடுக்க வேண்டும். முதலில் மண் பரிசோதனை, சரியான விதை, நிலத் தயாரிப்பு மற்றும் நீர் மேலாண்மையை திட்டமிடுங்கள்."
CA_02116,weather,வானிலை,pulses,பயறு,black,கரிசல் மண்,"பயறு தொடர்பான முடிவை கரிசல் மண், Tamil Nadu பகுதி, பருவம் மற்றும் பாசன வசதியை வைத்து எடுக்க வேண்டும். முதலில் மண் பரிசோதனை, சரியான விதை, நிலத் தயாரிப்பு மற்றும் நீர் மேலாண்மையை திட்டமிடுங்கள்."
CA_02117,weather,வானிலை,pulses,பயறு,alluvial,வண்டல் மண்,"பயறு தொடர்பான முடிவை வண்டல் மண், Tamil Nadu பகுதி, பருவம் மற்றும் பாசன வசதியை வைத்து எடுக்க வேண்டும். முதலில் மண் பரிசோதனை, சரியான விதை, நிலத் தயாரிப்பு மற்றும் நீர் மேலாண்மையை திட்டமிடுங்கள்."
CA_02118,weather,வானிலை,pulses,பயறு,sandy,மணல் மண்,"பயறு தொடர்பான முடிவை மணல் மண், Tamil Nadu பகுதி, பருவம் மற்றும் பாசன வசதியை வைத்து எடுக்க வேண்டும். முதலில் மண் பரிசோதனை, சரியான விதை, நிலத் தயாரிப்பு மற்றும் நீர் மேலாண்மையை திட்டமிடுங்கள்."
CA_02119,weather,வானிலை,pulses,பயறு,clay,களிமண்,"பயறு தொடர்பான முடிவை களிமண், Tamil Nadu பகுதி, பருவம் மற்றும் பாசன வசதியை வைத்து எடுக்க வேண்டும். முதலில் மண் பரிசோதனை, சரியான விதை, நிலத் தயாரிப்பு மற்றும் நீர் மேலாண்மையை திட்டமிடுங்கள்."
CA_02120,weather,வானிலை,pulses,பயறு,loamy,கலப்பு மண்,"பயறு தொடர்பான முடிவை கலப்பு மண், Tamil Nadu பகுதி, பருவம் மற்றும் பாசன வசதியை வைத்து எடுக்க வேண்டும். முதலில் மண் பரிசோதனை, சரியான விதை, நிலத் தயாரிப்பு மற்றும் நீர் மேலாண்மையை திட்டமிடுங்கள்."
CA_02121,weather,வானிலை,pulses,பயறு,laterite,சரளை மண்,"பயறு தொடர்பான முடிவை சரளை மண், Tamil Nadu பகுதி, பருவம் மற்றும் பாசன வசதியை வைத்து எடுக்க வேண்டும். முதலில் மண் பரிசோதனை, சரியான விதை, நிலத் தயாரிப்பு மற்றும் நீர் மேலாண்மையை திட்டமிடுங்கள்."
CA_02122,weather,வானிலை,sesame,எள்,red,செம்மண்,"எள் தொடர்பான முடிவை செம்மண், Tamil Nadu பகுதி, பருவம் மற்றும் பாசன வசதியை வைத்து எடுக்க வேண்டும். முதலில் மண் பரிசோதனை, சரியான விதை, நிலத் தயாரிப்பு மற்றும் நீர் மேலாண்மையை திட்டமிடுங்கள்."
CA_02123,weather,வானிலை,sesame,எள்,black,கரிசல் மண்,"எள் தொடர்பான முடிவை கரிசல் மண், Tamil Nadu பகுதி, பருவம் மற்றும் பாசன வசதியை வைத்து எடுக்க வேண்டும். முதலில் மண் பரிசோதனை, சரியான விதை, நிலத் தயாரிப்பு மற்றும் நீர் மேலாண்மையை திட்டமிடுங்கள்."
CA_02124,weather,வானிலை,sesame,எள்,alluvial,வண்டல் மண்,"எள் தொடர்பான முடிவை வண்டல் மண், Tamil Nadu பகுதி, பருவம் மற்றும் பாசன வசதியை வைத்து எடுக்க வேண்டும். முதலில் மண் பரிசோதனை, சரியான விதை, நிலத் தயாரிப்பு மற்றும் நீர் மேலாண்மையை திட்டமிடுங்கள்."
CA_02125,weather,வானிலை,sesame,எள்,sandy,மணல் மண்,"எள் தொடர்பான முடிவை மணல் மண், Tamil Nadu பகுதி, பருவம் மற்றும் பாசன வசதியை வைத்து எடுக்க வேண்டும். முதலில் மண் பரிசோதனை, சரியான விதை, நிலத் தயாரிப்பு மற்றும் நீர் மேலாண்மையை திட்டமிடுங்கள்."
CA_02126,weather,வானிலை,sesame,எள்,clay,களிமண்,"எள் தொடர்பான முடிவை களிமண், Tamil Nadu பகுதி, பருவம் மற்றும் பாசன வசதியை வைத்து எடுக்க வேண்டும். முதலில் மண் பரிசோதனை, சரியான விதை, நிலத் தயாரிப்பு மற்றும் நீர் மேலாண்மையை திட்டமிடுங்கள்."
CA_02127,weather,வானிலை,sesame,எள்,loamy,கலப்பு மண்,"எள் தொடர்பான முடிவை கலப்பு மண், Tamil Nadu பகுதி, பருவம் மற்றும் பாசன வசதியை வைத்து எடுக்க வேண்டும். முதலில் மண் பரிசோதனை, சரியான விதை, நிலத் தயாரிப்பு மற்றும் நீர் மேலாண்மையை திட்டமிடுங்கள்."
CA_02128,weather,வானிலை,sesame,எள்,laterite,சரளை மண்,"எள் தொடர்பான முடிவை சரளை மண், Tamil Nadu பகுதி, பருவம் மற்றும் பாசன வசதியை வைத்து எடுக்க வேண்டும். முதலில் மண் பரிசோதனை, சரியான விதை, நிலத் தயாரிப்பு மற்றும் நீர் மேலாண்மையை திட்டமிடுங்கள்."
CA_02129,weather,வானிலை,tapioca,மரவள்ளி,red,செம்மண்,"மரவள்ளி தொடர்பான முடிவை செம்மண், Tamil Nadu பகுதி, பருவம் மற்றும் பாசன வசதியை வைத்து எடுக்க வேண்டும். முதலில் மண் பரிசோதனை, சரியான விதை, நிலத் தயாரிப்பு மற்றும் நீர் மேலாண்மையை திட்டமிடுங்கள்."
CA_02130,weather,வானிலை,tapioca,மரவள்ளி,black,கரிசல் மண்,"மரவள்ளி தொடர்பான முடிவை கரிசல் மண், Tamil Nadu பகுதி, பருவம் மற்றும் பாசன வசதியை வைத்து எடுக்க வேண்டும். முதலில் மண் பரிசோதனை, சரியான விதை, நிலத் தயாரிப்பு மற்றும் நீர் மேலாண்மையை திட்டமிடுங்கள்."
CA_02131,weather,வானிலை,tapioca,மரவள்ளி,alluvial,வண்டல் மண்,"மரவள்ளி தொடர்பான முடிவை வண்டல் மண், Tamil Nadu பகுதி, பருவம் மற்றும் பாசன வசதியை வைத்து எடுக்க வேண்டும். முதலில் மண் பரிசோதனை, சரியான விதை, நிலத் தயாரிப்பு மற்றும் நீர் மேலாண்மையை திட்டமிடுங்கள்."
CA_02132,weather,வானிலை,tapioca,மரவள்ளி,sandy,மணல் மண்,"மரவள்ளி தொடர்பான முடிவை மணல் மண், Tamil Nadu பகுதி, பருவம் மற்றும் பாசன வசதியை வைத்து எடுக்க வேண்டும். முதலில் மண் பரிசோதனை, சரியான விதை, நிலத் தயாரிப்பு மற்றும் நீர் மேலாண்மையை திட்டமிடுங்கள்."
CA_02133,weather,வானிலை,tapioca,மரவள்ளி,clay,களிமண்,"மரவள்ளி தொடர்பான முடிவை களிமண், Tamil Nadu பகுதி, பருவம் மற்றும் பாசன வசதியை வைத்து எடுக்க வேண்டும். முதலில் மண் பரிசோதனை, சரியான விதை, நிலத் தயாரிப்பு மற்றும் நீர் மேலாண்மையை திட்டமிடுங்கள்."
CA_02134,weather,வானிலை,tapioca,மரவள்ளி,loamy,கலப்பு மண்,"மரவள்ளி தொடர்பான முடிவை கலப்பு மண், Tamil Nadu பகுதி, பருவம் மற்றும் பாசன வசதியை வைத்து எடுக்க வேண்டும். முதலில் மண் பரிசோதனை, சரியான விதை, நிலத் தயாரிப்பு மற்றும் நீர் மேலாண்மையை திட்டமிடுங்கள்."
CA_02135,weather,வானிலை,tapioca,மரவள்ளி,laterite,சரளை மண்,"மரவள்ளி தொடர்பான முடிவை சரளை மண், Tamil Nadu பகுதி, பருவம் மற்றும் பாசன வசதியை வைத்து எடுக்க வேண்டும். முதலில் மண் பரிசோதனை, சரியான விதை, நிலத் தயாரிப்பு மற்றும் நீர் மேலாண்மையை திட்டமிடுங்கள்."
CA_02136,weather,வானிலை,drumstick,முருங்கை,red,செம்மண்,"முருங்கை தொடர்பான முடிவை செம்மண், Tamil Nadu பகுதி, பருவம் மற்றும் பாசன வசதியை வைத்து எடுக்க வேண்டும். முதலில் மண் பரிசோதனை, சரியான விதை, நிலத் தயாரிப்பு மற்றும் நீர் மேலாண்மையை திட்டமிடுங்கள்."
CA_02137,weather,வானிலை,drumstick,முருங்கை,black,கரிசல் மண்,"முருங்கை தொடர்பான முடிவை கரிசல் மண், Tamil Nadu பகுதி, பருவம் மற்றும் பாசன வசதியை வைத்து எடுக்க வேண்டும். முதலில் மண் பரிசோதனை, சரியான விதை, நிலத் தயாரிப்பு மற்றும் நீர் மேலாண்மையை திட்டமிடுங்கள்."
CA_02138,weather,வானிலை,drumstick,முருங்கை,alluvial,வண்டல் மண்,"முருங்கை தொடர்பான முடிவை வண்டல் மண், Tamil Nadu பகுதி, பருவம் மற்றும் பாசன வசதியை வைத்து எடுக்க வேண்டும். முதலில் மண் பரிசோதனை, சரியான விதை, நிலத் தயாரிப்பு மற்றும் நீர் மேலாண்மையை திட்டமிடுங்கள்."
CA_02139,weather,வானிலை,drumstick,முருங்கை,sandy,மணல் மண்,"முருங்கை தொடர்பான முடிவை மணல் மண், Tamil Nadu பகுதி, பருவம் மற்றும் பாசன வசதியை வைத்து எடுக்க வேண்டும். முதலில் மண் பரிசோதனை, சரியான விதை, நிலத் தயாரிப்பு மற்றும் நீர் மேலாண்மையை திட்டமிடுங்கள்."
CA_02140,weather,வானிலை,drumstick,முருங்கை,clay,களிமண்,"முருங்கை தொடர்பான முடிவை களிமண், Tamil Nadu பகுதி, பருவம் மற்றும் பாசன வசதியை வைத்து எடுக்க வேண்டும். முதலில் மண் பரிசோதனை, சரியான விதை, நிலத் தயாரிப்பு மற்றும் நீர் மேலாண்மையை திட்டமிடுங்கள்."
CA_02141,weather,வானிலை,drumstick,முருங்கை,loamy,கலப்பு மண்,"முருங்கை தொடர்பான முடிவை கலப்பு மண், Tamil Nadu பகுதி, பருவம் மற்றும் பாசன வசதியை வைத்து எடுக்க வேண்டும். முதலில் மண் பரிசோதனை, சரியான விதை, நிலத் தயாரிப்பு மற்றும் நீர் மேலாண்மையை திட்டமிடுங்கள்."
CA_02142,weather,வானிலை,drumstick,முருங்கை,laterite,சரளை மண்,"முருங்கை தொடர்பான முடிவை சரளை மண், Tamil Nadu பகுதி, பருவம் மற்றும் பாசன வசதியை வைத்து எடுக்க வேண்டும். முதலில் மண் பரிசோதனை, சரியான விதை, நிலத் தயாரிப்பு மற்றும் நீர் மேலாண்மையை திட்டமிடுங்கள்."
CA_02143,scheme,அரசுத் திட்டம்,rice,நெல்,red,செம்மண்,"அரசுத் திட்டங்கள் காலம், மாவட்டம் மற்றும் தகுதி அடிப்படையில் மாறலாம். தற்போதைய தகுதி மற்றும் விண்ணப்ப முறையை அதிகாரப்பூர்வ வேளாண்மைத் துறை சேனலில் சரிபார்க்க வேண்டும்."
CA_02144,scheme,அரசுத் திட்டம்,rice,நெல்,black,கரிசல் மண்,"அரசுத் திட்டங்கள் காலம், மாவட்டம் மற்றும் தகுதி அடிப்படையில் மாறலாம். தற்போதைய தகுதி மற்றும் விண்ணப்ப முறையை அதிகாரப்பூர்வ வேளாண்மைத் துறை சேனலில் சரிபார்க்க வேண்டும்."
CA_02145,scheme,அரசுத் திட்டம்,rice,நெல்,alluvial,வண்டல் மண்,"அரசுத் திட்டங்கள் காலம், மாவட்டம் மற்றும் தகுதி அடிப்படையில் மாறலாம். தற்போதைய தகுதி மற்றும் விண்ணப்ப முறையை அதிகாரப்பூர்வ வேளாண்மைத் துறை சேனலில் சரிபார்க்க வேண்டும்."
CA_02146,scheme,அரசுத் திட்டம்,rice,நெல்,sandy,மணல் மண்,"அரசுத் திட்டங்கள் காலம், மாவட்டம் மற்றும் தகுதி அடிப்படையில் மாறலாம். தற்போதைய தகுதி மற்றும் விண்ணப்ப முறையை அதிகாரப்பூர்வ வேளாண்மைத் துறை சேனலில் சரிபார்க்க வேண்டும்."
CA_02147,scheme,அரசுத் திட்டம்,rice,நெல்,clay,களிமண்,"அரசுத் திட்டங்கள் காலம், மாவட்டம் மற்றும் தகுதி அடிப்படையில் மாறலாம். தற்போதைய தகுதி மற்றும் விண்ணப்ப முறையை அதிகாரப்பூர்வ வேளாண்மைத் துறை சேனலில் சரிபார்க்க வேண்டும்."
CA_02148,scheme,அரசுத் திட்டம்,rice,நெல்,loamy,கலப்பு மண்,"அரசுத் திட்டங்கள் காலம், மாவட்டம் மற்றும் தகுதி அடிப்படையில் மாறலாம். தற்போதைய தகுதி மற்றும் விண்ணப்ப முறையை அதிகாரப்பூர்வ வேளாண்மைத் துறை சேனலில் சரிபார்க்க வேண்டும்."
CA_02149,scheme,அரசுத் திட்டம்,rice,நெல்,laterite,சரளை மண்,"அரசுத் திட்டங்கள் காலம், மாவட்டம் மற்றும் தகுதி அடிப்படையில் மாறலாம். தற்போதைய தகுதி மற்றும் விண்ணப்ப முறையை அதிகாரப்பூர்வ வேளாண்மைத் துறை சேனலில் சரிபார்க்க வேண்டும்."
CA_02150,scheme,அரசுத் திட்டம்,banana,வாழை,red,செம்மண்,"அரசுத் திட்டங்கள் காலம், மாவட்டம் மற்றும் தகுதி அடிப்படையில் மாறலாம். தற்போதைய தகுதி மற்றும் விண்ணப்ப முறையை அதிகாரப்பூர்வ வேளாண்மைத் துறை சேனலில் சரிபார்க்க வேண்டும்."
CA_02151,scheme,அரசுத் திட்டம்,banana,வாழை,black,கரிசல் மண்,"அரசுத் திட்டங்கள் காலம், மாவட்டம் மற்றும் தகுதி அடிப்படையில் மாறலாம். தற்போதைய தகுதி மற்றும் விண்ணப்ப முறையை அதிகாரப்பூர்வ வேளாண்மைத் துறை சேனலில் சரிபார்க்க வேண்டும்."
CA_02152,scheme,அரசுத் திட்டம்,banana,வாழை,alluvial,வண்டல் மண்,"அரசுத் திட்டங்கள் காலம், மாவட்டம் மற்றும் தகுதி அடிப்படையில் மாறலாம். தற்போதைய தகுதி மற்றும் விண்ணப்ப முறையை அதிகாரப்பூர்வ வேளாண்மைத் துறை சேனலில் சரிபார்க்க வேண்டும்."
CA_02153,scheme,அரசுத் திட்டம்,banana,வாழை,sandy,மணல் மண்,"அரசுத் திட்டங்கள் காலம், மாவட்டம் மற்றும் தகுதி அடிப்படையில் மாறலாம். தற்போதைய தகுதி மற்றும் விண்ணப்ப முறையை அதிகாரப்பூர்வ வேளாண்மைத் துறை சேனலில் சரிபார்க்க வேண்டும்."
CA_02154,scheme,அரசுத் திட்டம்,banana,வாழை,clay,களிமண்,"அரசுத் திட்டங்கள் காலம், மாவட்டம் மற்றும் தகுதி அடிப்படையில் மாறலாம். தற்போதைய தகுதி மற்றும் விண்ணப்ப முறையை அதிகாரப்பூர்வ வேளாண்மைத் துறை சேனலில் சரிபார்க்க வேண்டும்."
CA_02155,scheme,அரசுத் திட்டம்,banana,வாழை,loamy,கலப்பு மண்,"அரசுத் திட்டங்கள் காலம், மாவட்டம் மற்றும் தகுதி அடிப்படையில் மாறலாம். தற்போதைய தகுதி மற்றும் விண்ணப்ப முறையை அதிகாரப்பூர்வ வேளாண்மைத் துறை சேனலில் சரிபார்க்க வேண்டும்."
CA_02156,scheme,அரசுத் திட்டம்,banana,வாழை,laterite,சரளை மண்,"அரசுத் திட்டங்கள் காலம், மாவட்டம் மற்றும் தகுதி அடிப்படையில் மாறலாம். தற்போதைய தகுதி மற்றும் விண்ணப்ப முறையை அதிகாரப்பூர்வ வேளாண்மைத் துறை சேனலில் சரிபார்க்க வேண்டும்."
CA_02157,scheme,அரசுத் திட்டம்,sugarcane,கரும்பு,red,செம்மண்,"அரசுத் திட்டங்கள் காலம், மாவட்டம் மற்றும் தகுதி அடிப்படையில் மாறலாம். தற்போதைய தகுதி மற்றும் விண்ணப்ப முறையை அதிகாரப்பூர்வ வேளாண்மைத் துறை சேனலில் சரிபார்க்க வேண்டும்."
CA_02158,scheme,அரசுத் திட்டம்,sugarcane,கரும்பு,black,கரிசல் மண்,"அரசுத் திட்டங்கள் காலம், மாவட்டம் மற்றும் தகுதி அடிப்படையில் மாறலாம். தற்போதைய தகுதி மற்றும் விண்ணப்ப முறையை அதிகாரப்பூர்வ வேளாண்மைத் துறை சேனலில் சரிபார்க்க வேண்டும்."
CA_02159,scheme,அரசுத் திட்டம்,sugarcane,கரும்பு,alluvial,வண்டல் மண்,"அரசுத் திட்டங்கள் காலம், மாவட்டம் மற்றும் தகுதி அடிப்படையில் மாறலாம். தற்போதைய தகுதி மற்றும் விண்ணப்ப முறையை அதிகாரப்பூர்வ வேளாண்மைத் துறை சேனலில் சரிபார்க்க வேண்டும்."
CA_02160,scheme,அரசுத் திட்டம்,sugarcane,கரும்பு,sandy,மணல் மண்,"அரசுத் திட்டங்கள் காலம், மாவட்டம் மற்றும் தகுதி அடிப்படையில் மாறலாம். தற்போதைய தகுதி மற்றும் விண்ணப்ப முறையை அதிகாரப்பூர்வ வேளாண்மைத் துறை சேனலில் சரிபார்க்க வேண்டும்."
CA_02161,scheme,அரசுத் திட்டம்,sugarcane,கரும்பு,clay,களிமண்,"அரசுத் திட்டங்கள் காலம், மாவட்டம் மற்றும் தகுதி அடிப்படையில் மாறலாம். தற்போதைய தகுதி மற்றும் விண்ணப்ப முறையை அதிகாரப்பூர்வ வேளாண்மைத் துறை சேனலில் சரிபார்க்க வேண்டும்."
CA_02162,scheme,அரசுத் திட்டம்,sugarcane,கரும்பு,loamy,கலப்பு மண்,"அரசுத் திட்டங்கள் காலம், மாவட்டம் மற்றும் தகுதி அடிப்படையில் மாறலாம். தற்போதைய தகுதி மற்றும் விண்ணப்ப முறையை அதிகாரப்பூர்வ வேளாண்மைத் துறை சேனலில் சரிபார்க்க வேண்டும்."
CA_02163,scheme,அரசுத் திட்டம்,sugarcane,கரும்பு,laterite,சரளை மண்,"அரசுத் திட்டங்கள் காலம், மாவட்டம் மற்றும் தகுதி அடிப்படையில் மாறலாம். தற்போதைய தகுதி மற்றும் விண்ணப்ப முறையை அதிகாரப்பூர்வ வேளாண்மைத் துறை சேனலில் சரிபார்க்க வேண்டும்."
CA_02164,scheme,அரசுத் திட்டம்,cotton,பருத்தி,red,செம்மண்,"அரசுத் திட்டங்கள் காலம், மாவட்டம் மற்றும் தகுதி அடிப்படையில் மாறலாம். தற்போதைய தகுதி மற்றும் விண்ணப்ப முறையை அதிகாரப்பூர்வ வேளாண்மைத் துறை சேனலில் சரிபார்க்க வேண்டும்."
CA_02165,scheme,அரசுத் திட்டம்,cotton,பருத்தி,black,கரிசல் மண்,"அரசுத் திட்டங்கள் காலம், மாவட்டம் மற்றும் தகுதி அடிப்படையில் மாறலாம். தற்போதைய தகுதி மற்றும் விண்ணப்ப முறையை அதிகாரப்பூர்வ வேளாண்மைத் துறை சேனலில் சரிபார்க்க வேண்டும்."
CA_02166,scheme,அரசுத் திட்டம்,cotton,பருத்தி,alluvial,வண்டல் மண்,"அரசுத் திட்டங்கள் காலம், மாவட்டம் மற்றும் தகுதி அடிப்படையில் மாறலாம். தற்போதைய தகுதி மற்றும் விண்ணப்ப முறையை அதிகாரப்பூர்வ வேளாண்மைத் துறை சேனலில் சரிபார்க்க வேண்டும்."
CA_02167,scheme,அரசுத் திட்டம்,cotton,பருத்தி,sandy,மணல் மண்,"அரசுத் திட்டங்கள் காலம், மாவட்டம் மற்றும் தகுதி அடிப்படையில் மாறலாம். தற்போதைய தகுதி மற்றும் விண்ணப்ப முறையை அதிகாரப்பூர்வ வேளாண்மைத் துறை சேனலில் சரிபார்க்க வேண்டும்."
CA_02168,scheme,அரசுத் திட்டம்,cotton,பருத்தி,clay,களிமண்,"அரசுத் திட்டங்கள் காலம், மாவட்டம் மற்றும் தகுதி அடிப்படையில் மாறலாம். தற்போதைய தகுதி மற்றும் விண்ணப்ப முறையை அதிகாரப்பூர்வ வேளாண்மைத் துறை சேனலில் சரிபார்க்க வேண்டும்."
CA_02169,scheme,அரசுத் திட்டம்,cotton,பருத்தி,loamy,கலப்பு மண்,"அரசுத் திட்டங்கள் காலம், மாவட்டம் மற்றும் தகுதி அடிப்படையில் மாறலாம். தற்போதைய தகுதி மற்றும் விண்ணப்ப முறையை அதிகாரப்பூர்வ வேளாண்மைத் துறை சேனலில் சரிபார்க்க வேண்டும்."
CA_02170,scheme,அரசுத் திட்டம்,cotton,பருத்தி,laterite,சரளை மண்,"அரசுத் திட்டங்கள் காலம், மாவட்டம் மற்றும் தகுதி அடிப்படையில் மாறலாம். தற்போதைய தகுதி மற்றும் விண்ணப்ப முறையை அதிகாரப்பூர்வ வேளாண்மைத் துறை சேனலில் சரிபார்க்க வேண்டும்."
CA_02171,scheme,அரசுத் திட்டம்,groundnut,நிலக்கடலை,red,செம்மண்,"அரசுத் திட்டங்கள் காலம், மாவட்டம் மற்றும் தகுதி அடிப்படையில் மாறலாம். தற்போதைய தகுதி மற்றும் விண்ணப்ப முறையை அதிகாரப்பூர்வ வேளாண்மைத் துறை சேனலில் சரிபார்க்க வேண்டும்."
CA_02172,scheme,அரசுத் திட்டம்,groundnut,நிலக்கடலை,black,கரிசல் மண்,"அரசுத் திட்டங்கள் காலம், மாவட்டம் மற்றும் தகுதி அடிப்படையில் மாறலாம். தற்போதைய தகுதி மற்றும் விண்ணப்ப முறையை அதிகாரப்பூர்வ வேளாண்மைத் துறை சேனலில் சரிபார்க்க வேண்டும்."
CA_02173,scheme,அரசுத் திட்டம்,groundnut,நிலக்கடலை,alluvial,வண்டல் மண்,"அரசுத் திட்டங்கள் காலம், மாவட்டம் மற்றும் தகுதி அடிப்படையில் மாறலாம். தற்போதைய தகுதி மற்றும் விண்ணப்ப முறையை அதிகாரப்பூர்வ வேளாண்மைத் துறை சேனலில் சரிபார்க்க வேண்டும்."
CA_02174,scheme,அரசுத் திட்டம்,groundnut,நிலக்கடலை,sandy,மணல் மண்,"அரசுத் திட்டங்கள் காலம், மாவட்டம் மற்றும் தகுதி அடிப்படையில் மாறலாம். தற்போதைய தகுதி மற்றும் விண்ணப்ப முறையை அதிகாரப்பூர்வ வேளாண்மைத் துறை சேனலில் சரிபார்க்க வேண்டும்."
CA_02175,scheme,அரசுத் திட்டம்,groundnut,நிலக்கடலை,clay,களிமண்,"அரசுத் திட்டங்கள் காலம், மாவட்டம் மற்றும் தகுதி அடிப்படையில் மாறலாம். தற்போதைய தகுதி மற்றும் விண்ணப்ப முறையை அதிகாரப்பூர்வ வேளாண்மைத் துறை சேனலில் சரிபார்க்க வேண்டும்."
CA_02176,scheme,அரசுத் திட்டம்,groundnut,நிலக்கடலை,loamy,கலப்பு மண்,"அரசுத் திட்டங்கள் காலம், மாவட்டம் மற்றும் தகுதி அடிப்படையில் மாறலாம். தற்போதைய தகுதி மற்றும் விண்ணப்ப முறையை அதிகாரப்பூர்வ வேளாண்மைத் துறை சேனலில் சரிபார்க்க வேண்டும்."
CA_02177,scheme,அரசுத் திட்டம்,groundnut,நிலக்கடலை,laterite,சரளை மண்,"அரசுத் திட்டங்கள் காலம், மாவட்டம் மற்றும் தகுதி அடிப்படையில் மாறலாம். தற்போதைய தகுதி மற்றும் விண்ணப்ப முறையை அதிகாரப்பூர்வ வேளாண்மைத் துறை சேனலில் சரிபார்க்க வேண்டும்."
CA_02178,scheme,அரசுத் திட்டம்,maize,மக்காச்சோளம்,red,செம்மண்,"அரசுத் திட்டங்கள் காலம், மாவட்டம் மற்றும் தகுதி அடிப்படையில் மாறலாம். தற்போதைய தகுதி மற்றும் விண்ணப்ப முறையை அதிகாரப்பூர்வ வேளாண்மைத் துறை சேனலில் சரிபார்க்க வேண்டும்."
CA_02179,scheme,அரசுத் திட்டம்,maize,மக்காச்சோளம்,black,கரிசல் மண்,"அரசுத் திட்டங்கள் காலம், மாவட்டம் மற்றும் தகுதி அடிப்படையில் மாறலாம். தற்போதைய தகுதி மற்றும் விண்ணப்ப முறையை அதிகாரப்பூர்வ வேளாண்மைத் துறை சேனலில் சரிபார்க்க வேண்டும்."
CA_02180,scheme,அரசுத் திட்டம்,maize,மக்காச்சோளம்,alluvial,வண்டல் மண்,"அரசுத் திட்டங்கள் காலம், மாவட்டம் மற்றும் தகுதி அடிப்படையில் மாறலாம். தற்போதைய தகுதி மற்றும் விண்ணப்ப முறையை அதிகாரப்பூர்வ வேளாண்மைத் துறை சேனலில் சரிபார்க்க வேண்டும்."
CA_02181,scheme,அரசுத் திட்டம்,maize,மக்காச்சோளம்,sandy,மணல் மண்,"அரசுத் திட்டங்கள் காலம், மாவட்டம் மற்றும் தகுதி அடிப்படையில் மாறலாம். தற்போதைய தகுதி மற்றும் விண்ணப்ப முறையை அதிகாரப்பூர்வ வேளாண்மைத் துறை சேனலில் சரிபார்க்க வேண்டும்."
CA_02182,scheme,அரசுத் திட்டம்,maize,மக்காச்சோளம்,clay,களிமண்,"அரசுத் திட்டங்கள் காலம், மாவட்டம் மற்றும் தகுதி அடிப்படையில் மாறலாம். தற்போதைய தகுதி மற்றும் விண்ணப்ப முறையை அதிகாரப்பூர்வ வேளாண்மைத் துறை சேனலில் சரிபார்க்க வேண்டும்."
CA_02183,scheme,அரசுத் திட்டம்,maize,மக்காச்சோளம்,loamy,கலப்பு மண்,"அரசுத் திட்டங்கள் காலம், மாவட்டம் மற்றும் தகுதி அடிப்படையில் மாறலாம். தற்போதைய தகுதி மற்றும் விண்ணப்ப முறையை அதிகாரப்பூர்வ வேளாண்மைத் துறை சேனலில் சரிபார்க்க வேண்டும்."
CA_02184,scheme,அரசுத் திட்டம்,maize,மக்காச்சோளம்,laterite,சரளை மண்,"அரசுத் திட்டங்கள் காலம், மாவட்டம் மற்றும் தகுதி அடிப்படையில் மாறலாம். தற்போதைய தகுதி மற்றும் விண்ணப்ப முறையை அதிகாரப்பூர்வ வேளாண்மைத் துறை சேனலில் சரிபார்க்க வேண்டும்."
CA_02185,scheme,அரசுத் திட்டம்,millet,சிறுதானியம்,red,செம்மண்,"அரசுத் திட்டங்கள் காலம், மாவட்டம் மற்றும் தகுதி அடிப்படையில் மாறலாம். தற்போதைய தகுதி மற்றும் விண்ணப்ப முறையை அதிகாரப்பூர்வ வேளாண்மைத் துறை சேனலில் சரிபார்க்க வேண்டும்."
CA_02186,scheme,அரசுத் திட்டம்,millet,சிறுதானியம்,black,கரிசல் மண்,"அரசுத் திட்டங்கள் காலம், மாவட்டம் மற்றும் தகுதி அடிப்படையில் மாறலாம். தற்போதைய தகுதி மற்றும் விண்ணப்ப முறையை அதிகாரப்பூர்வ வேளாண்மைத் துறை சேனலில் சரிபார்க்க வேண்டும்."
CA_02187,scheme,அரசுத் திட்டம்,millet,சிறுதானியம்,alluvial,வண்டல் மண்,"அரசுத் திட்டங்கள் காலம், மாவட்டம் மற்றும் தகுதி அடிப்படையில் மாறலாம். தற்போதைய தகுதி மற்றும் விண்ணப்ப முறையை அதிகாரப்பூர்வ வேளாண்மைத் துறை சேனலில் சரிபார்க்க வேண்டும்."
CA_02188,scheme,அரசுத் திட்டம்,millet,சிறுதானியம்,sandy,மணல் மண்,"அரசுத் திட்டங்கள் காலம், மாவட்டம் மற்றும் தகுதி அடிப்படையில் மாறலாம். தற்போதைய தகுதி மற்றும் விண்ணப்ப முறையை அதிகாரப்பூர்வ வேளாண்மைத் துறை சேனலில் சரிபார்க்க வேண்டும்."
CA_02189,scheme,அரசுத் திட்டம்,millet,சிறுதானியம்,clay,களிமண்,"அரசுத் திட்டங்கள் காலம், மாவட்டம் மற்றும் தகுதி அடிப்படையில் மாறலாம். தற்போதைய தகுதி மற்றும் விண்ணப்ப முறையை அதிகாரப்பூர்வ வேளாண்மைத் துறை சேனலில் சரிபார்க்க வேண்டும்."
CA_02190,scheme,அரசுத் திட்டம்,millet,சிறுதானியம்,loamy,கலப்பு மண்,"அரசுத் திட்டங்கள் காலம், மாவட்டம் மற்றும் தகுதி அடிப்படையில் மாறலாம். தற்போதைய தகுதி மற்றும் விண்ணப்ப முறையை அதிகாரப்பூர்வ வேளாண்மைத் துறை சேனலில் சரிபார்க்க வேண்டும்."
CA_02191,scheme,அரசுத் திட்டம்,millet,சிறுதானியம்,laterite,சரளை மண்,"அரசுத் திட்டங்கள் காலம், மாவட்டம் மற்றும் தகுதி அடிப்படையில் மாறலாம். தற்போதைய தகுதி மற்றும் விண்ணப்ப முறையை அதிகாரப்பூர்வ வேளாண்மைத் துறை சேனலில் சரிபார்க்க வேண்டும்."
CA_02192,scheme,அரசுத் திட்டம்,tomato,தக்காளி,red,செம்மண்,"அரசுத் திட்டங்கள் காலம், மாவட்டம் மற்றும் தகுதி அடிப்படையில் மாறலாம். தற்போதைய தகுதி மற்றும் விண்ணப்ப முறையை அதிகாரப்பூர்வ வேளாண்மைத் துறை சேனலில் சரிபார்க்க வேண்டும்."
CA_02193,scheme,அரசுத் திட்டம்,tomato,தக்காளி,black,கரிசல் மண்,"அரசுத் திட்டங்கள் காலம், மாவட்டம் மற்றும் தகுதி அடிப்படையில் மாறலாம். தற்போதைய தகுதி மற்றும் விண்ணப்ப முறையை அதிகாரப்பூர்வ வேளாண்மைத் துறை சேனலில் சரிபார்க்க வேண்டும்."
CA_02194,scheme,அரசுத் திட்டம்,tomato,தக்காளி,alluvial,வண்டல் மண்,"அரசுத் திட்டங்கள் காலம், மாவட்டம் மற்றும் தகுதி அடிப்படையில் மாறலாம். தற்போதைய தகுதி மற்றும் விண்ணப்ப முறையை அதிகாரப்பூர்வ வேளாண்மைத் துறை சேனலில் சரிபார்க்க வேண்டும்."
CA_02195,scheme,அரசுத் திட்டம்,tomato,தக்காளி,sandy,மணல் மண்,"அரசுத் திட்டங்கள் காலம், மாவட்டம் மற்றும் தகுதி அடிப்படையில் மாறலாம். தற்போதைய தகுதி மற்றும் விண்ணப்ப முறையை அதிகாரப்பூர்வ வேளாண்மைத் துறை சேனலில் சரிபார்க்க வேண்டும்."
CA_02196,scheme,அரசுத் திட்டம்,tomato,தக்காளி,clay,களிமண்,"அரசுத் திட்டங்கள் காலம், மாவட்டம் மற்றும் தகுதி அடிப்படையில் மாறலாம். தற்போதைய தகுதி மற்றும் விண்ணப்ப முறையை அதிகாரப்பூர்வ வேளாண்மைத் துறை சேனலில் சரிபார்க்க வேண்டும்."
CA_02197,scheme,அரசுத் திட்டம்,tomato,தக்காளி,loamy,கலப்பு மண்,"அரசுத் திட்டங்கள் காலம், மாவட்டம் மற்றும் தகுதி அடிப்படையில் மாறலாம். தற்போதைய தகுதி மற்றும் விண்ணப்ப முறையை அதிகாரப்பூர்வ வேளாண்மைத் துறை சேனலில் சரிபார்க்க வேண்டும்."
CA_02198,scheme,அரசுத் திட்டம்,tomato,தக்காளி,laterite,சரளை மண்,"அரசுத் திட்டங்கள் காலம், மாவட்டம் மற்றும் தகுதி அடிப்படையில் மாறலாம். தற்போதைய தகுதி மற்றும் விண்ணப்ப முறையை அதிகாரப்பூர்வ வேளாண்மைத் துறை சேனலில் சரிபார்க்க வேண்டும்."
CA_02199,scheme,அரசுத் திட்டம்,chilli,மிளகாய்,red,செம்மண்,"அரசுத் திட்டங்கள் காலம், மாவட்டம் மற்றும் தகுதி அடிப்படையில் மாறலாம். தற்போதைய தகுதி மற்றும் விண்ணப்ப முறையை அதிகாரப்பூர்வ வேளாண்மைத் துறை சேனலில் சரிபார்க்க வேண்டும்."
CA_02200,scheme,அரசுத் திட்டம்,chilli,மிளகாய்,black,கரிசல் மண்,"அரசுத் திட்டங்கள் காலம், மாவட்டம் மற்றும் தகுதி அடிப்படையில் மாறலாம். தற்போதைய தகுதி மற்றும் விண்ணப்ப முறையை அதிகாரப்பூர்வ வேளாண்மைத் துறை சேனலில் சரிபார்க்க வேண்டும்."
CA_02201,scheme,அரசுத் திட்டம்,chilli,மிளகாய்,alluvial,வண்டல் மண்,"அரசுத் திட்டங்கள் காலம், மாவட்டம் மற்றும் தகுதி அடிப்படையில் மாறலாம். தற்போதைய தகுதி மற்றும் விண்ணப்ப முறையை அதிகாரப்பூர்வ வேளாண்மைத் துறை சேனலில் சரிபார்க்க வேண்டும்."
CA_02202,scheme,அரசுத் திட்டம்,chilli,மிளகாய்,sandy,மணல் மண்,"அரசுத் திட்டங்கள் காலம், மாவட்டம் மற்றும் தகுதி அடிப்படையில் மாறலாம். தற்போதைய தகுதி மற்றும் விண்ணப்ப முறையை அதிகாரப்பூர்வ வேளாண்மைத் துறை சேனலில் சரிபார்க்க வேண்டும்."
CA_02203,scheme,அரசுத் திட்டம்,chilli,மிளகாய்,clay,களிமண்,"அரசுத் திட்டங்கள் காலம், மாவட்டம் மற்றும் தகுதி அடிப்படையில் மாறலாம். தற்போதைய தகுதி மற்றும் விண்ணப்ப முறையை அதிகாரப்பூர்வ வேளாண்மைத் துறை சேனலில் சரிபார்க்க வேண்டும்."
CA_02204,scheme,அரசுத் திட்டம்,chilli,மிளகாய்,loamy,கலப்பு மண்,"அரசுத் திட்டங்கள் காலம், மாவட்டம் மற்றும் தகுதி அடிப்படையில் மாறலாம். தற்போதைய தகுதி மற்றும் விண்ணப்ப முறையை அதிகாரப்பூர்வ வேளாண்மைத் துறை சேனலில் சரிபார்க்க வேண்டும்."
CA_02205,scheme,அரசுத் திட்டம்,chilli,மிளகாய்,laterite,சரளை மண்,"அரசுத் திட்டங்கள் காலம், மாவட்டம் மற்றும் தகுதி அடிப்படையில் மாறலாம். தற்போதைய தகுதி மற்றும் விண்ணப்ப முறையை அதிகாரப்பூர்வ வேளாண்மைத் துறை சேனலில் சரிபார்க்க வேண்டும்."
CA_02206,scheme,அரசுத் திட்டம்,onion,வெங்காயம்,red,செம்மண்,"அரசுத் திட்டங்கள் காலம், மாவட்டம் மற்றும் தகுதி அடிப்படையில் மாறலாம். தற்போதைய தகுதி மற்றும் விண்ணப்ப முறையை அதிகாரப்பூர்வ வேளாண்மைத் துறை சேனலில் சரிபார்க்க வேண்டும்."
CA_02207,scheme,அரசுத் திட்டம்,onion,வெங்காயம்,black,கரிசல் மண்,"அரசுத் திட்டங்கள் காலம், மாவட்டம் மற்றும் தகுதி அடிப்படையில் மாறலாம். தற்போதைய தகுதி மற்றும் விண்ணப்ப முறையை அதிகாரப்பூர்வ வேளாண்மைத் துறை சேனலில் சரிபார்க்க வேண்டும்."
CA_02208,scheme,அரசுத் திட்டம்,onion,வெங்காயம்,alluvial,வண்டல் மண்,"அரசுத் திட்டங்கள் காலம், மாவட்டம் மற்றும் தகுதி அடிப்படையில் மாறலாம். தற்போதைய தகுதி மற்றும் விண்ணப்ப முறையை அதிகாரப்பூர்வ வேளாண்மைத் துறை சேனலில் சரிபார்க்க வேண்டும்."
CA_02209,scheme,அரசுத் திட்டம்,onion,வெங்காயம்,sandy,மணல் மண்,"அரசுத் திட்டங்கள் காலம், மாவட்டம் மற்றும் தகுதி அடிப்படையில் மாறலாம். தற்போதைய தகுதி மற்றும் விண்ணப்ப முறையை அதிகாரப்பூர்வ வேளாண்மைத் துறை சேனலில் சரிபார்க்க வேண்டும்."
CA_02210,scheme,அரசுத் திட்டம்,onion,வெங்காயம்,clay,களிமண்,"அரசுத் திட்டங்கள் காலம், மாவட்டம் மற்றும் தகுதி அடிப்படையில் மாறலாம். தற்போதைய தகுதி மற்றும் விண்ணப்ப முறையை அதிகாரப்பூர்வ வேளாண்மைத் துறை சேனலில் சரிபார்க்க வேண்டும்."
CA_02211,scheme,அரசுத் திட்டம்,onion,வெங்காயம்,loamy,கலப்பு மண்,"அரசுத் திட்டங்கள் காலம், மாவட்டம் மற்றும் தகுதி அடிப்படையில் மாறலாம். தற்போதைய தகுதி மற்றும் விண்ணப்ப முறையை அதிகாரப்பூர்வ வேளாண்மைத் துறை சேனலில் சரிபார்க்க வேண்டும்."
CA_02212,scheme,அரசுத் திட்டம்,onion,வெங்காயம்,laterite,சரளை மண்,"அரசுத் திட்டங்கள் காலம், மாவட்டம் மற்றும் தகுதி அடிப்படையில் மாறலாம். தற்போதைய தகுதி மற்றும் விண்ணப்ப முறையை அதிகாரப்பூர்வ வேளாண்மைத் துறை சேனலில் சரிபார்க்க வேண்டும்."
CA_02213,scheme,அரசுத் திட்டம்,turmeric,மஞ்சள்,red,செம்மண்,"அரசுத் திட்டங்கள் காலம், மாவட்டம் மற்றும் தகுதி அடிப்படையில் மாறலாம். தற்போதைய தகுதி மற்றும் விண்ணப்ப முறையை அதிகாரப்பூர்வ வேளாண்மைத் துறை சேனலில் சரிபார்க்க வேண்டும்."
CA_02214,scheme,அரசுத் திட்டம்,turmeric,மஞ்சள்,black,கரிசல் மண்,"அரசுத் திட்டங்கள் காலம், மாவட்டம் மற்றும் தகுதி அடிப்படையில் மாறலாம். தற்போதைய தகுதி மற்றும் விண்ணப்ப முறையை அதிகாரப்பூர்வ வேளாண்மைத் துறை சேனலில் சரிபார்க்க வேண்டும்."
CA_02215,scheme,அரசுத் திட்டம்,turmeric,மஞ்சள்,alluvial,வண்டல் மண்,"அரசுத் திட்டங்கள் காலம், மாவட்டம் மற்றும் தகுதி அடிப்படையில் மாறலாம். தற்போதைய தகுதி மற்றும் விண்ணப்ப முறையை அதிகாரப்பூர்வ வேளாண்மைத் துறை சேனலில் சரிபார்க்க வேண்டும்."
CA_02216,scheme,அரசுத் திட்டம்,turmeric,மஞ்சள்,sandy,மணல் மண்,"அரசுத் திட்டங்கள் காலம், மாவட்டம் மற்றும் தகுதி அடிப்படையில் மாறலாம். தற்போதைய தகுதி மற்றும் விண்ணப்ப முறையை அதிகாரப்பூர்வ வேளாண்மைத் துறை சேனலில் சரிபார்க்க வேண்டும்."
CA_02217,scheme,அரசுத் திட்டம்,turmeric,மஞ்சள்,clay,களிமண்,"அரசுத் திட்டங்கள் காலம், மாவட்டம் மற்றும் தகுதி அடிப்படையில் மாறலாம். தற்போதைய தகுதி மற்றும் விண்ணப்ப முறையை அதிகாரப்பூர்வ வேளாண்மைத் துறை சேனலில் சரிபார்க்க வேண்டும்."
CA_02218,scheme,அரசுத் திட்டம்,turmeric,மஞ்சள்,loamy,கலப்பு மண்,"அரசுத் திட்டங்கள் காலம், மாவட்டம் மற்றும் தகுதி அடிப்படையில் மாறலாம். தற்போதைய தகுதி மற்றும் விண்ணப்ப முறையை அதிகாரப்பூர்வ வேளாண்மைத் துறை சேனலில் சரிபார்க்க வேண்டும்."
CA_02219,scheme,அரசுத் திட்டம்,turmeric,மஞ்சள்,laterite,சரளை மண்,"அரசுத் திட்டங்கள் காலம், மாவட்டம் மற்றும் தகுதி அடிப்படையில் மாறலாம். தற்போதைய தகுதி மற்றும் விண்ணப்ப முறையை அதிகாரப்பூர்வ வேளாண்மைத் துறை சேனலில் சரிபார்க்க வேண்டும்."
CA_02220,scheme,அரசுத் திட்டம்,brinjal,கத்தரிக்காய்,red,செம்மண்,"அரசுத் திட்டங்கள் காலம், மாவட்டம் மற்றும் தகுதி அடிப்படையில் மாறலாம். தற்போதைய தகுதி மற்றும் விண்ணப்ப முறையை அதிகாரப்பூர்வ வேளாண்மைத் துறை சேனலில் சரிபார்க்க வேண்டும்."
CA_02221,scheme,அரசுத் திட்டம்,brinjal,கத்தரிக்காய்,black,கரிசல் மண்,"அரசுத் திட்டங்கள் காலம், மாவட்டம் மற்றும் தகுதி அடிப்படையில் மாறலாம். தற்போதைய தகுதி மற்றும் விண்ணப்ப முறையை அதிகாரப்பூர்வ வேளாண்மைத் துறை சேனலில் சரிபார்க்க வேண்டும்."
CA_02222,scheme,அரசுத் திட்டம்,brinjal,கத்தரிக்காய்,alluvial,வண்டல் மண்,"அரசுத் திட்டங்கள் காலம், மாவட்டம் மற்றும் தகுதி அடிப்படையில் மாறலாம். தற்போதைய தகுதி மற்றும் விண்ணப்ப முறையை அதிகாரப்பூர்வ வேளாண்மைத் துறை சேனலில் சரிபார்க்க வேண்டும்."
CA_02223,scheme,அரசுத் திட்டம்,brinjal,கத்தரிக்காய்,sandy,மணல் மண்,"அரசுத் திட்டங்கள் காலம், மாவட்டம் மற்றும் தகுதி அடிப்படையில் மாறலாம். தற்போதைய தகுதி மற்றும் விண்ணப்ப முறையை அதிகாரப்பூர்வ வேளாண்மைத் துறை சேனலில் சரிபார்க்க வேண்டும்."
CA_02224,scheme,அரசுத் திட்டம்,brinjal,கத்தரிக்காய்,clay,களிமண்,"அரசுத் திட்டங்கள் காலம், மாவட்டம் மற்றும் தகுதி அடிப்படையில் மாறலாம். தற்போதைய தகுதி மற்றும் விண்ணப்ப முறையை அதிகாரப்பூர்வ வேளாண்மைத் துறை சேனலில் சரிபார்க்க வேண்டும்."
CA_02225,scheme,அரசுத் திட்டம்,brinjal,கத்தரிக்காய்,loamy,கலப்பு மண்,"அரசுத் திட்டங்கள் காலம், மாவட்டம் மற்றும் தகுதி அடிப்படையில் மாறலாம். தற்போதைய தகுதி மற்றும் விண்ணப்ப முறையை அதிகாரப்பூர்வ வேளாண்மைத் துறை சேனலில் சரிபார்க்க வேண்டும்."
CA_02226,scheme,அரசுத் திட்டம்,brinjal,கத்தரிக்காய்,laterite,சரளை மண்,"அரசுத் திட்டங்கள் காலம், மாவட்டம் மற்றும் தகுதி அடிப்படையில் மாறலாம். தற்போதைய தகுதி மற்றும் விண்ணப்ப முறையை அதிகாரப்பூர்வ வேளாண்மைத் துறை சேனலில் சரிபார்க்க வேண்டும்."
CA_02227,scheme,அரசுத் திட்டம்,okra,வெண்டைக்காய்,red,செம்மண்,"அரசுத் திட்டங்கள் காலம், மாவட்டம் மற்றும் தகுதி அடிப்படையில் மாறலாம். தற்போதைய தகுதி மற்றும் விண்ணப்ப முறையை அதிகாரப்பூர்வ வேளாண்மைத் துறை சேனலில் சரிபார்க்க வேண்டும்."
CA_02228,scheme,அரசுத் திட்டம்,okra,வெண்டைக்காய்,black,கரிசல் மண்,"அரசுத் திட்டங்கள் காலம், மாவட்டம் மற்றும் தகுதி அடிப்படையில் மாறலாம். தற்போதைய தகுதி மற்றும் விண்ணப்ப முறையை அதிகாரப்பூர்வ வேளாண்மைத் துறை சேனலில் சரிபார்க்க வேண்டும்."
CA_02229,scheme,அரசுத் திட்டம்,okra,வெண்டைக்காய்,alluvial,வண்டல் மண்,"அரசுத் திட்டங்கள் காலம், மாவட்டம் மற்றும் தகுதி அடிப்படையில் மாறலாம். தற்போதைய தகுதி மற்றும் விண்ணப்ப முறையை அதிகாரப்பூர்வ வேளாண்மைத் துறை சேனலில் சரிபார்க்க வேண்டும்."
CA_02230,scheme,அரசுத் திட்டம்,okra,வெண்டைக்காய்,sandy,மணல் மண்,"அரசுத் திட்டங்கள் காலம், மாவட்டம் மற்றும் தகுதி அடிப்படையில் மாறலாம். தற்போதைய தகுதி மற்றும் விண்ணப்ப முறையை அதிகாரப்பூர்வ வேளாண்மைத் துறை சேனலில் சரிபார்க்க வேண்டும்."
CA_02231,scheme,அரசுத் திட்டம்,okra,வெண்டைக்காய்,clay,களிமண்,"அரசுத் திட்டங்கள் காலம், மாவட்டம் மற்றும் தகுதி அடிப்படையில் மாறலாம். தற்போதைய தகுதி மற்றும் விண்ணப்ப முறையை அதிகாரப்பூர்வ வேளாண்மைத் துறை சேனலில் சரிபார்க்க வேண்டும்."
CA_02232,scheme,அரசுத் திட்டம்,okra,வெண்டைக்காய்,loamy,கலப்பு மண்,"அரசுத் திட்டங்கள் காலம், மாவட்டம் மற்றும் தகுதி அடிப்படையில் மாறலாம். தற்போதைய தகுதி மற்றும் விண்ணப்ப முறையை அதிகாரப்பூர்வ வேளாண்மைத் துறை சேனலில் சரிபார்க்க வேண்டும்."
CA_02233,scheme,அரசுத் திட்டம்,okra,வெண்டைக்காய்,laterite,சரளை மண்,"அரசுத் திட்டங்கள் காலம், மாவட்டம் மற்றும் தகுதி அடிப்படையில் மாறலாம். தற்போதைய தகுதி மற்றும் விண்ணப்ப முறையை அதிகாரப்பூர்வ வேளாண்மைத் துறை சேனலில் சரிபார்க்க வேண்டும்."
CA_02234,scheme,அரசுத் திட்டம்,coconut,தேங்காய்,red,செம்மண்,"அரசுத் திட்டங்கள் காலம், மாவட்டம் மற்றும் தகுதி அடிப்படையில் மாறலாம். தற்போதைய தகுதி மற்றும் விண்ணப்ப முறையை அதிகாரப்பூர்வ வேளாண்மைத் துறை சேனலில் சரிபார்க்க வேண்டும்."
CA_02235,scheme,அரசுத் திட்டம்,coconut,தேங்காய்,black,கரிசல் மண்,"அரசுத் திட்டங்கள் காலம், மாவட்டம் மற்றும் தகுதி அடிப்படையில் மாறலாம். தற்போதைய தகுதி மற்றும் விண்ணப்ப முறையை அதிகாரப்பூர்வ வேளாண்மைத் துறை சேனலில் சரிபார்க்க வேண்டும்."
CA_02236,scheme,அரசுத் திட்டம்,coconut,தேங்காய்,alluvial,வண்டல் மண்,"அரசுத் திட்டங்கள் காலம், மாவட்டம் மற்றும் தகுதி அடிப்படையில் மாறலாம். தற்போதைய தகுதி மற்றும் விண்ணப்ப முறையை அதிகாரப்பூர்வ வேளாண்மைத் துறை சேனலில் சரிபார்க்க வேண்டும்."
CA_02237,scheme,அரசுத் திட்டம்,coconut,தேங்காய்,sandy,மணல் மண்,"அரசுத் திட்டங்கள் காலம், மாவட்டம் மற்றும் தகுதி அடிப்படையில் மாறலாம். தற்போதைய தகுதி மற்றும் விண்ணப்ப முறையை அதிகாரப்பூர்வ வேளாண்மைத் துறை சேனலில் சரிபார்க்க வேண்டும்."
CA_02238,scheme,அரசுத் திட்டம்,coconut,தேங்காய்,clay,களிமண்,"அரசுத் திட்டங்கள் காலம், மாவட்டம் மற்றும் தகுதி அடிப்படையில் மாறலாம். தற்போதைய தகுதி மற்றும் விண்ணப்ப முறையை அதிகாரப்பூர்வ வேளாண்மைத் துறை சேனலில் சரிபார்க்க வேண்டும்."
CA_02239,scheme,அரசுத் திட்டம்,coconut,தேங்காய்,loamy,கலப்பு மண்,"அரசுத் திட்டங்கள் காலம், மாவட்டம் மற்றும் தகுதி அடிப்படையில் மாறலாம். தற்போதைய தகுதி மற்றும் விண்ணப்ப முறையை அதிகாரப்பூர்வ வேளாண்மைத் துறை சேனலில் சரிபார்க்க வேண்டும்."
CA_02240,scheme,அரசுத் திட்டம்,coconut,தேங்காய்,laterite,சரளை மண்,"அரசுத் திட்டங்கள் காலம், மாவட்டம் மற்றும் தகுதி அடிப்படையில் மாறலாம். தற்போதைய தகுதி மற்றும் விண்ணப்ப முறையை அதிகாரப்பூர்வ வேளாண்மைத் துறை சேனலில் சரிபார்க்க வேண்டும்."
CA_02241,scheme,அரசுத் திட்டம்,pulses,பயறு,red,செம்மண்,"அரசுத் திட்டங்கள் காலம், மாவட்டம் மற்றும் தகுதி அடிப்படையில் மாறலாம். தற்போதைய தகுதி மற்றும் விண்ணப்ப முறையை அதிகாரப்பூர்வ வேளாண்மைத் துறை சேனலில் சரிபார்க்க வேண்டும்."
CA_02242,scheme,அரசுத் திட்டம்,pulses,பயறு,black,கரிசல் மண்,"அரசுத் திட்டங்கள் காலம், மாவட்டம் மற்றும் தகுதி அடிப்படையில் மாறலாம். தற்போதைய தகுதி மற்றும் விண்ணப்ப முறையை அதிகாரப்பூர்வ வேளாண்மைத் துறை சேனலில் சரிபார்க்க வேண்டும்."
CA_02243,scheme,அரசுத் திட்டம்,pulses,பயறு,alluvial,வண்டல் மண்,"அரசுத் திட்டங்கள் காலம், மாவட்டம் மற்றும் தகுதி அடிப்படையில் மாறலாம். தற்போதைய தகுதி மற்றும் விண்ணப்ப முறையை அதிகாரப்பூர்வ வேளாண்மைத் துறை சேனலில் சரிபார்க்க வேண்டும்."
CA_02244,scheme,அரசுத் திட்டம்,pulses,பயறு,sandy,மணல் மண்,"அரசுத் திட்டங்கள் காலம், மாவட்டம் மற்றும் தகுதி அடிப்படையில் மாறலாம். தற்போதைய தகுதி மற்றும் விண்ணப்ப முறையை அதிகாரப்பூர்வ வேளாண்மைத் துறை சேனலில் சரிபார்க்க வேண்டும்."
CA_02245,scheme,அரசுத் திட்டம்,pulses,பயறு,clay,களிமண்,"அரசுத் திட்டங்கள் காலம், மாவட்டம் மற்றும் தகுதி அடிப்படையில் மாறலாம். தற்போதைய தகுதி மற்றும் விண்ணப்ப முறையை அதிகாரப்பூர்வ வேளாண்மைத் துறை சேனலில் சரிபார்க்க வேண்டும்."
CA_02246,scheme,அரசுத் திட்டம்,pulses,பயறு,loamy,கலப்பு மண்,"அரசுத் திட்டங்கள் காலம், மாவட்டம் மற்றும் தகுதி அடிப்படையில் மாறலாம். தற்போதைய தகுதி மற்றும் விண்ணப்ப முறையை அதிகாரப்பூர்வ வேளாண்மைத் துறை சேனலில் சரிபார்க்க வேண்டும்."
CA_02247,scheme,அரசுத் திட்டம்,pulses,பயறு,laterite,சரளை மண்,"அரசுத் திட்டங்கள் காலம், மாவட்டம் மற்றும் தகுதி அடிப்படையில் மாறலாம். தற்போதைய தகுதி மற்றும் விண்ணப்ப முறையை அதிகாரப்பூர்வ வேளாண்மைத் துறை சேனலில் சரிபார்க்க வேண்டும்."
CA_02248,scheme,அரசுத் திட்டம்,sesame,எள்,red,செம்மண்,"அரசுத் திட்டங்கள் காலம், மாவட்டம் மற்றும் தகுதி அடிப்படையில் மாறலாம். தற்போதைய தகுதி மற்றும் விண்ணப்ப முறையை அதிகாரப்பூர்வ வேளாண்மைத் துறை சேனலில் சரிபார்க்க வேண்டும்."
CA_02249,scheme,அரசுத் திட்டம்,sesame,எள்,black,கரிசல் மண்,"அரசுத் திட்டங்கள் காலம், மாவட்டம் மற்றும் தகுதி அடிப்படையில் மாறலாம். தற்போதைய தகுதி மற்றும் விண்ணப்ப முறையை அதிகாரப்பூர்வ வேளாண்மைத் துறை சேனலில் சரிபார்க்க வேண்டும்."
CA_02250,scheme,அரசுத் திட்டம்,sesame,எள்,alluvial,வண்டல் மண்,"அரசுத் திட்டங்கள் காலம், மாவட்டம் மற்றும் தகுதி அடிப்படையில் மாறலாம். தற்போதைய தகுதி மற்றும் விண்ணப்ப முறையை அதிகாரப்பூர்வ வேளாண்மைத் துறை சேனலில் சரிபார்க்க வேண்டும்."
CA_02251,scheme,அரசுத் திட்டம்,sesame,எள்,sandy,மணல் மண்,"அரசுத் திட்டங்கள் காலம், மாவட்டம் மற்றும் தகுதி அடிப்படையில் மாறலாம். தற்போதைய தகுதி மற்றும் விண்ணப்ப முறையை அதிகாரப்பூர்வ வேளாண்மைத் துறை சேனலில் சரிபார்க்க வேண்டும்."
CA_02252,scheme,அரசுத் திட்டம்,sesame,எள்,clay,களிமண்,"அரசுத் திட்டங்கள் காலம், மாவட்டம் மற்றும் தகுதி அடிப்படையில் மாறலாம். தற்போதைய தகுதி மற்றும் விண்ணப்ப முறையை அதிகாரப்பூர்வ வேளாண்மைத் துறை சேனலில் சரிபார்க்க வேண்டும்."
CA_02253,scheme,அரசுத் திட்டம்,sesame,எள்,loamy,கலப்பு மண்,"அரசுத் திட்டங்கள் காலம், மாவட்டம் மற்றும் தகுதி அடிப்படையில் மாறலாம். தற்போதைய தகுதி மற்றும் விண்ணப்ப முறையை அதிகாரப்பூர்வ வேளாண்மைத் துறை சேனலில் சரிபார்க்க வேண்டும்."
CA_02254,scheme,அரசுத் திட்டம்,sesame,எள்,laterite,சரளை மண்,"அரசுத் திட்டங்கள் காலம், மாவட்டம் மற்றும் தகுதி அடிப்படையில் மாறலாம். தற்போதைய தகுதி மற்றும் விண்ணப்ப முறையை அதிகாரப்பூர்வ வேளாண்மைத் துறை சேனலில் சரிபார்க்க வேண்டும்."
CA_02255,scheme,அரசுத் திட்டம்,tapioca,மரவள்ளி,red,செம்மண்,"அரசுத் திட்டங்கள் காலம், மாவட்டம் மற்றும் தகுதி அடிப்படையில் மாறலாம். தற்போதைய தகுதி மற்றும் விண்ணப்ப முறையை அதிகாரப்பூர்வ வேளாண்மைத் துறை சேனலில் சரிபார்க்க வேண்டும்."
CA_02256,scheme,அரசுத் திட்டம்,tapioca,மரவள்ளி,black,கரிசல் மண்,"அரசுத் திட்டங்கள் காலம், மாவட்டம் மற்றும் தகுதி அடிப்படையில் மாறலாம். தற்போதைய தகுதி மற்றும் விண்ணப்ப முறையை அதிகாரப்பூர்வ வேளாண்மைத் துறை சேனலில் சரிபார்க்க வேண்டும்."
CA_02257,scheme,அரசுத் திட்டம்,tapioca,மரவள்ளி,alluvial,வண்டல் மண்,"அரசுத் திட்டங்கள் காலம், மாவட்டம் மற்றும் தகுதி அடிப்படையில் மாறலாம். தற்போதைய தகுதி மற்றும் விண்ணப்ப முறையை அதிகாரப்பூர்வ வேளாண்மைத் துறை சேனலில் சரிபார்க்க வேண்டும்."
CA_02258,scheme,அரசுத் திட்டம்,tapioca,மரவள்ளி,sandy,மணல் மண்,"அரசுத் திட்டங்கள் காலம், மாவட்டம் மற்றும் தகுதி அடிப்படையில் மாறலாம். தற்போதைய தகுதி மற்றும் விண்ணப்ப முறையை அதிகாரப்பூர்வ வேளாண்மைத் துறை சேனலில் சரிபார்க்க வேண்டும்."
CA_02259,scheme,அரசுத் திட்டம்,tapioca,மரவள்ளி,clay,களிமண்,"அரசுத் திட்டங்கள் காலம், மாவட்டம் மற்றும் தகுதி அடிப்படையில் மாறலாம். தற்போதைய தகுதி மற்றும் விண்ணப்ப முறையை அதிகாரப்பூர்வ வேளாண்மைத் துறை சேனலில் சரிபார்க்க வேண்டும்."
CA_02260,scheme,அரசுத் திட்டம்,tapioca,மரவள்ளி,loamy,கலப்பு மண்,"அரசுத் திட்டங்கள் காலம், மாவட்டம் மற்றும் தகுதி அடிப்படையில் மாறலாம். தற்போதைய தகுதி மற்றும் விண்ணப்ப முறையை அதிகாரப்பூர்வ வேளாண்மைத் துறை சேனலில் சரிபார்க்க வேண்டும்."
CA_02261,scheme,அரசுத் திட்டம்,tapioca,மரவள்ளி,laterite,சரளை மண்,"அரசுத் திட்டங்கள் காலம், மாவட்டம் மற்றும் தகுதி அடிப்படையில் மாறலாம். தற்போதைய தகுதி மற்றும் விண்ணப்ப முறையை அதிகாரப்பூர்வ வேளாண்மைத் துறை சேனலில் சரிபார்க்க வேண்டும்."
CA_02262,scheme,அரசுத் திட்டம்,drumstick,முருங்கை,red,செம்மண்,"அரசுத் திட்டங்கள் காலம், மாவட்டம் மற்றும் தகுதி அடிப்படையில் மாறலாம். தற்போதைய தகுதி மற்றும் விண்ணப்ப முறையை அதிகாரப்பூர்வ வேளாண்மைத் துறை சேனலில் சரிபார்க்க வேண்டும்."
CA_02263,scheme,அரசுத் திட்டம்,drumstick,முருங்கை,black,கரிசல் மண்,"அரசுத் திட்டங்கள் காலம், மாவட்டம் மற்றும் தகுதி அடிப்படையில் மாறலாம். தற்போதைய தகுதி மற்றும் விண்ணப்ப முறையை அதிகாரப்பூர்வ வேளாண்மைத் துறை சேனலில் சரிபார்க்க வேண்டும்."
CA_02264,scheme,அரசுத் திட்டம்,drumstick,முருங்கை,alluvial,வண்டல் மண்,"அரசுத் திட்டங்கள் காலம், மாவட்டம் மற்றும் தகுதி அடிப்படையில் மாறலாம். தற்போதைய தகுதி மற்றும் விண்ணப்ப முறையை அதிகாரப்பூர்வ வேளாண்மைத் துறை சேனலில் சரிபார்க்க வேண்டும்."
CA_02265,scheme,அரசுத் திட்டம்,drumstick,முருங்கை,sandy,மணல் மண்,"அரசுத் திட்டங்கள் காலம், மாவட்டம் மற்றும் தகுதி அடிப்படையில் மாறலாம். தற்போதைய தகுதி மற்றும் விண்ணப்ப முறையை அதிகாரப்பூர்வ வேளாண்மைத் துறை சேனலில் சரிபார்க்க வேண்டும்."
CA_02266,scheme,அரசுத் திட்டம்,drumstick,முருங்கை,clay,களிமண்,"அரசுத் திட்டங்கள் காலம், மாவட்டம் மற்றும் தகுதி அடிப்படையில் மாறலாம். தற்போதைய தகுதி மற்றும் விண்ணப்ப முறையை அதிகாரப்பூர்வ வேளாண்மைத் துறை சேனலில் சரிபார்க்க வேண்டும்."
CA_02267,scheme,அரசுத் திட்டம்,drumstick,முருங்கை,loamy,கலப்பு மண்,"அரசுத் திட்டங்கள் காலம், மாவட்டம் மற்றும் தகுதி அடிப்படையில் மாறலாம். தற்போதைய தகுதி மற்றும் விண்ணப்ப முறையை அதிகாரப்பூர்வ வேளாண்மைத் துறை சேனலில் சரிபார்க்க வேண்டும்."
CA_02268,scheme,அரசுத் திட்டம்,drumstick,முருங்கை,laterite,சரளை மண்,"அரசுத் திட்டங்கள் காலம், மாவட்டம் மற்றும் தகுதி அடிப்படையில் மாறலாம். தற்போதைய தகுதி மற்றும் விண்ணப்ப முறையை அதிகாரப்பூர்வ வேளாண்மைத் துறை சேனலில் சரிபார்க்க வேண்டும்."
CA_02269,loan,கடன்,rice,நெல்,red,செம்மண்,"விவசாயக் கடனுக்கான ஆவணங்கள் மற்றும் தகுதி வங்கியைப் பொறுத்து மாறலாம். தற்போதைய வட்டி, வரம்பு மற்றும் தேவையான ஆவணங்களை உங்கள் வங்கி அல்லது அதிகாரப்பூர்வ சேனலில் உறுதி செய்யுங்கள்."
CA_02270,loan,கடன்,rice,நெல்,black,கரிசல் மண்,"விவசாயக் கடனுக்கான ஆவணங்கள் மற்றும் தகுதி வங்கியைப் பொறுத்து மாறலாம். தற்போதைய வட்டி, வரம்பு மற்றும் தேவையான ஆவணங்களை உங்கள் வங்கி அல்லது அதிகாரப்பூர்வ சேனலில் உறுதி செய்யுங்கள்."
CA_02271,loan,கடன்,rice,நெல்,alluvial,வண்டல் மண்,"விவசாயக் கடனுக்கான ஆவணங்கள் மற்றும் தகுதி வங்கியைப் பொறுத்து மாறலாம். தற்போதைய வட்டி, வரம்பு மற்றும் தேவையான ஆவணங்களை உங்கள் வங்கி அல்லது அதிகாரப்பூர்வ சேனலில் உறுதி செய்யுங்கள்."
CA_02272,loan,கடன்,rice,நெல்,sandy,மணல் மண்,"விவசாயக் கடனுக்கான ஆவணங்கள் மற்றும் தகுதி வங்கியைப் பொறுத்து மாறலாம். தற்போதைய வட்டி, வரம்பு மற்றும் தேவையான ஆவணங்களை உங்கள் வங்கி அல்லது அதிகாரப்பூர்வ சேனலில் உறுதி செய்யுங்கள்."
CA_02273,loan,கடன்,rice,நெல்,clay,களிமண்,"விவசாயக் கடனுக்கான ஆவணங்கள் மற்றும் தகுதி வங்கியைப் பொறுத்து மாறலாம். தற்போதைய வட்டி, வரம்பு மற்றும் தேவையான ஆவணங்களை உங்கள் வங்கி அல்லது அதிகாரப்பூர்வ சேனலில் உறுதி செய்யுங்கள்."
CA_02274,loan,கடன்,rice,நெல்,loamy,கலப்பு மண்,"விவசாயக் கடனுக்கான ஆவணங்கள் மற்றும் தகுதி வங்கியைப் பொறுத்து மாறலாம். தற்போதைய வட்டி, வரம்பு மற்றும் தேவையான ஆவணங்களை உங்கள் வங்கி அல்லது அதிகாரப்பூர்வ சேனலில் உறுதி செய்யுங்கள்."
CA_02275,loan,கடன்,rice,நெல்,laterite,சரளை மண்,"விவசாயக் கடனுக்கான ஆவணங்கள் மற்றும் தகுதி வங்கியைப் பொறுத்து மாறலாம். தற்போதைய வட்டி, வரம்பு மற்றும் தேவையான ஆவணங்களை உங்கள் வங்கி அல்லது அதிகாரப்பூர்வ சேனலில் உறுதி செய்யுங்கள்."
CA_02276,loan,கடன்,banana,வாழை,red,செம்மண்,"விவசாயக் கடனுக்கான ஆவணங்கள் மற்றும் தகுதி வங்கியைப் பொறுத்து மாறலாம். தற்போதைய வட்டி, வரம்பு மற்றும் தேவையான ஆவணங்களை உங்கள் வங்கி அல்லது அதிகாரப்பூர்வ சேனலில் உறுதி செய்யுங்கள்."
CA_02277,loan,கடன்,banana,வாழை,black,கரிசல் மண்,"விவசாயக் கடனுக்கான ஆவணங்கள் மற்றும் தகுதி வங்கியைப் பொறுத்து மாறலாம். தற்போதைய வட்டி, வரம்பு மற்றும் தேவையான ஆவணங்களை உங்கள் வங்கி அல்லது அதிகாரப்பூர்வ சேனலில் உறுதி செய்யுங்கள்."
CA_02278,loan,கடன்,banana,வாழை,alluvial,வண்டல் மண்,"விவசாயக் கடனுக்கான ஆவணங்கள் மற்றும் தகுதி வங்கியைப் பொறுத்து மாறலாம். தற்போதைய வட்டி, வரம்பு மற்றும் தேவையான ஆவணங்களை உங்கள் வங்கி அல்லது அதிகாரப்பூர்வ சேனலில் உறுதி செய்யுங்கள்."
CA_02279,loan,கடன்,banana,வாழை,sandy,மணல் மண்,"விவசாயக் கடனுக்கான ஆவணங்கள் மற்றும் தகுதி வங்கியைப் பொறுத்து மாறலாம். தற்போதைய வட்டி, வரம்பு மற்றும் தேவையான ஆவணங்களை உங்கள் வங்கி அல்லது அதிகாரப்பூர்வ சேனலில் உறுதி செய்யுங்கள்."
CA_02280,loan,கடன்,banana,வாழை,clay,களிமண்,"விவசாயக் கடனுக்கான ஆவணங்கள் மற்றும் தகுதி வங்கியைப் பொறுத்து மாறலாம். தற்போதைய வட்டி, வரம்பு மற்றும் தேவையான ஆவணங்களை உங்கள் வங்கி அல்லது அதிகாரப்பூர்வ சேனலில் உறுதி செய்யுங்கள்."
CA_02281,loan,கடன்,banana,வாழை,loamy,கலப்பு மண்,"விவசாயக் கடனுக்கான ஆவணங்கள் மற்றும் தகுதி வங்கியைப் பொறுத்து மாறலாம். தற்போதைய வட்டி, வரம்பு மற்றும் தேவையான ஆவணங்களை உங்கள் வங்கி அல்லது அதிகாரப்பூர்வ சேனலில் உறுதி செய்யுங்கள்."
CA_02282,loan,கடன்,banana,வாழை,laterite,சரளை மண்,"விவசாயக் கடனுக்கான ஆவணங்கள் மற்றும் தகுதி வங்கியைப் பொறுத்து மாறலாம். தற்போதைய வட்டி, வரம்பு மற்றும் தேவையான ஆவணங்களை உங்கள் வங்கி அல்லது அதிகாரப்பூர்வ சேனலில் உறுதி செய்யுங்கள்."
CA_02283,loan,கடன்,sugarcane,கரும்பு,red,செம்மண்,"விவசாயக் கடனுக்கான ஆவணங்கள் மற்றும் தகுதி வங்கியைப் பொறுத்து மாறலாம். தற்போதைய வட்டி, வரம்பு மற்றும் தேவையான ஆவணங்களை உங்கள் வங்கி அல்லது அதிகாரப்பூர்வ சேனலில் உறுதி செய்யுங்கள்."
CA_02284,loan,கடன்,sugarcane,கரும்பு,black,கரிசல் மண்,"விவசாயக் கடனுக்கான ஆவணங்கள் மற்றும் தகுதி வங்கியைப் பொறுத்து மாறலாம். தற்போதைய வட்டி, வரம்பு மற்றும் தேவையான ஆவணங்களை உங்கள் வங்கி அல்லது அதிகாரப்பூர்வ சேனலில் உறுதி செய்யுங்கள்."
CA_02285,loan,கடன்,sugarcane,கரும்பு,alluvial,வண்டல் மண்,"விவசாயக் கடனுக்கான ஆவணங்கள் மற்றும் தகுதி வங்கியைப் பொறுத்து மாறலாம். தற்போதைய வட்டி, வரம்பு மற்றும் தேவையான ஆவணங்களை உங்கள் வங்கி அல்லது அதிகாரப்பூர்வ சேனலில் உறுதி செய்யுங்கள்."
CA_02286,loan,கடன்,sugarcane,கரும்பு,sandy,மணல் மண்,"விவசாயக் கடனுக்கான ஆவணங்கள் மற்றும் தகுதி வங்கியைப் பொறுத்து மாறலாம். தற்போதைய வட்டி, வரம்பு மற்றும் தேவையான ஆவணங்களை உங்கள் வங்கி அல்லது அதிகாரப்பூர்வ சேனலில் உறுதி செய்யுங்கள்."
CA_02287,loan,கடன்,sugarcane,கரும்பு,clay,களிமண்,"விவசாயக் கடனுக்கான ஆவணங்கள் மற்றும் தகுதி வங்கியைப் பொறுத்து மாறலாம். தற்போதைய வட்டி, வரம்பு மற்றும் தேவையான ஆவணங்களை உங்கள் வங்கி அல்லது அதிகாரப்பூர்வ சேனலில் உறுதி செய்யுங்கள்."
CA_02288,loan,கடன்,sugarcane,கரும்பு,loamy,கலப்பு மண்,"விவசாயக் கடனுக்கான ஆவணங்கள் மற்றும் தகுதி வங்கியைப் பொறுத்து மாறலாம். தற்போதைய வட்டி, வரம்பு மற்றும் தேவையான ஆவணங்களை உங்கள் வங்கி அல்லது அதிகாரப்பூர்வ சேனலில் உறுதி செய்யுங்கள்."
CA_02289,loan,கடன்,sugarcane,கரும்பு,laterite,சரளை மண்,"விவசாயக் கடனுக்கான ஆவணங்கள் மற்றும் தகுதி வங்கியைப் பொறுத்து மாறலாம். தற்போதைய வட்டி, வரம்பு மற்றும் தேவையான ஆவணங்களை உங்கள் வங்கி அல்லது அதிகாரப்பூர்வ சேனலில் உறுதி செய்யுங்கள்."
CA_02290,loan,கடன்,cotton,பருத்தி,red,செம்மண்,"விவசாயக் கடனுக்கான ஆவணங்கள் மற்றும் தகுதி வங்கியைப் பொறுத்து மாறலாம். தற்போதைய வட்டி, வரம்பு மற்றும் தேவையான ஆவணங்களை உங்கள் வங்கி அல்லது அதிகாரப்பூர்வ சேனலில் உறுதி செய்யுங்கள்."
CA_02291,loan,கடன்,cotton,பருத்தி,black,கரிசல் மண்,"விவசாயக் கடனுக்கான ஆவணங்கள் மற்றும் தகுதி வங்கியைப் பொறுத்து மாறலாம். தற்போதைய வட்டி, வரம்பு மற்றும் தேவையான ஆவணங்களை உங்கள் வங்கி அல்லது அதிகாரப்பூர்வ சேனலில் உறுதி செய்யுங்கள்."
CA_02292,loan,கடன்,cotton,பருத்தி,alluvial,வண்டல் மண்,"விவசாயக் கடனுக்கான ஆவணங்கள் மற்றும் தகுதி வங்கியைப் பொறுத்து மாறலாம். தற்போதைய வட்டி, வரம்பு மற்றும் தேவையான ஆவணங்களை உங்கள் வங்கி அல்லது அதிகாரப்பூர்வ சேனலில் உறுதி செய்யுங்கள்."
CA_02293,loan,கடன்,cotton,பருத்தி,sandy,மணல் மண்,"விவசாயக் கடனுக்கான ஆவணங்கள் மற்றும் தகுதி வங்கியைப் பொறுத்து மாறலாம். தற்போதைய வட்டி, வரம்பு மற்றும் தேவையான ஆவணங்களை உங்கள் வங்கி அல்லது அதிகாரப்பூர்வ சேனலில் உறுதி செய்யுங்கள்."
CA_02294,loan,கடன்,cotton,பருத்தி,clay,களிமண்,"விவசாயக் கடனுக்கான ஆவணங்கள் மற்றும் தகுதி வங்கியைப் பொறுத்து மாறலாம். தற்போதைய வட்டி, வரம்பு மற்றும் தேவையான ஆவணங்களை உங்கள் வங்கி அல்லது அதிகாரப்பூர்வ சேனலில் உறுதி செய்யுங்கள்."
CA_02295,loan,கடன்,cotton,பருத்தி,loamy,கலப்பு மண்,"விவசாயக் கடனுக்கான ஆவணங்கள் மற்றும் தகுதி வங்கியைப் பொறுத்து மாறலாம். தற்போதைய வட்டி, வரம்பு மற்றும் தேவையான ஆவணங்களை உங்கள் வங்கி அல்லது அதிகாரப்பூர்வ சேனலில் உறுதி செய்யுங்கள்."
CA_02296,loan,கடன்,cotton,பருத்தி,laterite,சரளை மண்,"விவசாயக் கடனுக்கான ஆவணங்கள் மற்றும் தகுதி வங்கியைப் பொறுத்து மாறலாம். தற்போதைய வட்டி, வரம்பு மற்றும் தேவையான ஆவணங்களை உங்கள் வங்கி அல்லது அதிகாரப்பூர்வ சேனலில் உறுதி செய்யுங்கள்."
CA_02297,loan,கடன்,groundnut,நிலக்கடலை,red,செம்மண்,"விவசாயக் கடனுக்கான ஆவணங்கள் மற்றும் தகுதி வங்கியைப் பொறுத்து மாறலாம். தற்போதைய வட்டி, வரம்பு மற்றும் தேவையான ஆவணங்களை உங்கள் வங்கி அல்லது அதிகாரப்பூர்வ சேனலில் உறுதி செய்யுங்கள்."
CA_02298,loan,கடன்,groundnut,நிலக்கடலை,black,கரிசல் மண்,"விவசாயக் கடனுக்கான ஆவணங்கள் மற்றும் தகுதி வங்கியைப் பொறுத்து மாறலாம். தற்போதைய வட்டி, வரம்பு மற்றும் தேவையான ஆவணங்களை உங்கள் வங்கி அல்லது அதிகாரப்பூர்வ சேனலில் உறுதி செய்யுங்கள்."
CA_02299,loan,கடன்,groundnut,நிலக்கடலை,alluvial,வண்டல் மண்,"விவசாயக் கடனுக்கான ஆவணங்கள் மற்றும் தகுதி வங்கியைப் பொறுத்து மாறலாம். தற்போதைய வட்டி, வரம்பு மற்றும் தேவையான ஆவணங்களை உங்கள் வங்கி அல்லது அதிகாரப்பூர்வ சேனலில் உறுதி செய்யுங்கள்."
CA_02300,loan,கடன்,groundnut,நிலக்கடலை,sandy,மணல் மண்,"விவசாயக் கடனுக்கான ஆவணங்கள் மற்றும் தகுதி வங்கியைப் பொறுத்து மாறலாம். தற்போதைய வட்டி, வரம்பு மற்றும் தேவையான ஆவணங்களை உங்கள் வங்கி அல்லது அதிகாரப்பூர்வ சேனலில் உறுதி செய்யுங்கள்."
CA_02301,loan,கடன்,groundnut,நிலக்கடலை,clay,களிமண்,"விவசாயக் கடனுக்கான ஆவணங்கள் மற்றும் தகுதி வங்கியைப் பொறுத்து மாறலாம். தற்போதைய வட்டி, வரம்பு மற்றும் தேவையான ஆவணங்களை உங்கள் வங்கி அல்லது அதிகாரப்பூர்வ சேனலில் உறுதி செய்யுங்கள்."
CA_02302,loan,கடன்,groundnut,நிலக்கடலை,loamy,கலப்பு மண்,"விவசாயக் கடனுக்கான ஆவணங்கள் மற்றும் தகுதி வங்கியைப் பொறுத்து மாறலாம். தற்போதைய வட்டி, வரம்பு மற்றும் தேவையான ஆவணங்களை உங்கள் வங்கி அல்லது அதிகாரப்பூர்வ சேனலில் உறுதி செய்யுங்கள்."
CA_02303,loan,கடன்,groundnut,நிலக்கடலை,laterite,சரளை மண்,"விவசாயக் கடனுக்கான ஆவணங்கள் மற்றும் தகுதி வங்கியைப் பொறுத்து மாறலாம். தற்போதைய வட்டி, வரம்பு மற்றும் தேவையான ஆவணங்களை உங்கள் வங்கி அல்லது அதிகாரப்பூர்வ சேனலில் உறுதி செய்யுங்கள்."
CA_02304,loan,கடன்,maize,மக்காச்சோளம்,red,செம்மண்,"விவசாயக் கடனுக்கான ஆவணங்கள் மற்றும் தகுதி வங்கியைப் பொறுத்து மாறலாம். தற்போதைய வட்டி, வரம்பு மற்றும் தேவையான ஆவணங்களை உங்கள் வங்கி அல்லது அதிகாரப்பூர்வ சேனலில் உறுதி செய்யுங்கள்."
CA_02305,loan,கடன்,maize,மக்காச்சோளம்,black,கரிசல் மண்,"விவசாயக் கடனுக்கான ஆவணங்கள் மற்றும் தகுதி வங்கியைப் பொறுத்து மாறலாம். தற்போதைய வட்டி, வரம்பு மற்றும் தேவையான ஆவணங்களை உங்கள் வங்கி அல்லது அதிகாரப்பூர்வ சேனலில் உறுதி செய்யுங்கள்."
CA_02306,loan,கடன்,maize,மக்காச்சோளம்,alluvial,வண்டல் மண்,"விவசாயக் கடனுக்கான ஆவணங்கள் மற்றும் தகுதி வங்கியைப் பொறுத்து மாறலாம். தற்போதைய வட்டி, வரம்பு மற்றும் தேவையான ஆவணங்களை உங்கள் வங்கி அல்லது அதிகாரப்பூர்வ சேனலில் உறுதி செய்யுங்கள்."
CA_02307,loan,கடன்,maize,மக்காச்சோளம்,sandy,மணல் மண்,"விவசாயக் கடனுக்கான ஆவணங்கள் மற்றும் தகுதி வங்கியைப் பொறுத்து மாறலாம். தற்போதைய வட்டி, வரம்பு மற்றும் தேவையான ஆவணங்களை உங்கள் வங்கி அல்லது அதிகாரப்பூர்வ சேனலில் உறுதி செய்யுங்கள்."
CA_02308,loan,கடன்,maize,மக்காச்சோளம்,clay,களிமண்,"விவசாயக் கடனுக்கான ஆவணங்கள் மற்றும் தகுதி வங்கியைப் பொறுத்து மாறலாம். தற்போதைய வட்டி, வரம்பு மற்றும் தேவையான ஆவணங்களை உங்கள் வங்கி அல்லது அதிகாரப்பூர்வ சேனலில் உறுதி செய்யுங்கள்."
CA_02309,loan,கடன்,maize,மக்காச்சோளம்,loamy,கலப்பு மண்,"விவசாயக் கடனுக்கான ஆவணங்கள் மற்றும் தகுதி வங்கியைப் பொறுத்து மாறலாம். தற்போதைய வட்டி, வரம்பு மற்றும் தேவையான ஆவணங்களை உங்கள் வங்கி அல்லது அதிகாரப்பூர்வ சேனலில் உறுதி செய்யுங்கள்."
CA_02310,loan,கடன்,maize,மக்காச்சோளம்,laterite,சரளை மண்,"விவசாயக் கடனுக்கான ஆவணங்கள் மற்றும் தகுதி வங்கியைப் பொறுத்து மாறலாம். தற்போதைய வட்டி, வரம்பு மற்றும் தேவையான ஆவணங்களை உங்கள் வங்கி அல்லது அதிகாரப்பூர்வ சேனலில் உறுதி செய்யுங்கள்."
CA_02311,loan,கடன்,millet,சிறுதானியம்,red,செம்மண்,"விவசாயக் கடனுக்கான ஆவணங்கள் மற்றும் தகுதி வங்கியைப் பொறுத்து மாறலாம். தற்போதைய வட்டி, வரம்பு மற்றும் தேவையான ஆவணங்களை உங்கள் வங்கி அல்லது அதிகாரப்பூர்வ சேனலில் உறுதி செய்யுங்கள்."
CA_02312,loan,கடன்,millet,சிறுதானியம்,black,கரிசல் மண்,"விவசாயக் கடனுக்கான ஆவணங்கள் மற்றும் தகுதி வங்கியைப் பொறுத்து மாறலாம். தற்போதைய வட்டி, வரம்பு மற்றும் தேவையான ஆவணங்களை உங்கள் வங்கி அல்லது அதிகாரப்பூர்வ சேனலில் உறுதி செய்யுங்கள்."
CA_02313,loan,கடன்,millet,சிறுதானியம்,alluvial,வண்டல் மண்,"விவசாயக் கடனுக்கான ஆவணங்கள் மற்றும் தகுதி வங்கியைப் பொறுத்து மாறலாம். தற்போதைய வட்டி, வரம்பு மற்றும் தேவையான ஆவணங்களை உங்கள் வங்கி அல்லது அதிகாரப்பூர்வ சேனலில் உறுதி செய்யுங்கள்."
CA_02314,loan,கடன்,millet,சிறுதானியம்,sandy,மணல் மண்,"விவசாயக் கடனுக்கான ஆவணங்கள் மற்றும் தகுதி வங்கியைப் பொறுத்து மாறலாம். தற்போதைய வட்டி, வரம்பு மற்றும் தேவையான ஆவணங்களை உங்கள் வங்கி அல்லது அதிகாரப்பூர்வ சேனலில் உறுதி செய்யுங்கள்."
CA_02315,loan,கடன்,millet,சிறுதானியம்,clay,களிமண்,"விவசாயக் கடனுக்கான ஆவணங்கள் மற்றும் தகுதி வங்கியைப் பொறுத்து மாறலாம். தற்போதைய வட்டி, வரம்பு மற்றும் தேவையான ஆவணங்களை உங்கள் வங்கி அல்லது அதிகாரப்பூர்வ சேனலில் உறுதி செய்யுங்கள்."
CA_02316,loan,கடன்,millet,சிறுதானியம்,loamy,கலப்பு மண்,"விவசாயக் கடனுக்கான ஆவணங்கள் மற்றும் தகுதி வங்கியைப் பொறுத்து மாறலாம். தற்போதைய வட்டி, வரம்பு மற்றும் தேவையான ஆவணங்களை உங்கள் வங்கி அல்லது அதிகாரப்பூர்வ சேனலில் உறுதி செய்யுங்கள்."
CA_02317,loan,கடன்,millet,சிறுதானியம்,laterite,சரளை மண்,"விவசாயக் கடனுக்கான ஆவணங்கள் மற்றும் தகுதி வங்கியைப் பொறுத்து மாறலாம். தற்போதைய வட்டி, வரம்பு மற்றும் தேவையான ஆவணங்களை உங்கள் வங்கி அல்லது அதிகாரப்பூர்வ சேனலில் உறுதி செய்யுங்கள்."
CA_02318,loan,கடன்,tomato,தக்காளி,red,செம்மண்,"விவசாயக் கடனுக்கான ஆவணங்கள் மற்றும் தகுதி வங்கியைப் பொறுத்து மாறலாம். தற்போதைய வட்டி, வரம்பு மற்றும் தேவையான ஆவணங்களை உங்கள் வங்கி அல்லது அதிகாரப்பூர்வ சேனலில் உறுதி செய்யுங்கள்."
CA_02319,loan,கடன்,tomato,தக்காளி,black,கரிசல் மண்,"விவசாயக் கடனுக்கான ஆவணங்கள் மற்றும் தகுதி வங்கியைப் பொறுத்து மாறலாம். தற்போதைய வட்டி, வரம்பு மற்றும் தேவையான ஆவணங்களை உங்கள் வங்கி அல்லது அதிகாரப்பூர்வ சேனலில் உறுதி செய்யுங்கள்."
CA_02320,loan,கடன்,tomato,தக்காளி,alluvial,வண்டல் மண்,"விவசாயக் கடனுக்கான ஆவணங்கள் மற்றும் தகுதி வங்கியைப் பொறுத்து மாறலாம். தற்போதைய வட்டி, வரம்பு மற்றும் தேவையான ஆவணங்களை உங்கள் வங்கி அல்லது அதிகாரப்பூர்வ சேனலில் உறுதி செய்யுங்கள்."
CA_02321,loan,கடன்,tomato,தக்காளி,sandy,மணல் மண்,"விவசாயக் கடனுக்கான ஆவணங்கள் மற்றும் தகுதி வங்கியைப் பொறுத்து மாறலாம். தற்போதைய வட்டி, வரம்பு மற்றும் தேவையான ஆவணங்களை உங்கள் வங்கி அல்லது அதிகாரப்பூர்வ சேனலில் உறுதி செய்யுங்கள்."
CA_02322,loan,கடன்,tomato,தக்காளி,clay,களிமண்,"விவசாயக் கடனுக்கான ஆவணங்கள் மற்றும் தகுதி வங்கியைப் பொறுத்து மாறலாம். தற்போதைய வட்டி, வரம்பு மற்றும் தேவையான ஆவணங்களை உங்கள் வங்கி அல்லது அதிகாரப்பூர்வ சேனலில் உறுதி செய்யுங்கள்."
CA_02323,loan,கடன்,tomato,தக்காளி,loamy,கலப்பு மண்,"விவசாயக் கடனுக்கான ஆவணங்கள் மற்றும் தகுதி வங்கியைப் பொறுத்து மாறலாம். தற்போதைய வட்டி, வரம்பு மற்றும் தேவையான ஆவணங்களை உங்கள் வங்கி அல்லது அதிகாரப்பூர்வ சேனலில் உறுதி செய்யுங்கள்."
CA_02324,loan,கடன்,tomato,தக்காளி,laterite,சரளை மண்,"விவசாயக் கடனுக்கான ஆவணங்கள் மற்றும் தகுதி வங்கியைப் பொறுத்து மாறலாம். தற்போதைய வட்டி, வரம்பு மற்றும் தேவையான ஆவணங்களை உங்கள் வங்கி அல்லது அதிகாரப்பூர்வ சேனலில் உறுதி செய்யுங்கள்."
CA_02325,loan,கடன்,chilli,மிளகாய்,red,செம்மண்,"விவசாயக் கடனுக்கான ஆவணங்கள் மற்றும் தகுதி வங்கியைப் பொறுத்து மாறலாம். தற்போதைய வட்டி, வரம்பு மற்றும் தேவையான ஆவணங்களை உங்கள் வங்கி அல்லது அதிகாரப்பூர்வ சேனலில் உறுதி செய்யுங்கள்."
CA_02326,loan,கடன்,chilli,மிளகாய்,black,கரிசல் மண்,"விவசாயக் கடனுக்கான ஆவணங்கள் மற்றும் தகுதி வங்கியைப் பொறுத்து மாறலாம். தற்போதைய வட்டி, வரம்பு மற்றும் தேவையான ஆவணங்களை உங்கள் வங்கி அல்லது அதிகாரப்பூர்வ சேனலில் உறுதி செய்யுங்கள்."
CA_02327,loan,கடன்,chilli,மிளகாய்,alluvial,வண்டல் மண்,"விவசாயக் கடனுக்கான ஆவணங்கள் மற்றும் தகுதி வங்கியைப் பொறுத்து மாறலாம். தற்போதைய வட்டி, வரம்பு மற்றும் தேவையான ஆவணங்களை உங்கள் வங்கி அல்லது அதிகாரப்பூர்வ சேனலில் உறுதி செய்யுங்கள்."
CA_02328,loan,கடன்,chilli,மிளகாய்,sandy,மணல் மண்,"விவசாயக் கடனுக்கான ஆவணங்கள் மற்றும் தகுதி வங்கியைப் பொறுத்து மாறலாம். தற்போதைய வட்டி, வரம்பு மற்றும் தேவையான ஆவணங்களை உங்கள் வங்கி அல்லது அதிகாரப்பூர்வ சேனலில் உறுதி செய்யுங்கள்."
CA_02329,loan,கடன்,chilli,மிளகாய்,clay,களிமண்,"விவசாயக் கடனுக்கான ஆவணங்கள் மற்றும் தகுதி வங்கியைப் பொறுத்து மாறலாம். தற்போதைய வட்டி, வரம்பு மற்றும் தேவையான ஆவணங்களை உங்கள் வங்கி அல்லது அதிகாரப்பூர்வ சேனலில் உறுதி செய்யுங்கள்."
CA_02330,loan,கடன்,chilli,மிளகாய்,loamy,கலப்பு மண்,"விவசாயக் கடனுக்கான ஆவணங்கள் மற்றும் தகுதி வங்கியைப் பொறுத்து மாறலாம். தற்போதைய வட்டி, வரம்பு மற்றும் தேவையான ஆவணங்களை உங்கள் வங்கி அல்லது அதிகாரப்பூர்வ சேனலில் உறுதி செய்யுங்கள்."
CA_02331,loan,கடன்,chilli,மிளகாய்,laterite,சரளை மண்,"விவசாயக் கடனுக்கான ஆவணங்கள் மற்றும் தகுதி வங்கியைப் பொறுத்து மாறலாம். தற்போதைய வட்டி, வரம்பு மற்றும் தேவையான ஆவணங்களை உங்கள் வங்கி அல்லது அதிகாரப்பூர்வ சேனலில் உறுதி செய்யுங்கள்."
CA_02332,loan,கடன்,onion,வெங்காயம்,red,செம்மண்,"விவசாயக் கடனுக்கான ஆவணங்கள் மற்றும் தகுதி வங்கியைப் பொறுத்து மாறலாம். தற்போதைய வட்டி, வரம்பு மற்றும் தேவையான ஆவணங்களை உங்கள் வங்கி அல்லது அதிகாரப்பூர்வ சேனலில் உறுதி செய்யுங்கள்."
CA_02333,loan,கடன்,onion,வெங்காயம்,black,கரிசல் மண்,"விவசாயக் கடனுக்கான ஆவணங்கள் மற்றும் தகுதி வங்கியைப் பொறுத்து மாறலாம். தற்போதைய வட்டி, வரம்பு மற்றும் தேவையான ஆவணங்களை உங்கள் வங்கி அல்லது அதிகாரப்பூர்வ சேனலில் உறுதி செய்யுங்கள்."
CA_02334,loan,கடன்,onion,வெங்காயம்,alluvial,வண்டல் மண்,"விவசாயக் கடனுக்கான ஆவணங்கள் மற்றும் தகுதி வங்கியைப் பொறுத்து மாறலாம். தற்போதைய வட்டி, வரம்பு மற்றும் தேவையான ஆவணங்களை உங்கள் வங்கி அல்லது அதிகாரப்பூர்வ சேனலில் உறுதி செய்யுங்கள்."
CA_02335,loan,கடன்,onion,வெங்காயம்,sandy,மணல் மண்,"விவசாயக் கடனுக்கான ஆவணங்கள் மற்றும் தகுதி வங்கியைப் பொறுத்து மாறலாம். தற்போதைய வட்டி, வரம்பு மற்றும் தேவையான ஆவணங்களை உங்கள் வங்கி அல்லது அதிகாரப்பூர்வ சேனலில் உறுதி செய்யுங்கள்."
CA_02336,loan,கடன்,onion,வெங்காயம்,clay,களிமண்,"விவசாயக் கடனுக்கான ஆவணங்கள் மற்றும் தகுதி வங்கியைப் பொறுத்து மாறலாம். தற்போதைய வட்டி, வரம்பு மற்றும் தேவையான ஆவணங்களை உங்கள் வங்கி அல்லது அதிகாரப்பூர்வ சேனலில் உறுதி செய்யுங்கள்."
CA_02337,loan,கடன்,onion,வெங்காயம்,loamy,கலப்பு மண்,"விவசாயக் கடனுக்கான ஆவணங்கள் மற்றும் தகுதி வங்கியைப் பொறுத்து மாறலாம். தற்போதைய வட்டி, வரம்பு மற்றும் தேவையான ஆவணங்களை உங்கள் வங்கி அல்லது அதிகாரப்பூர்வ சேனலில் உறுதி செய்யுங்கள்."
CA_02338,loan,கடன்,onion,வெங்காயம்,laterite,சரளை மண்,"விவசாயக் கடனுக்கான ஆவணங்கள் மற்றும் தகுதி வங்கியைப் பொறுத்து மாறலாம். தற்போதைய வட்டி, வரம்பு மற்றும் தேவையான ஆவணங்களை உங்கள் வங்கி அல்லது அதிகாரப்பூர்வ சேனலில் உறுதி செய்யுங்கள்."
CA_02339,loan,கடன்,turmeric,மஞ்சள்,red,செம்மண்,"விவசாயக் கடனுக்கான ஆவணங்கள் மற்றும் தகுதி வங்கியைப் பொறுத்து மாறலாம். தற்போதைய வட்டி, வரம்பு மற்றும் தேவையான ஆவணங்களை உங்கள் வங்கி அல்லது அதிகாரப்பூர்வ சேனலில் உறுதி செய்யுங்கள்."
CA_02340,loan,கடன்,turmeric,மஞ்சள்,black,கரிசல் மண்,"விவசாயக் கடனுக்கான ஆவணங்கள் மற்றும் தகுதி வங்கியைப் பொறுத்து மாறலாம். தற்போதைய வட்டி, வரம்பு மற்றும் தேவையான ஆவணங்களை உங்கள் வங்கி அல்லது அதிகாரப்பூர்வ சேனலில் உறுதி செய்யுங்கள்."
CA_02341,loan,கடன்,turmeric,மஞ்சள்,alluvial,வண்டல் மண்,"விவசாயக் கடனுக்கான ஆவணங்கள் மற்றும் தகுதி வங்கியைப் பொறுத்து மாறலாம். தற்போதைய வட்டி, வரம்பு மற்றும் தேவையான ஆவணங்களை உங்கள் வங்கி அல்லது அதிகாரப்பூர்வ சேனலில் உறுதி செய்யுங்கள்."
CA_02342,loan,கடன்,turmeric,மஞ்சள்,sandy,மணல் மண்,"விவசாயக் கடனுக்கான ஆவணங்கள் மற்றும் தகுதி வங்கியைப் பொறுத்து மாறலாம். தற்போதைய வட்டி, வரம்பு மற்றும் தேவையான ஆவணங்களை உங்கள் வங்கி அல்லது அதிகாரப்பூர்வ சேனலில் உறுதி செய்யுங்கள்."
CA_02343,loan,கடன்,turmeric,மஞ்சள்,clay,களிமண்,"விவசாயக் கடனுக்கான ஆவணங்கள் மற்றும் தகுதி வங்கியைப் பொறுத்து மாறலாம். தற்போதைய வட்டி, வரம்பு மற்றும் தேவையான ஆவணங்களை உங்கள் வங்கி அல்லது அதிகாரப்பூர்வ சேனலில் உறுதி செய்யுங்கள்."
CA_02344,loan,கடன்,turmeric,மஞ்சள்,loamy,கலப்பு மண்,"விவசாயக் கடனுக்கான ஆவணங்கள் மற்றும் தகுதி வங்கியைப் பொறுத்து மாறலாம். தற்போதைய வட்டி, வரம்பு மற்றும் தேவையான ஆவணங்களை உங்கள் வங்கி அல்லது அதிகாரப்பூர்வ சேனலில் உறுதி செய்யுங்கள்."
CA_02345,loan,கடன்,turmeric,மஞ்சள்,laterite,சரளை மண்,"விவசாயக் கடனுக்கான ஆவணங்கள் மற்றும் தகுதி வங்கியைப் பொறுத்து மாறலாம். தற்போதைய வட்டி, வரம்பு மற்றும் தேவையான ஆவணங்களை உங்கள் வங்கி அல்லது அதிகாரப்பூர்வ சேனலில் உறுதி செய்யுங்கள்."
CA_02346,loan,கடன்,brinjal,கத்தரிக்காய்,red,செம்மண்,"விவசாயக் கடனுக்கான ஆவணங்கள் மற்றும் தகுதி வங்கியைப் பொறுத்து மாறலாம். தற்போதைய வட்டி, வரம்பு மற்றும் தேவையான ஆவணங்களை உங்கள் வங்கி அல்லது அதிகாரப்பூர்வ சேனலில் உறுதி செய்யுங்கள்."
CA_02347,loan,கடன்,brinjal,கத்தரிக்காய்,black,கரிசல் மண்,"விவசாயக் கடனுக்கான ஆவணங்கள் மற்றும் தகுதி வங்கியைப் பொறுத்து மாறலாம். தற்போதைய வட்டி, வரம்பு மற்றும் தேவையான ஆவணங்களை உங்கள் வங்கி அல்லது அதிகாரப்பூர்வ சேனலில் உறுதி செய்யுங்கள்."
CA_02348,loan,கடன்,brinjal,கத்தரிக்காய்,alluvial,வண்டல் மண்,"விவசாயக் கடனுக்கான ஆவணங்கள் மற்றும் தகுதி வங்கியைப் பொறுத்து மாறலாம். தற்போதைய வட்டி, வரம்பு மற்றும் தேவையான ஆவணங்களை உங்கள் வங்கி அல்லது அதிகாரப்பூர்வ சேனலில் உறுதி செய்யுங்கள்."
CA_02349,loan,கடன்,brinjal,கத்தரிக்காய்,sandy,மணல் மண்,"விவசாயக் கடனுக்கான ஆவணங்கள் மற்றும் தகுதி வங்கியைப் பொறுத்து மாறலாம். தற்போதைய வட்டி, வரம்பு மற்றும் தேவையான ஆவணங்களை உங்கள் வங்கி அல்லது அதிகாரப்பூர்வ சேனலில் உறுதி செய்யுங்கள்."
CA_02350,loan,கடன்,brinjal,கத்தரிக்காய்,clay,களிமண்,"விவசாயக் கடனுக்கான ஆவணங்கள் மற்றும் தகுதி வங்கியைப் பொறுத்து மாறலாம். தற்போதைய வட்டி, வரம்பு மற்றும் தேவையான ஆவணங்களை உங்கள் வங்கி அல்லது அதிகாரப்பூர்வ சேனலில் உறுதி செய்யுங்கள்."
CA_02351,loan,கடன்,brinjal,கத்தரிக்காய்,loamy,கலப்பு மண்,"விவசாயக் கடனுக்கான ஆவணங்கள் மற்றும் தகுதி வங்கியைப் பொறுத்து மாறலாம். தற்போதைய வட்டி, வரம்பு மற்றும் தேவையான ஆவணங்களை உங்கள் வங்கி அல்லது அதிகாரப்பூர்வ சேனலில் உறுதி செய்யுங்கள்."
CA_02352,loan,கடன்,brinjal,கத்தரிக்காய்,laterite,சரளை மண்,"விவசாயக் கடனுக்கான ஆவணங்கள் மற்றும் தகுதி வங்கியைப் பொறுத்து மாறலாம். தற்போதைய வட்டி, வரம்பு மற்றும் தேவையான ஆவணங்களை உங்கள் வங்கி அல்லது அதிகாரப்பூர்வ சேனலில் உறுதி செய்யுங்கள்."
CA_02353,loan,கடன்,okra,வெண்டைக்காய்,red,செம்மண்,"விவசாயக் கடனுக்கான ஆவணங்கள் மற்றும் தகுதி வங்கியைப் பொறுத்து மாறலாம். தற்போதைய வட்டி, வரம்பு மற்றும் தேவையான ஆவணங்களை உங்கள் வங்கி அல்லது அதிகாரப்பூர்வ சேனலில் உறுதி செய்யுங்கள்."
CA_02354,loan,கடன்,okra,வெண்டைக்காய்,black,கரிசல் மண்,"விவசாயக் கடனுக்கான ஆவணங்கள் மற்றும் தகுதி வங்கியைப் பொறுத்து மாறலாம். தற்போதைய வட்டி, வரம்பு மற்றும் தேவையான ஆவணங்களை உங்கள் வங்கி அல்லது அதிகாரப்பூர்வ சேனலில் உறுதி செய்யுங்கள்."
CA_02355,loan,கடன்,okra,வெண்டைக்காய்,alluvial,வண்டல் மண்,"விவசாயக் கடனுக்கான ஆவணங்கள் மற்றும் தகுதி வங்கியைப் பொறுத்து மாறலாம். தற்போதைய வட்டி, வரம்பு மற்றும் தேவையான ஆவணங்களை உங்கள் வங்கி அல்லது அதிகாரப்பூர்வ சேனலில் உறுதி செய்யுங்கள்."
CA_02356,loan,கடன்,okra,வெண்டைக்காய்,sandy,மணல் மண்,"விவசாயக் கடனுக்கான ஆவணங்கள் மற்றும் தகுதி வங்கியைப் பொறுத்து மாறலாம். தற்போதைய வட்டி, வரம்பு மற்றும் தேவையான ஆவணங்களை உங்கள் வங்கி அல்லது அதிகாரப்பூர்வ சேனலில் உறுதி செய்யுங்கள்."
CA_02357,loan,கடன்,okra,வெண்டைக்காய்,clay,களிமண்,"விவசாயக் கடனுக்கான ஆவணங்கள் மற்றும் தகுதி வங்கியைப் பொறுத்து மாறலாம். தற்போதைய வட்டி, வரம்பு மற்றும் தேவையான ஆவணங்களை உங்கள் வங்கி அல்லது அதிகாரப்பூர்வ சேனலில் உறுதி செய்யுங்கள்."
CA_02358,loan,கடன்,okra,வெண்டைக்காய்,loamy,கலப்பு மண்,"விவசாயக் கடனுக்கான ஆவணங்கள் மற்றும் தகுதி வங்கியைப் பொறுத்து மாறலாம். தற்போதைய வட்டி, வரம்பு மற்றும் தேவையான ஆவணங்களை உங்கள் வங்கி அல்லது அதிகாரப்பூர்வ சேனலில் உறுதி செய்யுங்கள்."
CA_02359,loan,கடன்,okra,வெண்டைக்காய்,laterite,சரளை மண்,"விவசாயக் கடனுக்கான ஆவணங்கள் மற்றும் தகுதி வங்கியைப் பொறுத்து மாறலாம். தற்போதைய வட்டி, வரம்பு மற்றும் தேவையான ஆவணங்களை உங்கள் வங்கி அல்லது அதிகாரப்பூர்வ சேனலில் உறுதி செய்யுங்கள்."
CA_02360,loan,கடன்,coconut,தேங்காய்,red,செம்மண்,"விவசாயக் கடனுக்கான ஆவணங்கள் மற்றும் தகுதி வங்கியைப் பொறுத்து மாறலாம். தற்போதைய வட்டி, வரம்பு மற்றும் தேவையான ஆவணங்களை உங்கள் வங்கி அல்லது அதிகாரப்பூர்வ சேனலில் உறுதி செய்யுங்கள்."
CA_02361,loan,கடன்,coconut,தேங்காய்,black,கரிசல் மண்,"விவசாயக் கடனுக்கான ஆவணங்கள் மற்றும் தகுதி வங்கியைப் பொறுத்து மாறலாம். தற்போதைய வட்டி, வரம்பு மற்றும் தேவையான ஆவணங்களை உங்கள் வங்கி அல்லது அதிகாரப்பூர்வ சேனலில் உறுதி செய்யுங்கள்."
CA_02362,loan,கடன்,coconut,தேங்காய்,alluvial,வண்டல் மண்,"விவசாயக் கடனுக்கான ஆவணங்கள் மற்றும் தகுதி வங்கியைப் பொறுத்து மாறலாம். தற்போதைய வட்டி, வரம்பு மற்றும் தேவையான ஆவணங்களை உங்கள் வங்கி அல்லது அதிகாரப்பூர்வ சேனலில் உறுதி செய்யுங்கள்."
CA_02363,loan,கடன்,coconut,தேங்காய்,sandy,மணல் மண்,"விவசாயக் கடனுக்கான ஆவணங்கள் மற்றும் தகுதி வங்கியைப் பொறுத்து மாறலாம். தற்போதைய வட்டி, வரம்பு மற்றும் தேவையான ஆவணங்களை உங்கள் வங்கி அல்லது அதிகாரப்பூர்வ சேனலில் உறுதி செய்யுங்கள்."
CA_02364,loan,கடன்,coconut,தேங்காய்,clay,களிமண்,"விவசாயக் கடனுக்கான ஆவணங்கள் மற்றும் தகுதி வங்கியைப் பொறுத்து மாறலாம். தற்போதைய வட்டி, வரம்பு மற்றும் தேவையான ஆவணங்களை உங்கள் வங்கி அல்லது அதிகாரப்பூர்வ சேனலில் உறுதி செய்யுங்கள்."
CA_02365,loan,கடன்,coconut,தேங்காய்,loamy,கலப்பு மண்,"விவசாயக் கடனுக்கான ஆவணங்கள் மற்றும் தகுதி வங்கியைப் பொறுத்து மாறலாம். தற்போதைய வட்டி, வரம்பு மற்றும் தேவையான ஆவணங்களை உங்கள் வங்கி அல்லது அதிகாரப்பூர்வ சேனலில் உறுதி செய்யுங்கள்."
CA_02366,loan,கடன்,coconut,தேங்காய்,laterite,சரளை மண்,"விவசாயக் கடனுக்கான ஆவணங்கள் மற்றும் தகுதி வங்கியைப் பொறுத்து மாறலாம். தற்போதைய வட்டி, வரம்பு மற்றும் தேவையான ஆவணங்களை உங்கள் வங்கி அல்லது அதிகாரப்பூர்வ சேனலில் உறுதி செய்யுங்கள்."
CA_02367,loan,கடன்,pulses,பயறு,red,செம்மண்,"விவசாயக் கடனுக்கான ஆவணங்கள் மற்றும் தகுதி வங்கியைப் பொறுத்து மாறலாம். தற்போதைய வட்டி, வரம்பு மற்றும் தேவையான ஆவணங்களை உங்கள் வங்கி அல்லது அதிகாரப்பூர்வ சேனலில் உறுதி செய்யுங்கள்."
CA_02368,loan,கடன்,pulses,பயறு,black,கரிசல் மண்,"விவசாயக் கடனுக்கான ஆவணங்கள் மற்றும் தகுதி வங்கியைப் பொறுத்து மாறலாம். தற்போதைய வட்டி, வரம்பு மற்றும் தேவையான ஆவணங்களை உங்கள் வங்கி அல்லது அதிகாரப்பூர்வ சேனலில் உறுதி செய்யுங்கள்."
CA_02369,loan,கடன்,pulses,பயறு,alluvial,வண்டல் மண்,"விவசாயக் கடனுக்கான ஆவணங்கள் மற்றும் தகுதி வங்கியைப் பொறுத்து மாறலாம். தற்போதைய வட்டி, வரம்பு மற்றும் தேவையான ஆவணங்களை உங்கள் வங்கி அல்லது அதிகாரப்பூர்வ சேனலில் உறுதி செய்யுங்கள்."
CA_02370,loan,கடன்,pulses,பயறு,sandy,மணல் மண்,"விவசாயக் கடனுக்கான ஆவணங்கள் மற்றும் தகுதி வங்கியைப் பொறுத்து மாறலாம். தற்போதைய வட்டி, வரம்பு மற்றும் தேவையான ஆவணங்களை உங்கள் வங்கி அல்லது அதிகாரப்பூர்வ சேனலில் உறுதி செய்யுங்கள்."
CA_02371,loan,கடன்,pulses,பயறு,clay,களிமண்,"விவசாயக் கடனுக்கான ஆவணங்கள் மற்றும் தகுதி வங்கியைப் பொறுத்து மாறலாம். தற்போதைய வட்டி, வரம்பு மற்றும் தேவையான ஆவணங்களை உங்கள் வங்கி அல்லது அதிகாரப்பூர்வ சேனலில் உறுதி செய்யுங்கள்."
CA_02372,loan,கடன்,pulses,பயறு,loamy,கலப்பு மண்,"விவசாயக் கடனுக்கான ஆவணங்கள் மற்றும் தகுதி வங்கியைப் பொறுத்து மாறலாம். தற்போதைய வட்டி, வரம்பு மற்றும் தேவையான ஆவணங்களை உங்கள் வங்கி அல்லது அதிகாரப்பூர்வ சேனலில் உறுதி செய்யுங்கள்."
CA_02373,loan,கடன்,pulses,பயறு,laterite,சரளை மண்,"விவசாயக் கடனுக்கான ஆவணங்கள் மற்றும் தகுதி வங்கியைப் பொறுத்து மாறலாம். தற்போதைய வட்டி, வரம்பு மற்றும் தேவையான ஆவணங்களை உங்கள் வங்கி அல்லது அதிகாரப்பூர்வ சேனலில் உறுதி செய்யுங்கள்."
CA_02374,loan,கடன்,sesame,எள்,red,செம்மண்,"விவசாயக் கடனுக்கான ஆவணங்கள் மற்றும் தகுதி வங்கியைப் பொறுத்து மாறலாம். தற்போதைய வட்டி, வரம்பு மற்றும் தேவையான ஆவணங்களை உங்கள் வங்கி அல்லது அதிகாரப்பூர்வ சேனலில் உறுதி செய்யுங்கள்."
CA_02375,loan,கடன்,sesame,எள்,black,கரிசல் மண்,"விவசாயக் கடனுக்கான ஆவணங்கள் மற்றும் தகுதி வங்கியைப் பொறுத்து மாறலாம். தற்போதைய வட்டி, வரம்பு மற்றும் தேவையான ஆவணங்களை உங்கள் வங்கி அல்லது அதிகாரப்பூர்வ சேனலில் உறுதி செய்யுங்கள்."
CA_02376,loan,கடன்,sesame,எள்,alluvial,வண்டல் மண்,"விவசாயக் கடனுக்கான ஆவணங்கள் மற்றும் தகுதி வங்கியைப் பொறுத்து மாறலாம். தற்போதைய வட்டி, வரம்பு மற்றும் தேவையான ஆவணங்களை உங்கள் வங்கி அல்லது அதிகாரப்பூர்வ சேனலில் உறுதி செய்யுங்கள்."
CA_02377,loan,கடன்,sesame,எள்,sandy,மணல் மண்,"விவசாயக் கடனுக்கான ஆவணங்கள் மற்றும் தகுதி வங்கியைப் பொறுத்து மாறலாம். தற்போதைய வட்டி, வரம்பு மற்றும் தேவையான ஆவணங்களை உங்கள் வங்கி அல்லது அதிகாரப்பூர்வ சேனலில் உறுதி செய்யுங்கள்."
CA_02378,loan,கடன்,sesame,எள்,clay,களிமண்,"விவசாயக் கடனுக்கான ஆவணங்கள் மற்றும் தகுதி வங்கியைப் பொறுத்து மாறலாம். தற்போதைய வட்டி, வரம்பு மற்றும் தேவையான ஆவணங்களை உங்கள் வங்கி அல்லது அதிகாரப்பூர்வ சேனலில் உறுதி செய்யுங்கள்."
CA_02379,loan,கடன்,sesame,எள்,loamy,கலப்பு மண்,"விவசாயக் கடனுக்கான ஆவணங்கள் மற்றும் தகுதி வங்கியைப் பொறுத்து மாறலாம். தற்போதைய வட்டி, வரம்பு மற்றும் தேவையான ஆவணங்களை உங்கள் வங்கி அல்லது அதிகாரப்பூர்வ சேனலில் உறுதி செய்யுங்கள்."
CA_02380,loan,கடன்,sesame,எள்,laterite,சரளை மண்,"விவசாயக் கடனுக்கான ஆவணங்கள் மற்றும் தகுதி வங்கியைப் பொறுத்து மாறலாம். தற்போதைய வட்டி, வரம்பு மற்றும் தேவையான ஆவணங்களை உங்கள் வங்கி அல்லது அதிகாரப்பூர்வ சேனலில் உறுதி செய்யுங்கள்."
CA_02381,loan,கடன்,tapioca,மரவள்ளி,red,செம்மண்,"விவசாயக் கடனுக்கான ஆவணங்கள் மற்றும் தகுதி வங்கியைப் பொறுத்து மாறலாம். தற்போதைய வட்டி, வரம்பு மற்றும் தேவையான ஆவணங்களை உங்கள் வங்கி அல்லது அதிகாரப்பூர்வ சேனலில் உறுதி செய்யுங்கள்."
CA_02382,loan,கடன்,tapioca,மரவள்ளி,black,கரிசல் மண்,"விவசாயக் கடனுக்கான ஆவணங்கள் மற்றும் தகுதி வங்கியைப் பொறுத்து மாறலாம். தற்போதைய வட்டி, வரம்பு மற்றும் தேவையான ஆவணங்களை உங்கள் வங்கி அல்லது அதிகாரப்பூர்வ சேனலில் உறுதி செய்யுங்கள்."
CA_02383,loan,கடன்,tapioca,மரவள்ளி,alluvial,வண்டல் மண்,"விவசாயக் கடனுக்கான ஆவணங்கள் மற்றும் தகுதி வங்கியைப் பொறுத்து மாறலாம். தற்போதைய வட்டி, வரம்பு மற்றும் தேவையான ஆவணங்களை உங்கள் வங்கி அல்லது அதிகாரப்பூர்வ சேனலில் உறுதி செய்யுங்கள்."
CA_02384,loan,கடன்,tapioca,மரவள்ளி,sandy,மணல் மண்,"விவசாயக் கடனுக்கான ஆவணங்கள் மற்றும் தகுதி வங்கியைப் பொறுத்து மாறலாம். தற்போதைய வட்டி, வரம்பு மற்றும் தேவையான ஆவணங்களை உங்கள் வங்கி அல்லது அதிகாரப்பூர்வ சேனலில் உறுதி செய்யுங்கள்."
CA_02385,loan,கடன்,tapioca,மரவள்ளி,clay,களிமண்,"விவசாயக் கடனுக்கான ஆவணங்கள் மற்றும் தகுதி வங்கியைப் பொறுத்து மாறலாம். தற்போதைய வட்டி, வரம்பு மற்றும் தேவையான ஆவணங்களை உங்கள் வங்கி அல்லது அதிகாரப்பூர்வ சேனலில் உறுதி செய்யுங்கள்."
CA_02386,loan,கடன்,tapioca,மரவள்ளி,loamy,கலப்பு மண்,"விவசாயக் கடனுக்கான ஆவணங்கள் மற்றும் தகுதி வங்கியைப் பொறுத்து மாறலாம். தற்போதைய வட்டி, வரம்பு மற்றும் தேவையான ஆவணங்களை உங்கள் வங்கி அல்லது அதிகாரப்பூர்வ சேனலில் உறுதி செய்யுங்கள்."
CA_02387,loan,கடன்,tapioca,மரவள்ளி,laterite,சரளை மண்,"விவசாயக் கடனுக்கான ஆவணங்கள் மற்றும் தகுதி வங்கியைப் பொறுத்து மாறலாம். தற்போதைய வட்டி, வரம்பு மற்றும் தேவையான ஆவணங்களை உங்கள் வங்கி அல்லது அதிகாரப்பூர்வ சேனலில் உறுதி செய்யுங்கள்."
CA_02388,loan,கடன்,drumstick,முருங்கை,red,செம்மண்,"விவசாயக் கடனுக்கான ஆவணங்கள் மற்றும் தகுதி வங்கியைப் பொறுத்து மாறலாம். தற்போதைய வட்டி, வரம்பு மற்றும் தேவையான ஆவணங்களை உங்கள் வங்கி அல்லது அதிகாரப்பூர்வ சேனலில் உறுதி செய்யுங்கள்."
CA_02389,loan,கடன்,drumstick,முருங்கை,black,கரிசல் மண்,"விவசாயக் கடனுக்கான ஆவணங்கள் மற்றும் தகுதி வங்கியைப் பொறுத்து மாறலாம். தற்போதைய வட்டி, வரம்பு மற்றும் தேவையான ஆவணங்களை உங்கள் வங்கி அல்லது அதிகாரப்பூர்வ சேனலில் உறுதி செய்யுங்கள்."
CA_02390,loan,கடன்,drumstick,முருங்கை,alluvial,வண்டல் மண்,"விவசாயக் கடனுக்கான ஆவணங்கள் மற்றும் தகுதி வங்கியைப் பொறுத்து மாறலாம். தற்போதைய வட்டி, வரம்பு மற்றும் தேவையான ஆவணங்களை உங்கள் வங்கி அல்லது அதிகாரப்பூர்வ சேனலில் உறுதி செய்யுங்கள்."
CA_02391,loan,கடன்,drumstick,முருங்கை,sandy,மணல் மண்,"விவசாயக் கடனுக்கான ஆவணங்கள் மற்றும் தகுதி வங்கியைப் பொறுத்து மாறலாம். தற்போதைய வட்டி, வரம்பு மற்றும் தேவையான ஆவணங்களை உங்கள் வங்கி அல்லது அதிகாரப்பூர்வ சேனலில் உறுதி செய்யுங்கள்."
CA_02392,loan,கடன்,drumstick,முருங்கை,clay,களிமண்,"விவசாயக் கடனுக்கான ஆவணங்கள் மற்றும் தகுதி வங்கியைப் பொறுத்து மாறலாம். தற்போதைய வட்டி, வரம்பு மற்றும் தேவையான ஆவணங்களை உங்கள் வங்கி அல்லது அதிகாரப்பூர்வ சேனலில் உறுதி செய்யுங்கள்."
CA_02393,loan,கடன்,drumstick,முருங்கை,loamy,கலப்பு மண்,"விவசாயக் கடனுக்கான ஆவணங்கள் மற்றும் தகுதி வங்கியைப் பொறுத்து மாறலாம். தற்போதைய வட்டி, வரம்பு மற்றும் தேவையான ஆவணங்களை உங்கள் வங்கி அல்லது அதிகாரப்பூர்வ சேனலில் உறுதி செய்யுங்கள்."
CA_02394,loan,கடன்,drumstick,முருங்கை,laterite,சரளை மண்,"விவசாயக் கடனுக்கான ஆவணங்கள் மற்றும் தகுதி வங்கியைப் பொறுத்து மாறலாம். தற்போதைய வட்டி, வரம்பு மற்றும் தேவையான ஆவணங்களை உங்கள் வங்கி அல்லது அதிகாரப்பூர்வ சேனலில் உறுதி செய்யுங்கள்."
CA_02395,storage,சேமிப்பு,rice,நெல்,red,செம்மண்,"நெல் தொடர்பான முடிவை செம்மண், Tamil Nadu பகுதி, பருவம் மற்றும் பாசன வசதியை வைத்து எடுக்க வேண்டும். முதலில் மண் பரிசோதனை, சரியான விதை, நிலத் தயாரிப்பு மற்றும் நீர் மேலாண்மையை திட்டமிடுங்கள்."
CA_02396,storage,சேமிப்பு,rice,நெல்,black,கரிசல் மண்,"நெல் தொடர்பான முடிவை கரிசல் மண், Tamil Nadu பகுதி, பருவம் மற்றும் பாசன வசதியை வைத்து எடுக்க வேண்டும். முதலில் மண் பரிசோதனை, சரியான விதை, நிலத் தயாரிப்பு மற்றும் நீர் மேலாண்மையை திட்டமிடுங்கள்."
CA_02397,storage,சேமிப்பு,rice,நெல்,alluvial,வண்டல் மண்,"நெல் தொடர்பான முடிவை வண்டல் மண், Tamil Nadu பகுதி, பருவம் மற்றும் பாசன வசதியை வைத்து எடுக்க வேண்டும். முதலில் மண் பரிசோதனை, சரியான விதை, நிலத் தயாரிப்பு மற்றும் நீர் மேலாண்மையை திட்டமிடுங்கள்."
CA_02398,storage,சேமிப்பு,rice,நெல்,sandy,மணல் மண்,"நெல் தொடர்பான முடிவை மணல் மண், Tamil Nadu பகுதி, பருவம் மற்றும் பாசன வசதியை வைத்து எடுக்க வேண்டும். முதலில் மண் பரிசோதனை, சரியான விதை, நிலத் தயாரிப்பு மற்றும் நீர் மேலாண்மையை திட்டமிடுங்கள்."
CA_02399,storage,சேமிப்பு,rice,நெல்,clay,களிமண்,"நெல் தொடர்பான முடிவை களிமண், Tamil Nadu பகுதி, பருவம் மற்றும் பாசன வசதியை வைத்து எடுக்க வேண்டும். முதலில் மண் பரிசோதனை, சரியான விதை, நிலத் தயாரிப்பு மற்றும் நீர் மேலாண்மையை திட்டமிடுங்கள்."
CA_02400,storage,சேமிப்பு,rice,நெல்,loamy,கலப்பு மண்,"நெல் தொடர்பான முடிவை கலப்பு மண், Tamil Nadu பகுதி, பருவம் மற்றும் பாசன வசதியை வைத்து எடுக்க வேண்டும். முதலில் மண் பரிசோதனை, சரியான விதை, நிலத் தயாரிப்பு மற்றும் நீர் மேலாண்மையை திட்டமிடுங்கள்."
CA_02401,storage,சேமிப்பு,rice,நெல்,laterite,சரளை மண்,"நெல் தொடர்பான முடிவை சரளை மண், Tamil Nadu பகுதி, பருவம் மற்றும் பாசன வசதியை வைத்து எடுக்க வேண்டும். முதலில் மண் பரிசோதனை, சரியான விதை, நிலத் தயாரிப்பு மற்றும் நீர் மேலாண்மையை திட்டமிடுங்கள்."
CA_02402,storage,சேமிப்பு,banana,வாழை,red,செம்மண்,"வாழை தொடர்பான முடிவை செம்மண், Tamil Nadu பகுதி, பருவம் மற்றும் பாசன வசதியை வைத்து எடுக்க வேண்டும். முதலில் மண் பரிசோதனை, சரியான விதை, நிலத் தயாரிப்பு மற்றும் நீர் மேலாண்மையை திட்டமிடுங்கள்."
CA_02403,storage,சேமிப்பு,banana,வாழை,black,கரிசல் மண்,"வாழை தொடர்பான முடிவை கரிசல் மண், Tamil Nadu பகுதி, பருவம் மற்றும் பாசன வசதியை வைத்து எடுக்க வேண்டும். முதலில் மண் பரிசோதனை, சரியான விதை, நிலத் தயாரிப்பு மற்றும் நீர் மேலாண்மையை திட்டமிடுங்கள்."
CA_02404,storage,சேமிப்பு,banana,வாழை,alluvial,வண்டல் மண்,"வாழை தொடர்பான முடிவை வண்டல் மண், Tamil Nadu பகுதி, பருவம் மற்றும் பாசன வசதியை வைத்து எடுக்க வேண்டும். முதலில் மண் பரிசோதனை, சரியான விதை, நிலத் தயாரிப்பு மற்றும் நீர் மேலாண்மையை திட்டமிடுங்கள்."
CA_02405,storage,சேமிப்பு,banana,வாழை,sandy,மணல் மண்,"வாழை தொடர்பான முடிவை மணல் மண், Tamil Nadu பகுதி, பருவம் மற்றும் பாசன வசதியை வைத்து எடுக்க வேண்டும். முதலில் மண் பரிசோதனை, சரியான விதை, நிலத் தயாரிப்பு மற்றும் நீர் மேலாண்மையை திட்டமிடுங்கள்."
CA_02406,storage,சேமிப்பு,banana,வாழை,clay,களிமண்,"வாழை தொடர்பான முடிவை களிமண், Tamil Nadu பகுதி, பருவம் மற்றும் பாசன வசதியை வைத்து எடுக்க வேண்டும். முதலில் மண் பரிசோதனை, சரியான விதை, நிலத் தயாரிப்பு மற்றும் நீர் மேலாண்மையை திட்டமிடுங்கள்."
CA_02407,storage,சேமிப்பு,banana,வாழை,loamy,கலப்பு மண்,"வாழை தொடர்பான முடிவை கலப்பு மண், Tamil Nadu பகுதி, பருவம் மற்றும் பாசன வசதியை வைத்து எடுக்க வேண்டும். முதலில் மண் பரிசோதனை, சரியான விதை, நிலத் தயாரிப்பு மற்றும் நீர் மேலாண்மையை திட்டமிடுங்கள்."
CA_02408,storage,சேமிப்பு,banana,வாழை,laterite,சரளை மண்,"வாழை தொடர்பான முடிவை சரளை மண், Tamil Nadu பகுதி, பருவம் மற்றும் பாசன வசதியை வைத்து எடுக்க வேண்டும். முதலில் மண் பரிசோதனை, சரியான விதை, நிலத் தயாரிப்பு மற்றும் நீர் மேலாண்மையை திட்டமிடுங்கள்."
CA_02409,storage,சேமிப்பு,sugarcane,கரும்பு,red,செம்மண்,"கரும்பு தொடர்பான முடிவை செம்மண், Tamil Nadu பகுதி, பருவம் மற்றும் பாசன வசதியை வைத்து எடுக்க வேண்டும். முதலில் மண் பரிசோதனை, சரியான விதை, நிலத் தயாரிப்பு மற்றும் நீர் மேலாண்மையை திட்டமிடுங்கள்."
CA_02410,storage,சேமிப்பு,sugarcane,கரும்பு,black,கரிசல் மண்,"கரும்பு தொடர்பான முடிவை கரிசல் மண், Tamil Nadu பகுதி, பருவம் மற்றும் பாசன வசதியை வைத்து எடுக்க வேண்டும். முதலில் மண் பரிசோதனை, சரியான விதை, நிலத் தயாரிப்பு மற்றும் நீர் மேலாண்மையை திட்டமிடுங்கள்."
CA_02411,storage,சேமிப்பு,sugarcane,கரும்பு,alluvial,வண்டல் மண்,"கரும்பு தொடர்பான முடிவை வண்டல் மண், Tamil Nadu பகுதி, பருவம் மற்றும் பாசன வசதியை வைத்து எடுக்க வேண்டும். முதலில் மண் பரிசோதனை, சரியான விதை, நிலத் தயாரிப்பு மற்றும் நீர் மேலாண்மையை திட்டமிடுங்கள்."
CA_02412,storage,சேமிப்பு,sugarcane,கரும்பு,sandy,மணல் மண்,"கரும்பு தொடர்பான முடிவை மணல் மண், Tamil Nadu பகுதி, பருவம் மற்றும் பாசன வசதியை வைத்து எடுக்க வேண்டும். முதலில் மண் பரிசோதனை, சரியான விதை, நிலத் தயாரிப்பு மற்றும் நீர் மேலாண்மையை திட்டமிடுங்கள்."
CA_02413,storage,சேமிப்பு,sugarcane,கரும்பு,clay,களிமண்,"கரும்பு தொடர்பான முடிவை களிமண், Tamil Nadu பகுதி, பருவம் மற்றும் பாசன வசதியை வைத்து எடுக்க வேண்டும். முதலில் மண் பரிசோதனை, சரியான விதை, நிலத் தயாரிப்பு மற்றும் நீர் மேலாண்மையை திட்டமிடுங்கள்."
CA_02414,storage,சேமிப்பு,sugarcane,கரும்பு,loamy,கலப்பு மண்,"கரும்பு தொடர்பான முடிவை கலப்பு மண், Tamil Nadu பகுதி, பருவம் மற்றும் பாசன வசதியை வைத்து எடுக்க வேண்டும். முதலில் மண் பரிசோதனை, சரியான விதை, நிலத் தயாரிப்பு மற்றும் நீர் மேலாண்மையை திட்டமிடுங்கள்."
CA_02415,storage,சேமிப்பு,sugarcane,கரும்பு,laterite,சரளை மண்,"கரும்பு தொடர்பான முடிவை சரளை மண், Tamil Nadu பகுதி, பருவம் மற்றும் பாசன வசதியை வைத்து எடுக்க வேண்டும். முதலில் மண் பரிசோதனை, சரியான விதை, நிலத் தயாரிப்பு மற்றும் நீர் மேலாண்மையை திட்டமிடுங்கள்."
CA_02416,storage,சேமிப்பு,cotton,பருத்தி,red,செம்மண்,"பருத்தி தொடர்பான முடிவை செம்மண், Tamil Nadu பகுதி, பருவம் மற்றும் பாசன வசதியை வைத்து எடுக்க வேண்டும். முதலில் மண் பரிசோதனை, சரியான விதை, நிலத் தயாரிப்பு மற்றும் நீர் மேலாண்மையை திட்டமிடுங்கள்."
CA_02417,storage,சேமிப்பு,cotton,பருத்தி,black,கரிசல் மண்,"பருத்தி தொடர்பான முடிவை கரிசல் மண், Tamil Nadu பகுதி, பருவம் மற்றும் பாசன வசதியை வைத்து எடுக்க வேண்டும். முதலில் மண் பரிசோதனை, சரியான விதை, நிலத் தயாரிப்பு மற்றும் நீர் மேலாண்மையை திட்டமிடுங்கள்."
CA_02418,storage,சேமிப்பு,cotton,பருத்தி,alluvial,வண்டல் மண்,"பருத்தி தொடர்பான முடிவை வண்டல் மண், Tamil Nadu பகுதி, பருவம் மற்றும் பாசன வசதியை வைத்து எடுக்க வேண்டும். முதலில் மண் பரிசோதனை, சரியான விதை, நிலத் தயாரிப்பு மற்றும் நீர் மேலாண்மையை திட்டமிடுங்கள்."
CA_02419,storage,சேமிப்பு,cotton,பருத்தி,sandy,மணல் மண்,"பருத்தி தொடர்பான முடிவை மணல் மண், Tamil Nadu பகுதி, பருவம் மற்றும் பாசன வசதியை வைத்து எடுக்க வேண்டும். முதலில் மண் பரிசோதனை, சரியான விதை, நிலத் தயாரிப்பு மற்றும் நீர் மேலாண்மையை திட்டமிடுங்கள்."
CA_02420,storage,சேமிப்பு,cotton,பருத்தி,clay,களிமண்,"பருத்தி தொடர்பான முடிவை களிமண், Tamil Nadu பகுதி, பருவம் மற்றும் பாசன வசதியை வைத்து எடுக்க வேண்டும். முதலில் மண் பரிசோதனை, சரியான விதை, நிலத் தயாரிப்பு மற்றும் நீர் மேலாண்மையை திட்டமிடுங்கள்."
CA_02421,storage,சேமிப்பு,cotton,பருத்தி,loamy,கலப்பு மண்,"பருத்தி தொடர்பான முடிவை கலப்பு மண், Tamil Nadu பகுதி, பருவம் மற்றும் பாசன வசதியை வைத்து எடுக்க வேண்டும். முதலில் மண் பரிசோதனை, சரியான விதை, நிலத் தயாரிப்பு மற்றும் நீர் மேலாண்மையை திட்டமிடுங்கள்."
CA_02422,storage,சேமிப்பு,cotton,பருத்தி,laterite,சரளை மண்,"பருத்தி தொடர்பான முடிவை சரளை மண், Tamil Nadu பகுதி, பருவம் மற்றும் பாசன வசதியை வைத்து எடுக்க வேண்டும். முதலில் மண் பரிசோதனை, சரியான விதை, நிலத் தயாரிப்பு மற்றும் நீர் மேலாண்மையை திட்டமிடுங்கள்."
CA_02423,storage,சேமிப்பு,groundnut,நிலக்கடலை,red,செம்மண்,"நிலக்கடலை தொடர்பான முடிவை செம்மண், Tamil Nadu பகுதி, பருவம் மற்றும் பாசன வசதியை வைத்து எடுக்க வேண்டும். முதலில் மண் பரிசோதனை, சரியான விதை, நிலத் தயாரிப்பு மற்றும் நீர் மேலாண்மையை திட்டமிடுங்கள்."
CA_02424,storage,சேமிப்பு,groundnut,நிலக்கடலை,black,கரிசல் மண்,"நிலக்கடலை தொடர்பான முடிவை கரிசல் மண், Tamil Nadu பகுதி, பருவம் மற்றும் பாசன வசதியை வைத்து எடுக்க வேண்டும். முதலில் மண் பரிசோதனை, சரியான விதை, நிலத் தயாரிப்பு மற்றும் நீர் மேலாண்மையை திட்டமிடுங்கள்."
CA_02425,storage,சேமிப்பு,groundnut,நிலக்கடலை,alluvial,வண்டல் மண்,"நிலக்கடலை தொடர்பான முடிவை வண்டல் மண், Tamil Nadu பகுதி, பருவம் மற்றும் பாசன வசதியை வைத்து எடுக்க வேண்டும். முதலில் மண் பரிசோதனை, சரியான விதை, நிலத் தயாரிப்பு மற்றும் நீர் மேலாண்மையை திட்டமிடுங்கள்."
CA_02426,storage,சேமிப்பு,groundnut,நிலக்கடலை,sandy,மணல் மண்,"நிலக்கடலை தொடர்பான முடிவை மணல் மண், Tamil Nadu பகுதி, பருவம் மற்றும் பாசன வசதியை வைத்து எடுக்க வேண்டும். முதலில் மண் பரிசோதனை, சரியான விதை, நிலத் தயாரிப்பு மற்றும் நீர் மேலாண்மையை திட்டமிடுங்கள்."
CA_02427,storage,சேமிப்பு,groundnut,நிலக்கடலை,clay,களிமண்,"நிலக்கடலை தொடர்பான முடிவை களிமண், Tamil Nadu பகுதி, பருவம் மற்றும் பாசன வசதியை வைத்து எடுக்க வேண்டும். முதலில் மண் பரிசோதனை, சரியான விதை, நிலத் தயாரிப்பு மற்றும் நீர் மேலாண்மையை திட்டமிடுங்கள்."
CA_02428,storage,சேமிப்பு,groundnut,நிலக்கடலை,loamy,கலப்பு மண்,"நிலக்கடலை தொடர்பான முடிவை கலப்பு மண், Tamil Nadu பகுதி, பருவம் மற்றும் பாசன வசதியை வைத்து எடுக்க வேண்டும். முதலில் மண் பரிசோதனை, சரியான விதை, நிலத் தயாரிப்பு மற்றும் நீர் மேலாண்மையை திட்டமிடுங்கள்."
CA_02429,storage,சேமிப்பு,groundnut,நிலக்கடலை,laterite,சரளை மண்,"நிலக்கடலை தொடர்பான முடிவை சரளை மண், Tamil Nadu பகுதி, பருவம் மற்றும் பாசன வசதியை வைத்து எடுக்க வேண்டும். முதலில் மண் பரிசோதனை, சரியான விதை, நிலத் தயாரிப்பு மற்றும் நீர் மேலாண்மையை திட்டமிடுங்கள்."
CA_02430,storage,சேமிப்பு,maize,மக்காச்சோளம்,red,செம்மண்,"மக்காச்சோளம் தொடர்பான முடிவை செம்மண், Tamil Nadu பகுதி, பருவம் மற்றும் பாசன வசதியை வைத்து எடுக்க வேண்டும். முதலில் மண் பரிசோதனை, சரியான விதை, நிலத் தயாரிப்பு மற்றும் நீர் மேலாண்மையை திட்டமிடுங்கள்."
CA_02431,storage,சேமிப்பு,maize,மக்காச்சோளம்,black,கரிசல் மண்,"மக்காச்சோளம் தொடர்பான முடிவை கரிசல் மண், Tamil Nadu பகுதி, பருவம் மற்றும் பாசன வசதியை வைத்து எடுக்க வேண்டும். முதலில் மண் பரிசோதனை, சரியான விதை, நிலத் தயாரிப்பு மற்றும் நீர் மேலாண்மையை திட்டமிடுங்கள்."
CA_02432,storage,சேமிப்பு,maize,மக்காச்சோளம்,alluvial,வண்டல் மண்,"மக்காச்சோளம் தொடர்பான முடிவை வண்டல் மண், Tamil Nadu பகுதி, பருவம் மற்றும் பாசன வசதியை வைத்து எடுக்க வேண்டும். முதலில் மண் பரிசோதனை, சரியான விதை, நிலத் தயாரிப்பு மற்றும் நீர் மேலாண்மையை திட்டமிடுங்கள்."
CA_02433,storage,சேமிப்பு,maize,மக்காச்சோளம்,sandy,மணல் மண்,"மக்காச்சோளம் தொடர்பான முடிவை மணல் மண், Tamil Nadu பகுதி, பருவம் மற்றும் பாசன வசதியை வைத்து எடுக்க வேண்டும். முதலில் மண் பரிசோதனை, சரியான விதை, நிலத் தயாரிப்பு மற்றும் நீர் மேலாண்மையை திட்டமிடுங்கள்."
CA_02434,storage,சேமிப்பு,maize,மக்காச்சோளம்,clay,களிமண்,"மக்காச்சோளம் தொடர்பான முடிவை களிமண், Tamil Nadu பகுதி, பருவம் மற்றும் பாசன வசதியை வைத்து எடுக்க வேண்டும். முதலில் மண் பரிசோதனை, சரியான விதை, நிலத் தயாரிப்பு மற்றும் நீர் மேலாண்மையை திட்டமிடுங்கள்."
CA_02435,storage,சேமிப்பு,maize,மக்காச்சோளம்,loamy,கலப்பு மண்,"மக்காச்சோளம் தொடர்பான முடிவை கலப்பு மண், Tamil Nadu பகுதி, பருவம் மற்றும் பாசன வசதியை வைத்து எடுக்க வேண்டும். முதலில் மண் பரிசோதனை, சரியான விதை, நிலத் தயாரிப்பு மற்றும் நீர் மேலாண்மையை திட்டமிடுங்கள்."
CA_02436,storage,சேமிப்பு,maize,மக்காச்சோளம்,laterite,சரளை மண்,"மக்காச்சோளம் தொடர்பான முடிவை சரளை மண், Tamil Nadu பகுதி, பருவம் மற்றும் பாசன வசதியை வைத்து எடுக்க வேண்டும். முதலில் மண் பரிசோதனை, சரியான விதை, நிலத் தயாரிப்பு மற்றும் நீர் மேலாண்மையை திட்டமிடுங்கள்."
CA_02437,storage,சேமிப்பு,millet,சிறுதானியம்,red,செம்மண்,"சிறுதானியம் தொடர்பான முடிவை செம்மண், Tamil Nadu பகுதி, பருவம் மற்றும் பாசன வசதியை வைத்து எடுக்க வேண்டும். முதலில் மண் பரிசோதனை, சரியான விதை, நிலத் தயாரிப்பு மற்றும் நீர் மேலாண்மையை திட்டமிடுங்கள்."
CA_02438,storage,சேமிப்பு,millet,சிறுதானியம்,black,கரிசல் மண்,"சிறுதானியம் தொடர்பான முடிவை கரிசல் மண், Tamil Nadu பகுதி, பருவம் மற்றும் பாசன வசதியை வைத்து எடுக்க வேண்டும். முதலில் மண் பரிசோதனை, சரியான விதை, நிலத் தயாரிப்பு மற்றும் நீர் மேலாண்மையை திட்டமிடுங்கள்."
CA_02439,storage,சேமிப்பு,millet,சிறுதானியம்,alluvial,வண்டல் மண்,"சிறுதானியம் தொடர்பான முடிவை வண்டல் மண், Tamil Nadu பகுதி, பருவம் மற்றும் பாசன வசதியை வைத்து எடுக்க வேண்டும். முதலில் மண் பரிசோதனை, சரியான விதை, நிலத் தயாரிப்பு மற்றும் நீர் மேலாண்மையை திட்டமிடுங்கள்."
CA_02440,storage,சேமிப்பு,millet,சிறுதானியம்,sandy,மணல் மண்,"சிறுதானியம் தொடர்பான முடிவை மணல் மண், Tamil Nadu பகுதி, பருவம் மற்றும் பாசன வசதியை வைத்து எடுக்க வேண்டும். முதலில் மண் பரிசோதனை, சரியான விதை, நிலத் தயாரிப்பு மற்றும் நீர் மேலாண்மையை திட்டமிடுங்கள்."
CA_02441,storage,சேமிப்பு,millet,சிறுதானியம்,clay,களிமண்,"சிறுதானியம் தொடர்பான முடிவை களிமண், Tamil Nadu பகுதி, பருவம் மற்றும் பாசன வசதியை வைத்து எடுக்க வேண்டும். முதலில் மண் பரிசோதனை, சரியான விதை, நிலத் தயாரிப்பு மற்றும் நீர் மேலாண்மையை திட்டமிடுங்கள்."
CA_02442,storage,சேமிப்பு,millet,சிறுதானியம்,loamy,கலப்பு மண்,"சிறுதானியம் தொடர்பான முடிவை கலப்பு மண், Tamil Nadu பகுதி, பருவம் மற்றும் பாசன வசதியை வைத்து எடுக்க வேண்டும். முதலில் மண் பரிசோதனை, சரியான விதை, நிலத் தயாரிப்பு மற்றும் நீர் மேலாண்மையை திட்டமிடுங்கள்."
CA_02443,storage,சேமிப்பு,millet,சிறுதானியம்,laterite,சரளை மண்,"சிறுதானியம் தொடர்பான முடிவை சரளை மண், Tamil Nadu பகுதி, பருவம் மற்றும் பாசன வசதியை வைத்து எடுக்க வேண்டும். முதலில் மண் பரிசோதனை, சரியான விதை, நிலத் தயாரிப்பு மற்றும் நீர் மேலாண்மையை திட்டமிடுங்கள்."
CA_02444,storage,சேமிப்பு,tomato,தக்காளி,red,செம்மண்,"தக்காளி தொடர்பான முடிவை செம்மண், Tamil Nadu பகுதி, பருவம் மற்றும் பாசன வசதியை வைத்து எடுக்க வேண்டும். முதலில் மண் பரிசோதனை, சரியான விதை, நிலத் தயாரிப்பு மற்றும் நீர் மேலாண்மையை திட்டமிடுங்கள்."
CA_02445,storage,சேமிப்பு,tomato,தக்காளி,black,கரிசல் மண்,"தக்காளி தொடர்பான முடிவை கரிசல் மண், Tamil Nadu பகுதி, பருவம் மற்றும் பாசன வசதியை வைத்து எடுக்க வேண்டும். முதலில் மண் பரிசோதனை, சரியான விதை, நிலத் தயாரிப்பு மற்றும் நீர் மேலாண்மையை திட்டமிடுங்கள்."
CA_02446,storage,சேமிப்பு,tomato,தக்காளி,alluvial,வண்டல் மண்,"தக்காளி தொடர்பான முடிவை வண்டல் மண், Tamil Nadu பகுதி, பருவம் மற்றும் பாசன வசதியை வைத்து எடுக்க வேண்டும். முதலில் மண் பரிசோதனை, சரியான விதை, நிலத் தயாரிப்பு மற்றும் நீர் மேலாண்மையை திட்டமிடுங்கள்."
CA_02447,storage,சேமிப்பு,tomato,தக்காளி,sandy,மணல் மண்,"தக்காளி தொடர்பான முடிவை மணல் மண், Tamil Nadu பகுதி, பருவம் மற்றும் பாசன வசதியை வைத்து எடுக்க வேண்டும். முதலில் மண் பரிசோதனை, சரியான விதை, நிலத் தயாரிப்பு மற்றும் நீர் மேலாண்மையை திட்டமிடுங்கள்."
CA_02448,storage,சேமிப்பு,tomato,தக்காளி,clay,களிமண்,"தக்காளி தொடர்பான முடிவை களிமண், Tamil Nadu பகுதி, பருவம் மற்றும் பாசன வசதியை வைத்து எடுக்க வேண்டும். முதலில் மண் பரிசோதனை, சரியான விதை, நிலத் தயாரிப்பு மற்றும் நீர் மேலாண்மையை திட்டமிடுங்கள்."
CA_02449,storage,சேமிப்பு,tomato,தக்காளி,loamy,கலப்பு மண்,"தக்காளி தொடர்பான முடிவை கலப்பு மண், Tamil Nadu பகுதி, பருவம் மற்றும் பாசன வசதியை வைத்து எடுக்க வேண்டும். முதலில் மண் பரிசோதனை, சரியான விதை, நிலத் தயாரிப்பு மற்றும் நீர் மேலாண்மையை திட்டமிடுங்கள்."
CA_02450,storage,சேமிப்பு,tomato,தக்காளி,laterite,சரளை மண்,"தக்காளி தொடர்பான முடிவை சரளை மண், Tamil Nadu பகுதி, பருவம் மற்றும் பாசன வசதியை வைத்து எடுக்க வேண்டும். முதலில் மண் பரிசோதனை, சரியான விதை, நிலத் தயாரிப்பு மற்றும் நீர் மேலாண்மையை திட்டமிடுங்கள்."
CA_02451,storage,சேமிப்பு,chilli,மிளகாய்,red,செம்மண்,"மிளகாய் தொடர்பான முடிவை செம்மண், Tamil Nadu பகுதி, பருவம் மற்றும் பாசன வசதியை வைத்து எடுக்க வேண்டும். முதலில் மண் பரிசோதனை, சரியான விதை, நிலத் தயாரிப்பு மற்றும் நீர் மேலாண்மையை திட்டமிடுங்கள்."
CA_02452,storage,சேமிப்பு,chilli,மிளகாய்,black,கரிசல் மண்,"மிளகாய் தொடர்பான முடிவை கரிசல் மண், Tamil Nadu பகுதி, பருவம் மற்றும் பாசன வசதியை வைத்து எடுக்க வேண்டும். முதலில் மண் பரிசோதனை, சரியான விதை, நிலத் தயாரிப்பு மற்றும் நீர் மேலாண்மையை திட்டமிடுங்கள்."
CA_02453,storage,சேமிப்பு,chilli,மிளகாய்,alluvial,வண்டல் மண்,"மிளகாய் தொடர்பான முடிவை வண்டல் மண், Tamil Nadu பகுதி, பருவம் மற்றும் பாசன வசதியை வைத்து எடுக்க வேண்டும். முதலில் மண் பரிசோதனை, சரியான விதை, நிலத் தயாரிப்பு மற்றும் நீர் மேலாண்மையை திட்டமிடுங்கள்."
CA_02454,storage,சேமிப்பு,chilli,மிளகாய்,sandy,மணல் மண்,"மிளகாய் தொடர்பான முடிவை மணல் மண், Tamil Nadu பகுதி, பருவம் மற்றும் பாசன வசதியை வைத்து எடுக்க வேண்டும். முதலில் மண் பரிசோதனை, சரியான விதை, நிலத் தயாரிப்பு மற்றும் நீர் மேலாண்மையை திட்டமிடுங்கள்."
CA_02455,storage,சேமிப்பு,chilli,மிளகாய்,clay,களிமண்,"மிளகாய் தொடர்பான முடிவை களிமண், Tamil Nadu பகுதி, பருவம் மற்றும் பாசன வசதியை வைத்து எடுக்க வேண்டும். முதலில் மண் பரிசோதனை, சரியான விதை, நிலத் தயாரிப்பு மற்றும் நீர் மேலாண்மையை திட்டமிடுங்கள்."
CA_02456,storage,சேமிப்பு,chilli,மிளகாய்,loamy,கலப்பு மண்,"மிளகாய் தொடர்பான முடிவை கலப்பு மண், Tamil Nadu பகுதி, பருவம் மற்றும் பாசன வசதியை வைத்து எடுக்க வேண்டும். முதலில் மண் பரிசோதனை, சரியான விதை, நிலத் தயாரிப்பு மற்றும் நீர் மேலாண்மையை திட்டமிடுங்கள்."
CA_02457,storage,சேமிப்பு,chilli,மிளகாய்,laterite,சரளை மண்,"மிளகாய் தொடர்பான முடிவை சரளை மண், Tamil Nadu பகுதி, பருவம் மற்றும் பாசன வசதியை வைத்து எடுக்க வேண்டும். முதலில் மண் பரிசோதனை, சரியான விதை, நிலத் தயாரிப்பு மற்றும் நீர் மேலாண்மையை திட்டமிடுங்கள்."
CA_02458,storage,சேமிப்பு,onion,வெங்காயம்,red,செம்மண்,"வெங்காயம் தொடர்பான முடிவை செம்மண், Tamil Nadu பகுதி, பருவம் மற்றும் பாசன வசதியை வைத்து எடுக்க வேண்டும். முதலில் மண் பரிசோதனை, சரியான விதை, நிலத் தயாரிப்பு மற்றும் நீர் மேலாண்மையை திட்டமிடுங்கள்."
CA_02459,storage,சேமிப்பு,onion,வெங்காயம்,black,கரிசல் மண்,"வெங்காயம் தொடர்பான முடிவை கரிசல் மண், Tamil Nadu பகுதி, பருவம் மற்றும் பாசன வசதியை வைத்து எடுக்க வேண்டும். முதலில் மண் பரிசோதனை, சரியான விதை, நிலத் தயாரிப்பு மற்றும் நீர் மேலாண்மையை திட்டமிடுங்கள்."
CA_02460,storage,சேமிப்பு,onion,வெங்காயம்,alluvial,வண்டல் மண்,"வெங்காயம் தொடர்பான முடிவை வண்டல் மண், Tamil Nadu பகுதி, பருவம் மற்றும் பாசன வசதியை வைத்து எடுக்க வேண்டும். முதலில் மண் பரிசோதனை, சரியான விதை, நிலத் தயாரிப்பு மற்றும் நீர் மேலாண்மையை திட்டமிடுங்கள்."
CA_02461,storage,சேமிப்பு,onion,வெங்காயம்,sandy,மணல் மண்,"வெங்காயம் தொடர்பான முடிவை மணல் மண், Tamil Nadu பகுதி, பருவம் மற்றும் பாசன வசதியை வைத்து எடுக்க வேண்டும். முதலில் மண் பரிசோதனை, சரியான விதை, நிலத் தயாரிப்பு மற்றும் நீர் மேலாண்மையை திட்டமிடுங்கள்."
CA_02462,storage,சேமிப்பு,onion,வெங்காயம்,clay,களிமண்,"வெங்காயம் தொடர்பான முடிவை களிமண், Tamil Nadu பகுதி, பருவம் மற்றும் பாசன வசதியை வைத்து எடுக்க வேண்டும். முதலில் மண் பரிசோதனை, சரியான விதை, நிலத் தயாரிப்பு மற்றும் நீர் மேலாண்மையை திட்டமிடுங்கள்."
CA_02463,storage,சேமிப்பு,onion,வெங்காயம்,loamy,கலப்பு மண்,"வெங்காயம் தொடர்பான முடிவை கலப்பு மண், Tamil Nadu பகுதி, பருவம் மற்றும் பாசன வசதியை வைத்து எடுக்க வேண்டும். முதலில் மண் பரிசோதனை, சரியான விதை, நிலத் தயாரிப்பு மற்றும் நீர் மேலாண்மையை திட்டமிடுங்கள்."
CA_02464,storage,சேமிப்பு,onion,வெங்காயம்,laterite,சரளை மண்,"வெங்காயம் தொடர்பான முடிவை சரளை மண், Tamil Nadu பகுதி, பருவம் மற்றும் பாசன வசதியை வைத்து எடுக்க வேண்டும். முதலில் மண் பரிசோதனை, சரியான விதை, நிலத் தயாரிப்பு மற்றும் நீர் மேலாண்மையை திட்டமிடுங்கள்."
CA_02465,storage,சேமிப்பு,turmeric,மஞ்சள்,red,செம்மண்,"மஞ்சள் தொடர்பான முடிவை செம்மண், Tamil Nadu பகுதி, பருவம் மற்றும் பாசன வசதியை வைத்து எடுக்க வேண்டும். முதலில் மண் பரிசோதனை, சரியான விதை, நிலத் தயாரிப்பு மற்றும் நீர் மேலாண்மையை திட்டமிடுங்கள்."
CA_02466,storage,சேமிப்பு,turmeric,மஞ்சள்,black,கரிசல் மண்,"மஞ்சள் தொடர்பான முடிவை கரிசல் மண், Tamil Nadu பகுதி, பருவம் மற்றும் பாசன வசதியை வைத்து எடுக்க வேண்டும். முதலில் மண் பரிசோதனை, சரியான விதை, நிலத் தயாரிப்பு மற்றும் நீர் மேலாண்மையை திட்டமிடுங்கள்."
CA_02467,storage,சேமிப்பு,turmeric,மஞ்சள்,alluvial,வண்டல் மண்,"மஞ்சள் தொடர்பான முடிவை வண்டல் மண், Tamil Nadu பகுதி, பருவம் மற்றும் பாசன வசதியை வைத்து எடுக்க வேண்டும். முதலில் மண் பரிசோதனை, சரியான விதை, நிலத் தயாரிப்பு மற்றும் நீர் மேலாண்மையை திட்டமிடுங்கள்."
CA_02468,storage,சேமிப்பு,turmeric,மஞ்சள்,sandy,மணல் மண்,"மஞ்சள் தொடர்பான முடிவை மணல் மண், Tamil Nadu பகுதி, பருவம் மற்றும் பாசன வசதியை வைத்து எடுக்க வேண்டும். முதலில் மண் பரிசோதனை, சரியான விதை, நிலத் தயாரிப்பு மற்றும் நீர் மேலாண்மையை திட்டமிடுங்கள்."
CA_02469,storage,சேமிப்பு,turmeric,மஞ்சள்,clay,களிமண்,"மஞ்சள் தொடர்பான முடிவை களிமண், Tamil Nadu பகுதி, பருவம் மற்றும் பாசன வசதியை வைத்து எடுக்க வேண்டும். முதலில் மண் பரிசோதனை, சரியான விதை, நிலத் தயாரிப்பு மற்றும் நீர் மேலாண்மையை திட்டமிடுங்கள்."
CA_02470,storage,சேமிப்பு,turmeric,மஞ்சள்,loamy,கலப்பு மண்,"மஞ்சள் தொடர்பான முடிவை கலப்பு மண், Tamil Nadu பகுதி, பருவம் மற்றும் பாசன வசதியை வைத்து எடுக்க வேண்டும். முதலில் மண் பரிசோதனை, சரியான விதை, நிலத் தயாரிப்பு மற்றும் நீர் மேலாண்மையை திட்டமிடுங்கள்."
CA_02471,storage,சேமிப்பு,turmeric,மஞ்சள்,laterite,சரளை மண்,"மஞ்சள் தொடர்பான முடிவை சரளை மண், Tamil Nadu பகுதி, பருவம் மற்றும் பாசன வசதியை வைத்து எடுக்க வேண்டும். முதலில் மண் பரிசோதனை, சரியான விதை, நிலத் தயாரிப்பு மற்றும் நீர் மேலாண்மையை திட்டமிடுங்கள்."
CA_02472,storage,சேமிப்பு,brinjal,கத்தரிக்காய்,red,செம்மண்,"கத்தரிக்காய் தொடர்பான முடிவை செம்மண், Tamil Nadu பகுதி, பருவம் மற்றும் பாசன வசதியை வைத்து எடுக்க வேண்டும். முதலில் மண் பரிசோதனை, சரியான விதை, நிலத் தயாரிப்பு மற்றும் நீர் மேலாண்மையை திட்டமிடுங்கள்."
CA_02473,storage,சேமிப்பு,brinjal,கத்தரிக்காய்,black,கரிசல் மண்,"கத்தரிக்காய் தொடர்பான முடிவை கரிசல் மண், Tamil Nadu பகுதி, பருவம் மற்றும் பாசன வசதியை வைத்து எடுக்க வேண்டும். முதலில் மண் பரிசோதனை, சரியான விதை, நிலத் தயாரிப்பு மற்றும் நீர் மேலாண்மையை திட்டமிடுங்கள்."
CA_02474,storage,சேமிப்பு,brinjal,கத்தரிக்காய்,alluvial,வண்டல் மண்,"கத்தரிக்காய் தொடர்பான முடிவை வண்டல் மண், Tamil Nadu பகுதி, பருவம் மற்றும் பாசன வசதியை வைத்து எடுக்க வேண்டும். முதலில் மண் பரிசோதனை, சரியான விதை, நிலத் தயாரிப்பு மற்றும் நீர் மேலாண்மையை திட்டமிடுங்கள்."
CA_02475,storage,சேமிப்பு,brinjal,கத்தரிக்காய்,sandy,மணல் மண்,"கத்தரிக்காய் தொடர்பான முடிவை மணல் மண், Tamil Nadu பகுதி, பருவம் மற்றும் பாசன வசதியை வைத்து எடுக்க வேண்டும். முதலில் மண் பரிசோதனை, சரியான விதை, நிலத் தயாரிப்பு மற்றும் நீர் மேலாண்மையை திட்டமிடுங்கள்."
CA_02476,storage,சேமிப்பு,brinjal,கத்தரிக்காய்,clay,களிமண்,"கத்தரிக்காய் தொடர்பான முடிவை களிமண், Tamil Nadu பகுதி, பருவம் மற்றும் பாசன வசதியை வைத்து எடுக்க வேண்டும். முதலில் மண் பரிசோதனை, சரியான விதை, நிலத் தயாரிப்பு மற்றும் நீர் மேலாண்மையை திட்டமிடுங்கள்."
CA_02477,storage,சேமிப்பு,brinjal,கத்தரிக்காய்,loamy,கலப்பு மண்,"கத்தரிக்காய் தொடர்பான முடிவை கலப்பு மண், Tamil Nadu பகுதி, பருவம் மற்றும் பாசன வசதியை வைத்து எடுக்க வேண்டும். முதலில் மண் பரிசோதனை, சரியான விதை, நிலத் தயாரிப்பு மற்றும் நீர் மேலாண்மையை திட்டமிடுங்கள்."
CA_02478,storage,சேமிப்பு,brinjal,கத்தரிக்காய்,laterite,சரளை மண்,"கத்தரிக்காய் தொடர்பான முடிவை சரளை மண், Tamil Nadu பகுதி, பருவம் மற்றும் பாசன வசதியை வைத்து எடுக்க வேண்டும். முதலில் மண் பரிசோதனை, சரியான விதை, நிலத் தயாரிப்பு மற்றும் நீர் மேலாண்மையை திட்டமிடுங்கள்."
CA_02479,storage,சேமிப்பு,okra,வெண்டைக்காய்,red,செம்மண்,"வெண்டைக்காய் தொடர்பான முடிவை செம்மண், Tamil Nadu பகுதி, பருவம் மற்றும் பாசன வசதியை வைத்து எடுக்க வேண்டும். முதலில் மண் பரிசோதனை, சரியான விதை, நிலத் தயாரிப்பு மற்றும் நீர் மேலாண்மையை திட்டமிடுங்கள்."
CA_02480,storage,சேமிப்பு,okra,வெண்டைக்காய்,black,கரிசல் மண்,"வெண்டைக்காய் தொடர்பான முடிவை கரிசல் மண், Tamil Nadu பகுதி, பருவம் மற்றும் பாசன வசதியை வைத்து எடுக்க வேண்டும். முதலில் மண் பரிசோதனை, சரியான விதை, நிலத் தயாரிப்பு மற்றும் நீர் மேலாண்மையை திட்டமிடுங்கள்."
CA_02481,storage,சேமிப்பு,okra,வெண்டைக்காய்,alluvial,வண்டல் மண்,"வெண்டைக்காய் தொடர்பான முடிவை வண்டல் மண், Tamil Nadu பகுதி, பருவம் மற்றும் பாசன வசதியை வைத்து எடுக்க வேண்டும். முதலில் மண் பரிசோதனை, சரியான விதை, நிலத் தயாரிப்பு மற்றும் நீர் மேலாண்மையை திட்டமிடுங்கள்."
CA_02482,storage,சேமிப்பு,okra,வெண்டைக்காய்,sandy,மணல் மண்,"வெண்டைக்காய் தொடர்பான முடிவை மணல் மண், Tamil Nadu பகுதி, பருவம் மற்றும் பாசன வசதியை வைத்து எடுக்க வேண்டும். முதலில் மண் பரிசோதனை, சரியான விதை, நிலத் தயாரிப்பு மற்றும் நீர் மேலாண்மையை திட்டமிடுங்கள்."
CA_02483,storage,சேமிப்பு,okra,வெண்டைக்காய்,clay,களிமண்,"வெண்டைக்காய் தொடர்பான முடிவை களிமண், Tamil Nadu பகுதி, பருவம் மற்றும் பாசன வசதியை வைத்து எடுக்க வேண்டும். முதலில் மண் பரிசோதனை, சரியான விதை, நிலத் தயாரிப்பு மற்றும் நீர் மேலாண்மையை திட்டமிடுங்கள்."
CA_02484,storage,சேமிப்பு,okra,வெண்டைக்காய்,loamy,கலப்பு மண்,"வெண்டைக்காய் தொடர்பான முடிவை கலப்பு மண், Tamil Nadu பகுதி, பருவம் மற்றும் பாசன வசதியை வைத்து எடுக்க வேண்டும். முதலில் மண் பரிசோதனை, சரியான விதை, நிலத் தயாரிப்பு மற்றும் நீர் மேலாண்மையை திட்டமிடுங்கள்."
CA_02485,storage,சேமிப்பு,okra,வெண்டைக்காய்,laterite,சரளை மண்,"வெண்டைக்காய் தொடர்பான முடிவை சரளை மண், Tamil Nadu பகுதி, பருவம் மற்றும் பாசன வசதியை வைத்து எடுக்க வேண்டும். முதலில் மண் பரிசோதனை, சரியான விதை, நிலத் தயாரிப்பு மற்றும் நீர் மேலாண்மையை திட்டமிடுங்கள்."
CA_02486,storage,சேமிப்பு,coconut,தேங்காய்,red,செம்மண்,"தேங்காய் தொடர்பான முடிவை செம்மண், Tamil Nadu பகுதி, பருவம் மற்றும் பாசன வசதியை வைத்து எடுக்க வேண்டும். முதலில் மண் பரிசோதனை, சரியான விதை, நிலத் தயாரிப்பு மற்றும் நீர் மேலாண்மையை திட்டமிடுங்கள்."
CA_02487,storage,சேமிப்பு,coconut,தேங்காய்,black,கரிசல் மண்,"தேங்காய் தொடர்பான முடிவை கரிசல் மண், Tamil Nadu பகுதி, பருவம் மற்றும் பாசன வசதியை வைத்து எடுக்க வேண்டும். முதலில் மண் பரிசோதனை, சரியான விதை, நிலத் தயாரிப்பு மற்றும் நீர் மேலாண்மையை திட்டமிடுங்கள்."
CA_02488,storage,சேமிப்பு,coconut,தேங்காய்,alluvial,வண்டல் மண்,"தேங்காய் தொடர்பான முடிவை வண்டல் மண், Tamil Nadu பகுதி, பருவம் மற்றும் பாசன வசதியை வைத்து எடுக்க வேண்டும். முதலில் மண் பரிசோதனை, சரியான விதை, நிலத் தயாரிப்பு மற்றும் நீர் மேலாண்மையை திட்டமிடுங்கள்."
CA_02489,storage,சேமிப்பு,coconut,தேங்காய்,sandy,மணல் மண்,"தேங்காய் தொடர்பான முடிவை மணல் மண், Tamil Nadu பகுதி, பருவம் மற்றும் பாசன வசதியை வைத்து எடுக்க வேண்டும். முதலில் மண் பரிசோதனை, சரியான விதை, நிலத் தயாரிப்பு மற்றும் நீர் மேலாண்மையை திட்டமிடுங்கள்."
CA_02490,storage,சேமிப்பு,coconut,தேங்காய்,clay,களிமண்,"தேங்காய் தொடர்பான முடிவை களிமண், Tamil Nadu பகுதி, பருவம் மற்றும் பாசன வசதியை வைத்து எடுக்க வேண்டும். முதலில் மண் பரிசோதனை, சரியான விதை, நிலத் தயாரிப்பு மற்றும் நீர் மேலாண்மையை திட்டமிடுங்கள்."
CA_02491,storage,சேமிப்பு,coconut,தேங்காய்,loamy,கலப்பு மண்,"தேங்காய் தொடர்பான முடிவை கலப்பு மண், Tamil Nadu பகுதி, பருவம் மற்றும் பாசன வசதியை வைத்து எடுக்க வேண்டும். முதலில் மண் பரிசோதனை, சரியான விதை, நிலத் தயாரிப்பு மற்றும் நீர் மேலாண்மையை திட்டமிடுங்கள்."
CA_02492,storage,சேமிப்பு,coconut,தேங்காய்,laterite,சரளை மண்,"தேங்காய் தொடர்பான முடிவை சரளை மண், Tamil Nadu பகுதி, பருவம் மற்றும் பாசன வசதியை வைத்து எடுக்க வேண்டும். முதலில் மண் பரிசோதனை, சரியான விதை, நிலத் தயாரிப்பு மற்றும் நீர் மேலாண்மையை திட்டமிடுங்கள்."
CA_02493,storage,சேமிப்பு,pulses,பயறு,red,செம்மண்,"பயறு தொடர்பான முடிவை செம்மண், Tamil Nadu பகுதி, பருவம் மற்றும் பாசன வசதியை வைத்து எடுக்க வேண்டும். முதலில் மண் பரிசோதனை, சரியான விதை, நிலத் தயாரிப்பு மற்றும் நீர் மேலாண்மையை திட்டமிடுங்கள்."
CA_02494,storage,சேமிப்பு,pulses,பயறு,black,கரிசல் மண்,"பயறு தொடர்பான முடிவை கரிசல் மண், Tamil Nadu பகுதி, பருவம் மற்றும் பாசன வசதியை வைத்து எடுக்க வேண்டும். முதலில் மண் பரிசோதனை, சரியான விதை, நிலத் தயாரிப்பு மற்றும் நீர் மேலாண்மையை திட்டமிடுங்கள்."
CA_02495,storage,சேமிப்பு,pulses,பயறு,alluvial,வண்டல் மண்,"பயறு தொடர்பான முடிவை வண்டல் மண், Tamil Nadu பகுதி, பருவம் மற்றும் பாசன வசதியை வைத்து எடுக்க வேண்டும். முதலில் மண் பரிசோதனை, சரியான விதை, நிலத் தயாரிப்பு மற்றும் நீர் மேலாண்மையை திட்டமிடுங்கள்."
CA_02496,storage,சேமிப்பு,pulses,பயறு,sandy,மணல் மண்,"பயறு தொடர்பான முடிவை மணல் மண், Tamil Nadu பகுதி, பருவம் மற்றும் பாசன வசதியை வைத்து எடுக்க வேண்டும். முதலில் மண் பரிசோதனை, சரியான விதை, நிலத் தயாரிப்பு மற்றும் நீர் மேலாண்மையை திட்டமிடுங்கள்."
CA_02497,storage,சேமிப்பு,pulses,பயறு,clay,களிமண்,"பயறு தொடர்பான முடிவை களிமண், Tamil Nadu பகுதி, பருவம் மற்றும் பாசன வசதியை வைத்து எடுக்க வேண்டும். முதலில் மண் பரிசோதனை, சரியான விதை, நிலத் தயாரிப்பு மற்றும் நீர் மேலாண்மையை திட்டமிடுங்கள்."
CA_02498,storage,சேமிப்பு,pulses,பயறு,loamy,கலப்பு மண்,"பயறு தொடர்பான முடிவை கலப்பு மண், Tamil Nadu பகுதி, பருவம் மற்றும் பாசன வசதியை வைத்து எடுக்க வேண்டும். முதலில் மண் பரிசோதனை, சரியான விதை, நிலத் தயாரிப்பு மற்றும் நீர் மேலாண்மையை திட்டமிடுங்கள்."
CA_02499,storage,சேமிப்பு,pulses,பயறு,laterite,சரளை மண்,"பயறு தொடர்பான முடிவை சரளை மண், Tamil Nadu பகுதி, பருவம் மற்றும் பாசன வசதியை வைத்து எடுக்க வேண்டும். முதலில் மண் பரிசோதனை, சரியான விதை, நிலத் தயாரிப்பு மற்றும் நீர் மேலாண்மையை திட்டமிடுங்கள்."
CA_02500,storage,சேமிப்பு,sesame,எள்,red,செம்மண்,"எள் தொடர்பான முடிவை செம்மண், Tamil Nadu பகுதி, பருவம் மற்றும் பாசன வசதியை வைத்து எடுக்க வேண்டும். முதலில் மண் பரிசோதனை, சரியான விதை, நிலத் தயாரிப்பு மற்றும் நீர் மேலாண்மையை திட்டமிடுங்கள்."
CA_02501,storage,சேமிப்பு,sesame,எள்,black,கரிசல் மண்,"எள் தொடர்பான முடிவை கரிசல் மண், Tamil Nadu பகுதி, பருவம் மற்றும் பாசன வசதியை வைத்து எடுக்க வேண்டும். முதலில் மண் பரிசோதனை, சரியான விதை, நிலத் தயாரிப்பு மற்றும் நீர் மேலாண்மையை திட்டமிடுங்கள்."
CA_02502,storage,சேமிப்பு,sesame,எள்,alluvial,வண்டல் மண்,"எள் தொடர்பான முடிவை வண்டல் மண், Tamil Nadu பகுதி, பருவம் மற்றும் பாசன வசதியை வைத்து எடுக்க வேண்டும். முதலில் மண் பரிசோதனை, சரியான விதை, நிலத் தயாரிப்பு மற்றும் நீர் மேலாண்மையை திட்டமிடுங்கள்."
CA_02503,storage,சேமிப்பு,sesame,எள்,sandy,மணல் மண்,"எள் தொடர்பான முடிவை மணல் மண், Tamil Nadu பகுதி, பருவம் மற்றும் பாசன வசதியை வைத்து எடுக்க வேண்டும். முதலில் மண் பரிசோதனை, சரியான விதை, நிலத் தயாரிப்பு மற்றும் நீர் மேலாண்மையை திட்டமிடுங்கள்."
CA_02504,storage,சேமிப்பு,sesame,எள்,clay,களிமண்,"எள் தொடர்பான முடிவை களிமண், Tamil Nadu பகுதி, பருவம் மற்றும் பாசன வசதியை வைத்து எடுக்க வேண்டும். முதலில் மண் பரிசோதனை, சரியான விதை, நிலத் தயாரிப்பு மற்றும் நீர் மேலாண்மையை திட்டமிடுங்கள்."
CA_02505,storage,சேமிப்பு,sesame,எள்,loamy,கலப்பு மண்,"எள் தொடர்பான முடிவை கலப்பு மண், Tamil Nadu பகுதி, பருவம் மற்றும் பாசன வசதியை வைத்து எடுக்க வேண்டும். முதலில் மண் பரிசோதனை, சரியான விதை, நிலத் தயாரிப்பு மற்றும் நீர் மேலாண்மையை திட்டமிடுங்கள்."
CA_02506,storage,சேமிப்பு,sesame,எள்,laterite,சரளை மண்,"எள் தொடர்பான முடிவை சரளை மண், Tamil Nadu பகுதி, பருவம் மற்றும் பாசன வசதியை வைத்து எடுக்க வேண்டும். முதலில் மண் பரிசோதனை, சரியான விதை, நிலத் தயாரிப்பு மற்றும் நீர் மேலாண்மையை திட்டமிடுங்கள்."
CA_02507,storage,சேமிப்பு,tapioca,மரவள்ளி,red,செம்மண்,"மரவள்ளி தொடர்பான முடிவை செம்மண், Tamil Nadu பகுதி, பருவம் மற்றும் பாசன வசதியை வைத்து எடுக்க வேண்டும். முதலில் மண் பரிசோதனை, சரியான விதை, நிலத் தயாரிப்பு மற்றும் நீர் மேலாண்மையை திட்டமிடுங்கள்."
CA_02508,storage,சேமிப்பு,tapioca,மரவள்ளி,black,கரிசல் மண்,"மரவள்ளி தொடர்பான முடிவை கரிசல் மண், Tamil Nadu பகுதி, பருவம் மற்றும் பாசன வசதியை வைத்து எடுக்க வேண்டும். முதலில் மண் பரிசோதனை, சரியான விதை, நிலத் தயாரிப்பு மற்றும் நீர் மேலாண்மையை திட்டமிடுங்கள்."
CA_02509,storage,சேமிப்பு,tapioca,மரவள்ளி,alluvial,வண்டல் மண்,"மரவள்ளி தொடர்பான முடிவை வண்டல் மண், Tamil Nadu பகுதி, பருவம் மற்றும் பாசன வசதியை வைத்து எடுக்க வேண்டும். முதலில் மண் பரிசோதனை, சரியான விதை, நிலத் தயாரிப்பு மற்றும் நீர் மேலாண்மையை திட்டமிடுங்கள்."
CA_02510,storage,சேமிப்பு,tapioca,மரவள்ளி,sandy,மணல் மண்,"மரவள்ளி தொடர்பான முடிவை மணல் மண், Tamil Nadu பகுதி, பருவம் மற்றும் பாசன வசதியை வைத்து எடுக்க வேண்டும். முதலில் மண் பரிசோதனை, சரியான விதை, நிலத் தயாரிப்பு மற்றும் நீர் மேலாண்மையை திட்டமிடுங்கள்."
CA_02511,storage,சேமிப்பு,tapioca,மரவள்ளி,clay,களிமண்,"மரவள்ளி தொடர்பான முடிவை களிமண், Tamil Nadu பகுதி, பருவம் மற்றும் பாசன வசதியை வைத்து எடுக்க வேண்டும். முதலில் மண் பரிசோதனை, சரியான விதை, நிலத் தயாரிப்பு மற்றும் நீர் மேலாண்மையை திட்டமிடுங்கள்."
CA_02512,storage,சேமிப்பு,tapioca,மரவள்ளி,loamy,கலப்பு மண்,"மரவள்ளி தொடர்பான முடிவை கலப்பு மண், Tamil Nadu பகுதி, பருவம் மற்றும் பாசன வசதியை வைத்து எடுக்க வேண்டும். முதலில் மண் பரிசோதனை, சரியான விதை, நிலத் தயாரிப்பு மற்றும் நீர் மேலாண்மையை திட்டமிடுங்கள்."
CA_02513,storage,சேமிப்பு,tapioca,மரவள்ளி,laterite,சரளை மண்,"மரவள்ளி தொடர்பான முடிவை சரளை மண், Tamil Nadu பகுதி, பருவம் மற்றும் பாசன வசதியை வைத்து எடுக்க வேண்டும். முதலில் மண் பரிசோதனை, சரியான விதை, நிலத் தயாரிப்பு மற்றும் நீர் மேலாண்மையை திட்டமிடுங்கள்."
CA_02514,storage,சேமிப்பு,drumstick,முருங்கை,red,செம்மண்,"முருங்கை தொடர்பான முடிவை செம்மண், Tamil Nadu பகுதி, பருவம் மற்றும் பாசன வசதியை வைத்து எடுக்க வேண்டும். முதலில் மண் பரிசோதனை, சரியான விதை, நிலத் தயாரிப்பு மற்றும் நீர் மேலாண்மையை திட்டமிடுங்கள்."
CA_02515,storage,சேமிப்பு,drumstick,முருங்கை,black,கரிசல் மண்,"முருங்கை தொடர்பான முடிவை கரிசல் மண், Tamil Nadu பகுதி, பருவம் மற்றும் பாசன வசதியை வைத்து எடுக்க வேண்டும். முதலில் மண் பரிசோதனை, சரியான விதை, நிலத் தயாரிப்பு மற்றும் நீர் மேலாண்மையை திட்டமிடுங்கள்."
CA_02516,storage,சேமிப்பு,drumstick,முருங்கை,alluvial,வண்டல் மண்,"முருங்கை தொடர்பான முடிவை வண்டல் மண், Tamil Nadu பகுதி, பருவம் மற்றும் பாசன வசதியை வைத்து எடுக்க வேண்டும். முதலில் மண் பரிசோதனை, சரியான விதை, நிலத் தயாரிப்பு மற்றும் நீர் மேலாண்மையை திட்டமிடுங்கள்."
CA_02517,storage,சேமிப்பு,drumstick,முருங்கை,sandy,மணல் மண்,"முருங்கை தொடர்பான முடிவை மணல் மண், Tamil Nadu பகுதி, பருவம் மற்றும் பாசன வசதியை வைத்து எடுக்க வேண்டும். முதலில் மண் பரிசோதனை, சரியான விதை, நிலத் தயாரிப்பு மற்றும் நீர் மேலாண்மையை திட்டமிடுங்கள்."
CA_02518,storage,சேமிப்பு,drumstick,முருங்கை,clay,களிமண்,"முருங்கை தொடர்பான முடிவை களிமண், Tamil Nadu பகுதி, பருவம் மற்றும் பாசன வசதியை வைத்து எடுக்க வேண்டும். முதலில் மண் பரிசோதனை, சரியான விதை, நிலத் தயாரிப்பு மற்றும் நீர் மேலாண்மையை திட்டமிடுங்கள்."
CA_02519,storage,சேமிப்பு,drumstick,முருங்கை,loamy,கலப்பு மண்,"முருங்கை தொடர்பான முடிவை கலப்பு மண், Tamil Nadu பகுதி, பருவம் மற்றும் பாசன வசதியை வைத்து எடுக்க வேண்டும். முதலில் மண் பரிசோதனை, சரியான விதை, நிலத் தயாரிப்பு மற்றும் நீர் மேலாண்மையை திட்டமிடுங்கள்."
CA_02520,storage,சேமிப்பு,drumstick,முருங்கை,laterite,சரளை மண்,"முருங்கை தொடர்பான முடிவை சரளை மண், Tamil Nadu பகுதி, பருவம் மற்றும் பாசன வசதியை வைத்து எடுக்க வேண்டும். முதலில் மண் பரிசோதனை, சரியான விதை, நிலத் தயாரிப்பு மற்றும் நீர் மேலாண்மையை திட்டமிடுங்கள்."
CA_02521,cost,செலவு,rice,நெல்,red,செம்மண்,"நெல் தொடர்பான முடிவை செம்மண், Tamil Nadu பகுதி, பருவம் மற்றும் பாசன வசதியை வைத்து எடுக்க வேண்டும். முதலில் மண் பரிசோதனை, சரியான விதை, நிலத் தயாரிப்பு மற்றும் நீர் மேலாண்மையை திட்டமிடுங்கள்."
CA_02522,cost,செலவு,rice,நெல்,black,கரிசல் மண்,"நெல் தொடர்பான முடிவை கரிசல் மண், Tamil Nadu பகுதி, பருவம் மற்றும் பாசன வசதியை வைத்து எடுக்க வேண்டும். முதலில் மண் பரிசோதனை, சரியான விதை, நிலத் தயாரிப்பு மற்றும் நீர் மேலாண்மையை திட்டமிடுங்கள்."
CA_02523,cost,செலவு,rice,நெல்,alluvial,வண்டல் மண்,"நெல் தொடர்பான முடிவை வண்டல் மண், Tamil Nadu பகுதி, பருவம் மற்றும் பாசன வசதியை வைத்து எடுக்க வேண்டும். முதலில் மண் பரிசோதனை, சரியான விதை, நிலத் தயாரிப்பு மற்றும் நீர் மேலாண்மையை திட்டமிடுங்கள்."
CA_02524,cost,செலவு,rice,நெல்,sandy,மணல் மண்,"நெல் தொடர்பான முடிவை மணல் மண், Tamil Nadu பகுதி, பருவம் மற்றும் பாசன வசதியை வைத்து எடுக்க வேண்டும். முதலில் மண் பரிசோதனை, சரியான விதை, நிலத் தயாரிப்பு மற்றும் நீர் மேலாண்மையை திட்டமிடுங்கள்."
CA_02525,cost,செலவு,rice,நெல்,clay,களிமண்,"நெல் தொடர்பான முடிவை களிமண், Tamil Nadu பகுதி, பருவம் மற்றும் பாசன வசதியை வைத்து எடுக்க வேண்டும். முதலில் மண் பரிசோதனை, சரியான விதை, நிலத் தயாரிப்பு மற்றும் நீர் மேலாண்மையை திட்டமிடுங்கள்."
CA_02526,cost,செலவு,rice,நெல்,loamy,கலப்பு மண்,"நெல் தொடர்பான முடிவை கலப்பு மண், Tamil Nadu பகுதி, பருவம் மற்றும் பாசன வசதியை வைத்து எடுக்க வேண்டும். முதலில் மண் பரிசோதனை, சரியான விதை, நிலத் தயாரிப்பு மற்றும் நீர் மேலாண்மையை திட்டமிடுங்கள்."
CA_02527,cost,செலவு,rice,நெல்,laterite,சரளை மண்,"நெல் தொடர்பான முடிவை சரளை மண், Tamil Nadu பகுதி, பருவம் மற்றும் பாசன வசதியை வைத்து எடுக்க வேண்டும். முதலில் மண் பரிசோதனை, சரியான விதை, நிலத் தயாரிப்பு மற்றும் நீர் மேலாண்மையை திட்டமிடுங்கள்."
CA_02528,cost,செலவு,banana,வாழை,red,செம்மண்,"வாழை தொடர்பான முடிவை செம்மண், Tamil Nadu பகுதி, பருவம் மற்றும் பாசன வசதியை வைத்து எடுக்க வேண்டும். முதலில் மண் பரிசோதனை, சரியான விதை, நிலத் தயாரிப்பு மற்றும் நீர் மேலாண்மையை திட்டமிடுங்கள்."
CA_02529,cost,செலவு,banana,வாழை,black,கரிசல் மண்,"வாழை தொடர்பான முடிவை கரிசல் மண், Tamil Nadu பகுதி, பருவம் மற்றும் பாசன வசதியை வைத்து எடுக்க வேண்டும். முதலில் மண் பரிசோதனை, சரியான விதை, நிலத் தயாரிப்பு மற்றும் நீர் மேலாண்மையை திட்டமிடுங்கள்."
CA_02530,cost,செலவு,banana,வாழை,alluvial,வண்டல் மண்,"வாழை தொடர்பான முடிவை வண்டல் மண், Tamil Nadu பகுதி, பருவம் மற்றும் பாசன வசதியை வைத்து எடுக்க வேண்டும். முதலில் மண் பரிசோதனை, சரியான விதை, நிலத் தயாரிப்பு மற்றும் நீர் மேலாண்மையை திட்டமிடுங்கள்."
CA_02531,cost,செலவு,banana,வாழை,sandy,மணல் மண்,"வாழை தொடர்பான முடிவை மணல் மண், Tamil Nadu பகுதி, பருவம் மற்றும் பாசன வசதியை வைத்து எடுக்க வேண்டும். முதலில் மண் பரிசோதனை, சரியான விதை, நிலத் தயாரிப்பு மற்றும் நீர் மேலாண்மையை திட்டமிடுங்கள்."
CA_02532,cost,செலவு,banana,வாழை,clay,களிமண்,"வாழை தொடர்பான முடிவை களிமண், Tamil Nadu பகுதி, பருவம் மற்றும் பாசன வசதியை வைத்து எடுக்க வேண்டும். முதலில் மண் பரிசோதனை, சரியான விதை, நிலத் தயாரிப்பு மற்றும் நீர் மேலாண்மையை திட்டமிடுங்கள்."
CA_02533,cost,செலவு,banana,வாழை,loamy,கலப்பு மண்,"வாழை தொடர்பான முடிவை கலப்பு மண், Tamil Nadu பகுதி, பருவம் மற்றும் பாசன வசதியை வைத்து எடுக்க வேண்டும். முதலில் மண் பரிசோதனை, சரியான விதை, நிலத் தயாரிப்பு மற்றும் நீர் மேலாண்மையை திட்டமிடுங்கள்."
CA_02534,cost,செலவு,banana,வாழை,laterite,சரளை மண்,"வாழை தொடர்பான முடிவை சரளை மண், Tamil Nadu பகுதி, பருவம் மற்றும் பாசன வசதியை வைத்து எடுக்க வேண்டும். முதலில் மண் பரிசோதனை, சரியான விதை, நிலத் தயாரிப்பு மற்றும் நீர் மேலாண்மையை திட்டமிடுங்கள்."
CA_02535,cost,செலவு,sugarcane,கரும்பு,red,செம்மண்,"கரும்பு தொடர்பான முடிவை செம்மண், Tamil Nadu பகுதி, பருவம் மற்றும் பாசன வசதியை வைத்து எடுக்க வேண்டும். முதலில் மண் பரிசோதனை, சரியான விதை, நிலத் தயாரிப்பு மற்றும் நீர் மேலாண்மையை திட்டமிடுங்கள்."
CA_02536,cost,செலவு,sugarcane,கரும்பு,black,கரிசல் மண்,"கரும்பு தொடர்பான முடிவை கரிசல் மண், Tamil Nadu பகுதி, பருவம் மற்றும் பாசன வசதியை வைத்து எடுக்க வேண்டும். முதலில் மண் பரிசோதனை, சரியான விதை, நிலத் தயாரிப்பு மற்றும் நீர் மேலாண்மையை திட்டமிடுங்கள்."
CA_02537,cost,செலவு,sugarcane,கரும்பு,alluvial,வண்டல் மண்,"கரும்பு தொடர்பான முடிவை வண்டல் மண், Tamil Nadu பகுதி, பருவம் மற்றும் பாசன வசதியை வைத்து எடுக்க வேண்டும். முதலில் மண் பரிசோதனை, சரியான விதை, நிலத் தயாரிப்பு மற்றும் நீர் மேலாண்மையை திட்டமிடுங்கள்."
CA_02538,cost,செலவு,sugarcane,கரும்பு,sandy,மணல் மண்,"கரும்பு தொடர்பான முடிவை மணல் மண், Tamil Nadu பகுதி, பருவம் மற்றும் பாசன வசதியை வைத்து எடுக்க வேண்டும். முதலில் மண் பரிசோதனை, சரியான விதை, நிலத் தயாரிப்பு மற்றும் நீர் மேலாண்மையை திட்டமிடுங்கள்."
CA_02539,cost,செலவு,sugarcane,கரும்பு,clay,களிமண்,"கரும்பு தொடர்பான முடிவை களிமண், Tamil Nadu பகுதி, பருவம் மற்றும் பாசன வசதியை வைத்து எடுக்க வேண்டும். முதலில் மண் பரிசோதனை, சரியான விதை, நிலத் தயாரிப்பு மற்றும் நீர் மேலாண்மையை திட்டமிடுங்கள்."
CA_02540,cost,செலவு,sugarcane,கரும்பு,loamy,கலப்பு மண்,"கரும்பு தொடர்பான முடிவை கலப்பு மண், Tamil Nadu பகுதி, பருவம் மற்றும் பாசன வசதியை வைத்து எடுக்க வேண்டும். முதலில் மண் பரிசோதனை, சரியான விதை, நிலத் தயாரிப்பு மற்றும் நீர் மேலாண்மையை திட்டமிடுங்கள்."
CA_02541,cost,செலவு,sugarcane,கரும்பு,laterite,சரளை மண்,"கரும்பு தொடர்பான முடிவை சரளை மண், Tamil Nadu பகுதி, பருவம் மற்றும் பாசன வசதியை வைத்து எடுக்க வேண்டும். முதலில் மண் பரிசோதனை, சரியான விதை, நிலத் தயாரிப்பு மற்றும் நீர் மேலாண்மையை திட்டமிடுங்கள்."
CA_02542,cost,செலவு,cotton,பருத்தி,red,செம்மண்,"பருத்தி தொடர்பான முடிவை செம்மண், Tamil Nadu பகுதி, பருவம் மற்றும் பாசன வசதியை வைத்து எடுக்க வேண்டும். முதலில் மண் பரிசோதனை, சரியான விதை, நிலத் தயாரிப்பு மற்றும் நீர் மேலாண்மையை திட்டமிடுங்கள்."
CA_02543,cost,செலவு,cotton,பருத்தி,black,கரிசல் மண்,"பருத்தி தொடர்பான முடிவை கரிசல் மண், Tamil Nadu பகுதி, பருவம் மற்றும் பாசன வசதியை வைத்து எடுக்க வேண்டும். முதலில் மண் பரிசோதனை, சரியான விதை, நிலத் தயாரிப்பு மற்றும் நீர் மேலாண்மையை திட்டமிடுங்கள்."
CA_02544,cost,செலவு,cotton,பருத்தி,alluvial,வண்டல் மண்,"பருத்தி தொடர்பான முடிவை வண்டல் மண், Tamil Nadu பகுதி, பருவம் மற்றும் பாசன வசதியை வைத்து எடுக்க வேண்டும். முதலில் மண் பரிசோதனை, சரியான விதை, நிலத் தயாரிப்பு மற்றும் நீர் மேலாண்மையை திட்டமிடுங்கள்."
CA_02545,cost,செலவு,cotton,பருத்தி,sandy,மணல் மண்,"பருத்தி தொடர்பான முடிவை மணல் மண், Tamil Nadu பகுதி, பருவம் மற்றும் பாசன வசதியை வைத்து எடுக்க வேண்டும். முதலில் மண் பரிசோதனை, சரியான விதை, நிலத் தயாரிப்பு மற்றும் நீர் மேலாண்மையை திட்டமிடுங்கள்."
CA_02546,cost,செலவு,cotton,பருத்தி,clay,களிமண்,"பருத்தி தொடர்பான முடிவை களிமண், Tamil Nadu பகுதி, பருவம் மற்றும் பாசன வசதியை வைத்து எடுக்க வேண்டும். முதலில் மண் பரிசோதனை, சரியான விதை, நிலத் தயாரிப்பு மற்றும் நீர் மேலாண்மையை திட்டமிடுங்கள்."
CA_02547,cost,செலவு,cotton,பருத்தி,loamy,கலப்பு மண்,"பருத்தி தொடர்பான முடிவை கலப்பு மண், Tamil Nadu பகுதி, பருவம் மற்றும் பாசன வசதியை வைத்து எடுக்க வேண்டும். முதலில் மண் பரிசோதனை, சரியான விதை, நிலத் தயாரிப்பு மற்றும் நீர் மேலாண்மையை திட்டமிடுங்கள்."
CA_02548,cost,செலவு,cotton,பருத்தி,laterite,சரளை மண்,"பருத்தி தொடர்பான முடிவை சரளை மண், Tamil Nadu பகுதி, பருவம் மற்றும் பாசன வசதியை வைத்து எடுக்க வேண்டும். முதலில் மண் பரிசோதனை, சரியான விதை, நிலத் தயாரிப்பு மற்றும் நீர் மேலாண்மையை திட்டமிடுங்கள்."
CA_02549,cost,செலவு,groundnut,நிலக்கடலை,red,செம்மண்,"நிலக்கடலை தொடர்பான முடிவை செம்மண், Tamil Nadu பகுதி, பருவம் மற்றும் பாசன வசதியை வைத்து எடுக்க வேண்டும். முதலில் மண் பரிசோதனை, சரியான விதை, நிலத் தயாரிப்பு மற்றும் நீர் மேலாண்மையை திட்டமிடுங்கள்."
CA_02550,cost,செலவு,groundnut,நிலக்கடலை,black,கரிசல் மண்,"நிலக்கடலை தொடர்பான முடிவை கரிசல் மண், Tamil Nadu பகுதி, பருவம் மற்றும் பாசன வசதியை வைத்து எடுக்க வேண்டும். முதலில் மண் பரிசோதனை, சரியான விதை, நிலத் தயாரிப்பு மற்றும் நீர் மேலாண்மையை திட்டமிடுங்கள்."
CA_02551,cost,செலவு,groundnut,நிலக்கடலை,alluvial,வண்டல் மண்,"நிலக்கடலை தொடர்பான முடிவை வண்டல் மண், Tamil Nadu பகுதி, பருவம் மற்றும் பாசன வசதியை வைத்து எடுக்க வேண்டும். முதலில் மண் பரிசோதனை, சரியான விதை, நிலத் தயாரிப்பு மற்றும் நீர் மேலாண்மையை திட்டமிடுங்கள்."
CA_02552,cost,செலவு,groundnut,நிலக்கடலை,sandy,மணல் மண்,"நிலக்கடலை தொடர்பான முடிவை மணல் மண், Tamil Nadu பகுதி, பருவம் மற்றும் பாசன வசதியை வைத்து எடுக்க வேண்டும். முதலில் மண் பரிசோதனை, சரியான விதை, நிலத் தயாரிப்பு மற்றும் நீர் மேலாண்மையை திட்டமிடுங்கள்."
CA_02553,cost,செலவு,groundnut,நிலக்கடலை,clay,களிமண்,"நிலக்கடலை தொடர்பான முடிவை களிமண், Tamil Nadu பகுதி, பருவம் மற்றும் பாசன வசதியை வைத்து எடுக்க வேண்டும். முதலில் மண் பரிசோதனை, சரியான விதை, நிலத் தயாரிப்பு மற்றும் நீர் மேலாண்மையை திட்டமிடுங்கள்."
CA_02554,cost,செலவு,groundnut,நிலக்கடலை,loamy,கலப்பு மண்,"நிலக்கடலை தொடர்பான முடிவை கலப்பு மண், Tamil Nadu பகுதி, பருவம் மற்றும் பாசன வசதியை வைத்து எடுக்க வேண்டும். முதலில் மண் பரிசோதனை, சரியான விதை, நிலத் தயாரிப்பு மற்றும் நீர் மேலாண்மையை திட்டமிடுங்கள்."
CA_02555,cost,செலவு,groundnut,நிலக்கடலை,laterite,சரளை மண்,"நிலக்கடலை தொடர்பான முடிவை சரளை மண், Tamil Nadu பகுதி, பருவம் மற்றும் பாசன வசதியை வைத்து எடுக்க வேண்டும். முதலில் மண் பரிசோதனை, சரியான விதை, நிலத் தயாரிப்பு மற்றும் நீர் மேலாண்மையை திட்டமிடுங்கள்."
CA_02556,cost,செலவு,maize,மக்காச்சோளம்,red,செம்மண்,"மக்காச்சோளம் தொடர்பான முடிவை செம்மண், Tamil Nadu பகுதி, பருவம் மற்றும் பாசன வசதியை வைத்து எடுக்க வேண்டும். முதலில் மண் பரிசோதனை, சரியான விதை, நிலத் தயாரிப்பு மற்றும் நீர் மேலாண்மையை திட்டமிடுங்கள்."
CA_02557,cost,செலவு,maize,மக்காச்சோளம்,black,கரிசல் மண்,"மக்காச்சோளம் தொடர்பான முடிவை கரிசல் மண், Tamil Nadu பகுதி, பருவம் மற்றும் பாசன வசதியை வைத்து எடுக்க வேண்டும். முதலில் மண் பரிசோதனை, சரியான விதை, நிலத் தயாரிப்பு மற்றும் நீர் மேலாண்மையை திட்டமிடுங்கள்."
CA_02558,cost,செலவு,maize,மக்காச்சோளம்,alluvial,வண்டல் மண்,"மக்காச்சோளம் தொடர்பான முடிவை வண்டல் மண், Tamil Nadu பகுதி, பருவம் மற்றும் பாசன வசதியை வைத்து எடுக்க வேண்டும். முதலில் மண் பரிசோதனை, சரியான விதை, நிலத் தயாரிப்பு மற்றும் நீர் மேலாண்மையை திட்டமிடுங்கள்."
CA_02559,cost,செலவு,maize,மக்காச்சோளம்,sandy,மணல் மண்,"மக்காச்சோளம் தொடர்பான முடிவை மணல் மண், Tamil Nadu பகுதி, பருவம் மற்றும் பாசன வசதியை வைத்து எடுக்க வேண்டும். முதலில் மண் பரிசோதனை, சரியான விதை, நிலத் தயாரிப்பு மற்றும் நீர் மேலாண்மையை திட்டமிடுங்கள்."
CA_02560,cost,செலவு,maize,மக்காச்சோளம்,clay,களிமண்,"மக்காச்சோளம் தொடர்பான முடிவை களிமண், Tamil Nadu பகுதி, பருவம் மற்றும் பாசன வசதியை வைத்து எடுக்க வேண்டும். முதலில் மண் பரிசோதனை, சரியான விதை, நிலத் தயாரிப்பு மற்றும் நீர் மேலாண்மையை திட்டமிடுங்கள்."
CA_02561,cost,செலவு,maize,மக்காச்சோளம்,loamy,கலப்பு மண்,"மக்காச்சோளம் தொடர்பான முடிவை கலப்பு மண், Tamil Nadu பகுதி, பருவம் மற்றும் பாசன வசதியை வைத்து எடுக்க வேண்டும். முதலில் மண் பரிசோதனை, சரியான விதை, நிலத் தயாரிப்பு மற்றும் நீர் மேலாண்மையை திட்டமிடுங்கள்."
CA_02562,cost,செலவு,maize,மக்காச்சோளம்,laterite,சரளை மண்,"மக்காச்சோளம் தொடர்பான முடிவை சரளை மண், Tamil Nadu பகுதி, பருவம் மற்றும் பாசன வசதியை வைத்து எடுக்க வேண்டும். முதலில் மண் பரிசோதனை, சரியான விதை, நிலத் தயாரிப்பு மற்றும் நீர் மேலாண்மையை திட்டமிடுங்கள்."
CA_02563,cost,செலவு,millet,சிறுதானியம்,red,செம்மண்,"சிறுதானியம் தொடர்பான முடிவை செம்மண், Tamil Nadu பகுதி, பருவம் மற்றும் பாசன வசதியை வைத்து எடுக்க வேண்டும். முதலில் மண் பரிசோதனை, சரியான விதை, நிலத் தயாரிப்பு மற்றும் நீர் மேலாண்மையை திட்டமிடுங்கள்."
CA_02564,cost,செலவு,millet,சிறுதானியம்,black,கரிசல் மண்,"சிறுதானியம் தொடர்பான முடிவை கரிசல் மண், Tamil Nadu பகுதி, பருவம் மற்றும் பாசன வசதியை வைத்து எடுக்க வேண்டும். முதலில் மண் பரிசோதனை, சரியான விதை, நிலத் தயாரிப்பு மற்றும் நீர் மேலாண்மையை திட்டமிடுங்கள்."
CA_02565,cost,செலவு,millet,சிறுதானியம்,alluvial,வண்டல் மண்,"சிறுதானியம் தொடர்பான முடிவை வண்டல் மண், Tamil Nadu பகுதி, பருவம் மற்றும் பாசன வசதியை வைத்து எடுக்க வேண்டும். முதலில் மண் பரிசோதனை, சரியான விதை, நிலத் தயாரிப்பு மற்றும் நீர் மேலாண்மையை திட்டமிடுங்கள்."
CA_02566,cost,செலவு,millet,சிறுதானியம்,sandy,மணல் மண்,"சிறுதானியம் தொடர்பான முடிவை மணல் மண், Tamil Nadu பகுதி, பருவம் மற்றும் பாசன வசதியை வைத்து எடுக்க வேண்டும். முதலில் மண் பரிசோதனை, சரியான விதை, நிலத் தயாரிப்பு மற்றும் நீர் மேலாண்மையை திட்டமிடுங்கள்."
CA_02567,cost,செலவு,millet,சிறுதானியம்,clay,களிமண்,"சிறுதானியம் தொடர்பான முடிவை களிமண், Tamil Nadu பகுதி, பருவம் மற்றும் பாசன வசதியை வைத்து எடுக்க வேண்டும். முதலில் மண் பரிசோதனை, சரியான விதை, நிலத் தயாரிப்பு மற்றும் நீர் மேலாண்மையை திட்டமிடுங்கள்."
CA_02568,cost,செலவு,millet,சிறுதானியம்,loamy,கலப்பு மண்,"சிறுதானியம் தொடர்பான முடிவை கலப்பு மண், Tamil Nadu பகுதி, பருவம் மற்றும் பாசன வசதியை வைத்து எடுக்க வேண்டும். முதலில் மண் பரிசோதனை, சரியான விதை, நிலத் தயாரிப்பு மற்றும் நீர் மேலாண்மையை திட்டமிடுங்கள்."
CA_02569,cost,செலவு,millet,சிறுதானியம்,laterite,சரளை மண்,"சிறுதானியம் தொடர்பான முடிவை சரளை மண், Tamil Nadu பகுதி, பருவம் மற்றும் பாசன வசதியை வைத்து எடுக்க வேண்டும். முதலில் மண் பரிசோதனை, சரியான விதை, நிலத் தயாரிப்பு மற்றும் நீர் மேலாண்மையை திட்டமிடுங்கள்."
CA_02570,cost,செலவு,tomato,தக்காளி,red,செம்மண்,"தக்காளி தொடர்பான முடிவை செம்மண், Tamil Nadu பகுதி, பருவம் மற்றும் பாசன வசதியை வைத்து எடுக்க வேண்டும். முதலில் மண் பரிசோதனை, சரியான விதை, நிலத் தயாரிப்பு மற்றும் நீர் மேலாண்மையை திட்டமிடுங்கள்."
CA_02571,cost,செலவு,tomato,தக்காளி,black,கரிசல் மண்,"தக்காளி தொடர்பான முடிவை கரிசல் மண், Tamil Nadu பகுதி, பருவம் மற்றும் பாசன வசதியை வைத்து எடுக்க வேண்டும். முதலில் மண் பரிசோதனை, சரியான விதை, நிலத் தயாரிப்பு மற்றும் நீர் மேலாண்மையை திட்டமிடுங்கள்."
CA_02572,cost,செலவு,tomato,தக்காளி,alluvial,வண்டல் மண்,"தக்காளி தொடர்பான முடிவை வண்டல் மண், Tamil Nadu பகுதி, பருவம் மற்றும் பாசன வசதியை வைத்து எடுக்க வேண்டும். முதலில் மண் பரிசோதனை, சரியான விதை, நிலத் தயாரிப்பு மற்றும் நீர் மேலாண்மையை திட்டமிடுங்கள்."
CA_02573,cost,செலவு,tomato,தக்காளி,sandy,மணல் மண்,"தக்காளி தொடர்பான முடிவை மணல் மண், Tamil Nadu பகுதி, பருவம் மற்றும் பாசன வசதியை வைத்து எடுக்க வேண்டும். முதலில் மண் பரிசோதனை, சரியான விதை, நிலத் தயாரிப்பு மற்றும் நீர் மேலாண்மையை திட்டமிடுங்கள்."
CA_02574,cost,செலவு,tomato,தக்காளி,clay,களிமண்,"தக்காளி தொடர்பான முடிவை களிமண், Tamil Nadu பகுதி, பருவம் மற்றும் பாசன வசதியை வைத்து எடுக்க வேண்டும். முதலில் மண் பரிசோதனை, சரியான விதை, நிலத் தயாரிப்பு மற்றும் நீர் மேலாண்மையை திட்டமிடுங்கள்."
CA_02575,cost,செலவு,tomato,தக்காளி,loamy,கலப்பு மண்,"தக்காளி தொடர்பான முடிவை கலப்பு மண், Tamil Nadu பகுதி, பருவம் மற்றும் பாசன வசதியை வைத்து எடுக்க வேண்டும். முதலில் மண் பரிசோதனை, சரியான விதை, நிலத் தயாரிப்பு மற்றும் நீர் மேலாண்மையை திட்டமிடுங்கள்."
CA_02576,cost,செலவு,tomato,தக்காளி,laterite,சரளை மண்,"தக்காளி தொடர்பான முடிவை சரளை மண், Tamil Nadu பகுதி, பருவம் மற்றும் பாசன வசதியை வைத்து எடுக்க வேண்டும். முதலில் மண் பரிசோதனை, சரியான விதை, நிலத் தயாரிப்பு மற்றும் நீர் மேலாண்மையை திட்டமிடுங்கள்."
CA_02577,cost,செலவு,chilli,மிளகாய்,red,செம்மண்,"மிளகாய் தொடர்பான முடிவை செம்மண், Tamil Nadu பகுதி, பருவம் மற்றும் பாசன வசதியை வைத்து எடுக்க வேண்டும். முதலில் மண் பரிசோதனை, சரியான விதை, நிலத் தயாரிப்பு மற்றும் நீர் மேலாண்மையை திட்டமிடுங்கள்."
CA_02578,cost,செலவு,chilli,மிளகாய்,black,கரிசல் மண்,"மிளகாய் தொடர்பான முடிவை கரிசல் மண், Tamil Nadu பகுதி, பருவம் மற்றும் பாசன வசதியை வைத்து எடுக்க வேண்டும். முதலில் மண் பரிசோதனை, சரியான விதை, நிலத் தயாரிப்பு மற்றும் நீர் மேலாண்மையை திட்டமிடுங்கள்."
CA_02579,cost,செலவு,chilli,மிளகாய்,alluvial,வண்டல் மண்,"மிளகாய் தொடர்பான முடிவை வண்டல் மண், Tamil Nadu பகுதி, பருவம் மற்றும் பாசன வசதியை வைத்து எடுக்க வேண்டும். முதலில் மண் பரிசோதனை, சரியான விதை, நிலத் தயாரிப்பு மற்றும் நீர் மேலாண்மையை திட்டமிடுங்கள்."
CA_02580,cost,செலவு,chilli,மிளகாய்,sandy,மணல் மண்,"மிளகாய் தொடர்பான முடிவை மணல் மண், Tamil Nadu பகுதி, பருவம் மற்றும் பாசன வசதியை வைத்து எடுக்க வேண்டும். முதலில் மண் பரிசோதனை, சரியான விதை, நிலத் தயாரிப்பு மற்றும் நீர் மேலாண்மையை திட்டமிடுங்கள்."
CA_02581,cost,செலவு,chilli,மிளகாய்,clay,களிமண்,"மிளகாய் தொடர்பான முடிவை களிமண், Tamil Nadu பகுதி, பருவம் மற்றும் பாசன வசதியை வைத்து எடுக்க வேண்டும். முதலில் மண் பரிசோதனை, சரியான விதை, நிலத் தயாரிப்பு மற்றும் நீர் மேலாண்மையை திட்டமிடுங்கள்."
CA_02582,cost,செலவு,chilli,மிளகாய்,loamy,கலப்பு மண்,"மிளகாய் தொடர்பான முடிவை கலப்பு மண், Tamil Nadu பகுதி, பருவம் மற்றும் பாசன வசதியை வைத்து எடுக்க வேண்டும். முதலில் மண் பரிசோதனை, சரியான விதை, நிலத் தயாரிப்பு மற்றும் நீர் மேலாண்மையை திட்டமிடுங்கள்."
CA_02583,cost,செலவு,chilli,மிளகாய்,laterite,சரளை மண்,"மிளகாய் தொடர்பான முடிவை சரளை மண், Tamil Nadu பகுதி, பருவம் மற்றும் பாசன வசதியை வைத்து எடுக்க வேண்டும். முதலில் மண் பரிசோதனை, சரியான விதை, நிலத் தயாரிப்பு மற்றும் நீர் மேலாண்மையை திட்டமிடுங்கள்."
CA_02584,cost,செலவு,onion,வெங்காயம்,red,செம்மண்,"வெங்காயம் தொடர்பான முடிவை செம்மண், Tamil Nadu பகுதி, பருவம் மற்றும் பாசன வசதியை வைத்து எடுக்க வேண்டும். முதலில் மண் பரிசோதனை, சரியான விதை, நிலத் தயாரிப்பு மற்றும் நீர் மேலாண்மையை திட்டமிடுங்கள்."
CA_02585,cost,செலவு,onion,வெங்காயம்,black,கரிசல் மண்,"வெங்காயம் தொடர்பான முடிவை கரிசல் மண், Tamil Nadu பகுதி, பருவம் மற்றும் பாசன வசதியை வைத்து எடுக்க வேண்டும். முதலில் மண் பரிசோதனை, சரியான விதை, நிலத் தயாரிப்பு மற்றும் நீர் மேலாண்மையை திட்டமிடுங்கள்."
CA_02586,cost,செலவு,onion,வெங்காயம்,alluvial,வண்டல் மண்,"வெங்காயம் தொடர்பான முடிவை வண்டல் மண், Tamil Nadu பகுதி, பருவம் மற்றும் பாசன வசதியை வைத்து எடுக்க வேண்டும். முதலில் மண் பரிசோதனை, சரியான விதை, நிலத் தயாரிப்பு மற்றும் நீர் மேலாண்மையை திட்டமிடுங்கள்."
CA_02587,cost,செலவு,onion,வெங்காயம்,sandy,மணல் மண்,"வெங்காயம் தொடர்பான முடிவை மணல் மண், Tamil Nadu பகுதி, பருவம் மற்றும் பாசன வசதியை வைத்து எடுக்க வேண்டும். முதலில் மண் பரிசோதனை, சரியான விதை, நிலத் தயாரிப்பு மற்றும் நீர் மேலாண்மையை திட்டமிடுங்கள்."
CA_02588,cost,செலவு,onion,வெங்காயம்,clay,களிமண்,"வெங்காயம் தொடர்பான முடிவை களிமண், Tamil Nadu பகுதி, பருவம் மற்றும் பாசன வசதியை வைத்து எடுக்க வேண்டும். முதலில் மண் பரிசோதனை, சரியான விதை, நிலத் தயாரிப்பு மற்றும் நீர் மேலாண்மையை திட்டமிடுங்கள்."
CA_02589,cost,செலவு,onion,வெங்காயம்,loamy,கலப்பு மண்,"வெங்காயம் தொடர்பான முடிவை கலப்பு மண், Tamil Nadu பகுதி, பருவம் மற்றும் பாசன வசதியை வைத்து எடுக்க வேண்டும். முதலில் மண் பரிசோதனை, சரியான விதை, நிலத் தயாரிப்பு மற்றும் நீர் மேலாண்மையை திட்டமிடுங்கள்."
CA_02590,cost,செலவு,onion,வெங்காயம்,laterite,சரளை மண்,"வெங்காயம் தொடர்பான முடிவை சரளை மண், Tamil Nadu பகுதி, பருவம் மற்றும் பாசன வசதியை வைத்து எடுக்க வேண்டும். முதலில் மண் பரிசோதனை, சரியான விதை, நிலத் தயாரிப்பு மற்றும் நீர் மேலாண்மையை திட்டமிடுங்கள்."
CA_02591,cost,செலவு,turmeric,மஞ்சள்,red,செம்மண்,"மஞ்சள் தொடர்பான முடிவை செம்மண், Tamil Nadu பகுதி, பருவம் மற்றும் பாசன வசதியை வைத்து எடுக்க வேண்டும். முதலில் மண் பரிசோதனை, சரியான விதை, நிலத் தயாரிப்பு மற்றும் நீர் மேலாண்மையை திட்டமிடுங்கள்."
CA_02592,cost,செலவு,turmeric,மஞ்சள்,black,கரிசல் மண்,"மஞ்சள் தொடர்பான முடிவை கரிசல் மண், Tamil Nadu பகுதி, பருவம் மற்றும் பாசன வசதியை வைத்து எடுக்க வேண்டும். முதலில் மண் பரிசோதனை, சரியான விதை, நிலத் தயாரிப்பு மற்றும் நீர் மேலாண்மையை திட்டமிடுங்கள்."
CA_02593,cost,செலவு,turmeric,மஞ்சள்,alluvial,வண்டல் மண்,"மஞ்சள் தொடர்பான முடிவை வண்டல் மண், Tamil Nadu பகுதி, பருவம் மற்றும் பாசன வசதியை வைத்து எடுக்க வேண்டும். முதலில் மண் பரிசோதனை, சரியான விதை, நிலத் தயாரிப்பு மற்றும் நீர் மேலாண்மையை திட்டமிடுங்கள்."
CA_02594,cost,செலவு,turmeric,மஞ்சள்,sandy,மணல் மண்,"மஞ்சள் தொடர்பான முடிவை மணல் மண், Tamil Nadu பகுதி, பருவம் மற்றும் பாசன வசதியை வைத்து எடுக்க வேண்டும். முதலில் மண் பரிசோதனை, சரியான விதை, நிலத் தயாரிப்பு மற்றும் நீர் மேலாண்மையை திட்டமிடுங்கள்."
CA_02595,cost,செலவு,turmeric,மஞ்சள்,clay,களிமண்,"மஞ்சள் தொடர்பான முடிவை களிமண், Tamil Nadu பகுதி, பருவம் மற்றும் பாசன வசதியை வைத்து எடுக்க வேண்டும். முதலில் மண் பரிசோதனை, சரியான விதை, நிலத் தயாரிப்பு மற்றும் நீர் மேலாண்மையை திட்டமிடுங்கள்."
CA_02596,cost,செலவு,turmeric,மஞ்சள்,loamy,கலப்பு மண்,"மஞ்சள் தொடர்பான முடிவை கலப்பு மண், Tamil Nadu பகுதி, பருவம் மற்றும் பாசன வசதியை வைத்து எடுக்க வேண்டும். முதலில் மண் பரிசோதனை, சரியான விதை, நிலத் தயாரிப்பு மற்றும் நீர் மேலாண்மையை திட்டமிடுங்கள்."
CA_02597,cost,செலவு,turmeric,மஞ்சள்,laterite,சரளை மண்,"மஞ்சள் தொடர்பான முடிவை சரளை மண், Tamil Nadu பகுதி, பருவம் மற்றும் பாசன வசதியை வைத்து எடுக்க வேண்டும். முதலில் மண் பரிசோதனை, சரியான விதை, நிலத் தயாரிப்பு மற்றும் நீர் மேலாண்மையை திட்டமிடுங்கள்."
CA_02598,cost,செலவு,brinjal,கத்தரிக்காய்,red,செம்மண்,"கத்தரிக்காய் தொடர்பான முடிவை செம்மண், Tamil Nadu பகுதி, பருவம் மற்றும் பாசன வசதியை வைத்து எடுக்க வேண்டும். முதலில் மண் பரிசோதனை, சரியான விதை, நிலத் தயாரிப்பு மற்றும் நீர் மேலாண்மையை திட்டமிடுங்கள்."
CA_02599,cost,செலவு,brinjal,கத்தரிக்காய்,black,கரிசல் மண்,"கத்தரிக்காய் தொடர்பான முடிவை கரிசல் மண், Tamil Nadu பகுதி, பருவம் மற்றும் பாசன வசதியை வைத்து எடுக்க வேண்டும். முதலில் மண் பரிசோதனை, சரியான விதை, நிலத் தயாரிப்பு மற்றும் நீர் மேலாண்மையை திட்டமிடுங்கள்."
CA_02600,cost,செலவு,brinjal,கத்தரிக்காய்,alluvial,வண்டல் மண்,"கத்தரிக்காய் தொடர்பான முடிவை வண்டல் மண், Tamil Nadu பகுதி, பருவம் மற்றும் பாசன வசதியை வைத்து எடுக்க வேண்டும். முதலில் மண் பரிசோதனை, சரியான விதை, நிலத் தயாரிப்பு மற்றும் நீர் மேலாண்மையை திட்டமிடுங்கள்."
CA_02601,cost,செலவு,brinjal,கத்தரிக்காய்,sandy,மணல் மண்,"கத்தரிக்காய் தொடர்பான முடிவை மணல் மண், Tamil Nadu பகுதி, பருவம் மற்றும் பாசன வசதியை வைத்து எடுக்க வேண்டும். முதலில் மண் பரிசோதனை, சரியான விதை, நிலத் தயாரிப்பு மற்றும் நீர் மேலாண்மையை திட்டமிடுங்கள்."
CA_02602,cost,செலவு,brinjal,கத்தரிக்காய்,clay,களிமண்,"கத்தரிக்காய் தொடர்பான முடிவை களிமண், Tamil Nadu பகுதி, பருவம் மற்றும் பாசன வசதியை வைத்து எடுக்க வேண்டும். முதலில் மண் பரிசோதனை, சரியான விதை, நிலத் தயாரிப்பு மற்றும் நீர் மேலாண்மையை திட்டமிடுங்கள்."
CA_02603,cost,செலவு,brinjal,கத்தரிக்காய்,loamy,கலப்பு மண்,"கத்தரிக்காய் தொடர்பான முடிவை கலப்பு மண், Tamil Nadu பகுதி, பருவம் மற்றும் பாசன வசதியை வைத்து எடுக்க வேண்டும். முதலில் மண் பரிசோதனை, சரியான விதை, நிலத் தயாரிப்பு மற்றும் நீர் மேலாண்மையை திட்டமிடுங்கள்."
CA_02604,cost,செலவு,brinjal,கத்தரிக்காய்,laterite,சரளை மண்,"கத்தரிக்காய் தொடர்பான முடிவை சரளை மண், Tamil Nadu பகுதி, பருவம் மற்றும் பாசன வசதியை வைத்து எடுக்க வேண்டும். முதலில் மண் பரிசோதனை, சரியான விதை, நிலத் தயாரிப்பு மற்றும் நீர் மேலாண்மையை திட்டமிடுங்கள்."
CA_02605,cost,செலவு,okra,வெண்டைக்காய்,red,செம்மண்,"வெண்டைக்காய் தொடர்பான முடிவை செம்மண், Tamil Nadu பகுதி, பருவம் மற்றும் பாசன வசதியை வைத்து எடுக்க வேண்டும். முதலில் மண் பரிசோதனை, சரியான விதை, நிலத் தயாரிப்பு மற்றும் நீர் மேலாண்மையை திட்டமிடுங்கள்."
CA_02606,cost,செலவு,okra,வெண்டைக்காய்,black,கரிசல் மண்,"வெண்டைக்காய் தொடர்பான முடிவை கரிசல் மண், Tamil Nadu பகுதி, பருவம் மற்றும் பாசன வசதியை வைத்து எடுக்க வேண்டும். முதலில் மண் பரிசோதனை, சரியான விதை, நிலத் தயாரிப்பு மற்றும் நீர் மேலாண்மையை திட்டமிடுங்கள்."
CA_02607,cost,செலவு,okra,வெண்டைக்காய்,alluvial,வண்டல் மண்,"வெண்டைக்காய் தொடர்பான முடிவை வண்டல் மண், Tamil Nadu பகுதி, பருவம் மற்றும் பாசன வசதியை வைத்து எடுக்க வேண்டும். முதலில் மண் பரிசோதனை, சரியான விதை, நிலத் தயாரிப்பு மற்றும் நீர் மேலாண்மையை திட்டமிடுங்கள்."
CA_02608,cost,செலவு,okra,வெண்டைக்காய்,sandy,மணல் மண்,"வெண்டைக்காய் தொடர்பான முடிவை மணல் மண், Tamil Nadu பகுதி, பருவம் மற்றும் பாசன வசதியை வைத்து எடுக்க வேண்டும். முதலில் மண் பரிசோதனை, சரியான விதை, நிலத் தயாரிப்பு மற்றும் நீர் மேலாண்மையை திட்டமிடுங்கள்."
CA_02609,cost,செலவு,okra,வெண்டைக்காய்,clay,களிமண்,"வெண்டைக்காய் தொடர்பான முடிவை களிமண், Tamil Nadu பகுதி, பருவம் மற்றும் பாசன வசதியை வைத்து எடுக்க வேண்டும். முதலில் மண் பரிசோதனை, சரியான விதை, நிலத் தயாரிப்பு மற்றும் நீர் மேலாண்மையை திட்டமிடுங்கள்."
CA_02610,cost,செலவு,okra,வெண்டைக்காய்,loamy,கலப்பு மண்,"வெண்டைக்காய் தொடர்பான முடிவை கலப்பு மண், Tamil Nadu பகுதி, பருவம் மற்றும் பாசன வசதியை வைத்து எடுக்க வேண்டும். முதலில் மண் பரிசோதனை, சரியான விதை, நிலத் தயாரிப்பு மற்றும் நீர் மேலாண்மையை திட்டமிடுங்கள்."
CA_02611,cost,செலவு,okra,வெண்டைக்காய்,laterite,சரளை மண்,"வெண்டைக்காய் தொடர்பான முடிவை சரளை மண், Tamil Nadu பகுதி, பருவம் மற்றும் பாசன வசதியை வைத்து எடுக்க வேண்டும். முதலில் மண் பரிசோதனை, சரியான விதை, நிலத் தயாரிப்பு மற்றும் நீர் மேலாண்மையை திட்டமிடுங்கள்."
CA_02612,cost,செலவு,coconut,தேங்காய்,red,செம்மண்,"தேங்காய் தொடர்பான முடிவை செம்மண், Tamil Nadu பகுதி, பருவம் மற்றும் பாசன வசதியை வைத்து எடுக்க வேண்டும். முதலில் மண் பரிசோதனை, சரியான விதை, நிலத் தயாரிப்பு மற்றும் நீர் மேலாண்மையை திட்டமிடுங்கள்."
CA_02613,cost,செலவு,coconut,தேங்காய்,black,கரிசல் மண்,"தேங்காய் தொடர்பான முடிவை கரிசல் மண், Tamil Nadu பகுதி, பருவம் மற்றும் பாசன வசதியை வைத்து எடுக்க வேண்டும். முதலில் மண் பரிசோதனை, சரியான விதை, நிலத் தயாரிப்பு மற்றும் நீர் மேலாண்மையை திட்டமிடுங்கள்."
CA_02614,cost,செலவு,coconut,தேங்காய்,alluvial,வண்டல் மண்,"தேங்காய் தொடர்பான முடிவை வண்டல் மண், Tamil Nadu பகுதி, பருவம் மற்றும் பாசன வசதியை வைத்து எடுக்க வேண்டும். முதலில் மண் பரிசோதனை, சரியான விதை, நிலத் தயாரிப்பு மற்றும் நீர் மேலாண்மையை திட்டமிடுங்கள்."
CA_02615,cost,செலவு,coconut,தேங்காய்,sandy,மணல் மண்,"தேங்காய் தொடர்பான முடிவை மணல் மண், Tamil Nadu பகுதி, பருவம் மற்றும் பாசன வசதியை வைத்து எடுக்க வேண்டும். முதலில் மண் பரிசோதனை, சரியான விதை, நிலத் தயாரிப்பு மற்றும் நீர் மேலாண்மையை திட்டமிடுங்கள்."
CA_02616,cost,செலவு,coconut,தேங்காய்,clay,களிமண்,"தேங்காய் தொடர்பான முடிவை களிமண், Tamil Nadu பகுதி, பருவம் மற்றும் பாசன வசதியை வைத்து எடுக்க வேண்டும். முதலில் மண் பரிசோதனை, சரியான விதை, நிலத் தயாரிப்பு மற்றும் நீர் மேலாண்மையை திட்டமிடுங்கள்."
CA_02617,cost,செலவு,coconut,தேங்காய்,loamy,கலப்பு மண்,"தேங்காய் தொடர்பான முடிவை கலப்பு மண், Tamil Nadu பகுதி, பருவம் மற்றும் பாசன வசதியை வைத்து எடுக்க வேண்டும். முதலில் மண் பரிசோதனை, சரியான விதை, நிலத் தயாரிப்பு மற்றும் நீர் மேலாண்மையை திட்டமிடுங்கள்."
CA_02618,cost,செலவு,coconut,தேங்காய்,laterite,சரளை மண்,"தேங்காய் தொடர்பான முடிவை சரளை மண், Tamil Nadu பகுதி, பருவம் மற்றும் பாசன வசதியை வைத்து எடுக்க வேண்டும். முதலில் மண் பரிசோதனை, சரியான விதை, நிலத் தயாரிப்பு மற்றும் நீர் மேலாண்மையை திட்டமிடுங்கள்."
CA_02619,cost,செலவு,pulses,பயறு,red,செம்மண்,"பயறு தொடர்பான முடிவை செம்மண், Tamil Nadu பகுதி, பருவம் மற்றும் பாசன வசதியை வைத்து எடுக்க வேண்டும். முதலில் மண் பரிசோதனை, சரியான விதை, நிலத் தயாரிப்பு மற்றும் நீர் மேலாண்மையை திட்டமிடுங்கள்."
CA_02620,cost,செலவு,pulses,பயறு,black,கரிசல் மண்,"பயறு தொடர்பான முடிவை கரிசல் மண், Tamil Nadu பகுதி, பருவம் மற்றும் பாசன வசதியை வைத்து எடுக்க வேண்டும். முதலில் மண் பரிசோதனை, சரியான விதை, நிலத் தயாரிப்பு மற்றும் நீர் மேலாண்மையை திட்டமிடுங்கள்."
CA_02621,cost,செலவு,pulses,பயறு,alluvial,வண்டல் மண்,"பயறு தொடர்பான முடிவை வண்டல் மண், Tamil Nadu பகுதி, பருவம் மற்றும் பாசன வசதியை வைத்து எடுக்க வேண்டும். முதலில் மண் பரிசோதனை, சரியான விதை, நிலத் தயாரிப்பு மற்றும் நீர் மேலாண்மையை திட்டமிடுங்கள்."
CA_02622,cost,செலவு,pulses,பயறு,sandy,மணல் மண்,"பயறு தொடர்பான முடிவை மணல் மண், Tamil Nadu பகுதி, பருவம் மற்றும் பாசன வசதியை வைத்து எடுக்க வேண்டும். முதலில் மண் பரிசோதனை, சரியான விதை, நிலத் தயாரிப்பு மற்றும் நீர் மேலாண்மையை திட்டமிடுங்கள்."
CA_02623,cost,செலவு,pulses,பயறு,clay,களிமண்,"பயறு தொடர்பான முடிவை களிமண், Tamil Nadu பகுதி, பருவம் மற்றும் பாசன வசதியை வைத்து எடுக்க வேண்டும். முதலில் மண் பரிசோதனை, சரியான விதை, நிலத் தயாரிப்பு மற்றும் நீர் மேலாண்மையை திட்டமிடுங்கள்."
CA_02624,cost,செலவு,pulses,பயறு,loamy,கலப்பு மண்,"பயறு தொடர்பான முடிவை கலப்பு மண், Tamil Nadu பகுதி, பருவம் மற்றும் பாசன வசதியை வைத்து எடுக்க வேண்டும். முதலில் மண் பரிசோதனை, சரியான விதை, நிலத் தயாரிப்பு மற்றும் நீர் மேலாண்மையை திட்டமிடுங்கள்."
CA_02625,cost,செலவு,pulses,பயறு,laterite,சரளை மண்,"பயறு தொடர்பான முடிவை சரளை மண், Tamil Nadu பகுதி, பருவம் மற்றும் பாசன வசதியை வைத்து எடுக்க வேண்டும். முதலில் மண் பரிசோதனை, சரியான விதை, நிலத் தயாரிப்பு மற்றும் நீர் மேலாண்மையை திட்டமிடுங்கள்."
CA_02626,cost,செலவு,sesame,எள்,red,செம்மண்,"எள் தொடர்பான முடிவை செம்மண், Tamil Nadu பகுதி, பருவம் மற்றும் பாசன வசதியை வைத்து எடுக்க வேண்டும். முதலில் மண் பரிசோதனை, சரியான விதை, நிலத் தயாரிப்பு மற்றும் நீர் மேலாண்மையை திட்டமிடுங்கள்."
CA_02627,cost,செலவு,sesame,எள்,black,கரிசல் மண்,"எள் தொடர்பான முடிவை கரிசல் மண், Tamil Nadu பகுதி, பருவம் மற்றும் பாசன வசதியை வைத்து எடுக்க வேண்டும். முதலில் மண் பரிசோதனை, சரியான விதை, நிலத் தயாரிப்பு மற்றும் நீர் மேலாண்மையை திட்டமிடுங்கள்."
CA_02628,cost,செலவு,sesame,எள்,alluvial,வண்டல் மண்,"எள் தொடர்பான முடிவை வண்டல் மண், Tamil Nadu பகுதி, பருவம் மற்றும் பாசன வசதியை வைத்து எடுக்க வேண்டும். முதலில் மண் பரிசோதனை, சரியான விதை, நிலத் தயாரிப்பு மற்றும் நீர் மேலாண்மையை திட்டமிடுங்கள்."
CA_02629,cost,செலவு,sesame,எள்,sandy,மணல் மண்,"எள் தொடர்பான முடிவை மணல் மண், Tamil Nadu பகுதி, பருவம் மற்றும் பாசன வசதியை வைத்து எடுக்க வேண்டும். முதலில் மண் பரிசோதனை, சரியான விதை, நிலத் தயாரிப்பு மற்றும் நீர் மேலாண்மையை திட்டமிடுங்கள்."
CA_02630,cost,செலவு,sesame,எள்,clay,களிமண்,"எள் தொடர்பான முடிவை களிமண், Tamil Nadu பகுதி, பருவம் மற்றும் பாசன வசதியை வைத்து எடுக்க வேண்டும். முதலில் மண் பரிசோதனை, சரியான விதை, நிலத் தயாரிப்பு மற்றும் நீர் மேலாண்மையை திட்டமிடுங்கள்."
CA_02631,cost,செலவு,sesame,எள்,loamy,கலப்பு மண்,"எள் தொடர்பான முடிவை கலப்பு மண், Tamil Nadu பகுதி, பருவம் மற்றும் பாசன வசதியை வைத்து எடுக்க வேண்டும். முதலில் மண் பரிசோதனை, சரியான விதை, நிலத் தயாரிப்பு மற்றும் நீர் மேலாண்மையை திட்டமிடுங்கள்."
CA_02632,cost,செலவு,sesame,எள்,laterite,சரளை மண்,"எள் தொடர்பான முடிவை சரளை மண், Tamil Nadu பகுதி, பருவம் மற்றும் பாசன வசதியை வைத்து எடுக்க வேண்டும். முதலில் மண் பரிசோதனை, சரியான விதை, நிலத் தயாரிப்பு மற்றும் நீர் மேலாண்மையை திட்டமிடுங்கள்."
CA_02633,cost,செலவு,tapioca,மரவள்ளி,red,செம்மண்,"மரவள்ளி தொடர்பான முடிவை செம்மண், Tamil Nadu பகுதி, பருவம் மற்றும் பாசன வசதியை வைத்து எடுக்க வேண்டும். முதலில் மண் பரிசோதனை, சரியான விதை, நிலத் தயாரிப்பு மற்றும் நீர் மேலாண்மையை திட்டமிடுங்கள்."
CA_02634,cost,செலவு,tapioca,மரவள்ளி,black,கரிசல் மண்,"மரவள்ளி தொடர்பான முடிவை கரிசல் மண், Tamil Nadu பகுதி, பருவம் மற்றும் பாசன வசதியை வைத்து எடுக்க வேண்டும். முதலில் மண் பரிசோதனை, சரியான விதை, நிலத் தயாரிப்பு மற்றும் நீர் மேலாண்மையை திட்டமிடுங்கள்."
CA_02635,cost,செலவு,tapioca,மரவள்ளி,alluvial,வண்டல் மண்,"மரவள்ளி தொடர்பான முடிவை வண்டல் மண், Tamil Nadu பகுதி, பருவம் மற்றும் பாசன வசதியை வைத்து எடுக்க வேண்டும். முதலில் மண் பரிசோதனை, சரியான விதை, நிலத் தயாரிப்பு மற்றும் நீர் மேலாண்மையை திட்டமிடுங்கள்."
CA_02636,cost,செலவு,tapioca,மரவள்ளி,sandy,மணல் மண்,"மரவள்ளி தொடர்பான முடிவை மணல் மண், Tamil Nadu பகுதி, பருவம் மற்றும் பாசன வசதியை வைத்து எடுக்க வேண்டும். முதலில் மண் பரிசோதனை, சரியான விதை, நிலத் தயாரிப்பு மற்றும் நீர் மேலாண்மையை திட்டமிடுங்கள்."
CA_02637,cost,செலவு,tapioca,மரவள்ளி,clay,களிமண்,"மரவள்ளி தொடர்பான முடிவை களிமண், Tamil Nadu பகுதி, பருவம் மற்றும் பாசன வசதியை வைத்து எடுக்க வேண்டும். முதலில் மண் பரிசோதனை, சரியான விதை, நிலத் தயாரிப்பு மற்றும் நீர் மேலாண்மையை திட்டமிடுங்கள்."
CA_02638,cost,செலவு,tapioca,மரவள்ளி,loamy,கலப்பு மண்,"மரவள்ளி தொடர்பான முடிவை கலப்பு மண், Tamil Nadu பகுதி, பருவம் மற்றும் பாசன வசதியை வைத்து எடுக்க வேண்டும். முதலில் மண் பரிசோதனை, சரியான விதை, நிலத் தயாரிப்பு மற்றும் நீர் மேலாண்மையை திட்டமிடுங்கள்."
CA_02639,cost,செலவு,tapioca,மரவள்ளி,laterite,சரளை மண்,"மரவள்ளி தொடர்பான முடிவை சரளை மண், Tamil Nadu பகுதி, பருவம் மற்றும் பாசன வசதியை வைத்து எடுக்க வேண்டும். முதலில் மண் பரிசோதனை, சரியான விதை, நிலத் தயாரிப்பு மற்றும் நீர் மேலாண்மையை திட்டமிடுங்கள்."
CA_02640,cost,செலவு,drumstick,முருங்கை,red,செம்மண்,"முருங்கை தொடர்பான முடிவை செம்மண், Tamil Nadu பகுதி, பருவம் மற்றும் பாசன வசதியை வைத்து எடுக்க வேண்டும். முதலில் மண் பரிசோதனை, சரியான விதை, நிலத் தயாரிப்பு மற்றும் நீர் மேலாண்மையை திட்டமிடுங்கள்."
CA_02641,cost,செலவு,drumstick,முருங்கை,black,கரிசல் மண்,"முருங்கை தொடர்பான முடிவை கரிசல் மண், Tamil Nadu பகுதி, பருவம் மற்றும் பாசன வசதியை வைத்து எடுக்க வேண்டும். முதலில் மண் பரிசோதனை, சரியான விதை, நிலத் தயாரிப்பு மற்றும் நீர் மேலாண்மையை திட்டமிடுங்கள்."
CA_02642,cost,செலவு,drumstick,முருங்கை,alluvial,வண்டல் மண்,"முருங்கை தொடர்பான முடிவை வண்டல் மண், Tamil Nadu பகுதி, பருவம் மற்றும் பாசன வசதியை வைத்து எடுக்க வேண்டும். முதலில் மண் பரிசோதனை, சரியான விதை, நிலத் தயாரிப்பு மற்றும் நீர் மேலாண்மையை திட்டமிடுங்கள்."
CA_02643,cost,செலவு,drumstick,முருங்கை,sandy,மணல் மண்,"முருங்கை தொடர்பான முடிவை மணல் மண், Tamil Nadu பகுதி, பருவம் மற்றும் பாசன வசதியை வைத்து எடுக்க வேண்டும். முதலில் மண் பரிசோதனை, சரியான விதை, நிலத் தயாரிப்பு மற்றும் நீர் மேலாண்மையை திட்டமிடுங்கள்."
CA_02644,cost,செலவு,drumstick,முருங்கை,clay,களிமண்,"முருங்கை தொடர்பான முடிவை களிமண், Tamil Nadu பகுதி, பருவம் மற்றும் பாசன வசதியை வைத்து எடுக்க வேண்டும். முதலில் மண் பரிசோதனை, சரியான விதை, நிலத் தயாரிப்பு மற்றும் நீர் மேலாண்மையை திட்டமிடுங்கள்."
CA_02645,cost,செலவு,drumstick,முருங்கை,loamy,கலப்பு மண்,"முருங்கை தொடர்பான முடிவை கலப்பு மண், Tamil Nadu பகுதி, பருவம் மற்றும் பாசன வசதியை வைத்து எடுக்க வேண்டும். முதலில் மண் பரிசோதனை, சரியான விதை, நிலத் தயாரிப்பு மற்றும் நீர் மேலாண்மையை திட்டமிடுங்கள்."
CA_02646,cost,செலவு,drumstick,முருங்கை,laterite,சரளை மண்,"முருங்கை தொடர்பான முடிவை சரளை மண், Tamil Nadu பகுதி, பருவம் மற்றும் பாசன வசதியை வைத்து எடுக்க வேண்டும். முதலில் மண் பரிசோதனை, சரியான விதை, நிலத் தயாரிப்பு மற்றும் நீர் மேலாண்மையை திட்டமிடுங்கள்."
CA_02647,water_budget,நீர் பட்ஜெட்,rice,நெல்,red,செம்மண்,"நெல் நீர் தேவையை நிலப்பரப்பு, மண், பயிர் நிலை, மழை மற்றும் பாசன முறையை வைத்து கணக்கிட வேண்டும். நீர் குறைவாக இருந்தால் drip அல்லது sprinkler போன்ற திறமையான முறைகளை பரிசீலிக்கலாம்."
CA_02648,water_budget,நீர் பட்ஜெட்,rice,நெல்,black,கரிசல் மண்,"நெல் நீர் தேவையை நிலப்பரப்பு, மண், பயிர் நிலை, மழை மற்றும் பாசன முறையை வைத்து கணக்கிட வேண்டும். நீர் குறைவாக இருந்தால் drip அல்லது sprinkler போன்ற திறமையான முறைகளை பரிசீலிக்கலாம்."
CA_02649,water_budget,நீர் பட்ஜெட்,rice,நெல்,alluvial,வண்டல் மண்,"நெல் நீர் தேவையை நிலப்பரப்பு, மண், பயிர் நிலை, மழை மற்றும் பாசன முறையை வைத்து கணக்கிட வேண்டும். நீர் குறைவாக இருந்தால் drip அல்லது sprinkler போன்ற திறமையான முறைகளை பரிசீலிக்கலாம்."
CA_02650,water_budget,நீர் பட்ஜெட்,rice,நெல்,sandy,மணல் மண்,"நெல் நீர் தேவையை நிலப்பரப்பு, மண், பயிர் நிலை, மழை மற்றும் பாசன முறையை வைத்து கணக்கிட வேண்டும். நீர் குறைவாக இருந்தால் drip அல்லது sprinkler போன்ற திறமையான முறைகளை பரிசீலிக்கலாம்."
CA_02651,water_budget,நீர் பட்ஜெட்,rice,நெல்,clay,களிமண்,"நெல் நீர் தேவையை நிலப்பரப்பு, மண், பயிர் நிலை, மழை மற்றும் பாசன முறையை வைத்து கணக்கிட வேண்டும். நீர் குறைவாக இருந்தால் drip அல்லது sprinkler போன்ற திறமையான முறைகளை பரிசீலிக்கலாம்."
CA_02652,water_budget,நீர் பட்ஜெட்,rice,நெல்,loamy,கலப்பு மண்,"நெல் நீர் தேவையை நிலப்பரப்பு, மண், பயிர் நிலை, மழை மற்றும் பாசன முறையை வைத்து கணக்கிட வேண்டும். நீர் குறைவாக இருந்தால் drip அல்லது sprinkler போன்ற திறமையான முறைகளை பரிசீலிக்கலாம்."
CA_02653,water_budget,நீர் பட்ஜெட்,rice,நெல்,laterite,சரளை மண்,"நெல் நீர் தேவையை நிலப்பரப்பு, மண், பயிர் நிலை, மழை மற்றும் பாசன முறையை வைத்து கணக்கிட வேண்டும். நீர் குறைவாக இருந்தால் drip அல்லது sprinkler போன்ற திறமையான முறைகளை பரிசீலிக்கலாம்."
CA_02654,water_budget,நீர் பட்ஜெட்,banana,வாழை,red,செம்மண்,"வாழை நீர் தேவையை நிலப்பரப்பு, மண், பயிர் நிலை, மழை மற்றும் பாசன முறையை வைத்து கணக்கிட வேண்டும். நீர் குறைவாக இருந்தால் drip அல்லது sprinkler போன்ற திறமையான முறைகளை பரிசீலிக்கலாம்."
CA_02655,water_budget,நீர் பட்ஜெட்,banana,வாழை,black,கரிசல் மண்,"வாழை நீர் தேவையை நிலப்பரப்பு, மண், பயிர் நிலை, மழை மற்றும் பாசன முறையை வைத்து கணக்கிட வேண்டும். நீர் குறைவாக இருந்தால் drip அல்லது sprinkler போன்ற திறமையான முறைகளை பரிசீலிக்கலாம்."
CA_02656,water_budget,நீர் பட்ஜெட்,banana,வாழை,alluvial,வண்டல் மண்,"வாழை நீர் தேவையை நிலப்பரப்பு, மண், பயிர் நிலை, மழை மற்றும் பாசன முறையை வைத்து கணக்கிட வேண்டும். நீர் குறைவாக இருந்தால் drip அல்லது sprinkler போன்ற திறமையான முறைகளை பரிசீலிக்கலாம்."
CA_02657,water_budget,நீர் பட்ஜெட்,banana,வாழை,sandy,மணல் மண்,"வாழை நீர் தேவையை நிலப்பரப்பு, மண், பயிர் நிலை, மழை மற்றும் பாசன முறையை வைத்து கணக்கிட வேண்டும். நீர் குறைவாக இருந்தால் drip அல்லது sprinkler போன்ற திறமையான முறைகளை பரிசீலிக்கலாம்."
CA_02658,water_budget,நீர் பட்ஜெட்,banana,வாழை,clay,களிமண்,"வாழை நீர் தேவையை நிலப்பரப்பு, மண், பயிர் நிலை, மழை மற்றும் பாசன முறையை வைத்து கணக்கிட வேண்டும். நீர் குறைவாக இருந்தால் drip அல்லது sprinkler போன்ற திறமையான முறைகளை பரிசீலிக்கலாம்."
CA_02659,water_budget,நீர் பட்ஜெட்,banana,வாழை,loamy,கலப்பு மண்,"வாழை நீர் தேவையை நிலப்பரப்பு, மண், பயிர் நிலை, மழை மற்றும் பாசன முறையை வைத்து கணக்கிட வேண்டும். நீர் குறைவாக இருந்தால் drip அல்லது sprinkler போன்ற திறமையான முறைகளை பரிசீலிக்கலாம்."
CA_02660,water_budget,நீர் பட்ஜெட்,banana,வாழை,laterite,சரளை மண்,"வாழை நீர் தேவையை நிலப்பரப்பு, மண், பயிர் நிலை, மழை மற்றும் பாசன முறையை வைத்து கணக்கிட வேண்டும். நீர் குறைவாக இருந்தால் drip அல்லது sprinkler போன்ற திறமையான முறைகளை பரிசீலிக்கலாம்."
CA_02661,water_budget,நீர் பட்ஜெட்,sugarcane,கரும்பு,red,செம்மண்,"கரும்பு நீர் தேவையை நிலப்பரப்பு, மண், பயிர் நிலை, மழை மற்றும் பாசன முறையை வைத்து கணக்கிட வேண்டும். நீர் குறைவாக இருந்தால் drip அல்லது sprinkler போன்ற திறமையான முறைகளை பரிசீலிக்கலாம்."
CA_02662,water_budget,நீர் பட்ஜெட்,sugarcane,கரும்பு,black,கரிசல் மண்,"கரும்பு நீர் தேவையை நிலப்பரப்பு, மண், பயிர் நிலை, மழை மற்றும் பாசன முறையை வைத்து கணக்கிட வேண்டும். நீர் குறைவாக இருந்தால் drip அல்லது sprinkler போன்ற திறமையான முறைகளை பரிசீலிக்கலாம்."
CA_02663,water_budget,நீர் பட்ஜெட்,sugarcane,கரும்பு,alluvial,வண்டல் மண்,"கரும்பு நீர் தேவையை நிலப்பரப்பு, மண், பயிர் நிலை, மழை மற்றும் பாசன முறையை வைத்து கணக்கிட வேண்டும். நீர் குறைவாக இருந்தால் drip அல்லது sprinkler போன்ற திறமையான முறைகளை பரிசீலிக்கலாம்."
CA_02664,water_budget,நீர் பட்ஜெட்,sugarcane,கரும்பு,sandy,மணல் மண்,"கரும்பு நீர் தேவையை நிலப்பரப்பு, மண், பயிர் நிலை, மழை மற்றும் பாசன முறையை வைத்து கணக்கிட வேண்டும். நீர் குறைவாக இருந்தால் drip அல்லது sprinkler போன்ற திறமையான முறைகளை பரிசீலிக்கலாம்."
CA_02665,water_budget,நீர் பட்ஜெட்,sugarcane,கரும்பு,clay,களிமண்,"கரும்பு நீர் தேவையை நிலப்பரப்பு, மண், பயிர் நிலை, மழை மற்றும் பாசன முறையை வைத்து கணக்கிட வேண்டும். நீர் குறைவாக இருந்தால் drip அல்லது sprinkler போன்ற திறமையான முறைகளை பரிசீலிக்கலாம்."
CA_02666,water_budget,நீர் பட்ஜெட்,sugarcane,கரும்பு,loamy,கலப்பு மண்,"கரும்பு நீர் தேவையை நிலப்பரப்பு, மண், பயிர் நிலை, மழை மற்றும் பாசன முறையை வைத்து கணக்கிட வேண்டும். நீர் குறைவாக இருந்தால் drip அல்லது sprinkler போன்ற திறமையான முறைகளை பரிசீலிக்கலாம்."
CA_02667,water_budget,நீர் பட்ஜெட்,sugarcane,கரும்பு,laterite,சரளை மண்,"கரும்பு நீர் தேவையை நிலப்பரப்பு, மண், பயிர் நிலை, மழை மற்றும் பாசன முறையை வைத்து கணக்கிட வேண்டும். நீர் குறைவாக இருந்தால் drip அல்லது sprinkler போன்ற திறமையான முறைகளை பரிசீலிக்கலாம்."
CA_02668,water_budget,நீர் பட்ஜெட்,cotton,பருத்தி,red,செம்மண்,"பருத்தி நீர் தேவையை நிலப்பரப்பு, மண், பயிர் நிலை, மழை மற்றும் பாசன முறையை வைத்து கணக்கிட வேண்டும். நீர் குறைவாக இருந்தால் drip அல்லது sprinkler போன்ற திறமையான முறைகளை பரிசீலிக்கலாம்."
CA_02669,water_budget,நீர் பட்ஜெட்,cotton,பருத்தி,black,கரிசல் மண்,"பருத்தி நீர் தேவையை நிலப்பரப்பு, மண், பயிர் நிலை, மழை மற்றும் பாசன முறையை வைத்து கணக்கிட வேண்டும். நீர் குறைவாக இருந்தால் drip அல்லது sprinkler போன்ற திறமையான முறைகளை பரிசீலிக்கலாம்."
CA_02670,water_budget,நீர் பட்ஜெட்,cotton,பருத்தி,alluvial,வண்டல் மண்,"பருத்தி நீர் தேவையை நிலப்பரப்பு, மண், பயிர் நிலை, மழை மற்றும் பாசன முறையை வைத்து கணக்கிட வேண்டும். நீர் குறைவாக இருந்தால் drip அல்லது sprinkler போன்ற திறமையான முறைகளை பரிசீலிக்கலாம்."
CA_02671,water_budget,நீர் பட்ஜெட்,cotton,பருத்தி,sandy,மணல் மண்,"பருத்தி நீர் தேவையை நிலப்பரப்பு, மண், பயிர் நிலை, மழை மற்றும் பாசன முறையை வைத்து கணக்கிட வேண்டும். நீர் குறைவாக இருந்தால் drip அல்லது sprinkler போன்ற திறமையான முறைகளை பரிசீலிக்கலாம்."
CA_02672,water_budget,நீர் பட்ஜெட்,cotton,பருத்தி,clay,களிமண்,"பருத்தி நீர் தேவையை நிலப்பரப்பு, மண், பயிர் நிலை, மழை மற்றும் பாசன முறையை வைத்து கணக்கிட வேண்டும். நீர் குறைவாக இருந்தால் drip அல்லது sprinkler போன்ற திறமையான முறைகளை பரிசீலிக்கலாம்."
CA_02673,water_budget,நீர் பட்ஜெட்,cotton,பருத்தி,loamy,கலப்பு மண்,"பருத்தி நீர் தேவையை நிலப்பரப்பு, மண், பயிர் நிலை, மழை மற்றும் பாசன முறையை வைத்து கணக்கிட வேண்டும். நீர் குறைவாக இருந்தால் drip அல்லது sprinkler போன்ற திறமையான முறைகளை பரிசீலிக்கலாம்."
CA_02674,water_budget,நீர் பட்ஜெட்,cotton,பருத்தி,laterite,சரளை மண்,"பருத்தி நீர் தேவையை நிலப்பரப்பு, மண், பயிர் நிலை, மழை மற்றும் பாசன முறையை வைத்து கணக்கிட வேண்டும். நீர் குறைவாக இருந்தால் drip அல்லது sprinkler போன்ற திறமையான முறைகளை பரிசீலிக்கலாம்."
CA_02675,water_budget,நீர் பட்ஜெட்,groundnut,நிலக்கடலை,red,செம்மண்,"நிலக்கடலை நீர் தேவையை நிலப்பரப்பு, மண், பயிர் நிலை, மழை மற்றும் பாசன முறையை வைத்து கணக்கிட வேண்டும். நீர் குறைவாக இருந்தால் drip அல்லது sprinkler போன்ற திறமையான முறைகளை பரிசீலிக்கலாம்."
CA_02676,water_budget,நீர் பட்ஜெட்,groundnut,நிலக்கடலை,black,கரிசல் மண்,"நிலக்கடலை நீர் தேவையை நிலப்பரப்பு, மண், பயிர் நிலை, மழை மற்றும் பாசன முறையை வைத்து கணக்கிட வேண்டும். நீர் குறைவாக இருந்தால் drip அல்லது sprinkler போன்ற திறமையான முறைகளை பரிசீலிக்கலாம்."
CA_02677,water_budget,நீர் பட்ஜெட்,groundnut,நிலக்கடலை,alluvial,வண்டல் மண்,"நிலக்கடலை நீர் தேவையை நிலப்பரப்பு, மண், பயிர் நிலை, மழை மற்றும் பாசன முறையை வைத்து கணக்கிட வேண்டும். நீர் குறைவாக இருந்தால் drip அல்லது sprinkler போன்ற திறமையான முறைகளை பரிசீலிக்கலாம்."
CA_02678,water_budget,நீர் பட்ஜெட்,groundnut,நிலக்கடலை,sandy,மணல் மண்,"நிலக்கடலை நீர் தேவையை நிலப்பரப்பு, மண், பயிர் நிலை, மழை மற்றும் பாசன முறையை வைத்து கணக்கிட வேண்டும். நீர் குறைவாக இருந்தால் drip அல்லது sprinkler போன்ற திறமையான முறைகளை பரிசீலிக்கலாம்."
CA_02679,water_budget,நீர் பட்ஜெட்,groundnut,நிலக்கடலை,clay,களிமண்,"நிலக்கடலை நீர் தேவையை நிலப்பரப்பு, மண், பயிர் நிலை, மழை மற்றும் பாசன முறையை வைத்து கணக்கிட வேண்டும். நீர் குறைவாக இருந்தால் drip அல்லது sprinkler போன்ற திறமையான முறைகளை பரிசீலிக்கலாம்."
CA_02680,water_budget,நீர் பட்ஜெட்,groundnut,நிலக்கடலை,loamy,கலப்பு மண்,"நிலக்கடலை நீர் தேவையை நிலப்பரப்பு, மண், பயிர் நிலை, மழை மற்றும் பாசன முறையை வைத்து கணக்கிட வேண்டும். நீர் குறைவாக இருந்தால் drip அல்லது sprinkler போன்ற திறமையான முறைகளை பரிசீலிக்கலாம்."
CA_02681,water_budget,நீர் பட்ஜெட்,groundnut,நிலக்கடலை,laterite,சரளை மண்,"நிலக்கடலை நீர் தேவையை நிலப்பரப்பு, மண், பயிர் நிலை, மழை மற்றும் பாசன முறையை வைத்து கணக்கிட வேண்டும். நீர் குறைவாக இருந்தால் drip அல்லது sprinkler போன்ற திறமையான முறைகளை பரிசீலிக்கலாம்."
CA_02682,water_budget,நீர் பட்ஜெட்,maize,மக்காச்சோளம்,red,செம்மண்,"மக்காச்சோளம் நீர் தேவையை நிலப்பரப்பு, மண், பயிர் நிலை, மழை மற்றும் பாசன முறையை வைத்து கணக்கிட வேண்டும். நீர் குறைவாக இருந்தால் drip அல்லது sprinkler போன்ற திறமையான முறைகளை பரிசீலிக்கலாம்."
CA_02683,water_budget,நீர் பட்ஜெட்,maize,மக்காச்சோளம்,black,கரிசல் மண்,"மக்காச்சோளம் நீர் தேவையை நிலப்பரப்பு, மண், பயிர் நிலை, மழை மற்றும் பாசன முறையை வைத்து கணக்கிட வேண்டும். நீர் குறைவாக இருந்தால் drip அல்லது sprinkler போன்ற திறமையான முறைகளை பரிசீலிக்கலாம்."
CA_02684,water_budget,நீர் பட்ஜெட்,maize,மக்காச்சோளம்,alluvial,வண்டல் மண்,"மக்காச்சோளம் நீர் தேவையை நிலப்பரப்பு, மண், பயிர் நிலை, மழை மற்றும் பாசன முறையை வைத்து கணக்கிட வேண்டும். நீர் குறைவாக இருந்தால் drip அல்லது sprinkler போன்ற திறமையான முறைகளை பரிசீலிக்கலாம்."
CA_02685,water_budget,நீர் பட்ஜெட்,maize,மக்காச்சோளம்,sandy,மணல் மண்,"மக்காச்சோளம் நீர் தேவையை நிலப்பரப்பு, மண், பயிர் நிலை, மழை மற்றும் பாசன முறையை வைத்து கணக்கிட வேண்டும். நீர் குறைவாக இருந்தால் drip அல்லது sprinkler போன்ற திறமையான முறைகளை பரிசீலிக்கலாம்."
CA_02686,water_budget,நீர் பட்ஜெட்,maize,மக்காச்சோளம்,clay,களிமண்,"மக்காச்சோளம் நீர் தேவையை நிலப்பரப்பு, மண், பயிர் நிலை, மழை மற்றும் பாசன முறையை வைத்து கணக்கிட வேண்டும். நீர் குறைவாக இருந்தால் drip அல்லது sprinkler போன்ற திறமையான முறைகளை பரிசீலிக்கலாம்."
CA_02687,water_budget,நீர் பட்ஜெட்,maize,மக்காச்சோளம்,loamy,கலப்பு மண்,"மக்காச்சோளம் நீர் தேவையை நிலப்பரப்பு, மண், பயிர் நிலை, மழை மற்றும் பாசன முறையை வைத்து கணக்கிட வேண்டும். நீர் குறைவாக இருந்தால் drip அல்லது sprinkler போன்ற திறமையான முறைகளை பரிசீலிக்கலாம்."
CA_02688,water_budget,நீர் பட்ஜெட்,maize,மக்காச்சோளம்,laterite,சரளை மண்,"மக்காச்சோளம் நீர் தேவையை நிலப்பரப்பு, மண், பயிர் நிலை, மழை மற்றும் பாசன முறையை வைத்து கணக்கிட வேண்டும். நீர் குறைவாக இருந்தால் drip அல்லது sprinkler போன்ற திறமையான முறைகளை பரிசீலிக்கலாம்."
CA_02689,water_budget,நீர் பட்ஜெட்,millet,சிறுதானியம்,red,செம்மண்,"சிறுதானியம் நீர் தேவையை நிலப்பரப்பு, மண், பயிர் நிலை, மழை மற்றும் பாசன முறையை வைத்து கணக்கிட வேண்டும். நீர் குறைவாக இருந்தால் drip அல்லது sprinkler போன்ற திறமையான முறைகளை பரிசீலிக்கலாம்."
CA_02690,water_budget,நீர் பட்ஜெட்,millet,சிறுதானியம்,black,கரிசல் மண்,"சிறுதானியம் நீர் தேவையை நிலப்பரப்பு, மண், பயிர் நிலை, மழை மற்றும் பாசன முறையை வைத்து கணக்கிட வேண்டும். நீர் குறைவாக இருந்தால் drip அல்லது sprinkler போன்ற திறமையான முறைகளை பரிசீலிக்கலாம்."
CA_02691,water_budget,நீர் பட்ஜெட்,millet,சிறுதானியம்,alluvial,வண்டல் மண்,"சிறுதானியம் நீர் தேவையை நிலப்பரப்பு, மண், பயிர் நிலை, மழை மற்றும் பாசன முறையை வைத்து கணக்கிட வேண்டும். நீர் குறைவாக இருந்தால் drip அல்லது sprinkler போன்ற திறமையான முறைகளை பரிசீலிக்கலாம்."
CA_02692,water_budget,நீர் பட்ஜெட்,millet,சிறுதானியம்,sandy,மணல் மண்,"சிறுதானியம் நீர் தேவையை நிலப்பரப்பு, மண், பயிர் நிலை, மழை மற்றும் பாசன முறையை வைத்து கணக்கிட வேண்டும். நீர் குறைவாக இருந்தால் drip அல்லது sprinkler போன்ற திறமையான முறைகளை பரிசீலிக்கலாம்."
CA_02693,water_budget,நீர் பட்ஜெட்,millet,சிறுதானியம்,clay,களிமண்,"சிறுதானியம் நீர் தேவையை நிலப்பரப்பு, மண், பயிர் நிலை, மழை மற்றும் பாசன முறையை வைத்து கணக்கிட வேண்டும். நீர் குறைவாக இருந்தால் drip அல்லது sprinkler போன்ற திறமையான முறைகளை பரிசீலிக்கலாம்."
CA_02694,water_budget,நீர் பட்ஜெட்,millet,சிறுதானியம்,loamy,கலப்பு மண்,"சிறுதானியம் நீர் தேவையை நிலப்பரப்பு, மண், பயிர் நிலை, மழை மற்றும் பாசன முறையை வைத்து கணக்கிட வேண்டும். நீர் குறைவாக இருந்தால் drip அல்லது sprinkler போன்ற திறமையான முறைகளை பரிசீலிக்கலாம்."
CA_02695,water_budget,நீர் பட்ஜெட்,millet,சிறுதானியம்,laterite,சரளை மண்,"சிறுதானியம் நீர் தேவையை நிலப்பரப்பு, மண், பயிர் நிலை, மழை மற்றும் பாசன முறையை வைத்து கணக்கிட வேண்டும். நீர் குறைவாக இருந்தால் drip அல்லது sprinkler போன்ற திறமையான முறைகளை பரிசீலிக்கலாம்."
CA_02696,water_budget,நீர் பட்ஜெட்,tomato,தக்காளி,red,செம்மண்,"தக்காளி நீர் தேவையை நிலப்பரப்பு, மண், பயிர் நிலை, மழை மற்றும் பாசன முறையை வைத்து கணக்கிட வேண்டும். நீர் குறைவாக இருந்தால் drip அல்லது sprinkler போன்ற திறமையான முறைகளை பரிசீலிக்கலாம்."
CA_02697,water_budget,நீர் பட்ஜெட்,tomato,தக்காளி,black,கரிசல் மண்,"தக்காளி நீர் தேவையை நிலப்பரப்பு, மண், பயிர் நிலை, மழை மற்றும் பாசன முறையை வைத்து கணக்கிட வேண்டும். நீர் குறைவாக இருந்தால் drip அல்லது sprinkler போன்ற திறமையான முறைகளை பரிசீலிக்கலாம்."
CA_02698,water_budget,நீர் பட்ஜெட்,tomato,தக்காளி,alluvial,வண்டல் மண்,"தக்காளி நீர் தேவையை நிலப்பரப்பு, மண், பயிர் நிலை, மழை மற்றும் பாசன முறையை வைத்து கணக்கிட வேண்டும். நீர் குறைவாக இருந்தால் drip அல்லது sprinkler போன்ற திறமையான முறைகளை பரிசீலிக்கலாம்."
CA_02699,water_budget,நீர் பட்ஜெட்,tomato,தக்காளி,sandy,மணல் மண்,"தக்காளி நீர் தேவையை நிலப்பரப்பு, மண், பயிர் நிலை, மழை மற்றும் பாசன முறையை வைத்து கணக்கிட வேண்டும். நீர் குறைவாக இருந்தால் drip அல்லது sprinkler போன்ற திறமையான முறைகளை பரிசீலிக்கலாம்."
CA_02700,water_budget,நீர் பட்ஜெட்,tomato,தக்காளி,clay,களிமண்,"தக்காளி நீர் தேவையை நிலப்பரப்பு, மண், பயிர் நிலை, மழை மற்றும் பாசன முறையை வைத்து கணக்கிட வேண்டும். நீர் குறைவாக இருந்தால் drip அல்லது sprinkler போன்ற திறமையான முறைகளை பரிசீலிக்கலாம்."
CA_02701,water_budget,நீர் பட்ஜெட்,tomato,தக்காளி,loamy,கலப்பு மண்,"தக்காளி நீர் தேவையை நிலப்பரப்பு, மண், பயிர் நிலை, மழை மற்றும் பாசன முறையை வைத்து கணக்கிட வேண்டும். நீர் குறைவாக இருந்தால் drip அல்லது sprinkler போன்ற திறமையான முறைகளை பரிசீலிக்கலாம்."
CA_02702,water_budget,நீர் பட்ஜெட்,tomato,தக்காளி,laterite,சரளை மண்,"தக்காளி நீர் தேவையை நிலப்பரப்பு, மண், பயிர் நிலை, மழை மற்றும் பாசன முறையை வைத்து கணக்கிட வேண்டும். நீர் குறைவாக இருந்தால் drip அல்லது sprinkler போன்ற திறமையான முறைகளை பரிசீலிக்கலாம்."
CA_02703,water_budget,நீர் பட்ஜெட்,chilli,மிளகாய்,red,செம்மண்,"மிளகாய் நீர் தேவையை நிலப்பரப்பு, மண், பயிர் நிலை, மழை மற்றும் பாசன முறையை வைத்து கணக்கிட வேண்டும். நீர் குறைவாக இருந்தால் drip அல்லது sprinkler போன்ற திறமையான முறைகளை பரிசீலிக்கலாம்."
CA_02704,water_budget,நீர் பட்ஜெட்,chilli,மிளகாய்,black,கரிசல் மண்,"மிளகாய் நீர் தேவையை நிலப்பரப்பு, மண், பயிர் நிலை, மழை மற்றும் பாசன முறையை வைத்து கணக்கிட வேண்டும். நீர் குறைவாக இருந்தால் drip அல்லது sprinkler போன்ற திறமையான முறைகளை பரிசீலிக்கலாம்."
CA_02705,water_budget,நீர் பட்ஜெட்,chilli,மிளகாய்,alluvial,வண்டல் மண்,"மிளகாய் நீர் தேவையை நிலப்பரப்பு, மண், பயிர் நிலை, மழை மற்றும் பாசன முறையை வைத்து கணக்கிட வேண்டும். நீர் குறைவாக இருந்தால் drip அல்லது sprinkler போன்ற திறமையான முறைகளை பரிசீலிக்கலாம்."
CA_02706,water_budget,நீர் பட்ஜெட்,chilli,மிளகாய்,sandy,மணல் மண்,"மிளகாய் நீர் தேவையை நிலப்பரப்பு, மண், பயிர் நிலை, மழை மற்றும் பாசன முறையை வைத்து கணக்கிட வேண்டும். நீர் குறைவாக இருந்தால் drip அல்லது sprinkler போன்ற திறமையான முறைகளை பரிசீலிக்கலாம்."
CA_02707,water_budget,நீர் பட்ஜெட்,chilli,மிளகாய்,clay,களிமண்,"மிளகாய் நீர் தேவையை நிலப்பரப்பு, மண், பயிர் நிலை, மழை மற்றும் பாசன முறையை வைத்து கணக்கிட வேண்டும். நீர் குறைவாக இருந்தால் drip அல்லது sprinkler போன்ற திறமையான முறைகளை பரிசீலிக்கலாம்."
CA_02708,water_budget,நீர் பட்ஜெட்,chilli,மிளகாய்,loamy,கலப்பு மண்,"மிளகாய் நீர் தேவையை நிலப்பரப்பு, மண், பயிர் நிலை, மழை மற்றும் பாசன முறையை வைத்து கணக்கிட வேண்டும். நீர் குறைவாக இருந்தால் drip அல்லது sprinkler போன்ற திறமையான முறைகளை பரிசீலிக்கலாம்."
CA_02709,water_budget,நீர் பட்ஜெட்,chilli,மிளகாய்,laterite,சரளை மண்,"மிளகாய் நீர் தேவையை நிலப்பரப்பு, மண், பயிர் நிலை, மழை மற்றும் பாசன முறையை வைத்து கணக்கிட வேண்டும். நீர் குறைவாக இருந்தால் drip அல்லது sprinkler போன்ற திறமையான முறைகளை பரிசீலிக்கலாம்."
CA_02710,water_budget,நீர் பட்ஜெட்,onion,வெங்காயம்,red,செம்மண்,"வெங்காயம் நீர் தேவையை நிலப்பரப்பு, மண், பயிர் நிலை, மழை மற்றும் பாசன முறையை வைத்து கணக்கிட வேண்டும். நீர் குறைவாக இருந்தால் drip அல்லது sprinkler போன்ற திறமையான முறைகளை பரிசீலிக்கலாம்."
CA_02711,water_budget,நீர் பட்ஜெட்,onion,வெங்காயம்,black,கரிசல் மண்,"வெங்காயம் நீர் தேவையை நிலப்பரப்பு, மண், பயிர் நிலை, மழை மற்றும் பாசன முறையை வைத்து கணக்கிட வேண்டும். நீர் குறைவாக இருந்தால் drip அல்லது sprinkler போன்ற திறமையான முறைகளை பரிசீலிக்கலாம்."
CA_02712,water_budget,நீர் பட்ஜெட்,onion,வெங்காயம்,alluvial,வண்டல் மண்,"வெங்காயம் நீர் தேவையை நிலப்பரப்பு, மண், பயிர் நிலை, மழை மற்றும் பாசன முறையை வைத்து கணக்கிட வேண்டும். நீர் குறைவாக இருந்தால் drip அல்லது sprinkler போன்ற திறமையான முறைகளை பரிசீலிக்கலாம்."
CA_02713,water_budget,நீர் பட்ஜெட்,onion,வெங்காயம்,sandy,மணல் மண்,"வெங்காயம் நீர் தேவையை நிலப்பரப்பு, மண், பயிர் நிலை, மழை மற்றும் பாசன முறையை வைத்து கணக்கிட வேண்டும். நீர் குறைவாக இருந்தால் drip அல்லது sprinkler போன்ற திறமையான முறைகளை பரிசீலிக்கலாம்."
CA_02714,water_budget,நீர் பட்ஜெட்,onion,வெங்காயம்,clay,களிமண்,"வெங்காயம் நீர் தேவையை நிலப்பரப்பு, மண், பயிர் நிலை, மழை மற்றும் பாசன முறையை வைத்து கணக்கிட வேண்டும். நீர் குறைவாக இருந்தால் drip அல்லது sprinkler போன்ற திறமையான முறைகளை பரிசீலிக்கலாம்."
CA_02715,water_budget,நீர் பட்ஜெட்,onion,வெங்காயம்,loamy,கலப்பு மண்,"வெங்காயம் நீர் தேவையை நிலப்பரப்பு, மண், பயிர் நிலை, மழை மற்றும் பாசன முறையை வைத்து கணக்கிட வேண்டும். நீர் குறைவாக இருந்தால் drip அல்லது sprinkler போன்ற திறமையான முறைகளை பரிசீலிக்கலாம்."
CA_02716,water_budget,நீர் பட்ஜெட்,onion,வெங்காயம்,laterite,சரளை மண்,"வெங்காயம் நீர் தேவையை நிலப்பரப்பு, மண், பயிர் நிலை, மழை மற்றும் பாசன முறையை வைத்து கணக்கிட வேண்டும். நீர் குறைவாக இருந்தால் drip அல்லது sprinkler போன்ற திறமையான முறைகளை பரிசீலிக்கலாம்."
CA_02717,water_budget,நீர் பட்ஜெட்,turmeric,மஞ்சள்,red,செம்மண்,"மஞ்சள் நீர் தேவையை நிலப்பரப்பு, மண், பயிர் நிலை, மழை மற்றும் பாசன முறையை வைத்து கணக்கிட வேண்டும். நீர் குறைவாக இருந்தால் drip அல்லது sprinkler போன்ற திறமையான முறைகளை பரிசீலிக்கலாம்."
CA_02718,water_budget,நீர் பட்ஜெட்,turmeric,மஞ்சள்,black,கரிசல் மண்,"மஞ்சள் நீர் தேவையை நிலப்பரப்பு, மண், பயிர் நிலை, மழை மற்றும் பாசன முறையை வைத்து கணக்கிட வேண்டும். நீர் குறைவாக இருந்தால் drip அல்லது sprinkler போன்ற திறமையான முறைகளை பரிசீலிக்கலாம்."
CA_02719,water_budget,நீர் பட்ஜெட்,turmeric,மஞ்சள்,alluvial,வண்டல் மண்,"மஞ்சள் நீர் தேவையை நிலப்பரப்பு, மண், பயிர் நிலை, மழை மற்றும் பாசன முறையை வைத்து கணக்கிட வேண்டும். நீர் குறைவாக இருந்தால் drip அல்லது sprinkler போன்ற திறமையான முறைகளை பரிசீலிக்கலாம்."
CA_02720,water_budget,நீர் பட்ஜெட்,turmeric,மஞ்சள்,sandy,மணல் மண்,"மஞ்சள் நீர் தேவையை நிலப்பரப்பு, மண், பயிர் நிலை, மழை மற்றும் பாசன முறையை வைத்து கணக்கிட வேண்டும். நீர் குறைவாக இருந்தால் drip அல்லது sprinkler போன்ற திறமையான முறைகளை பரிசீலிக்கலாம்."
CA_02721,water_budget,நீர் பட்ஜெட்,turmeric,மஞ்சள்,clay,களிமண்,"மஞ்சள் நீர் தேவையை நிலப்பரப்பு, மண், பயிர் நிலை, மழை மற்றும் பாசன முறையை வைத்து கணக்கிட வேண்டும். நீர் குறைவாக இருந்தால் drip அல்லது sprinkler போன்ற திறமையான முறைகளை பரிசீலிக்கலாம்."
CA_02722,water_budget,நீர் பட்ஜெட்,turmeric,மஞ்சள்,loamy,கலப்பு மண்,"மஞ்சள் நீர் தேவையை நிலப்பரப்பு, மண், பயிர் நிலை, மழை மற்றும் பாசன முறையை வைத்து கணக்கிட வேண்டும். நீர் குறைவாக இருந்தால் drip அல்லது sprinkler போன்ற திறமையான முறைகளை பரிசீலிக்கலாம்."
CA_02723,water_budget,நீர் பட்ஜெட்,turmeric,மஞ்சள்,laterite,சரளை மண்,"மஞ்சள் நீர் தேவையை நிலப்பரப்பு, மண், பயிர் நிலை, மழை மற்றும் பாசன முறையை வைத்து கணக்கிட வேண்டும். நீர் குறைவாக இருந்தால் drip அல்லது sprinkler போன்ற திறமையான முறைகளை பரிசீலிக்கலாம்."
CA_02724,water_budget,நீர் பட்ஜெட்,brinjal,கத்தரிக்காய்,red,செம்மண்,"கத்தரிக்காய் நீர் தேவையை நிலப்பரப்பு, மண், பயிர் நிலை, மழை மற்றும் பாசன முறையை வைத்து கணக்கிட வேண்டும். நீர் குறைவாக இருந்தால் drip அல்லது sprinkler போன்ற திறமையான முறைகளை பரிசீலிக்கலாம்."
CA_02725,water_budget,நீர் பட்ஜெட்,brinjal,கத்தரிக்காய்,black,கரிசல் மண்,"கத்தரிக்காய் நீர் தேவையை நிலப்பரப்பு, மண், பயிர் நிலை, மழை மற்றும் பாசன முறையை வைத்து கணக்கிட வேண்டும். நீர் குறைவாக இருந்தால் drip அல்லது sprinkler போன்ற திறமையான முறைகளை பரிசீலிக்கலாம்."
CA_02726,water_budget,நீர் பட்ஜெட்,brinjal,கத்தரிக்காய்,alluvial,வண்டல் மண்,"கத்தரிக்காய் நீர் தேவையை நிலப்பரப்பு, மண், பயிர் நிலை, மழை மற்றும் பாசன முறையை வைத்து கணக்கிட வேண்டும். நீர் குறைவாக இருந்தால் drip அல்லது sprinkler போன்ற திறமையான முறைகளை பரிசீலிக்கலாம்."
CA_02727,water_budget,நீர் பட்ஜெட்,brinjal,கத்தரிக்காய்,sandy,மணல் மண்,"கத்தரிக்காய் நீர் தேவையை நிலப்பரப்பு, மண், பயிர் நிலை, மழை மற்றும் பாசன முறையை வைத்து கணக்கிட வேண்டும். நீர் குறைவாக இருந்தால் drip அல்லது sprinkler போன்ற திறமையான முறைகளை பரிசீலிக்கலாம்."
CA_02728,water_budget,நீர் பட்ஜெட்,brinjal,கத்தரிக்காய்,clay,களிமண்,"கத்தரிக்காய் நீர் தேவையை நிலப்பரப்பு, மண், பயிர் நிலை, மழை மற்றும் பாசன முறையை வைத்து கணக்கிட வேண்டும். நீர் குறைவாக இருந்தால் drip அல்லது sprinkler போன்ற திறமையான முறைகளை பரிசீலிக்கலாம்."
CA_02729,water_budget,நீர் பட்ஜெட்,brinjal,கத்தரிக்காய்,loamy,கலப்பு மண்,"கத்தரிக்காய் நீர் தேவையை நிலப்பரப்பு, மண், பயிர் நிலை, மழை மற்றும் பாசன முறையை வைத்து கணக்கிட வேண்டும். நீர் குறைவாக இருந்தால் drip அல்லது sprinkler போன்ற திறமையான முறைகளை பரிசீலிக்கலாம்."
CA_02730,water_budget,நீர் பட்ஜெட்,brinjal,கத்தரிக்காய்,laterite,சரளை மண்,"கத்தரிக்காய் நீர் தேவையை நிலப்பரப்பு, மண், பயிர் நிலை, மழை மற்றும் பாசன முறையை வைத்து கணக்கிட வேண்டும். நீர் குறைவாக இருந்தால் drip அல்லது sprinkler போன்ற திறமையான முறைகளை பரிசீலிக்கலாம்."
CA_02731,water_budget,நீர் பட்ஜெட்,okra,வெண்டைக்காய்,red,செம்மண்,"வெண்டைக்காய் நீர் தேவையை நிலப்பரப்பு, மண், பயிர் நிலை, மழை மற்றும் பாசன முறையை வைத்து கணக்கிட வேண்டும். நீர் குறைவாக இருந்தால் drip அல்லது sprinkler போன்ற திறமையான முறைகளை பரிசீலிக்கலாம்."
CA_02732,water_budget,நீர் பட்ஜெட்,okra,வெண்டைக்காய்,black,கரிசல் மண்,"வெண்டைக்காய் நீர் தேவையை நிலப்பரப்பு, மண், பயிர் நிலை, மழை மற்றும் பாசன முறையை வைத்து கணக்கிட வேண்டும். நீர் குறைவாக இருந்தால் drip அல்லது sprinkler போன்ற திறமையான முறைகளை பரிசீலிக்கலாம்."
CA_02733,water_budget,நீர் பட்ஜெட்,okra,வெண்டைக்காய்,alluvial,வண்டல் மண்,"வெண்டைக்காய் நீர் தேவையை நிலப்பரப்பு, மண், பயிர் நிலை, மழை மற்றும் பாசன முறையை வைத்து கணக்கிட வேண்டும். நீர் குறைவாக இருந்தால் drip அல்லது sprinkler போன்ற திறமையான முறைகளை பரிசீலிக்கலாம்."
CA_02734,water_budget,நீர் பட்ஜெட்,okra,வெண்டைக்காய்,sandy,மணல் மண்,"வெண்டைக்காய் நீர் தேவையை நிலப்பரப்பு, மண், பயிர் நிலை, மழை மற்றும் பாசன முறையை வைத்து கணக்கிட வேண்டும். நீர் குறைவாக இருந்தால் drip அல்லது sprinkler போன்ற திறமையான முறைகளை பரிசீலிக்கலாம்."
CA_02735,water_budget,நீர் பட்ஜெட்,okra,வெண்டைக்காய்,clay,களிமண்,"வெண்டைக்காய் நீர் தேவையை நிலப்பரப்பு, மண், பயிர் நிலை, மழை மற்றும் பாசன முறையை வைத்து கணக்கிட வேண்டும். நீர் குறைவாக இருந்தால் drip அல்லது sprinkler போன்ற திறமையான முறைகளை பரிசீலிக்கலாம்."
CA_02736,water_budget,நீர் பட்ஜெட்,okra,வெண்டைக்காய்,loamy,கலப்பு மண்,"வெண்டைக்காய் நீர் தேவையை நிலப்பரப்பு, மண், பயிர் நிலை, மழை மற்றும் பாசன முறையை வைத்து கணக்கிட வேண்டும். நீர் குறைவாக இருந்தால் drip அல்லது sprinkler போன்ற திறமையான முறைகளை பரிசீலிக்கலாம்."
CA_02737,water_budget,நீர் பட்ஜெட்,okra,வெண்டைக்காய்,laterite,சரளை மண்,"வெண்டைக்காய் நீர் தேவையை நிலப்பரப்பு, மண், பயிர் நிலை, மழை மற்றும் பாசன முறையை வைத்து கணக்கிட வேண்டும். நீர் குறைவாக இருந்தால் drip அல்லது sprinkler போன்ற திறமையான முறைகளை பரிசீலிக்கலாம்."
CA_02738,water_budget,நீர் பட்ஜெட்,coconut,தேங்காய்,red,செம்மண்,"தேங்காய் நீர் தேவையை நிலப்பரப்பு, மண், பயிர் நிலை, மழை மற்றும் பாசன முறையை வைத்து கணக்கிட வேண்டும். நீர் குறைவாக இருந்தால் drip அல்லது sprinkler போன்ற திறமையான முறைகளை பரிசீலிக்கலாம்."
CA_02739,water_budget,நீர் பட்ஜெட்,coconut,தேங்காய்,black,கரிசல் மண்,"தேங்காய் நீர் தேவையை நிலப்பரப்பு, மண், பயிர் நிலை, மழை மற்றும் பாசன முறையை வைத்து கணக்கிட வேண்டும். நீர் குறைவாக இருந்தால் drip அல்லது sprinkler போன்ற திறமையான முறைகளை பரிசீலிக்கலாம்."
CA_02740,water_budget,நீர் பட்ஜெட்,coconut,தேங்காய்,alluvial,வண்டல் மண்,"தேங்காய் நீர் தேவையை நிலப்பரப்பு, மண், பயிர் நிலை, மழை மற்றும் பாசன முறையை வைத்து கணக்கிட வேண்டும். நீர் குறைவாக இருந்தால் drip அல்லது sprinkler போன்ற திறமையான முறைகளை பரிசீலிக்கலாம்."
CA_02741,water_budget,நீர் பட்ஜெட்,coconut,தேங்காய்,sandy,மணல் மண்,"தேங்காய் நீர் தேவையை நிலப்பரப்பு, மண், பயிர் நிலை, மழை மற்றும் பாசன முறையை வைத்து கணக்கிட வேண்டும். நீர் குறைவாக இருந்தால் drip அல்லது sprinkler போன்ற திறமையான முறைகளை பரிசீலிக்கலாம்."
CA_02742,water_budget,நீர் பட்ஜெட்,coconut,தேங்காய்,clay,களிமண்,"தேங்காய் நீர் தேவையை நிலப்பரப்பு, மண், பயிர் நிலை, மழை மற்றும் பாசன முறையை வைத்து கணக்கிட வேண்டும். நீர் குறைவாக இருந்தால் drip அல்லது sprinkler போன்ற திறமையான முறைகளை பரிசீலிக்கலாம்."
CA_02743,water_budget,நீர் பட்ஜெட்,coconut,தேங்காய்,loamy,கலப்பு மண்,"தேங்காய் நீர் தேவையை நிலப்பரப்பு, மண், பயிர் நிலை, மழை மற்றும் பாசன முறையை வைத்து கணக்கிட வேண்டும். நீர் குறைவாக இருந்தால் drip அல்லது sprinkler போன்ற திறமையான முறைகளை பரிசீலிக்கலாம்."
CA_02744,water_budget,நீர் பட்ஜெட்,coconut,தேங்காய்,laterite,சரளை மண்,"தேங்காய் நீர் தேவையை நிலப்பரப்பு, மண், பயிர் நிலை, மழை மற்றும் பாசன முறையை வைத்து கணக்கிட வேண்டும். நீர் குறைவாக இருந்தால் drip அல்லது sprinkler போன்ற திறமையான முறைகளை பரிசீலிக்கலாம்."
CA_02745,water_budget,நீர் பட்ஜெட்,pulses,பயறு,red,செம்மண்,"பயறு நீர் தேவையை நிலப்பரப்பு, மண், பயிர் நிலை, மழை மற்றும் பாசன முறையை வைத்து கணக்கிட வேண்டும். நீர் குறைவாக இருந்தால் drip அல்லது sprinkler போன்ற திறமையான முறைகளை பரிசீலிக்கலாம்."
CA_02746,water_budget,நீர் பட்ஜெட்,pulses,பயறு,black,கரிசல் மண்,"பயறு நீர் தேவையை நிலப்பரப்பு, மண், பயிர் நிலை, மழை மற்றும் பாசன முறையை வைத்து கணக்கிட வேண்டும். நீர் குறைவாக இருந்தால் drip அல்லது sprinkler போன்ற திறமையான முறைகளை பரிசீலிக்கலாம்."
CA_02747,water_budget,நீர் பட்ஜெட்,pulses,பயறு,alluvial,வண்டல் மண்,"பயறு நீர் தேவையை நிலப்பரப்பு, மண், பயிர் நிலை, மழை மற்றும் பாசன முறையை வைத்து கணக்கிட வேண்டும். நீர் குறைவாக இருந்தால் drip அல்லது sprinkler போன்ற திறமையான முறைகளை பரிசீலிக்கலாம்."
CA_02748,water_budget,நீர் பட்ஜெட்,pulses,பயறு,sandy,மணல் மண்,"பயறு நீர் தேவையை நிலப்பரப்பு, மண், பயிர் நிலை, மழை மற்றும் பாசன முறையை வைத்து கணக்கிட வேண்டும். நீர் குறைவாக இருந்தால் drip அல்லது sprinkler போன்ற திறமையான முறைகளை பரிசீலிக்கலாம்."
CA_02749,water_budget,நீர் பட்ஜெட்,pulses,பயறு,clay,களிமண்,"பயறு நீர் தேவையை நிலப்பரப்பு, மண், பயிர் நிலை, மழை மற்றும் பாசன முறையை வைத்து கணக்கிட வேண்டும். நீர் குறைவாக இருந்தால் drip அல்லது sprinkler போன்ற திறமையான முறைகளை பரிசீலிக்கலாம்."
CA_02750,water_budget,நீர் பட்ஜெட்,pulses,பயறு,loamy,கலப்பு மண்,"பயறு நீர் தேவையை நிலப்பரப்பு, மண், பயிர் நிலை, மழை மற்றும் பாசன முறையை வைத்து கணக்கிட வேண்டும். நீர் குறைவாக இருந்தால் drip அல்லது sprinkler போன்ற திறமையான முறைகளை பரிசீலிக்கலாம்."
CA_02751,water_budget,நீர் பட்ஜெட்,pulses,பயறு,laterite,சரளை மண்,"பயறு நீர் தேவையை நிலப்பரப்பு, மண், பயிர் நிலை, மழை மற்றும் பாசன முறையை வைத்து கணக்கிட வேண்டும். நீர் குறைவாக இருந்தால் drip அல்லது sprinkler போன்ற திறமையான முறைகளை பரிசீலிக்கலாம்."
CA_02752,water_budget,நீர் பட்ஜெட்,sesame,எள்,red,செம்மண்,"எள் நீர் தேவையை நிலப்பரப்பு, மண், பயிர் நிலை, மழை மற்றும் பாசன முறையை வைத்து கணக்கிட வேண்டும். நீர் குறைவாக இருந்தால் drip அல்லது sprinkler போன்ற திறமையான முறைகளை பரிசீலிக்கலாம்."
CA_02753,water_budget,நீர் பட்ஜெட்,sesame,எள்,black,கரிசல் மண்,"எள் நீர் தேவையை நிலப்பரப்பு, மண், பயிர் நிலை, மழை மற்றும் பாசன முறையை வைத்து கணக்கிட வேண்டும். நீர் குறைவாக இருந்தால் drip அல்லது sprinkler போன்ற திறமையான முறைகளை பரிசீலிக்கலாம்."
CA_02754,water_budget,நீர் பட்ஜெட்,sesame,எள்,alluvial,வண்டல் மண்,"எள் நீர் தேவையை நிலப்பரப்பு, மண், பயிர் நிலை, மழை மற்றும் பாசன முறையை வைத்து கணக்கிட வேண்டும். நீர் குறைவாக இருந்தால் drip அல்லது sprinkler போன்ற திறமையான முறைகளை பரிசீலிக்கலாம்."
CA_02755,water_budget,நீர் பட்ஜெட்,sesame,எள்,sandy,மணல் மண்,"எள் நீர் தேவையை நிலப்பரப்பு, மண், பயிர் நிலை, மழை மற்றும் பாசன முறையை வைத்து கணக்கிட வேண்டும். நீர் குறைவாக இருந்தால் drip அல்லது sprinkler போன்ற திறமையான முறைகளை பரிசீலிக்கலாம்."
CA_02756,water_budget,நீர் பட்ஜெட்,sesame,எள்,clay,களிமண்,"எள் நீர் தேவையை நிலப்பரப்பு, மண், பயிர் நிலை, மழை மற்றும் பாசன முறையை வைத்து கணக்கிட வேண்டும். நீர் குறைவாக இருந்தால் drip அல்லது sprinkler போன்ற திறமையான முறைகளை பரிசீலிக்கலாம்."
CA_02757,water_budget,நீர் பட்ஜெட்,sesame,எள்,loamy,கலப்பு மண்,"எள் நீர் தேவையை நிலப்பரப்பு, மண், பயிர் நிலை, மழை மற்றும் பாசன முறையை வைத்து கணக்கிட வேண்டும். நீர் குறைவாக இருந்தால் drip அல்லது sprinkler போன்ற திறமையான முறைகளை பரிசீலிக்கலாம்."
CA_02758,water_budget,நீர் பட்ஜெட்,sesame,எள்,laterite,சரளை மண்,"எள் நீர் தேவையை நிலப்பரப்பு, மண், பயிர் நிலை, மழை மற்றும் பாசன முறையை வைத்து கணக்கிட வேண்டும். நீர் குறைவாக இருந்தால் drip அல்லது sprinkler போன்ற திறமையான முறைகளை பரிசீலிக்கலாம்."
CA_02759,water_budget,நீர் பட்ஜெட்,tapioca,மரவள்ளி,red,செம்மண்,"மரவள்ளி நீர் தேவையை நிலப்பரப்பு, மண், பயிர் நிலை, மழை மற்றும் பாசன முறையை வைத்து கணக்கிட வேண்டும். நீர் குறைவாக இருந்தால் drip அல்லது sprinkler போன்ற திறமையான முறைகளை பரிசீலிக்கலாம்."
CA_02760,water_budget,நீர் பட்ஜெட்,tapioca,மரவள்ளி,black,கரிசல் மண்,"மரவள்ளி நீர் தேவையை நிலப்பரப்பு, மண், பயிர் நிலை, மழை மற்றும் பாசன முறையை வைத்து கணக்கிட வேண்டும். நீர் குறைவாக இருந்தால் drip அல்லது sprinkler போன்ற திறமையான முறைகளை பரிசீலிக்கலாம்."
CA_02761,water_budget,நீர் பட்ஜெட்,tapioca,மரவள்ளி,alluvial,வண்டல் மண்,"மரவள்ளி நீர் தேவையை நிலப்பரப்பு, மண், பயிர் நிலை, மழை மற்றும் பாசன முறையை வைத்து கணக்கிட வேண்டும். நீர் குறைவாக இருந்தால் drip அல்லது sprinkler போன்ற திறமையான முறைகளை பரிசீலிக்கலாம்."
CA_02762,water_budget,நீர் பட்ஜெட்,tapioca,மரவள்ளி,sandy,மணல் மண்,"மரவள்ளி நீர் தேவையை நிலப்பரப்பு, மண், பயிர் நிலை, மழை மற்றும் பாசன முறையை வைத்து கணக்கிட வேண்டும். நீர் குறைவாக இருந்தால் drip அல்லது sprinkler போன்ற திறமையான முறைகளை பரிசீலிக்கலாம்."
CA_02763,water_budget,நீர் பட்ஜெட்,tapioca,மரவள்ளி,clay,களிமண்,"மரவள்ளி நீர் தேவையை நிலப்பரப்பு, மண், பயிர் நிலை, மழை மற்றும் பாசன முறையை வைத்து கணக்கிட வேண்டும். நீர் குறைவாக இருந்தால் drip அல்லது sprinkler போன்ற திறமையான முறைகளை பரிசீலிக்கலாம்."
CA_02764,water_budget,நீர் பட்ஜெட்,tapioca,மரவள்ளி,loamy,கலப்பு மண்,"மரவள்ளி நீர் தேவையை நிலப்பரப்பு, மண், பயிர் நிலை, மழை மற்றும் பாசன முறையை வைத்து கணக்கிட வேண்டும். நீர் குறைவாக இருந்தால் drip அல்லது sprinkler போன்ற திறமையான முறைகளை பரிசீலிக்கலாம்."
CA_02765,water_budget,நீர் பட்ஜெட்,tapioca,மரவள்ளி,laterite,சரளை மண்,"மரவள்ளி நீர் தேவையை நிலப்பரப்பு, மண், பயிர் நிலை, மழை மற்றும் பாசன முறையை வைத்து கணக்கிட வேண்டும். நீர் குறைவாக இருந்தால் drip அல்லது sprinkler போன்ற திறமையான முறைகளை பரிசீலிக்கலாம்."
CA_02766,water_budget,நீர் பட்ஜெட்,drumstick,முருங்கை,red,செம்மண்,"முருங்கை நீர் தேவையை நிலப்பரப்பு, மண், பயிர் நிலை, மழை மற்றும் பாசன முறையை வைத்து கணக்கிட வேண்டும். நீர் குறைவாக இருந்தால் drip அல்லது sprinkler போன்ற திறமையான முறைகளை பரிசீலிக்கலாம்."
CA_02767,water_budget,நீர் பட்ஜெட்,drumstick,முருங்கை,black,கரிசல் மண்,"முருங்கை நீர் தேவையை நிலப்பரப்பு, மண், பயிர் நிலை, மழை மற்றும் பாசன முறையை வைத்து கணக்கிட வேண்டும். நீர் குறைவாக இருந்தால் drip அல்லது sprinkler போன்ற திறமையான முறைகளை பரிசீலிக்கலாம்."
CA_02768,water_budget,நீர் பட்ஜெட்,drumstick,முருங்கை,alluvial,வண்டல் மண்,"முருங்கை நீர் தேவையை நிலப்பரப்பு, மண், பயிர் நிலை, மழை மற்றும் பாசன முறையை வைத்து கணக்கிட வேண்டும். நீர் குறைவாக இருந்தால் drip அல்லது sprinkler போன்ற திறமையான முறைகளை பரிசீலிக்கலாம்."
CA_02769,water_budget,நீர் பட்ஜெட்,drumstick,முருங்கை,sandy,மணல் மண்,"முருங்கை நீர் தேவையை நிலப்பரப்பு, மண், பயிர் நிலை, மழை மற்றும் பாசன முறையை வைத்து கணக்கிட வேண்டும். நீர் குறைவாக இருந்தால் drip அல்லது sprinkler போன்ற திறமையான முறைகளை பரிசீலிக்கலாம்."
CA_02770,water_budget,நீர் பட்ஜெட்,drumstick,முருங்கை,clay,களிமண்,"முருங்கை நீர் தேவையை நிலப்பரப்பு, மண், பயிர் நிலை, மழை மற்றும் பாசன முறையை வைத்து கணக்கிட வேண்டும். நீர் குறைவாக இருந்தால் drip அல்லது sprinkler போன்ற திறமையான முறைகளை பரிசீலிக்கலாம்."
CA_02771,water_budget,நீர் பட்ஜெட்,drumstick,முருங்கை,loamy,கலப்பு மண்,"முருங்கை நீர் தேவையை நிலப்பரப்பு, மண், பயிர் நிலை, மழை மற்றும் பாசன முறையை வைத்து கணக்கிட வேண்டும். நீர் குறைவாக இருந்தால் drip அல்லது sprinkler போன்ற திறமையான முறைகளை பரிசீலிக்கலாம்."
CA_02772,water_budget,நீர் பட்ஜெட்,drumstick,முருங்கை,laterite,சரளை மண்,"முருங்கை நீர் தேவையை நிலப்பரப்பு, மண், பயிர் நிலை, மழை மற்றும் பாசன முறையை வைத்து கணக்கிட வேண்டும். நீர் குறைவாக இருந்தால் drip அல்லது sprinkler போன்ற திறமையான முறைகளை பரிசீலிக்கலாம்."
