parcel_id,date,crop_stage,risk_level,recommendation,source
P0001,2025-03-31,Maturity,high,Delay fertilizer until rainfall subsides.,ml_model
P0001,2025-06-21,Tillering,medium,Apply light irrigation in evening.,ml_model
P0001,2025-03-01,Tillering,high,Do not irrigate today — soil moisture adequate.,weather_service
P0001,2025-02-07,Tillering,high,Do not irrigate today — soil moisture adequate.,weather_service
P0001,2025-03-09,Flowering,medium,Field conditions stable — continue regular monitoring.,ml_model
P0002,2025-01-09,Flowering,low,Delay fertilizer until rainfall subsides.,rule_engine
P0002,2025-03-14,Flowering,high,Field conditions stable — continue regular monitoring.,weather_service
P0002,2025-05-24,Maturity,medium,Delay fertilizer until rainfall subsides.,weather_service
P0002,2025-07-12,Vegetative,medium,Apply light irrigation in evening.,weather_service
P0002,2025-05-05,Panicle Initiation,medium,Do not irrigate today — soil moisture adequate.,rule_engine
P0002,2025-03-25,Maturity,high,Delay fertilizer until rainfall subsides.,ml_model
P0002,2025-02-28,Tillering,medium,Monitor for stem borer — scout field edges.,weather_service
P0002,2025-03-09,Seedling,low,Do not irrigate today — soil moisture adequate.,weather_service
P0003,2025-05-11,Flowering,medium,Monitor for stem borer — scout field edges.,ml_model
P0003,2025-02-12,Flowering,medium,Monitor for stem borer — scout field edges.,rule_engine
P0004,2025-07-06,Panicle Initiation,high,Apply light irrigation in evening.,rule_engine
P0004,2025-02-21,Flowering,medium,Field conditions stable — continue regular monitoring.,rule_engine
P0004,2025-04-26,Peg Formation,high,Apply light irrigation in evening.,ml_model
P0005,2025-02-17,Seedling,low,Do not irrigate today — soil moisture adequate.,weather_service
P0005,2025-07-06,Maturity,high,Delay fertilizer until rainfall subsides.,ml_model
P0006,2025-03-28,Flowering,low,Monitor for stem borer — scout field edges.,rule_engine
P0006,2025-04-27,Maturity,medium,Field conditions stable — continue regular monitoring.,rule_engine
P0006,2025-06-06,Peg Formation,low,Monitor for stem borer — scout field edges.,ml_model
P0006,2025-02-02,Seedling,low,Field conditions stable — continue regular monitoring.,rule_engine
P0006,2025-01-24,Vegetative,medium,Monitor for stem borer — scout field edges.,weather_service
P0006,2025-01-21,Vegetative,low,Delay fertilizer until rainfall subsides.,weather_service
P0006,2025-06-18,Germination,low,Field conditions stable — continue regular monitoring.,rule_engine
P0006,2025-02-18,Flowering,low,Apply light irrigation in evening.,rule_engine
P0007,2025-04-16,Seedling,low,Do not irrigate today — soil moisture adequate.,weather_service
P0007,2025-02-27,Peg Formation,high,Field conditions stable — continue regular monitoring.,weather_service
P0007,2025-06-12,Seedling,low,Apply light irrigation in evening.,ml_model
P0007,2025-03-21,Maturity,medium,Field conditions stable — continue regular monitoring.,ml_model
P0007,2025-05-28,Vegetative,low,Do not irrigate today — soil moisture adequate.,weather_service
P0007,2025-05-04,Seedling,low,Do not irrigate today — soil moisture adequate.,rule_engine
P0007,2025-01-08,Maturity,low,Delay fertilizer until rainfall subsides.,rule_engine
P0007,2025-03-12,Seedling,low,Apply light irrigation in evening.,ml_model
P0008,2025-06-07,Flowering,medium,Delay fertilizer until rainfall subsides.,ml_model
P0008,2025-04-09,Maturity,medium,Apply light irrigation in evening.,ml_model
P0008,2025-04-02,Panicle Initiation,high,Apply light irrigation in evening.,rule_engine
P0008,2025-01-22,Flowering,high,Monitor for stem borer — scout field edges.,rule_engine
P0008,2025-05-15,Flowering,medium,Monitor for stem borer — scout field edges.,ml_model
P0009,2025-02-12,Flowering,high,Apply light irrigation in evening.,weather_service
P0009,2025-03-30,Seedling,low,Delay fertilizer until rainfall subsides.,rule_engine
P0009,2025-05-27,Peg Formation,medium,Monitor for stem borer — scout field edges.,weather_service
P0009,2025-05-31,Flowering,low,Do not irrigate today — soil moisture adequate.,weather_service
P0009,2025-07-02,Germination,high,Delay fertilizer until rainfall subsides.,ml_model
P0010,2025-02-19,Vegetative,medium,Do not irrigate today — soil moisture adequate.,ml_model
P0010,2025-02-16,Vegetative,medium,Field conditions stable — continue regular monitoring.,weather_service
P0010,2025-02-08,Vegetative,high,Delay fertilizer until rainfall subsides.,weather_service
P0011,2025-01-27,Seedling,high,Monitor for stem borer — scout field edges.,ml_model
P0011,2025-06-07,Germination,medium,Do not irrigate today — soil moisture adequate.,weather_service
P0011,2025-05-22,Peg Formation,low,Apply light irrigation in evening.,rule_engine
P0012,2025-06-15,Germination,low,Do not irrigate today — soil moisture adequate.,ml_model
P0012,2025-01-20,Germination,high,Field conditions stable — continue regular monitoring.,weather_service
P0012,2025-06-17,Flowering,high,Field conditions stable — continue regular monitoring.,rule_engine
P0012,2025-03-31,Germination,low,Field conditions stable — continue regular monitoring.,ml_model
P0013,2025-06-16,Maturity,high,Delay fertilizer until rainfall subsides.,rule_engine
P0013,2025-02-15,Peg Formation,medium,Apply light irrigation in evening.,weather_service
P0013,2025-05-01,Maturity,high,Field conditions stable — continue regular monitoring.,rule_engine
P0013,2025-04-23,Panicle Initiation,medium,Do not irrigate today — soil moisture adequate.,weather_service
P0013,2025-06-08,Maturity,medium,Field conditions stable — continue regular monitoring.,weather_service
P0013,2025-03-15,Panicle Initiation,medium,Delay fertilizer until rainfall subsides.,weather_service
P0014,2025-06-05,Flowering,high,Monitor for stem borer — scout field edges.,weather_service
P0014,2025-05-30,Seedling,low,Apply light irrigation in evening.,ml_model
P0014,2025-06-17,Maturity,high,Field conditions stable — continue regular monitoring.,weather_service
P0014,2025-04-04,Maturity,high,Do not irrigate today — soil moisture adequate.,ml_model
P0015,2025-01-02,Tillering,low,Delay fertilizer until rainfall subsides.,rule_engine
P0015,2025-07-17,Tillering,high,Delay fertilizer until rainfall subsides.,weather_service
P0015,2025-05-18,Peg Formation,low,Delay fertilizer until rainfall subsides.,weather_service
P0015,2025-03-28,Tillering,low,Field conditions stable — continue regular monitoring.,weather_service
P0015,2025-03-27,Flowering,high,Apply light irrigation in evening.,weather_service
P0015,2025-05-06,Maturity,high,Monitor for stem borer — scout field edges.,weather_service
P0016,2025-04-29,Flowering,high,Do not irrigate today — soil moisture adequate.,rule_engine
P0016,2025-04-14,Peg Formation,high,Do not irrigate today — soil moisture adequate.,weather_service
P0016,2025-05-30,Flowering,high,Field conditions stable — continue regular monitoring.,rule_engine
P0016,2025-07-06,Maturity,medium,Field conditions stable — continue regular monitoring.,ml_model
P0016,2025-02-13,Maturity,medium,Apply light irrigation in evening.,rule_engine
P0016,2025-03-19,Germination,low,Do not irrigate today — soil moisture adequate.,rule_engine
P0016,2025-04-18,Vegetative,low,Delay fertilizer until rainfall subsides.,weather_service
P0016,2025-04-11,Germination,low,Field conditions stable — continue regular monitoring.,rule_engine
P0017,2025-02-06,Flowering,low,Field conditions stable — continue regular monitoring.,rule_engine
P0017,2025-06-01,Tillering,low,Monitor for stem borer — scout field edges.,rule_engine
P0017,2025-07-01,Flowering,low,Monitor for stem borer — scout field edges.,weather_service
P0017,2025-01-22,Peg Formation,high,Monitor for stem borer — scout field edges.,ml_model
P0017,2025-03-15,Maturity,high,Monitor for stem borer — scout field edges.,rule_engine
P0017,2025-02-28,Germination,high,Apply light irrigation in evening.,weather_service
P0018,2025-07-06,Seedling,high,Do not irrigate today — soil moisture adequate.,weather_service
P0018,2025-04-15,Germination,high,Field conditions stable — continue regular monitoring.,ml_model
P0019,2025-02-02,Maturity,low,Apply light irrigation in evening.,weather_service
P0019,2025-05-29,Flowering,low,Field conditions stable — continue regular monitoring.,rule_engine
P0019,2025-02-27,Vegetative,low,Apply light irrigation in evening.,rule_engine
P0019,2025-03-13,Peg Formation,low,Delay fertilizer until rainfall subsides.,rule_engine
P0020,2025-07-01,Panicle Initiation,medium,Delay fertilizer until rainfall subsides.,rule_engine
P0020,2025-03-05,Flowering,low,Field conditions stable — continue regular monitoring.,ml_model
P0020,2025-05-17,Seedling,high,Do not irrigate today — soil moisture adequate.,ml_model
P0020,2025-03-12,Maturity,high,Delay fertilizer until rainfall subsides.,ml_model
P0020,2025-02-23,Vegetative,high,Field conditions stable — continue regular monitoring.,ml_model
P0020,2025-04-06,Maturity,medium,Monitor for stem borer — scout field edges.,ml_model
P0020,2025-01-29,Maturity,low,Monitor for stem borer — scout field edges.,rule_engine
P0020,2025-05-10,Flowering,low,Apply light irrigation in evening.,weather_service
P0021,2025-01-07,Maturity,low,Delay fertilizer until rainfall subsides.,ml_model
P0021,2025-03-07,Germination,medium,Do not irrigate today — soil moisture adequate.,ml_model
P0021,2025-02-03,Peg Formation,low,Do not irrigate today — soil moisture adequate.,rule_engine
P0021,2025-06-17,Panicle Initiation,low,Field conditions stable — continue regular monitoring.,ml_model
P0021,2025-05-09,Maturity,medium,Field conditions stable — continue regular monitoring.,rule_engine
P0021,2025-04-17,Germination,low,Field conditions stable — continue regular monitoring.,rule_engine
P0021,2025-03-17,Germination,medium,Field conditions stable — continue regular monitoring.,ml_model
P0021,2025-06-01,Panicle Initiation,low,Field conditions stable — continue regular monitoring.,rule_engine
P0022,2025-02-23,Maturity,medium,Do not irrigate today — soil moisture adequate.,rule_engine
P0022,2025-01-26,Vegetative,medium,Monitor for stem borer — scout field edges.,rule_engine
P0022,2025-03-26,Maturity,low,Monitor for stem borer — scout field edges.,weather_service
P0023,2025-03-18,Peg Formation,low,Apply light irrigation in evening.,rule_engine
P0023,2025-03-07,Flowering,high,Monitor for stem borer — scout field edges.,weather_service
P0023,2025-04-26,Panicle Initiation,low,Do not irrigate today — soil moisture adequate.,weather_service
P0023,2025-01-18,Maturity,medium,Delay fertilizer until rainfall subsides.,ml_model
P0024,2025-06-19,Germination,medium,Do not irrigate today — soil moisture adequate.,weather_service
P0024,2025-06-23,Flowering,medium,Do not irrigate today — soil moisture adequate.,rule_engine
P0025,2025-05-25,Vegetative,low,Field conditions stable — continue regular monitoring.,weather_service
P0025,2025-06-02,Flowering,low,Do not irrigate today — soil moisture adequate.,ml_model
P0025,2025-01-17,Panicle Initiation,high,Field conditions stable — continue regular monitoring.,weather_service
P0025,2025-01-02,Vegetative,low,Delay fertilizer until rainfall subsides.,ml_model
P0025,2025-01-10,Maturity,medium,Do not irrigate today — soil moisture adequate.,ml_model
P0025,2025-05-10,Peg Formation,low,Monitor for stem borer — scout field edges.,ml_model
P0025,2025-06-16,Maturity,medium,Monitor for stem borer — scout field edges.,ml_model
P0026,2025-06-11,Maturity,high,Apply light irrigation in evening.,ml_model
P0026,2025-05-07,Maturity,low,Do not irrigate today — soil moisture adequate.,rule_engine
P0026,2025-07-06,Maturity,medium,Delay fertilizer until rainfall subsides.,weather_service
P0027,2025-03-01,Seedling,high,Field conditions stable — continue regular monitoring.,ml_model
P0027,2025-01-17,Flowering,low,Delay fertilizer until rainfall subsides.,ml_model
P0027,2025-07-15,Vegetative,high,Field conditions stable — continue regular monitoring.,ml_model
P0028,2025-05-19,Vegetative,low,Delay fertilizer until rainfall subsides.,weather_service
P0028,2025-01-07,Panicle Initiation,medium,Do not irrigate today — soil moisture adequate.,weather_service
P0028,2025-01-11,Peg Formation,medium,Apply light irrigation in evening.,rule_engine
P0028,2025-02-02,Flowering,medium,Do not irrigate today — soil moisture adequate.,weather_service
P0028,2025-01-15,Maturity,low,Field conditions stable — continue regular monitoring.,rule_engine
P0028,2025-03-08,Vegetative,medium,Do not irrigate today — soil moisture adequate.,ml_model
P0029,2025-02-18,Flowering,high,Field conditions stable — continue regular monitoring.,rule_engine
P0029,2025-03-19,Maturity,medium,Do not irrigate today — soil moisture adequate.,weather_service
P0029,2025-03-19,Panicle Initiation,low,Do not irrigate today — soil moisture adequate.,ml_model
P0029,2025-01-13,Maturity,medium,Do not irrigate today — soil moisture adequate.,ml_model
P0029,2025-05-30,Flowering,high,Do not irrigate today — soil moisture adequate.,weather_service
P0029,2025-05-07,Flowering,low,Monitor for stem borer — scout field edges.,ml_model
P0029,2025-01-18,Peg Formation,medium,Apply light irrigation in evening.,ml_model
P0029,2025-04-10,Flowering,low,Monitor for stem borer — scout field edges.,weather_service
P0030,2025-01-09,Maturity,medium,Field conditions stable — continue regular monitoring.,rule_engine
P0030,2025-02-11,Panicle Initiation,medium,Do not irrigate today — soil moisture adequate.,rule_engine
P0030,2025-06-12,Maturity,medium,Monitor for stem borer — scout field edges.,rule_engine
P0030,2025-06-21,Panicle Initiation,medium,Field conditions stable — continue regular monitoring.,rule_engine
P0030,2025-05-08,Seedling,medium,Field conditions stable — continue regular monitoring.,weather_service
P0031,2025-06-13,Maturity,medium,Apply light irrigation in evening.,rule_engine
P0031,2025-06-11,Flowering,medium,Monitor for stem borer — scout field edges.,rule_engine
P0031,2025-03-07,Vegetative,high,Do not irrigate today — soil moisture adequate.,ml_model
P0031,2025-07-15,Germination,low,Apply light irrigation in evening.,ml_model
P0031,2025-06-10,Maturity,low,Do not irrigate today — soil moisture adequate.,rule_engine
P0031,2025-06-06,Maturity,low,Apply light irrigation in evening.,ml_model
P0032,2025-02-27,Maturity,low,Monitor for stem borer — scout field edges.,rule_engine
P0032,2025-01-04,Vegetative,high,Field conditions stable — continue regular monitoring.,rule_engine
P0032,2025-06-01,Seedling,high,Delay fertilizer until rainfall subsides.,weather_service
P0032,2025-02-02,Seedling,medium,Field conditions stable — continue regular monitoring.,weather_service
P0033,2025-06-22,Peg Formation,high,Delay fertilizer until rainfall subsides.,weather_service
P0033,2025-04-21,Peg Formation,high,Apply light irrigation in evening.,ml_model
P0034,2025-06-04,Vegetative,low,Monitor for stem borer — scout field edges.,weather_service
P0034,2025-06-07,Tillering,low,Field conditions stable — continue regular monitoring.,ml_model
P0034,2025-02-24,Panicle Initiation,medium,Apply light irrigation in evening.,ml_model
P0035,2025-03-23,Panicle Initiation,high,Monitor for stem borer — scout field edges.,ml_model
P0035,2025-03-05,Peg Formation,medium,Apply light irrigation in evening.,rule_engine
P0036,2025-01-02,Flowering,high,Monitor for stem borer — scout field edges.,weather_service
P0036,2025-02-11,Maturity,low,Monitor for stem borer — scout field edges.,rule_engine
P0036,2025-06-11,Tillering,high,Delay fertilizer until rainfall subsides.,weather_service
P0036,2025-07-08,Seedling,medium,Monitor for stem borer — scout field edges.,rule_engine
P0036,2025-04-03,Tillering,low,Apply light irrigation in evening.,weather_service
P0036,2025-01-20,Flowering,medium,Monitor for stem borer — scout field edges.,ml_model
P0036,2025-02-03,Tillering,high,Apply light irrigation in evening.,ml_model
P0037,2025-03-10,Tillering,low,Monitor for stem borer — scout field edges.,rule_engine
P0037,2025-07-01,Panicle Initiation,medium,Delay fertilizer until rainfall subsides.,rule_engine
P0037,2025-03-09,Maturity,medium,Do not irrigate today — soil moisture adequate.,rule_engine
P0037,2025-03-26,Flowering,high,Apply light irrigation in evening.,rule_engine
P0038,2025-06-13,Panicle Initiation,low,Field conditions stable — continue regular monitoring.,ml_model
P0038,2025-05-07,Maturity,medium,Monitor for stem borer — scout field edges.,weather_service
P0038,2025-05-06,Flowering,medium,Monitor for stem borer — scout field edges.,weather_service
P0038,2025-07-04,Germination,high,Field conditions stable — continue regular monitoring.,weather_service
P0038,2025-06-16,Panicle Initiation,low,Do not irrigate today — soil moisture adequate.,ml_model
P0038,2025-06-04,Germination,high,Monitor for stem borer — scout field edges.,ml_model
P0039,2025-04-15,Maturity,medium,Delay fertilizer until rainfall subsides.,rule_engine
P0039,2025-01-01,Tillering,medium,Apply light irrigation in evening.,weather_service
P0039,2025-07-12,Flowering,low,Delay fertilizer until rainfall subsides.,ml_model
P0039,2025-05-14,Seedling,low,Delay fertilizer until rainfall subsides.,ml_model
P0040,2025-01-11,Germination,medium,Do not irrigate today — soil moisture adequate.,ml_model
P0040,2025-05-27,Vegetative,low,Apply light irrigation in evening.,weather_service
P0040,2025-06-17,Maturity,low,Apply light irrigation in evening.,ml_model
P0040,2025-05-24,Maturity,high,Field conditions stable — continue regular monitoring.,weather_service
P0040,2025-04-17,Seedling,high,Apply light irrigation in evening.,weather_service
P0040,2025-06-14,Flowering,medium,Do not irrigate today — soil moisture adequate.,weather_service
P0040,2025-05-14,Panicle Initiation,medium,Apply light irrigation in evening.,weather_service
P0041,2025-03-02,Panicle Initiation,high,Delay fertilizer until rainfall subsides.,weather_service
P0041,2025-02-16,Germination,low,Field conditions stable — continue regular monitoring.,weather_service
P0041,2025-03-27,Peg Formation,high,Monitor for stem borer — scout field edges.,rule_engine
P0041,2025-02-24,Seedling,high,Delay fertilizer until rainfall subsides.,ml_model
P0041,2025-06-03,Maturity,low,Delay fertilizer until rainfall subsides.,rule_engine
P0041,2025-01-22,Flowering,medium,Field conditions stable — continue regular monitoring.,ml_model
P0041,2025-07-06,Maturity,low,Apply light irrigation in evening.,ml_model
P0041,2025-07-05,Tillering,high,Monitor for stem borer — scout field edges.,rule_engine
P0042,2025-07-16,Panicle Initiation,medium,Field conditions stable — continue regular monitoring.,ml_model
P0042,2025-01-03,Seedling,medium,Monitor for stem borer — scout field edges.,weather_service
P0042,2025-03-21,Flowering,high,Apply light irrigation in evening.,weather_service
P0042,2025-05-25,Germination,medium,Delay fertilizer until rainfall subsides.,ml_model
P0042,2025-06-10,Maturity,high,Apply light irrigation in evening.,rule_engine
P0042,2025-04-18,Maturity,low,Field conditions stable — continue regular monitoring.,rule_engine
P0042,2025-05-14,Maturity,high,Do not irrigate today — soil moisture adequate.,rule_engine
P0042,2025-02-12,Flowering,high,Monitor for stem borer — scout field edges.,weather_service
P0043,2025-04-09,Maturity,high,Monitor for stem borer — scout field edges.,rule_engine
P0043,2025-07-13,Panicle Initiation,high,Field conditions stable — continue regular monitoring.,weather_service
P0043,2025-06-22,Maturity,medium,Field conditions stable — continue regular monitoring.,weather_service
P0043,2025-02-18,Flowering,high,Monitor for stem borer — scout field edges.,ml_model
P0044,2025-06-07,Maturity,high,Monitor for stem borer — scout field edges.,rule_engine
P0044,2025-06-19,Flowering,medium,Do not irrigate today — soil moisture adequate.,weather_service
P0044,2025-03-26,Flowering,medium,Monitor for stem borer — scout field edges.,ml_model
P0045,2025-05-06,Maturity,low,Field conditions stable — continue regular monitoring.,weather_service
P0045,2025-01-11,Vegetative,low,Do not irrigate today — soil moisture adequate.,rule_engine
P0045,2025-05-18,Panicle Initiation,high,Monitor for stem borer — scout field edges.,ml_model
P0046,2025-05-15,Vegetative,low,Delay fertilizer until rainfall subsides.,rule_engine
P0046,2025-02-01,Peg Formation,low,Delay fertilizer until rainfall subsides.,ml_model
P0046,2025-05-18,Maturity,high,Monitor for stem borer — scout field edges.,weather_service
P0046,2025-01-03,Maturity,low,Apply light irrigation in evening.,rule_engine
P0046,2025-02-24,Panicle Initiation,high,Apply light irrigation in evening.,rule_engine
P0046,2025-02-15,Seedling,low,Do not irrigate today — soil moisture adequate.,ml_model
P0046,2025-06-23,Vegetative,low,Field conditions stable — continue regular monitoring.,rule_engine
P0047,2025-03-27,Maturity,medium,Field conditions stable — continue regular monitoring.,ml_model
P0047,2025-03-28,Maturity,medium,Monitor for stem borer — scout field edges.,weather_service
P0047,2025-04-11,Flowering,medium,Field conditions stable — continue regular monitoring.,weather_service
P0047,2025-05-08,Seedling,low,Monitor for stem borer — scout field edges.,rule_engine
P0047,2025-02-14,Maturity,high,Delay fertilizer until rainfall subsides.,rule_engine
P0047,2025-04-26,Flowering,medium,Delay fertilizer until rainfall subsides.,ml_model
P0047,2025-04-25,Flowering,medium,Apply light irrigation in evening.,weather_service
P0048,2025-04-01,Maturity,low,Delay fertilizer until rainfall subsides.,rule_engine
P0048,2025-04-06,Germination,low,Monitor for stem borer — scout field edges.,weather_service
P0048,2025-04-17,Peg Formation,low,Do not irrigate today — soil moisture adequate.,weather_service
P0048,2025-03-05,Flowering,high,Field conditions stable — continue regular monitoring.,rule_engine
P0049,2025-02-21,Peg Formation,high,Apply light irrigation in evening.,ml_model
P0049,2025-07-04,Seedling,high,Field conditions stable — continue regular monitoring.,weather_service
P0049,2025-03-30,Germination,high,Monitor for stem borer — scout field edges.,weather_service
P0050,2025-03-20,Maturity,high,Monitor for stem borer — scout field edges.,weather_service
P0050,2025-01-16,Vegetative,high,Do not irrigate today — soil moisture adequate.,ml_model
P0050,2025-03-20,Panicle Initiation,low,Monitor for stem borer — scout field edges.,weather_service
P0050,2025-06-05,Tillering,low,Monitor for stem borer — scout field edges.,ml_model
P0050,2025-04-16,Vegetative,high,Do not irrigate today — soil moisture adequate.,rule_engine
P0050,2025-06-24,Maturity,medium,Delay fertilizer until rainfall subsides.,ml_model
P0050,2025-04-22,Flowering,medium,Do not irrigate today — soil moisture adequate.,rule_engine
P0050,2025-03-09,Tillering,medium,Do not irrigate today — soil moisture adequate.,rule_engine
P0051,2025-01-11,Tillering,medium,Do not irrigate today — soil moisture adequate.,rule_engine
P0051,2025-04-09,Flowering,medium,Monitor for stem borer — scout field edges.,rule_engine
P0051,2025-01-07,Maturity,low,Field conditions stable — continue regular monitoring.,ml_model
P0051,2025-03-15,Maturity,low,Monitor for stem borer — scout field edges.,rule_engine
P0051,2025-03-19,Tillering,low,Field conditions stable — continue regular monitoring.,ml_model
P0051,2025-02-10,Maturity,high,Monitor for stem borer — scout field edges.,weather_service
P0051,2025-07-20,Flowering,low,Field conditions stable — continue regular monitoring.,weather_service
P0051,2025-03-20,Flowering,medium,Apply light irrigation in evening.,weather_service
P0052,2025-02-07,Germination,medium,Delay fertilizer until rainfall subsides.,rule_engine
P0052,2025-01-28,Seedling,low,Apply light irrigation in evening.,rule_engine
P0052,2025-04-06,Flowering,low,Delay fertilizer until rainfall subsides.,ml_model
P0052,2025-04-27,Maturity,high,Monitor for stem borer — scout field edges.,ml_model
P0052,2025-06-21,Peg Formation,medium,Field conditions stable — continue regular monitoring.,weather_service
P0052,2025-04-09,Peg Formation,high,Do not irrigate today — soil moisture adequate.,rule_engine
P0053,2025-06-17,Germination,medium,Apply light irrigation in evening.,rule_engine
P0053,2025-05-20,Maturity,medium,Do not irrigate today — soil moisture adequate.,ml_model
P0053,2025-02-05,Tillering,medium,Delay fertilizer until rainfall subsides.,weather_service
P0053,2025-07-10,Panicle Initiation,high,Delay fertilizer until rainfall subsides.,ml_model
P0053,2025-07-02,Tillering,low,Field conditions stable — continue regular monitoring.,rule_engine
P0053,2025-06-24,Panicle Initiation,high,Monitor for stem borer — scout field edges.,rule_engine
P0054,2025-05-16,Maturity,high,Do not irrigate today — soil moisture adequate.,weather_service
P0054,2025-01-21,Maturity,low,Do not irrigate today — soil moisture adequate.,ml_model
P0054,2025-05-02,Seedling,low,Delay fertilizer until rainfall subsides.,rule_engine
P0054,2025-03-20,Panicle Initiation,low,Monitor for stem borer — scout field edges.,ml_model
P0055,2025-07-17,Maturity,medium,Do not irrigate today — soil moisture adequate.,ml_model
P0055,2025-02-20,Maturity,high,Delay fertilizer until rainfall subsides.,weather_service
P0055,2025-04-30,Maturity,high,Delay fertilizer until rainfall subsides.,weather_service
P0055,2025-02-28,Germination,medium,Field conditions stable — continue regular monitoring.,weather_service
P0055,2025-06-23,Vegetative,low,Field conditions stable — continue regular monitoring.,rule_engine
P0055,2025-06-08,Flowering,high,Delay fertilizer until rainfall subsides.,ml_model
P0056,2025-04-30,Panicle Initiation,medium,Delay fertilizer until rainfall subsides.,weather_service
P0056,2025-04-30,Flowering,low,Monitor for stem borer — scout field edges.,ml_model
P0056,2025-06-24,Flowering,low,Delay fertilizer until rainfall subsides.,ml_model
P0056,2025-07-12,Flowering,high,Apply light irrigation in evening.,rule_engine
P0056,2025-05-19,Vegetative,low,Do not irrigate today — soil moisture adequate.,rule_engine
P0057,2025-01-16,Maturity,medium,Do not irrigate today — soil moisture adequate.,weather_service
P0057,2025-03-09,Peg Formation,high,Delay fertilizer until rainfall subsides.,weather_service
P0057,2025-05-22,Germination,high,Field conditions stable — continue regular monitoring.,ml_model
P0058,2025-07-01,Germination,high,Apply light irrigation in evening.,weather_service
P0058,2025-01-09,Germination,medium,Delay fertilizer until rainfall subsides.,ml_model
P0058,2025-03-28,Seedling,low,Do not irrigate today — soil moisture adequate.,rule_engine
P0058,2025-02-12,Seedling,medium,Field conditions stable — continue regular monitoring.,weather_service
P0058,2025-02-06,Tillering,high,Delay fertilizer until rainfall subsides.,rule_engine
P0059,2025-04-12,Tillering,medium,Do not irrigate today — soil moisture adequate.,rule_engine
P0059,2025-01-10,Vegetative,low,Field conditions stable — continue regular monitoring.,weather_service
P0059,2025-04-30,Flowering,low,Apply light irrigation in evening.,rule_engine
P0060,2025-03-21,Maturity,low,Monitor for stem borer — scout field edges.,rule_engine
P0060,2025-03-25,Seedling,low,Monitor for stem borer — scout field edges.,rule_engine
P0060,2025-03-01,Seedling,high,Monitor for stem borer — scout field edges.,weather_service
P0060,2025-03-25,Panicle Initiation,medium,Monitor for stem borer — scout field edges.,ml_model
P0060,2025-03-28,Peg Formation,low,Monitor for stem borer — scout field edges.,weather_service
P0060,2025-07-11,Seedling,medium,Apply light irrigation in evening.,ml_model
P0060,2025-05-29,Tillering,low,Field conditions stable — continue regular monitoring.,rule_engine
P0060,2025-04-14,Seedling,high,Apply light irrigation in evening.,rule_engine
P0061,2025-01-15,Flowering,medium,Do not irrigate today — soil moisture adequate.,ml_model
P0061,2025-06-24,Seedling,low,Field conditions stable — continue regular monitoring.,ml_model
P0061,2025-03-03,Peg Formation,high,Do not irrigate today — soil moisture adequate.,rule_engine
P0061,2025-01-15,Germination,low,Field conditions stable — continue regular monitoring.,rule_engine
P0062,2025-06-02,Maturity,medium,Field conditions stable — continue regular monitoring.,ml_model
P0062,2025-07-15,Vegetative,high,Delay fertilizer until rainfall subsides.,ml_model
P0062,2025-07-01,Panicle Initiation,medium,Monitor for stem borer — scout field edges.,weather_service
P0062,2025-03-10,Seedling,low,Apply light irrigation in evening.,rule_engine
P0062,2025-05-09,Tillering,low,Delay fertilizer until rainfall subsides.,rule_engine
P0062,2025-05-11,Germination,low,Monitor for stem borer — scout field edges.,weather_service
P0062,2025-01-07,Flowering,medium,Delay fertilizer until rainfall subsides.,weather_service
P0062,2025-04-05,Seedling,low,Delay fertilizer until rainfall subsides.,rule_engine
P0063,2025-04-18,Seedling,medium,Delay fertilizer until rainfall subsides.,weather_service
P0063,2025-02-24,Vegetative,high,Delay fertilizer until rainfall subsides.,ml_model
P0063,2025-05-08,Vegetative,medium,Delay fertilizer until rainfall subsides.,rule_engine
P0063,2025-05-02,Maturity,low,Apply light irrigation in evening.,weather_service
P0063,2025-04-29,Maturity,medium,Delay fertilizer until rainfall subsides.,rule_engine
P0064,2025-04-26,Panicle Initiation,low,Delay fertilizer until rainfall subsides.,weather_service
P0064,2025-02-02,Maturity,high,Delay fertilizer until rainfall subsides.,weather_service
P0064,2025-03-24,Peg Formation,low,Apply light irrigation in evening.,rule_engine
P0064,2025-02-19,Panicle Initiation,low,Monitor for stem borer — scout field edges.,ml_model
P0064,2025-01-12,Flowering,high,Field conditions stable — continue regular monitoring.,ml_model
P0065,2025-03-29,Maturity,medium,Delay fertilizer until rainfall subsides.,ml_model
P0065,2025-02-14,Vegetative,low,Do not irrigate today — soil moisture adequate.,ml_model
P0065,2025-01-26,Peg Formation,medium,Delay fertilizer until rainfall subsides.,rule_engine
P0065,2025-05-15,Flowering,high,Do not irrigate today — soil moisture adequate.,ml_model
P0065,2025-04-25,Tillering,medium,Field conditions stable — continue regular monitoring.,weather_service
P0065,2025-03-31,Peg Formation,medium,Delay fertilizer until rainfall subsides.,weather_service
P0065,2025-03-27,Flowering,low,Delay fertilizer until rainfall subsides.,ml_model
P0066,2025-01-31,Flowering,high,Apply light irrigation in evening.,ml_model
P0066,2025-01-13,Panicle Initiation,low,Delay fertilizer until rainfall subsides.,rule_engine
P0066,2025-06-19,Maturity,low,Monitor for stem borer — scout field edges.,rule_engine
P0066,2025-05-17,Maturity,medium,Do not irrigate today — soil moisture adequate.,weather_service
P0066,2025-03-08,Peg Formation,medium,Apply light irrigation in evening.,rule_engine
P0067,2025-04-19,Tillering,low,Monitor for stem borer — scout field edges.,ml_model
P0067,2025-02-03,Flowering,low,Monitor for stem borer — scout field edges.,rule_engine
P0067,2025-07-02,Vegetative,high,Apply light irrigation in evening.,weather_service
P0067,2025-05-22,Maturity,low,Field conditions stable — continue regular monitoring.,ml_model
P0068,2025-01-24,Germination,high,Monitor for stem borer — scout field edges.,weather_service
P0068,2025-04-29,Flowering,high,Field conditions stable — continue regular monitoring.,weather_service
P0068,2025-06-18,Panicle Initiation,high,Delay fertilizer until rainfall subsides.,ml_model
P0068,2025-01-16,Maturity,high,Do not irrigate today — soil moisture adequate.,weather_service
P0068,2025-07-09,Panicle Initiation,high,Apply light irrigation in evening.,weather_service
P0068,2025-01-16,Flowering,low,Delay fertilizer until rainfall subsides.,rule_engine
P0068,2025-05-09,Maturity,medium,Do not irrigate today — soil moisture adequate.,ml_model
P0068,2025-02-02,Panicle Initiation,high,Monitor for stem borer — scout field edges.,rule_engine
P0069,2025-06-22,Seedling,medium,Monitor for stem borer — scout field edges.,rule_engine
P0069,2025-06-21,Germination,high,Monitor for stem borer — scout field edges.,weather_service
P0069,2025-03-30,Flowering,high,Do not irrigate today — soil moisture adequate.,weather_service
P0069,2025-04-01,Flowering,low,Do not irrigate today — soil moisture adequate.,rule_engine
P0069,2025-07-08,Maturity,high,Apply light irrigation in evening.,ml_model
P0069,2025-04-25,Peg Formation,high,Do not irrigate today — soil moisture adequate.,weather_service
P0069,2025-01-02,Maturity,low,Monitor for stem borer — scout field edges.,weather_service
P0069,2025-01-18,Germination,high,Monitor for stem borer — scout field edges.,rule_engine
P0070,2025-04-04,Germination,high,Field conditions stable — continue regular monitoring.,rule_engine
P0070,2025-02-20,Peg Formation,low,Field conditions stable — continue regular monitoring.,ml_model
P0070,2025-04-27,Flowering,high,Apply light irrigation in evening.,weather_service
P0070,2025-03-31,Peg Formation,medium,Delay fertilizer until rainfall subsides.,weather_service
P0071,2025-01-20,Flowering,high,Monitor for stem borer — scout field edges.,weather_service
P0071,2025-02-02,Panicle Initiation,low,Field conditions stable — continue regular monitoring.,weather_service
P0072,2025-05-09,Tillering,high,Field conditions stable — continue regular monitoring.,ml_model
P0072,2025-07-02,Flowering,high,Field conditions stable — continue regular monitoring.,weather_service
P0072,2025-01-01,Flowering,medium,Do not irrigate today — soil moisture adequate.,ml_model
P0072,2025-01-09,Maturity,medium,Monitor for stem borer — scout field edges.,ml_model
P0072,2025-03-27,Peg Formation,high,Field conditions stable — continue regular monitoring.,weather_service
P0072,2025-04-13,Panicle Initiation,high,Apply light irrigation in evening.,weather_service
P0072,2025-07-15,Flowering,medium,Apply light irrigation in evening.,weather_service
P0072,2025-04-29,Maturity,medium,Delay fertilizer until rainfall subsides.,ml_model
P0073,2025-04-24,Tillering,low,Field conditions stable — continue regular monitoring.,rule_engine
P0073,2025-03-24,Peg Formation,low,Monitor for stem borer — scout field edges.,weather_service
P0073,2025-04-07,Maturity,low,Field conditions stable — continue regular monitoring.,ml_model
P0074,2025-01-11,Maturity,high,Monitor for stem borer — scout field edges.,rule_engine
P0074,2025-06-12,Flowering,medium,Monitor for stem borer — scout field edges.,ml_model
P0074,2025-07-16,Flowering,low,Field conditions stable — continue regular monitoring.,weather_service
P0074,2025-03-19,Tillering,medium,Apply light irrigation in evening.,rule_engine
P0074,2025-05-12,Flowering,high,Delay fertilizer until rainfall subsides.,weather_service
P0074,2025-07-11,Germination,high,Field conditions stable — continue regular monitoring.,weather_service
P0074,2025-06-22,Panicle Initiation,medium,Monitor for stem borer — scout field edges.,ml_model
P0074,2025-03-17,Flowering,medium,Monitor for stem borer — scout field edges.,ml_model
P0075,2025-01-13,Seedling,high,Apply light irrigation in evening.,ml_model
P0075,2025-02-17,Maturity,medium,Do not irrigate today — soil moisture adequate.,weather_service
P0075,2025-07-16,Panicle Initiation,medium,Field conditions stable — continue regular monitoring.,ml_model
P0076,2025-05-19,Maturity,medium,Apply light irrigation in evening.,rule_engine
P0076,2025-07-06,Flowering,high,Field conditions stable — continue regular monitoring.,weather_service
P0076,2025-02-25,Seedling,medium,Monitor for stem borer — scout field edges.,weather_service
P0076,2025-06-04,Flowering,high,Do not irrigate today — soil moisture adequate.,weather_service
P0076,2025-01-26,Maturity,low,Field conditions stable — continue regular monitoring.,rule_engine
P0077,2025-07-01,Seedling,medium,Monitor for stem borer — scout field edges.,weather_service
P0077,2025-06-12,Panicle Initiation,medium,Monitor for stem borer — scout field edges.,rule_engine
P0077,2025-03-24,Germination,low,Do not irrigate today — soil moisture adequate.,weather_service
P0077,2025-02-02,Maturity,medium,Monitor for stem borer — scout field edges.,weather_service
P0077,2025-06-15,Flowering,high,Field conditions stable — continue regular monitoring.,rule_engine
P0078,2025-05-07,Peg Formation,low,Monitor for stem borer — scout field edges.,ml_model
P0078,2025-05-24,Panicle Initiation,medium,Monitor for stem borer — scout field edges.,rule_engine
P0078,2025-06-17,Vegetative,medium,Field conditions stable — continue regular monitoring.,rule_engine
P0078,2025-07-17,Vegetative,medium,Delay fertilizer until rainfall subsides.,ml_model
P0079,2025-04-13,Seedling,high,Delay fertilizer until rainfall subsides.,ml_model
P0079,2025-03-31,Maturity,medium,Delay fertilizer until rainfall subsides.,rule_engine
P0079,2025-04-16,Flowering,medium,Do not irrigate today — soil moisture adequate.,ml_model
P0080,2025-07-09,Maturity,low,Do not irrigate today — soil moisture adequate.,weather_service
P0080,2025-05-06,Flowering,medium,Apply light irrigation in evening.,ml_model
P0081,2025-04-07,Maturity,medium,Delay fertilizer until rainfall subsides.,weather_service
P0081,2025-06-22,Flowering,high,Monitor for stem borer — scout field edges.,rule_engine
P0081,2025-04-10,Panicle Initiation,medium,Delay fertilizer until rainfall subsides.,ml_model
P0081,2025-05-29,Flowering,high,Monitor for stem borer — scout field edges.,ml_model
P0081,2025-06-25,Flowering,high,Monitor for stem borer — scout field edges.,rule_engine
P0081,2025-04-11,Maturity,medium,Delay fertilizer until rainfall subsides.,rule_engine
P0081,2025-06-13,Seedling,medium,Field conditions stable — continue regular monitoring.,weather_service
P0082,2025-03-17,Germination,high,Delay fertilizer until rainfall subsides.,rule_engine
P0082,2025-07-13,Maturity,low,Delay fertilizer until rainfall subsides.,rule_engine
P0082,2025-07-11,Seedling,medium,Apply light irrigation in evening.,ml_model
P0082,2025-01-03,Maturity,low,Monitor for stem borer — scout field edges.,weather_service
P0082,2025-02-13,Vegetative,low,Delay fertilizer until rainfall subsides.,weather_service
P0083,2025-04-22,Maturity,low,Apply light irrigation in evening.,ml_model
P0083,2025-05-06,Seedling,medium,Monitor for stem borer — scout field edges.,rule_engine
P0083,2025-05-22,Seedling,high,Monitor for stem borer — scout field edges.,ml_model
P0083,2025-06-15,Germination,medium,Delay fertilizer until rainfall subsides.,ml_model
P0084,2025-02-26,Peg Formation,low,Delay fertilizer until rainfall subsides.,weather_service
P0084,2025-03-10,Panicle Initiation,low,Field conditions stable — continue regular monitoring.,ml_model
P0084,2025-04-19,Flowering,low,Monitor for stem borer — scout field edges.,ml_model
P0084,2025-03-10,Maturity,medium,Field conditions stable — continue regular monitoring.,rule_engine
P0084,2025-02-15,Peg Formation,high,Monitor for stem borer — scout field edges.,ml_model
P0084,2025-04-13,Flowering,low,Monitor for stem borer — scout field edges.,ml_model
P0084,2025-03-05,Maturity,low,Monitor for stem borer — scout field edges.,weather_service
P0084,2025-05-04,Vegetative,low,Do not irrigate today — soil moisture adequate.,weather_service
P0085,2025-03-10,Vegetative,low,Delay fertilizer until rainfall subsides.,weather_service
P0085,2025-01-04,Maturity,medium,Field conditions stable — continue regular monitoring.,weather_service
P0085,2025-07-17,Seedling,medium,Monitor for stem borer — scout field edges.,ml_model
P0085,2025-06-12,Seedling,medium,Field conditions stable — continue regular monitoring.,rule_engine
P0085,2025-02-17,Germination,low,Do not irrigate today — soil moisture adequate.,weather_service
P0085,2025-07-17,Peg Formation,medium,Field conditions stable — continue regular monitoring.,rule_engine
P0085,2025-02-03,Maturity,high,Monitor for stem borer — scout field edges.,weather_service
P0085,2025-05-14,Peg Formation,medium,Apply light irrigation in evening.,rule_engine
P0086,2025-04-09,Peg Formation,low,Monitor for stem borer — scout field edges.,weather_service
P0086,2025-07-04,Germination,medium,Do not irrigate today — soil moisture adequate.,rule_engine
P0086,2025-03-21,Flowering,high,Apply light irrigation in evening.,weather_service
P0086,2025-02-21,Tillering,low,Monitor for stem borer — scout field edges.,weather_service
P0087,2025-05-27,Peg Formation,high,Delay fertilizer until rainfall subsides.,ml_model
P0087,2025-05-12,Maturity,high,Do not irrigate today — soil moisture adequate.,ml_model
P0088,2025-07-11,Germination,medium,Apply light irrigation in evening.,weather_service
P0088,2025-03-27,Panicle Initiation,medium,Monitor for stem borer — scout field edges.,rule_engine
P0088,2025-04-30,Germination,medium,Apply light irrigation in evening.,ml_model
P0088,2025-02-18,Flowering,medium,Monitor for stem borer — scout field edges.,ml_model
P0088,2025-01-19,Maturity,medium,Delay fertilizer until rainfall subsides.,ml_model
P0088,2025-03-20,Maturity,high,Do not irrigate today — soil moisture adequate.,ml_model
P0089,2025-04-30,Seedling,high,Field conditions stable — continue regular monitoring.,rule_engine
P0089,2025-06-27,Flowering,medium,Delay fertilizer until rainfall subsides.,weather_service
P0089,2025-01-23,Flowering,high,Delay fertilizer until rainfall subsides.,weather_service
P0089,2025-06-06,Panicle Initiation,high,Field conditions stable — continue regular monitoring.,rule_engine
P0089,2025-02-18,Germination,medium,Field conditions stable — continue regular monitoring.,weather_service
P0089,2025-04-20,Peg Formation,medium,Monitor for stem borer — scout field edges.,weather_service
P0089,2025-04-03,Seedling,low,Field conditions stable — continue regular monitoring.,ml_model
P0089,2025-06-09,Seedling,high,Delay fertilizer until rainfall subsides.,rule_engine
P0090,2025-01-06,Seedling,high,Delay fertilizer until rainfall subsides.,ml_model
P0090,2025-05-09,Vegetative,medium,Apply light irrigation in evening.,weather_service
P0091,2025-02-16,Germination,high,Delay fertilizer until rainfall subsides.,ml_model
P0091,2025-01-04,Flowering,high,Field conditions stable — continue regular monitoring.,weather_service
P0091,2025-02-17,Panicle Initiation,medium,Field conditions stable — continue regular monitoring.,rule_engine
P0091,2025-02-15,Flowering,medium,Apply light irrigation in evening.,rule_engine
P0091,2025-03-27,Flowering,low,Field conditions stable — continue regular monitoring.,weather_service
P0091,2025-02-08,Maturity,high,Monitor for stem borer — scout field edges.,rule_engine
P0091,2025-02-18,Maturity,low,Apply light irrigation in evening.,ml_model
P0092,2025-03-18,Flowering,medium,Apply light irrigation in evening.,weather_service
P0092,2025-06-04,Seedling,high,Do not irrigate today — soil moisture adequate.,rule_engine
P0092,2025-06-07,Tillering,high,Monitor for stem borer — scout field edges.,rule_engine
P0092,2025-06-26,Maturity,high,Monitor for stem borer — scout field edges.,ml_model
P0093,2025-03-03,Panicle Initiation,medium,Monitor for stem borer — scout field edges.,ml_model
P0093,2025-03-03,Flowering,high,Field conditions stable — continue regular monitoring.,rule_engine
P0094,2025-05-25,Maturity,low,Monitor for stem borer — scout field edges.,weather_service
P0094,2025-02-11,Maturity,high,Field conditions stable — continue regular monitoring.,ml_model
P0094,2025-07-09,Tillering,high,Delay fertilizer until rainfall subsides.,rule_engine
P0095,2025-07-10,Vegetative,low,Do not irrigate today — soil moisture adequate.,weather_service
P0095,2025-01-05,Maturity,medium,Do not irrigate today — soil moisture adequate.,weather_service
P0096,2025-03-31,Maturity,high,Monitor for stem borer — scout field edges.,ml_model
P0096,2025-04-29,Panicle Initiation,high,Delay fertilizer until rainfall subsides.,ml_model
P0097,2025-05-08,Peg Formation,low,Delay fertilizer until rainfall subsides.,weather_service
P0097,2025-06-15,Maturity,low,Monitor for stem borer — scout field edges.,rule_engine
P0097,2025-01-10,Maturity,low,Monitor for stem borer — scout field edges.,ml_model
P0097,2025-06-13,Panicle Initiation,high,Do not irrigate today — soil moisture adequate.,ml_model
P0097,2025-01-19,Maturity,medium,Field conditions stable — continue regular monitoring.,rule_engine
P0097,2025-03-19,Vegetative,high,Field conditions stable — continue regular monitoring.,ml_model
P0097,2025-01-05,Flowering,medium,Apply light irrigation in evening.,weather_service
P0098,2025-06-02,Tillering,high,Monitor for stem borer — scout field edges.,weather_service
P0098,2025-04-22,Maturity,medium,Apply light irrigation in evening.,rule_engine
P0099,2025-01-10,Seedling,medium,Field conditions stable — continue regular monitoring.,ml_model
P0099,2025-04-27,Maturity,high,Do not irrigate today — soil moisture adequate.,ml_model
P0099,2025-03-09,Tillering,medium,Monitor for stem borer — scout field edges.,rule_engine
P0099,2025-02-26,Peg Formation,medium,Apply light irrigation in evening.,rule_engine
P0100,2025-02-09,Tillering,medium,Field conditions stable — continue regular monitoring.,weather_service
P0100,2025-05-24,Seedling,low,Apply light irrigation in evening.,weather_service
P0100,2025-07-13,Tillering,low,Monitor for stem borer — scout field edges.,ml_model
P0100,2025-04-04,Flowering,medium,Do not irrigate today — soil moisture adequate.,weather_service
P0100,2025-05-25,Germination,low,Do not irrigate today — soil moisture adequate.,ml_model
P0100,2025-05-14,Peg Formation,medium,Apply light irrigation in evening.,rule_engine
P0100,2025-05-31,Seedling,low,Monitor for stem borer — scout field edges.,weather_service
P0100,2025-03-05,Flowering,high,Field conditions stable — continue regular monitoring.,rule_engine
P0101,2025-05-09,Maturity,high,Field conditions stable — continue regular monitoring.,ml_model
P0101,2025-04-24,Panicle Initiation,low,Monitor for stem borer — scout field edges.,ml_model
P0101,2025-01-11,Panicle Initiation,high,Monitor for stem borer — scout field edges.,rule_engine
P0101,2025-01-08,Flowering,medium,Delay fertilizer until rainfall subsides.,ml_model
P0101,2025-04-17,Maturity,low,Field conditions stable — continue regular monitoring.,rule_engine
P0101,2025-02-17,Germination,high,Field conditions stable — continue regular monitoring.,weather_service
P0101,2025-02-04,Flowering,medium,Monitor for stem borer — scout field edges.,ml_model
P0102,2025-01-18,Tillering,high,Do not irrigate today — soil moisture adequate.,ml_model
P0102,2025-01-23,Flowering,medium,Apply light irrigation in evening.,rule_engine
P0102,2025-05-23,Flowering,low,Monitor for stem borer — scout field edges.,rule_engine
P0102,2025-05-08,Flowering,low,Apply light irrigation in evening.,weather_service
P0102,2025-01-27,Panicle Initiation,medium,Apply light irrigation in evening.,rule_engine
P0102,2025-02-19,Maturity,high,Field conditions stable — continue regular monitoring.,ml_model
P0102,2025-02-05,Seedling,low,Do not irrigate today — soil moisture adequate.,ml_model
P0102,2025-06-03,Maturity,low,Do not irrigate today — soil moisture adequate.,ml_model
P0103,2025-06-26,Peg Formation,high,Monitor for stem borer — scout field edges.,ml_model
P0103,2025-05-11,Vegetative,high,Apply light irrigation in evening.,ml_model
P0103,2025-02-10,Seedling,low,Do not irrigate today — soil moisture adequate.,weather_service
P0103,2025-01-03,Flowering,medium,Field conditions stable — continue regular monitoring.,weather_service
P0103,2025-02-12,Germination,high,Do not irrigate today — soil moisture adequate.,rule_engine
P0104,2025-05-18,Maturity,high,Field conditions stable — continue regular monitoring.,rule_engine
P0104,2025-06-02,Maturity,high,Field conditions stable — continue regular monitoring.,weather_service
P0104,2025-01-03,Tillering,medium,Apply light irrigation in evening.,weather_service
P0104,2025-03-30,Panicle Initiation,high,Apply light irrigation in evening.,rule_engine
P0104,2025-07-10,Maturity,high,Field conditions stable — continue regular monitoring.,rule_engine
P0104,2025-03-26,Panicle Initiation,medium,Delay fertilizer until rainfall subsides.,rule_engine
P0105,2025-05-03,Panicle Initiation,low,Do not irrigate today — soil moisture adequate.,ml_model
P0105,2025-07-09,Vegetative,high,Field conditions stable — continue regular monitoring.,ml_model
P0105,2025-05-15,Flowering,high,Monitor for stem borer — scout field edges.,ml_model
P0105,2025-05-29,Peg Formation,high,Do not irrigate today — soil moisture adequate.,ml_model
P0106,2025-05-30,Maturity,high,Field conditions stable — continue regular monitoring.,rule_engine
P0106,2025-01-26,Panicle Initiation,medium,Field conditions stable — continue regular monitoring.,rule_engine
P0107,2025-06-07,Flowering,high,Delay fertilizer until rainfall subsides.,rule_engine
P0107,2025-05-07,Tillering,high,Delay fertilizer until rainfall subsides.,rule_engine
P0107,2025-04-30,Flowering,medium,Monitor for stem borer — scout field edges.,weather_service
P0107,2025-01-23,Germination,low,Delay fertilizer until rainfall subsides.,ml_model
P0107,2025-02-11,Maturity,medium,Monitor for stem borer — scout field edges.,rule_engine
P0107,2025-03-30,Maturity,high,Apply light irrigation in evening.,weather_service
P0107,2025-03-23,Flowering,low,Monitor for stem borer — scout field edges.,ml_model
P0108,2025-04-13,Tillering,low,Field conditions stable — continue regular monitoring.,rule_engine
P0108,2025-04-25,Maturity,high,Monitor for stem borer — scout field edges.,rule_engine
P0108,2025-05-25,Panicle Initiation,high,Delay fertilizer until rainfall subsides.,weather_service
P0108,2025-07-08,Germination,medium,Apply light irrigation in evening.,rule_engine
P0108,2025-03-05,Panicle Initiation,low,Field conditions stable — continue regular monitoring.,weather_service
P0108,2025-03-08,Maturity,low,Apply light irrigation in evening.,rule_engine
P0108,2025-07-06,Flowering,medium,Monitor for stem borer — scout field edges.,ml_model
P0108,2025-06-16,Peg Formation,low,Apply light irrigation in evening.,ml_model
P0109,2025-05-13,Seedling,low,Monitor for stem borer — scout field edges.,ml_model
P0109,2025-01-26,Maturity,medium,Do not irrigate today — soil moisture adequate.,weather_service
P0109,2025-01-26,Panicle Initiation,medium,Apply light irrigation in evening.,rule_engine
P0110,2025-04-05,Panicle Initiation,medium,Monitor for stem borer — scout field edges.,rule_engine
P0110,2025-06-05,Maturity,high,Delay fertilizer until rainfall subsides.,weather_service
P0110,2025-03-27,Germination,low,Field conditions stable — continue regular monitoring.,weather_service
P0110,2025-03-09,Vegetative,low,Field conditions stable — continue regular monitoring.,rule_engine
P0111,2025-02-06,Seedling,high,Do not irrigate today — soil moisture adequate.,weather_service
P0111,2025-04-10,Flowering,high,Delay fertilizer until rainfall subsides.,rule_engine
P0111,2025-05-10,Flowering,medium,Apply light irrigation in evening.,ml_model
P0111,2025-06-24,Maturity,low,Delay fertilizer until rainfall subsides.,rule_engine
P0111,2025-02-11,Germination,high,Monitor for stem borer — scout field edges.,ml_model
P0111,2025-02-19,Tillering,medium,Do not irrigate today — soil moisture adequate.,weather_service
P0112,2025-05-20,Flowering,high,Apply light irrigation in evening.,weather_service
P0112,2025-04-23,Panicle Initiation,high,Do not irrigate today — soil moisture adequate.,weather_service
P0112,2025-01-26,Maturity,medium,Field conditions stable — continue regular monitoring.,ml_model
P0112,2025-05-01,Seedling,medium,Monitor for stem borer — scout field edges.,rule_engine
P0112,2025-04-13,Maturity,low,Field conditions stable — continue regular monitoring.,rule_engine
P0112,2025-06-12,Seedling,low,Do not irrigate today — soil moisture adequate.,ml_model
P0112,2025-04-11,Seedling,medium,Delay fertilizer until rainfall subsides.,weather_service
P0112,2025-06-08,Flowering,low,Field conditions stable — continue regular monitoring.,rule_engine
P0113,2025-01-15,Maturity,medium,Monitor for stem borer — scout field edges.,weather_service
P0113,2025-03-02,Seedling,medium,Field conditions stable — continue regular monitoring.,rule_engine
P0113,2025-06-18,Maturity,medium,Do not irrigate today — soil moisture adequate.,ml_model
P0113,2025-03-29,Maturity,low,Apply light irrigation in evening.,ml_model
P0113,2025-03-22,Tillering,medium,Do not irrigate today — soil moisture adequate.,rule_engine
P0114,2025-04-11,Vegetative,low,Apply light irrigation in evening.,weather_service
P0114,2025-04-22,Maturity,high,Field conditions stable — continue regular monitoring.,rule_engine
P0114,2025-02-04,Germination,low,Delay fertilizer until rainfall subsides.,weather_service
P0114,2025-06-06,Vegetative,low,Monitor for stem borer — scout field edges.,ml_model
P0115,2025-02-17,Tillering,high,Delay fertilizer until rainfall subsides.,ml_model
P0115,2025-03-20,Flowering,low,Apply light irrigation in evening.,rule_engine
P0115,2025-03-24,Flowering,high,Field conditions stable — continue regular monitoring.,weather_service
P0116,2025-04-13,Flowering,low,Delay fertilizer until rainfall subsides.,ml_model
P0116,2025-06-21,Seedling,medium,Do not irrigate today — soil moisture adequate.,weather_service
P0116,2025-03-07,Maturity,medium,Field conditions stable — continue regular monitoring.,weather_service
P0116,2025-05-08,Maturity,medium,Do not irrigate today — soil moisture adequate.,rule_engine
P0117,2025-06-18,Seedling,medium,Do not irrigate today — soil moisture adequate.,weather_service
P0117,2025-02-10,Tillering,medium,Apply light irrigation in evening.,ml_model
P0118,2025-03-28,Seedling,low,Do not irrigate today — soil moisture adequate.,rule_engine
P0118,2025-06-20,Maturity,high,Delay fertilizer until rainfall subsides.,weather_service
P0118,2025-03-13,Flowering,medium,Do not irrigate today — soil moisture adequate.,weather_service
P0119,2025-02-09,Seedling,medium,Delay fertilizer until rainfall subsides.,ml_model
P0119,2025-02-25,Maturity,medium,Apply light irrigation in evening.,ml_model
P0119,2025-07-19,Vegetative,low,Monitor for stem borer — scout field edges.,weather_service
P0119,2025-06-10,Panicle Initiation,medium,Monitor for stem borer — scout field edges.,ml_model
P0119,2025-05-30,Tillering,high,Delay fertilizer until rainfall subsides.,ml_model
P0119,2025-04-26,Flowering,high,Field conditions stable — continue regular monitoring.,weather_service
P0120,2025-05-17,Germination,high,Delay fertilizer until rainfall subsides.,ml_model
P0120,2025-01-20,Flowering,low,Field conditions stable — continue regular monitoring.,weather_service
P0120,2025-02-27,Maturity,medium,Field conditions stable — continue regular monitoring.,weather_service
P0120,2025-05-03,Germination,medium,Monitor for stem borer — scout field edges.,weather_service
P0121,2025-03-29,Vegetative,high,Monitor for stem borer — scout field edges.,weather_service
P0121,2025-01-21,Tillering,medium,Monitor for stem borer — scout field edges.,ml_model
P0121,2025-03-21,Vegetative,high,Delay fertilizer until rainfall subsides.,rule_engine
P0121,2025-05-28,Tillering,medium,Delay fertilizer until rainfall subsides.,weather_service
P0121,2025-04-30,Peg Formation,high,Do not irrigate today — soil moisture adequate.,weather_service
P0121,2025-06-14,Peg Formation,high,Apply light irrigation in evening.,ml_model
P0122,2025-04-23,Flowering,low,Field conditions stable — continue regular monitoring.,rule_engine
P0122,2025-01-17,Maturity,high,Delay fertilizer until rainfall subsides.,rule_engine
P0122,2025-05-11,Tillering,low,Monitor for stem borer — scout field edges.,weather_service
P0122,2025-01-14,Germination,high,Field conditions stable — continue regular monitoring.,ml_model
P0122,2025-04-26,Flowering,medium,Monitor for stem borer — scout field edges.,rule_engine
P0122,2025-04-13,Peg Formation,low,Monitor for stem borer — scout field edges.,rule_engine
P0123,2025-06-14,Flowering,low,Do not irrigate today — soil moisture adequate.,rule_engine
P0123,2025-04-23,Seedling,high,Apply light irrigation in evening.,rule_engine
P0123,2025-06-18,Flowering,high,Monitor for stem borer — scout field edges.,ml_model
P0123,2025-01-04,Tillering,medium,Field conditions stable — continue regular monitoring.,rule_engine
P0123,2025-02-07,Flowering,low,Apply light irrigation in evening.,rule_engine
P0124,2025-05-05,Flowering,medium,Do not irrigate today — soil moisture adequate.,weather_service
P0124,2025-03-02,Germination,low,Do not irrigate today — soil moisture adequate.,rule_engine
P0124,2025-06-30,Peg Formation,medium,Delay fertilizer until rainfall subsides.,weather_service
P0124,2025-03-25,Flowering,high,Delay fertilizer until rainfall subsides.,rule_engine
P0125,2025-06-18,Seedling,high,Do not irrigate today — soil moisture adequate.,ml_model
P0125,2025-02-09,Maturity,high,Apply light irrigation in evening.,weather_service
P0125,2025-01-27,Panicle Initiation,high,Do not irrigate today — soil moisture adequate.,ml_model
P0125,2025-05-07,Peg Formation,low,Do not irrigate today — soil moisture adequate.,weather_service
P0125,2025-03-09,Flowering,low,Apply light irrigation in evening.,rule_engine
P0126,2025-04-20,Panicle Initiation,medium,Apply light irrigation in evening.,rule_engine
P0126,2025-01-18,Seedling,high,Monitor for stem borer — scout field edges.,rule_engine
P0126,2025-03-09,Peg Formation,high,Field conditions stable — continue regular monitoring.,ml_model
P0126,2025-01-29,Germination,low,Field conditions stable — continue regular monitoring.,rule_engine
P0126,2025-05-09,Peg Formation,high,Field conditions stable — continue regular monitoring.,rule_engine
P0126,2025-02-13,Seedling,high,Do not irrigate today — soil moisture adequate.,ml_model
P0126,2025-05-08,Panicle Initiation,medium,Delay fertilizer until rainfall subsides.,weather_service
P0127,2025-04-12,Panicle Initiation,low,Do not irrigate today — soil moisture adequate.,weather_service
P0127,2025-01-17,Vegetative,high,Do not irrigate today — soil moisture adequate.,rule_engine
P0127,2025-01-24,Vegetative,medium,Monitor for stem borer — scout field edges.,ml_model
P0127,2025-02-17,Peg Formation,medium,Do not irrigate today — soil moisture adequate.,rule_engine
P0127,2025-03-13,Maturity,high,Field conditions stable — continue regular monitoring.,ml_model
P0128,2025-06-11,Panicle Initiation,low,Delay fertilizer until rainfall subsides.,weather_service
P0128,2025-04-26,Maturity,low,Field conditions stable — continue regular monitoring.,ml_model
P0128,2025-05-13,Panicle Initiation,low,Apply light irrigation in evening.,ml_model
P0128,2025-05-03,Germination,low,Monitor for stem borer — scout field edges.,ml_model
P0128,2025-02-01,Seedling,medium,Apply light irrigation in evening.,weather_service
P0128,2025-06-06,Maturity,high,Do not irrigate today — soil moisture adequate.,rule_engine
P0128,2025-07-18,Maturity,high,Delay fertilizer until rainfall subsides.,ml_model
P0129,2025-07-06,Germination,low,Do not irrigate today — soil moisture adequate.,weather_service
P0129,2025-02-05,Tillering,medium,Delay fertilizer until rainfall subsides.,rule_engine
P0129,2025-02-18,Maturity,high,Monitor for stem borer — scout field edges.,rule_engine
P0129,2025-07-10,Seedling,low,Delay fertilizer until rainfall subsides.,weather_service
P0130,2025-06-13,Germination,high,Field conditions stable — continue regular monitoring.,rule_engine
P0130,2025-06-26,Maturity,high,Do not irrigate today — soil moisture adequate.,ml_model
P0130,2025-01-15,Flowering,medium,Field conditions stable — continue regular monitoring.,rule_engine
P0131,2025-01-21,Germination,low,Field conditions stable — continue regular monitoring.,ml_model
P0131,2025-01-16,Germination,high,Do not irrigate today — soil moisture adequate.,rule_engine
P0131,2025-07-17,Maturity,high,Do not irrigate today — soil moisture adequate.,rule_engine
P0131,2025-05-02,Tillering,medium,Field conditions stable — continue regular monitoring.,ml_model
P0132,2025-03-04,Maturity,high,Apply light irrigation in evening.,weather_service
P0132,2025-04-24,Tillering,medium,Delay fertilizer until rainfall subsides.,weather_service
P0132,2025-05-14,Vegetative,low,Field conditions stable — continue regular monitoring.,ml_model
P0132,2025-01-09,Germination,medium,Do not irrigate today — soil moisture adequate.,weather_service
P0132,2025-01-08,Flowering,low,Do not irrigate today — soil moisture adequate.,rule_engine
P0132,2025-04-29,Tillering,high,Monitor for stem borer — scout field edges.,rule_engine
P0133,2025-04-30,Vegetative,high,Field conditions stable — continue regular monitoring.,weather_service
P0133,2025-02-03,Vegetative,medium,Field conditions stable — continue regular monitoring.,rule_engine
P0133,2025-06-29,Peg Formation,low,Delay fertilizer until rainfall subsides.,rule_engine
P0133,2025-07-02,Maturity,low,Delay fertilizer until rainfall subsides.,weather_service
P0133,2025-01-23,Seedling,low,Do not irrigate today — soil moisture adequate.,weather_service
P0133,2025-04-05,Flowering,high,Field conditions stable — continue regular monitoring.,rule_engine
P0133,2025-01-07,Flowering,high,Apply light irrigation in evening.,ml_model
P0133,2025-07-17,Peg Formation,low,Monitor for stem borer — scout field edges.,ml_model
P0134,2025-05-07,Peg Formation,low,Field conditions stable — continue regular monitoring.,rule_engine
P0134,2025-02-16,Tillering,medium,Apply light irrigation in evening.,weather_service
P0134,2025-01-28,Tillering,low,Monitor for stem borer — scout field edges.,rule_engine
P0134,2025-02-07,Maturity,high,Do not irrigate today — soil moisture adequate.,rule_engine
P0135,2025-03-27,Panicle Initiation,medium,Monitor for stem borer — scout field edges.,weather_service
P0135,2025-01-18,Germination,high,Field conditions stable — continue regular monitoring.,rule_engine
P0135,2025-07-04,Maturity,low,Do not irrigate today — soil moisture adequate.,weather_service
P0135,2025-01-20,Peg Formation,high,Field conditions stable — continue regular monitoring.,weather_service
P0135,2025-05-29,Tillering,medium,Do not irrigate today — soil moisture adequate.,rule_engine
P0135,2025-06-17,Tillering,high,Delay fertilizer until rainfall subsides.,ml_model
P0135,2025-04-17,Panicle Initiation,high,Apply light irrigation in evening.,weather_service
P0136,2025-02-07,Flowering,high,Delay fertilizer until rainfall subsides.,rule_engine
P0136,2025-06-17,Panicle Initiation,high,Field conditions stable — continue regular monitoring.,rule_engine
P0136,2025-06-01,Flowering,high,Field conditions stable — continue regular monitoring.,weather_service
P0136,2025-02-17,Panicle Initiation,medium,Delay fertilizer until rainfall subsides.,weather_service
P0136,2025-02-11,Flowering,high,Apply light irrigation in evening.,rule_engine
P0136,2025-06-30,Vegetative,medium,Delay fertilizer until rainfall subsides.,weather_service
P0137,2025-01-10,Vegetative,low,Monitor for stem borer — scout field edges.,ml_model
P0137,2025-04-10,Panicle Initiation,low,Do not irrigate today — soil moisture adequate.,rule_engine
P0138,2025-05-16,Flowering,medium,Apply light irrigation in evening.,ml_model
P0138,2025-04-30,Peg Formation,high,Delay fertilizer until rainfall subsides.,ml_model
P0138,2025-03-31,Maturity,medium,Field conditions stable — continue regular monitoring.,weather_service
P0138,2025-05-13,Germination,low,Monitor for stem borer — scout field edges.,ml_model
P0138,2025-05-08,Seedling,medium,Field conditions stable — continue regular monitoring.,weather_service
P0138,2025-05-13,Tillering,medium,Monitor for stem borer — scout field edges.,weather_service
P0139,2025-01-17,Vegetative,low,Delay fertilizer until rainfall subsides.,ml_model
P0139,2025-01-02,Peg Formation,medium,Do not irrigate today — soil moisture adequate.,ml_model
P0139,2025-06-21,Flowering,high,Delay fertilizer until rainfall subsides.,weather_service
P0140,2025-01-01,Vegetative,medium,Apply light irrigation in evening.,weather_service
P0140,2025-03-18,Germination,high,Do not irrigate today — soil moisture adequate.,ml_model
P0141,2025-02-27,Germination,low,Apply light irrigation in evening.,ml_model
P0141,2025-06-06,Peg Formation,high,Field conditions stable — continue regular monitoring.,ml_model
P0141,2025-06-21,Germination,high,Apply light irrigation in evening.,weather_service
P0141,2025-03-31,Flowering,high,Apply light irrigation in evening.,rule_engine
P0141,2025-05-10,Flowering,low,Do not irrigate today — soil moisture adequate.,rule_engine
P0141,2025-01-01,Flowering,medium,Monitor for stem borer — scout field edges.,weather_service
P0142,2025-05-09,Seedling,low,Delay fertilizer until rainfall subsides.,rule_engine
P0142,2025-01-13,Germination,low,Apply light irrigation in evening.,ml_model
P0142,2025-02-09,Flowering,low,Field conditions stable — continue regular monitoring.,ml_model
P0142,2025-03-29,Germination,medium,Field conditions stable — continue regular monitoring.,ml_model
P0142,2025-05-16,Germination,high,Delay fertilizer until rainfall subsides.,rule_engine
P0142,2025-07-03,Panicle Initiation,high,Field conditions stable — continue regular monitoring.,rule_engine
P0142,2025-02-13,Tillering,high,Delay fertilizer until rainfall subsides.,ml_model
P0142,2025-07-15,Flowering,high,Monitor for stem borer — scout field edges.,rule_engine
P0143,2025-02-11,Vegetative,low,Apply light irrigation in evening.,weather_service
P0143,2025-07-07,Maturity,medium,Monitor for stem borer — scout field edges.,weather_service
P0143,2025-02-04,Seedling,medium,Do not irrigate today — soil moisture adequate.,ml_model
P0144,2025-04-29,Flowering,high,Monitor for stem borer — scout field edges.,rule_engine
P0144,2025-06-15,Maturity,medium,Delay fertilizer until rainfall subsides.,weather_service
P0145,2025-02-14,Germination,medium,Delay fertilizer until rainfall subsides.,ml_model
P0145,2025-01-21,Seedling,low,Do not irrigate today — soil moisture adequate.,ml_model
P0146,2025-07-18,Panicle Initiation,medium,Apply light irrigation in evening.,weather_service
P0146,2025-04-10,Vegetative,medium,Delay fertilizer until rainfall subsides.,weather_service
P0146,2025-03-22,Maturity,low,Do not irrigate today — soil moisture adequate.,weather_service
P0146,2025-03-30,Seedling,low,Apply light irrigation in evening.,rule_engine
P0146,2025-03-13,Flowering,low,Field conditions stable — continue regular monitoring.,rule_engine
P0147,2025-01-23,Peg Formation,low,Delay fertilizer until rainfall subsides.,weather_service
P0147,2025-02-13,Flowering,high,Monitor for stem borer — scout field edges.,ml_model
P0147,2025-05-06,Maturity,high,Monitor for stem borer — scout field edges.,weather_service
P0147,2025-07-07,Flowering,medium,Field conditions stable — continue regular monitoring.,weather_service
P0147,2025-05-31,Flowering,high,Do not irrigate today — soil moisture adequate.,ml_model
P0147,2025-01-17,Seedling,high,Monitor for stem borer — scout field edges.,weather_service
P0148,2025-01-08,Panicle Initiation,high,Apply light irrigation in evening.,weather_service
P0148,2025-04-06,Flowering,medium,Apply light irrigation in evening.,weather_service
P0148,2025-06-04,Flowering,low,Delay fertilizer until rainfall subsides.,ml_model
P0148,2025-03-12,Flowering,high,Delay fertilizer until rainfall subsides.,weather_service
P0148,2025-07-17,Germination,medium,Do not irrigate today — soil moisture adequate.,ml_model
P0148,2025-07-16,Tillering,medium,Delay fertilizer until rainfall subsides.,weather_service
P0148,2025-02-01,Vegetative,high,Do not irrigate today — soil moisture adequate.,rule_engine
P0149,2025-03-27,Vegetative,low,Delay fertilizer until rainfall subsides.,weather_service
P0149,2025-07-13,Maturity,low,Do not irrigate today — soil moisture adequate.,weather_service
P0149,2025-01-28,Vegetative,low,Monitor for stem borer — scout field edges.,ml_model
P0149,2025-01-17,Tillering,low,Field conditions stable — continue regular monitoring.,ml_model
P0149,2025-02-10,Peg Formation,high,Delay fertilizer until rainfall subsides.,weather_service
P0149,2025-02-25,Peg Formation,medium,Apply light irrigation in evening.,ml_model
P0149,2025-05-23,Maturity,low,Delay fertilizer until rainfall subsides.,rule_engine
P0150,2025-01-14,Seedling,low,Monitor for stem borer — scout field edges.,ml_model
P0150,2025-04-26,Seedling,low,Do not irrigate today — soil moisture adequate.,ml_model
P0151,2025-02-10,Tillering,high,Delay fertilizer until rainfall subsides.,ml_model
P0151,2025-02-27,Flowering,high,Monitor for stem borer — scout field edges.,ml_model
P0151,2025-02-10,Maturity,medium,Delay fertilizer until rainfall subsides.,rule_engine
P0152,2025-04-14,Flowering,high,Field conditions stable — continue regular monitoring.,rule_engine
P0152,2025-07-03,Vegetative,medium,Do not irrigate today — soil moisture adequate.,weather_service
P0152,2025-06-09,Germination,low,Apply light irrigation in evening.,rule_engine
P0152,2025-05-06,Flowering,low,Delay fertilizer until rainfall subsides.,weather_service
P0152,2025-01-06,Germination,high,Monitor for stem borer — scout field edges.,rule_engine
P0152,2025-05-05,Vegetative,medium,Apply light irrigation in evening.,ml_model
P0152,2025-02-04,Peg Formation,medium,Apply light irrigation in evening.,rule_engine
P0152,2025-07-06,Maturity,high,Delay fertilizer until rainfall subsides.,ml_model
P0153,2025-05-26,Maturity,medium,Field conditions stable — continue regular monitoring.,ml_model
P0153,2025-01-22,Maturity,medium,Field conditions stable — continue regular monitoring.,weather_service
P0154,2025-05-10,Flowering,low,Apply light irrigation in evening.,weather_service
P0154,2025-06-12,Flowering,low,Field conditions stable — continue regular monitoring.,rule_engine
P0154,2025-01-26,Peg Formation,high,Apply light irrigation in evening.,weather_service
P0154,2025-03-24,Tillering,low,Delay fertilizer until rainfall subsides.,weather_service
P0155,2025-06-07,Panicle Initiation,low,Delay fertilizer until rainfall subsides.,weather_service
P0155,2025-01-22,Flowering,medium,Delay fertilizer until rainfall subsides.,ml_model
P0155,2025-04-03,Tillering,medium,Do not irrigate today — soil moisture adequate.,rule_engine
P0155,2025-06-04,Tillering,medium,Delay fertilizer until rainfall subsides.,ml_model
P0155,2025-01-30,Tillering,low,Delay fertilizer until rainfall subsides.,weather_service
P0155,2025-03-01,Flowering,high,Apply light irrigation in evening.,weather_service
P0155,2025-07-18,Maturity,medium,Delay fertilizer until rainfall subsides.,ml_model
P0156,2025-06-16,Maturity,high,Do not irrigate today — soil moisture adequate.,ml_model
P0156,2025-04-16,Panicle Initiation,high,Monitor for stem borer — scout field edges.,ml_model
P0156,2025-05-16,Maturity,medium,Apply light irrigation in evening.,weather_service
P0156,2025-04-02,Seedling,high,Delay fertilizer until rainfall subsides.,weather_service
P0156,2025-03-29,Germination,low,Field conditions stable — continue regular monitoring.,ml_model
P0156,2025-01-25,Peg Formation,low,Monitor for stem borer — scout field edges.,rule_engine
P0156,2025-06-02,Panicle Initiation,high,Delay fertilizer until rainfall subsides.,ml_model
P0156,2025-06-08,Seedling,high,Monitor for stem borer — scout field edges.,rule_engine
P0157,2025-05-02,Seedling,medium,Monitor for stem borer — scout field edges.,rule_engine
P0157,2025-02-06,Peg Formation,low,Monitor for stem borer — scout field edges.,ml_model
P0157,2025-06-04,Maturity,high,Delay fertilizer until rainfall subsides.,rule_engine
P0157,2025-07-12,Germination,low,Apply light irrigation in evening.,rule_engine
P0158,2025-02-13,Seedling,low,Field conditions stable — continue regular monitoring.,ml_model
P0158,2025-05-22,Maturity,low,Apply light irrigation in evening.,rule_engine
P0158,2025-07-16,Maturity,low,Field conditions stable — continue regular monitoring.,weather_service
P0158,2025-05-13,Flowering,low,Field conditions stable — continue regular monitoring.,weather_service
P0158,2025-05-04,Germination,low,Apply light irrigation in evening.,weather_service
P0159,2025-06-01,Maturity,low,Delay fertilizer until rainfall subsides.,ml_model
P0159,2025-04-05,Panicle Initiation,low,Monitor for stem borer — scout field edges.,weather_service
P0159,2025-06-07,Panicle Initiation,medium,Apply light irrigation in evening.,weather_service
P0159,2025-03-05,Flowering,high,Do not irrigate today — soil moisture adequate.,weather_service
P0159,2025-07-03,Seedling,medium,Field conditions stable — continue regular monitoring.,rule_engine
P0159,2025-01-11,Vegetative,low,Do not irrigate today — soil moisture adequate.,rule_engine
P0159,2025-01-01,Maturity,medium,Apply light irrigation in evening.,weather_service
P0160,2025-03-30,Panicle Initiation,high,Monitor for stem borer — scout field edges.,rule_engine
P0160,2025-05-01,Maturity,high,Field conditions stable — continue regular monitoring.,ml_model
P0160,2025-01-19,Panicle Initiation,medium,Delay fertilizer until rainfall subsides.,rule_engine
P0160,2025-07-08,Seedling,low,Field conditions stable — continue regular monitoring.,rule_engine
P0160,2025-03-16,Maturity,low,Monitor for stem borer — scout field edges.,rule_engine
P0161,2025-02-14,Vegetative,low,Do not irrigate today — soil moisture adequate.,ml_model
P0161,2025-07-08,Vegetative,high,Field conditions stable — continue regular monitoring.,ml_model
P0161,2025-03-15,Seedling,high,Field conditions stable — continue regular monitoring.,weather_service
P0161,2025-03-12,Seedling,high,Apply light irrigation in evening.,rule_engine
P0162,2025-03-19,Maturity,low,Monitor for stem borer — scout field edges.,rule_engine
P0162,2025-04-29,Flowering,high,Monitor for stem borer — scout field edges.,weather_service
P0162,2025-03-20,Peg Formation,medium,Field conditions stable — continue regular monitoring.,weather_service
P0162,2025-03-21,Vegetative,low,Monitor for stem borer — scout field edges.,ml_model
P0162,2025-04-25,Germination,high,Monitor for stem borer — scout field edges.,rule_engine
P0162,2025-07-06,Flowering,low,Apply light irrigation in evening.,rule_engine
P0162,2025-03-30,Maturity,medium,Delay fertilizer until rainfall subsides.,rule_engine
P0162,2025-03-02,Maturity,high,Monitor for stem borer — scout field edges.,weather_service
P0163,2025-07-05,Flowering,high,Delay fertilizer until rainfall subsides.,ml_model
P0163,2025-01-25,Germination,medium,Monitor for stem borer — scout field edges.,rule_engine
P0163,2025-06-15,Tillering,medium,Field conditions stable — continue regular monitoring.,rule_engine
P0163,2025-07-05,Flowering,high,Do not irrigate today — soil moisture adequate.,ml_model
P0163,2025-02-22,Seedling,high,Delay fertilizer until rainfall subsides.,rule_engine
P0163,2025-06-12,Maturity,low,Field conditions stable — continue regular monitoring.,rule_engine
P0164,2025-05-16,Maturity,high,Do not irrigate today — soil moisture adequate.,rule_engine
P0164,2025-04-30,Vegetative,low,Delay fertilizer until rainfall subsides.,rule_engine
P0164,2025-05-11,Vegetative,medium,Apply light irrigation in evening.,rule_engine
P0165,2025-06-10,Maturity,low,Field conditions stable — continue regular monitoring.,weather_service
P0165,2025-05-02,Flowering,high,Apply light irrigation in evening.,ml_model
P0165,2025-06-29,Panicle Initiation,low,Monitor for stem borer — scout field edges.,weather_service
P0165,2025-03-21,Flowering,medium,Apply light irrigation in evening.,rule_engine
P0165,2025-03-26,Flowering,high,Apply light irrigation in evening.,rule_engine
P0165,2025-01-20,Flowering,medium,Monitor for stem borer — scout field edges.,weather_service
P0166,2025-05-11,Germination,high,Do not irrigate today — soil moisture adequate.,weather_service
P0166,2025-04-25,Tillering,high,Apply light irrigation in evening.,ml_model
P0166,2025-04-28,Tillering,medium,Do not irrigate today — soil moisture adequate.,rule_engine
P0167,2025-05-01,Peg Formation,low,Field conditions stable — continue regular monitoring.,ml_model
P0167,2025-03-04,Tillering,medium,Field conditions stable — continue regular monitoring.,ml_model
P0167,2025-07-12,Panicle Initiation,medium,Field conditions stable — continue regular monitoring.,rule_engine
P0167,2025-04-28,Maturity,low,Delay fertilizer until rainfall subsides.,ml_model
P0167,2025-06-03,Flowering,high,Apply light irrigation in evening.,rule_engine
P0167,2025-06-17,Peg Formation,high,Do not irrigate today — soil moisture adequate.,weather_service
P0168,2025-05-22,Vegetative,high,Do not irrigate today — soil moisture adequate.,weather_service
P0168,2025-04-14,Tillering,low,Delay fertilizer until rainfall subsides.,weather_service
P0168,2025-03-13,Panicle Initiation,medium,Apply light irrigation in evening.,rule_engine
P0169,2025-03-06,Maturity,high,Field conditions stable — continue regular monitoring.,ml_model
P0169,2025-01-03,Flowering,low,Delay fertilizer until rainfall subsides.,ml_model
P0170,2025-02-22,Germination,low,Delay fertilizer until rainfall subsides.,ml_model
P0170,2025-01-07,Peg Formation,low,Apply light irrigation in evening.,weather_service
P0170,2025-06-20,Maturity,medium,Delay fertilizer until rainfall subsides.,rule_engine
P0170,2025-05-17,Peg Formation,medium,Delay fertilizer until rainfall subsides.,weather_service
P0170,2025-05-20,Maturity,low,Apply light irrigation in evening.,weather_service
P0171,2025-02-25,Flowering,high,Delay fertilizer until rainfall subsides.,rule_engine
P0171,2025-05-01,Maturity,high,Apply light irrigation in evening.,ml_model
P0171,2025-02-18,Peg Formation,high,Field conditions stable — continue regular monitoring.,ml_model
P0172,2025-03-18,Maturity,high,Delay fertilizer until rainfall subsides.,weather_service
P0172,2025-04-08,Flowering,medium,Field conditions stable — continue regular monitoring.,ml_model
P0172,2025-07-09,Tillering,medium,Field conditions stable — continue regular monitoring.,weather_service
P0172,2025-05-04,Panicle Initiation,medium,Delay fertilizer until rainfall subsides.,rule_engine
P0172,2025-05-11,Maturity,high,Field conditions stable — continue regular monitoring.,weather_service
P0173,2025-04-17,Peg Formation,low,Do not irrigate today — soil moisture adequate.,weather_service
P0173,2025-07-17,Flowering,high,Field conditions stable — continue regular monitoring.,ml_model
P0173,2025-06-13,Maturity,low,Delay fertilizer until rainfall subsides.,weather_service
P0173,2025-02-05,Flowering,medium,Do not irrigate today — soil moisture adequate.,weather_service
P0173,2025-01-14,Seedling,high,Apply light irrigation in evening.,weather_service
P0173,2025-01-07,Maturity,high,Do not irrigate today — soil moisture adequate.,ml_model
P0173,2025-03-25,Maturity,high,Delay fertilizer until rainfall subsides.,rule_engine
P0173,2025-01-21,Flowering,medium,Delay fertilizer until rainfall subsides.,weather_service
P0174,2025-03-10,Flowering,high,Field conditions stable — continue regular monitoring.,ml_model
P0174,2025-02-26,Panicle Initiation,high,Apply light irrigation in evening.,rule_engine
P0174,2025-02-07,Maturity,low,Apply light irrigation in evening.,weather_service
P0174,2025-01-02,Vegetative,high,Field conditions stable — continue regular monitoring.,rule_engine
P0175,2025-01-15,Germination,low,Delay fertilizer until rainfall subsides.,ml_model
P0175,2025-04-23,Flowering,high,Do not irrigate today — soil moisture adequate.,weather_service
P0175,2025-01-13,Tillering,medium,Field conditions stable — continue regular monitoring.,rule_engine
P0175,2025-05-11,Maturity,low,Field conditions stable — continue regular monitoring.,rule_engine
P0175,2025-01-03,Tillering,high,Field conditions stable — continue regular monitoring.,rule_engine
P0175,2025-07-09,Peg Formation,low,Field conditions stable — continue regular monitoring.,weather_service
P0176,2025-05-08,Flowering,high,Do not irrigate today — soil moisture adequate.,weather_service
P0176,2025-04-17,Tillering,low,Delay fertilizer until rainfall subsides.,ml_model
P0176,2025-02-06,Maturity,low,Field conditions stable — continue regular monitoring.,rule_engine
P0176,2025-01-13,Vegetative,high,Do not irrigate today — soil moisture adequate.,ml_model
P0176,2025-03-13,Peg Formation,medium,Apply light irrigation in evening.,weather_service
P0176,2025-03-20,Seedling,low,Delay fertilizer until rainfall subsides.,rule_engine
P0176,2025-04-04,Vegetative,medium,Field conditions stable — continue regular monitoring.,ml_model
P0176,2025-03-23,Flowering,medium,Apply light irrigation in evening.,ml_model
P0177,2025-02-09,Tillering,high,Delay fertilizer until rainfall subsides.,ml_model
P0177,2025-05-07,Germination,high,Delay fertilizer until rainfall subsides.,weather_service
P0177,2025-02-16,Flowering,medium,Apply light irrigation in evening.,weather_service
P0177,2025-03-19,Maturity,medium,Do not irrigate today — soil moisture adequate.,weather_service
P0178,2025-03-09,Maturity,low,Field conditions stable — continue regular monitoring.,ml_model
P0178,2025-06-09,Maturity,low,Monitor for stem borer — scout field edges.,rule_engine
P0178,2025-04-27,Seedling,medium,Apply light irrigation in evening.,weather_service
P0179,2025-06-13,Vegetative,medium,Delay fertilizer until rainfall subsides.,weather_service
P0179,2025-05-21,Maturity,low,Monitor for stem borer — scout field edges.,rule_engine
P0179,2025-03-01,Peg Formation,high,Do not irrigate today — soil moisture adequate.,rule_engine
P0179,2025-05-27,Flowering,high,Monitor for stem borer — scout field edges.,rule_engine
P0179,2025-03-28,Maturity,medium,Field conditions stable — continue regular monitoring.,weather_service
P0179,2025-03-06,Maturity,high,Do not irrigate today — soil moisture adequate.,rule_engine
P0180,2025-04-19,Panicle Initiation,low,Monitor for stem borer — scout field edges.,rule_engine
P0180,2025-01-18,Maturity,low,Do not irrigate today — soil moisture adequate.,weather_service
P0180,2025-06-20,Flowering,medium,Do not irrigate today — soil moisture adequate.,weather_service
P0180,2025-03-17,Maturity,high,Field conditions stable — continue regular monitoring.,rule_engine
P0180,2025-06-29,Germination,medium,Monitor for stem borer — scout field edges.,weather_service
P0180,2025-03-26,Maturity,high,Do not irrigate today — soil moisture adequate.,rule_engine
P0180,2025-07-06,Maturity,medium,Field conditions stable — continue regular monitoring.,weather_service
P0180,2025-07-01,Germination,high,Field conditions stable — continue regular monitoring.,ml_model
P0181,2025-05-15,Peg Formation,high,Apply light irrigation in evening.,rule_engine
P0181,2025-06-28,Germination,medium,Monitor for stem borer — scout field edges.,weather_service
P0182,2025-05-06,Flowering,low,Apply light irrigation in evening.,ml_model
P0182,2025-06-22,Tillering,medium,Apply light irrigation in evening.,ml_model
P0182,2025-02-26,Germination,high,Monitor for stem borer — scout field edges.,ml_model
P0182,2025-05-10,Flowering,medium,Do not irrigate today — soil moisture adequate.,ml_model
P0182,2025-01-15,Vegetative,medium,Delay fertilizer until rainfall subsides.,ml_model
P0182,2025-04-23,Flowering,medium,Delay fertilizer until rainfall subsides.,rule_engine
P0182,2025-05-01,Seedling,low,Field conditions stable — continue regular monitoring.,rule_engine
P0183,2025-05-11,Flowering,low,Apply light irrigation in evening.,ml_model
P0183,2025-01-11,Panicle Initiation,high,Do not irrigate today — soil moisture adequate.,weather_service
P0184,2025-05-20,Panicle Initiation,high,Delay fertilizer until rainfall subsides.,weather_service
P0184,2025-05-17,Flowering,high,Apply light irrigation in evening.,ml_model
P0184,2025-05-25,Maturity,high,Do not irrigate today — soil moisture adequate.,ml_model
P0184,2025-03-12,Vegetative,high,Delay fertilizer until rainfall subsides.,weather_service
P0184,2025-02-17,Flowering,medium,Delay fertilizer until rainfall subsides.,ml_model
P0184,2025-04-06,Panicle Initiation,low,Do not irrigate today — soil moisture adequate.,ml_model
P0184,2025-04-25,Tillering,medium,Do not irrigate today — soil moisture adequate.,weather_service
P0185,2025-04-05,Panicle Initiation,low,Do not irrigate today — soil moisture adequate.,rule_engine
P0185,2025-06-04,Vegetative,low,Field conditions stable — continue regular monitoring.,weather_service
P0185,2025-07-11,Panicle Initiation,low,Delay fertilizer until rainfall subsides.,weather_service
P0185,2025-02-06,Panicle Initiation,high,Delay fertilizer until rainfall subsides.,weather_service
P0186,2025-01-13,Flowering,medium,Delay fertilizer until rainfall subsides.,ml_model
P0186,2025-01-25,Seedling,low,Do not irrigate today — soil moisture adequate.,rule_engine
P0186,2025-07-07,Germination,medium,Monitor for stem borer — scout field edges.,ml_model
P0186,2025-05-25,Germination,medium,Apply light irrigation in evening.,rule_engine
P0186,2025-03-01,Maturity,medium,Do not irrigate today — soil moisture adequate.,rule_engine
P0186,2025-05-07,Peg Formation,medium,Field conditions stable — continue regular monitoring.,rule_engine
P0186,2025-01-06,Panicle Initiation,low,Delay fertilizer until rainfall subsides.,rule_engine
P0186,2025-04-28,Vegetative,medium,Delay fertilizer until rainfall subsides.,weather_service
P0187,2025-02-05,Flowering,low,Apply light irrigation in evening.,rule_engine
P0187,2025-06-10,Seedling,low,Apply light irrigation in evening.,rule_engine
P0187,2025-01-27,Flowering,high,Delay fertilizer until rainfall subsides.,ml_model
P0187,2025-02-28,Panicle Initiation,high,Apply light irrigation in evening.,rule_engine
P0187,2025-01-13,Seedling,medium,Monitor for stem borer — scout field edges.,ml_model
P0187,2025-01-21,Germination,high,Do not irrigate today — soil moisture adequate.,ml_model
P0187,2025-04-21,Maturity,medium,Do not irrigate today — soil moisture adequate.,ml_model
P0188,2025-02-09,Tillering,high,Delay fertilizer until rainfall subsides.,rule_engine
P0188,2025-02-25,Flowering,low,Delay fertilizer until rainfall subsides.,rule_engine
P0188,2025-03-16,Flowering,low,Apply light irrigation in evening.,weather_service
P0188,2025-06-08,Panicle Initiation,low,Apply light irrigation in evening.,rule_engine
P0188,2025-01-16,Germination,high,Monitor for stem borer — scout field edges.,ml_model
P0188,2025-03-21,Seedling,high,Field conditions stable — continue regular monitoring.,ml_model
P0188,2025-03-09,Tillering,high,Do not irrigate today — soil moisture adequate.,ml_model
P0188,2025-01-04,Maturity,high,Field conditions stable — continue regular monitoring.,rule_engine
P0189,2025-03-01,Germination,high,Do not irrigate today — soil moisture adequate.,rule_engine
P0189,2025-04-30,Tillering,high,Apply light irrigation in evening.,rule_engine
P0189,2025-02-09,Vegetative,high,Field conditions stable — continue regular monitoring.,rule_engine
P0189,2025-01-30,Panicle Initiation,low,Field conditions stable — continue regular monitoring.,ml_model
P0189,2025-06-26,Tillering,high,Apply light irrigation in evening.,ml_model
P0189,2025-01-09,Panicle Initiation,low,Field conditions stable — continue regular monitoring.,rule_engine
P0190,2025-05-30,Seedling,medium,Field conditions stable — continue regular monitoring.,rule_engine
P0190,2025-01-26,Peg Formation,high,Apply light irrigation in evening.,weather_service
P0191,2025-04-27,Vegetative,high,Apply light irrigation in evening.,rule_engine
P0191,2025-01-25,Germination,medium,Delay fertilizer until rainfall subsides.,ml_model
P0191,2025-05-16,Maturity,high,Monitor for stem borer — scout field edges.,ml_model
P0191,2025-06-15,Flowering,medium,Delay fertilizer until rainfall subsides.,weather_service
P0191,2025-06-09,Panicle Initiation,high,Field conditions stable — continue regular monitoring.,weather_service
P0191,2025-04-18,Flowering,high,Field conditions stable — continue regular monitoring.,weather_service
P0191,2025-01-09,Tillering,low,Field conditions stable — continue regular monitoring.,ml_model
P0191,2025-04-03,Seedling,low,Apply light irrigation in evening.,weather_service
P0192,2025-05-26,Vegetative,medium,Do not irrigate today — soil moisture adequate.,weather_service
P0192,2025-06-25,Vegetative,low,Apply light irrigation in evening.,weather_service
P0192,2025-02-11,Flowering,low,Do not irrigate today — soil moisture adequate.,rule_engine
P0192,2025-01-31,Germination,medium,Field conditions stable — continue regular monitoring.,rule_engine
P0192,2025-03-29,Maturity,medium,Monitor for stem borer — scout field edges.,weather_service
P0192,2025-07-07,Flowering,high,Delay fertilizer until rainfall subsides.,weather_service
P0192,2025-02-22,Maturity,low,Monitor for stem borer — scout field edges.,rule_engine
P0192,2025-07-12,Germination,medium,Field conditions stable — continue regular monitoring.,ml_model
P0193,2025-05-30,Flowering,low,Field conditions stable — continue regular monitoring.,weather_service
P0193,2025-02-07,Germination,low,Delay fertilizer until rainfall subsides.,weather_service
P0193,2025-05-14,Flowering,high,Do not irrigate today — soil moisture adequate.,rule_engine
P0193,2025-06-17,Flowering,medium,Field conditions stable — continue regular monitoring.,ml_model
P0193,2025-04-10,Peg Formation,medium,Field conditions stable — continue regular monitoring.,weather_service
P0193,2025-01-29,Maturity,low,Do not irrigate today — soil moisture adequate.,rule_engine
P0193,2025-01-31,Maturity,low,Do not irrigate today — soil moisture adequate.,weather_service
P0193,2025-06-07,Germination,medium,Do not irrigate today — soil moisture adequate.,ml_model
P0194,2025-03-19,Vegetative,high,Field conditions stable — continue regular monitoring.,weather_service
P0194,2025-04-22,Flowering,medium,Field conditions stable — continue regular monitoring.,rule_engine
P0194,2025-02-02,Germination,high,Field conditions stable — continue regular monitoring.,rule_engine
P0194,2025-07-01,Vegetative,high,Field conditions stable — continue regular monitoring.,rule_engine
P0194,2025-02-26,Vegetative,medium,Apply light irrigation in evening.,ml_model
P0195,2025-01-29,Maturity,low,Field conditions stable — continue regular monitoring.,weather_service
P0195,2025-01-30,Maturity,low,Do not irrigate today — soil moisture adequate.,weather_service
P0196,2025-06-21,Panicle Initiation,low,Delay fertilizer until rainfall subsides.,weather_service
P0196,2025-07-11,Flowering,medium,Monitor for stem borer — scout field edges.,weather_service
P0196,2025-06-25,Vegetative,medium,Field conditions stable — continue regular monitoring.,weather_service
P0196,2025-05-29,Peg Formation,medium,Apply light irrigation in evening.,rule_engine
P0196,2025-05-20,Vegetative,high,Apply light irrigation in evening.,ml_model
P0196,2025-05-10,Panicle Initiation,high,Apply light irrigation in evening.,rule_engine
P0197,2025-03-14,Flowering,high,Apply light irrigation in evening.,ml_model
P0197,2025-03-20,Flowering,low,Do not irrigate today — soil moisture adequate.,ml_model
P0198,2025-04-13,Tillering,high,Monitor for stem borer — scout field edges.,ml_model
P0198,2025-02-03,Flowering,high,Field conditions stable — continue regular monitoring.,rule_engine
P0198,2025-07-04,Seedling,high,Field conditions stable — continue regular monitoring.,rule_engine
P0198,2025-04-21,Vegetative,low,Do not irrigate today — soil moisture adequate.,weather_service
P0198,2025-05-13,Vegetative,high,Apply light irrigation in evening.,rule_engine
P0198,2025-02-09,Maturity,high,Monitor for stem borer — scout field edges.,rule_engine
P0198,2025-04-14,Panicle Initiation,high,Field conditions stable — continue regular monitoring.,rule_engine
P0198,2025-07-02,Flowering,high,Monitor for stem borer — scout field edges.,ml_model
P0199,2025-07-16,Vegetative,medium,Delay fertilizer until rainfall subsides.,weather_service
P0199,2025-02-04,Peg Formation,low,Delay fertilizer until rainfall subsides.,weather_service
P0199,2025-04-22,Tillering,low,Apply light irrigation in evening.,ml_model
P0199,2025-06-21,Vegetative,high,Monitor for stem borer — scout field edges.,weather_service
P0199,2025-03-03,Flowering,high,Monitor for stem borer — scout field edges.,ml_model
P0200,2025-04-10,Vegetative,low,Do not irrigate today — soil moisture adequate.,rule_engine
P0200,2025-03-20,Flowering,high,Apply light irrigation in evening.,weather_service
P0200,2025-02-11,Peg Formation,low,Monitor for stem borer — scout field edges.,rule_engine
P0200,2025-04-14,Flowering,medium,Monitor for stem borer — scout field edges.,weather_service
P0200,2025-05-17,Tillering,low,Apply light irrigation in evening.,ml_model
P0200,2025-07-16,Tillering,high,Monitor for stem borer — scout field edges.,rule_engine
P0200,2025-04-26,Seedling,high,Apply light irrigation in evening.,ml_model
P0201,2025-06-02,Peg Formation,low,Delay fertilizer until rainfall subsides.,ml_model
P0201,2025-06-14,Seedling,low,Delay fertilizer until rainfall subsides.,ml_model
P0201,2025-06-09,Tillering,low,Do not irrigate today — soil moisture adequate.,ml_model
P0201,2025-06-06,Maturity,low,Field conditions stable — continue regular monitoring.,ml_model
P0202,2025-07-16,Peg Formation,low,Apply light irrigation in evening.,weather_service
P0202,2025-04-07,Maturity,low,Do not irrigate today — soil moisture adequate.,ml_model
P0202,2025-07-15,Seedling,medium,Do not irrigate today — soil moisture adequate.,rule_engine
P0202,2025-03-28,Vegetative,medium,Monitor for stem borer — scout field edges.,ml_model
P0202,2025-01-21,Flowering,low,Field conditions stable — continue regular monitoring.,weather_service
P0202,2025-03-24,Seedling,high,Apply light irrigation in evening.,rule_engine
P0203,2025-04-05,Vegetative,low,Do not irrigate today — soil moisture adequate.,weather_service
P0203,2025-05-05,Panicle Initiation,low,Field conditions stable — continue regular monitoring.,weather_service
P0204,2025-05-10,Germination,medium,Monitor for stem borer — scout field edges.,rule_engine
P0204,2025-06-09,Germination,medium,Apply light irrigation in evening.,rule_engine
P0204,2025-02-26,Flowering,medium,Apply light irrigation in evening.,ml_model
P0204,2025-07-13,Tillering,medium,Do not irrigate today — soil moisture adequate.,weather_service
P0204,2025-01-19,Germination,low,Do not irrigate today — soil moisture adequate.,ml_model
P0204,2025-03-16,Panicle Initiation,low,Field conditions stable — continue regular monitoring.,ml_model
P0204,2025-01-09,Panicle Initiation,high,Apply light irrigation in evening.,ml_model
P0204,2025-03-27,Maturity,low,Apply light irrigation in evening.,ml_model
P0205,2025-03-25,Tillering,high,Field conditions stable — continue regular monitoring.,ml_model
P0205,2025-06-07,Flowering,low,Field conditions stable — continue regular monitoring.,rule_engine
P0205,2025-04-19,Flowering,medium,Monitor for stem borer — scout field edges.,rule_engine
P0205,2025-02-13,Peg Formation,low,Apply light irrigation in evening.,rule_engine
P0205,2025-05-30,Germination,high,Field conditions stable — continue regular monitoring.,ml_model
P0206,2025-06-17,Flowering,high,Field conditions stable — continue regular monitoring.,weather_service
P0206,2025-04-13,Vegetative,medium,Delay fertilizer until rainfall subsides.,ml_model
P0206,2025-03-28,Flowering,medium,Do not irrigate today — soil moisture adequate.,weather_service
P0207,2025-04-21,Flowering,medium,Apply light irrigation in evening.,ml_model
P0207,2025-07-15,Germination,low,Field conditions stable — continue regular monitoring.,weather_service
P0207,2025-07-08,Maturity,medium,Monitor for stem borer — scout field edges.,rule_engine
P0207,2025-06-02,Maturity,medium,Apply light irrigation in evening.,rule_engine
P0207,2025-02-24,Flowering,high,Delay fertilizer until rainfall subsides.,rule_engine
P0208,2025-03-20,Germination,high,Apply light irrigation in evening.,weather_service
P0208,2025-02-27,Panicle Initiation,high,Apply light irrigation in evening.,ml_model
P0208,2025-02-02,Tillering,low,Field conditions stable — continue regular monitoring.,rule_engine
P0208,2025-07-18,Seedling,low,Do not irrigate today — soil moisture adequate.,rule_engine
P0208,2025-04-20,Maturity,high,Delay fertilizer until rainfall subsides.,weather_service
P0208,2025-06-27,Maturity,medium,Delay fertilizer until rainfall subsides.,ml_model
P0208,2025-03-30,Peg Formation,low,Apply light irrigation in evening.,ml_model
P0209,2025-05-14,Peg Formation,low,Do not irrigate today — soil moisture adequate.,weather_service
P0209,2025-03-07,Flowering,low,Delay fertilizer until rainfall subsides.,ml_model
P0209,2025-03-25,Panicle Initiation,high,Apply light irrigation in evening.,ml_model
P0209,2025-05-20,Seedling,high,Do not irrigate today — soil moisture adequate.,weather_service
P0209,2025-07-11,Germination,high,Monitor for stem borer — scout field edges.,ml_model
P0210,2025-01-13,Seedling,medium,Delay fertilizer until rainfall subsides.,ml_model
P0210,2025-04-11,Tillering,high,Monitor for stem borer — scout field edges.,rule_engine
P0210,2025-07-05,Tillering,low,Delay fertilizer until rainfall subsides.,weather_service
P0211,2025-02-20,Peg Formation,medium,Delay fertilizer until rainfall subsides.,rule_engine
P0211,2025-06-22,Vegetative,medium,Field conditions stable — continue regular monitoring.,weather_service
P0211,2025-07-01,Flowering,high,Apply light irrigation in evening.,weather_service
P0211,2025-05-30,Flowering,high,Monitor for stem borer — scout field edges.,weather_service
P0211,2025-02-06,Maturity,low,Delay fertilizer until rainfall subsides.,rule_engine
P0212,2025-01-19,Flowering,low,Delay fertilizer until rainfall subsides.,rule_engine
P0212,2025-03-10,Flowering,high,Monitor for stem borer — scout field edges.,rule_engine
P0212,2025-03-08,Tillering,medium,Field conditions stable — continue regular monitoring.,rule_engine
P0212,2025-01-02,Peg Formation,medium,Delay fertilizer until rainfall subsides.,rule_engine
P0213,2025-03-15,Maturity,high,Delay fertilizer until rainfall subsides.,weather_service
P0213,2025-03-18,Maturity,high,Field conditions stable — continue regular monitoring.,ml_model
P0213,2025-05-26,Panicle Initiation,low,Field conditions stable — continue regular monitoring.,rule_engine
P0213,2025-01-25,Panicle Initiation,high,Delay fertilizer until rainfall subsides.,rule_engine
P0213,2025-06-12,Maturity,low,Do not irrigate today — soil moisture adequate.,ml_model
P0213,2025-04-23,Vegetative,medium,Delay fertilizer until rainfall subsides.,weather_service
P0214,2025-02-04,Peg Formation,medium,Monitor for stem borer — scout field edges.,rule_engine
P0214,2025-05-17,Vegetative,medium,Field conditions stable — continue regular monitoring.,rule_engine
P0214,2025-02-19,Panicle Initiation,high,Apply light irrigation in evening.,rule_engine
P0215,2025-05-12,Germination,medium,Apply light irrigation in evening.,rule_engine
P0215,2025-05-24,Flowering,high,Monitor for stem borer — scout field edges.,weather_service
P0215,2025-03-02,Seedling,medium,Delay fertilizer until rainfall subsides.,rule_engine
P0215,2025-02-11,Maturity,high,Monitor for stem borer — scout field edges.,weather_service
P0215,2025-03-03,Tillering,medium,Field conditions stable — continue regular monitoring.,rule_engine
P0216,2025-06-24,Flowering,medium,Do not irrigate today — soil moisture adequate.,rule_engine
P0216,2025-07-20,Vegetative,low,Delay fertilizer until rainfall subsides.,rule_engine
P0216,2025-02-07,Maturity,high,Field conditions stable — continue regular monitoring.,weather_service
P0216,2025-04-02,Flowering,medium,Monitor for stem borer — scout field edges.,rule_engine
P0216,2025-02-13,Germination,low,Delay fertilizer until rainfall subsides.,rule_engine
P0216,2025-06-14,Vegetative,low,Do not irrigate today — soil moisture adequate.,ml_model
P0216,2025-02-04,Flowering,medium,Apply light irrigation in evening.,ml_model
P0217,2025-01-15,Maturity,low,Monitor for stem borer — scout field edges.,ml_model
P0217,2025-05-04,Panicle Initiation,high,Monitor for stem borer — scout field edges.,ml_model
P0218,2025-05-31,Panicle Initiation,high,Do not irrigate today — soil moisture adequate.,ml_model
P0218,2025-05-21,Maturity,low,Monitor for stem borer — scout field edges.,weather_service
P0218,2025-03-08,Flowering,medium,Delay fertilizer until rainfall subsides.,weather_service
P0218,2025-07-07,Flowering,high,Delay fertilizer until rainfall subsides.,rule_engine
P0218,2025-01-08,Maturity,medium,Field conditions stable — continue regular monitoring.,rule_engine
P0218,2025-05-11,Vegetative,low,Field conditions stable — continue regular monitoring.,ml_model
P0218,2025-01-12,Panicle Initiation,medium,Apply light irrigation in evening.,weather_service
P0218,2025-03-31,Flowering,low,Delay fertilizer until rainfall subsides.,rule_engine
P0219,2025-05-29,Flowering,low,Do not irrigate today — soil moisture adequate.,weather_service
P0219,2025-07-10,Tillering,high,Field conditions stable — continue regular monitoring.,ml_model
P0219,2025-03-22,Flowering,high,Apply light irrigation in evening.,weather_service
P0219,2025-07-02,Maturity,medium,Do not irrigate today — soil moisture adequate.,ml_model
P0220,2025-05-26,Tillering,medium,Monitor for stem borer — scout field edges.,rule_engine
P0220,2025-02-02,Panicle Initiation,high,Delay fertilizer until rainfall subsides.,ml_model
P0221,2025-07-05,Germination,high,Delay fertilizer until rainfall subsides.,ml_model
P0221,2025-04-13,Germination,medium,Field conditions stable — continue regular monitoring.,ml_model
P0221,2025-03-30,Flowering,high,Monitor for stem borer — scout field edges.,rule_engine
P0221,2025-04-22,Vegetative,low,Field conditions stable — continue regular monitoring.,rule_engine
P0221,2025-04-28,Peg Formation,low,Delay fertilizer until rainfall subsides.,weather_service
P0222,2025-04-21,Panicle Initiation,high,Apply light irrigation in evening.,ml_model
P0222,2025-02-03,Panicle Initiation,high,Apply light irrigation in evening.,weather_service
P0222,2025-01-23,Vegetative,medium,Delay fertilizer until rainfall subsides.,weather_service
P0222,2025-01-03,Germination,high,Monitor for stem borer — scout field edges.,weather_service
P0222,2025-01-26,Flowering,high,Do not irrigate today — soil moisture adequate.,weather_service
P0222,2025-03-12,Tillering,high,Monitor for stem borer — scout field edges.,weather_service
P0222,2025-04-26,Maturity,medium,Do not irrigate today — soil moisture adequate.,rule_engine
P0223,2025-06-07,Peg Formation,high,Monitor for stem borer — scout field edges.,ml_model
P0223,2025-05-07,Flowering,high,Do not irrigate today — soil moisture adequate.,weather_service
P0223,2025-04-03,Maturity,high,Monitor for stem borer — scout field edges.,ml_model
P0223,2025-02-12,Flowering,high,Monitor for stem borer — scout field edges.,weather_service
P0223,2025-02-18,Vegetative,medium,Field conditions stable — continue regular monitoring.,rule_engine
P0223,2025-02-25,Flowering,high,Do not irrigate today — soil moisture adequate.,rule_engine
P0224,2025-06-28,Seedling,low,Monitor for stem borer — scout field edges.,rule_engine
P0224,2025-05-14,Seedling,high,Monitor for stem borer — scout field edges.,rule_engine
P0224,2025-04-05,Tillering,low,Delay fertilizer until rainfall subsides.,rule_engine
P0224,2025-06-04,Germination,medium,Delay fertilizer until rainfall subsides.,ml_model
P0224,2025-02-19,Maturity,medium,Delay fertilizer until rainfall subsides.,rule_engine
P0224,2025-03-23,Germination,low,Field conditions stable — continue regular monitoring.,weather_service
P0224,2025-02-02,Flowering,high,Field conditions stable — continue regular monitoring.,ml_model
P0225,2025-01-21,Maturity,medium,Field conditions stable — continue regular monitoring.,ml_model
P0225,2025-03-17,Germination,low,Do not irrigate today — soil moisture adequate.,weather_service
P0225,2025-05-23,Maturity,high,Monitor for stem borer — scout field edges.,weather_service
P0225,2025-02-18,Panicle Initiation,high,Do not irrigate today — soil moisture adequate.,ml_model
P0225,2025-02-21,Peg Formation,medium,Do not irrigate today — soil moisture adequate.,ml_model
P0226,2025-02-19,Flowering,high,Monitor for stem borer — scout field edges.,ml_model
P0226,2025-03-20,Panicle Initiation,medium,Field conditions stable — continue regular monitoring.,weather_service
P0226,2025-02-18,Panicle Initiation,medium,Apply light irrigation in evening.,ml_model
P0226,2025-07-04,Panicle Initiation,low,Field conditions stable — continue regular monitoring.,ml_model
P0226,2025-05-01,Maturity,medium,Apply light irrigation in evening.,ml_model
P0226,2025-04-17,Maturity,low,Apply light irrigation in evening.,weather_service
P0226,2025-07-17,Maturity,low,Apply light irrigation in evening.,ml_model
P0227,2025-04-26,Seedling,high,Do not irrigate today — soil moisture adequate.,rule_engine
P0227,2025-06-06,Tillering,medium,Delay fertilizer until rainfall subsides.,weather_service
P0227,2025-07-06,Maturity,high,Field conditions stable — continue regular monitoring.,ml_model
P0227,2025-03-11,Maturity,low,Field conditions stable — continue regular monitoring.,ml_model
P0228,2025-06-29,Germination,medium,Delay fertilizer until rainfall subsides.,rule_engine
P0228,2025-02-16,Flowering,low,Apply light irrigation in evening.,rule_engine
P0229,2025-05-16,Seedling,medium,Delay fertilizer until rainfall subsides.,weather_service
P0229,2025-05-05,Seedling,high,Monitor for stem borer — scout field edges.,weather_service
P0229,2025-05-29,Maturity,medium,Delay fertilizer until rainfall subsides.,ml_model
P0229,2025-07-20,Maturity,high,Field conditions stable — continue regular monitoring.,ml_model
P0229,2025-03-30,Tillering,medium,Field conditions stable — continue regular monitoring.,rule_engine
P0230,2025-03-15,Maturity,high,Do not irrigate today — soil moisture adequate.,rule_engine
P0230,2025-07-10,Maturity,high,Monitor for stem borer — scout field edges.,weather_service
P0231,2025-05-23,Seedling,low,Do not irrigate today — soil moisture adequate.,rule_engine
P0231,2025-02-01,Flowering,medium,Apply light irrigation in evening.,ml_model
P0231,2025-07-15,Flowering,medium,Do not irrigate today — soil moisture adequate.,ml_model
P0231,2025-04-25,Flowering,medium,Do not irrigate today — soil moisture adequate.,weather_service
P0231,2025-01-18,Peg Formation,low,Delay fertilizer until rainfall subsides.,ml_model
P0232,2025-06-23,Maturity,low,Do not irrigate today — soil moisture adequate.,weather_service
P0232,2025-06-18,Vegetative,low,Monitor for stem borer — scout field edges.,weather_service
P0232,2025-04-26,Flowering,medium,Delay fertilizer until rainfall subsides.,rule_engine
P0232,2025-01-25,Flowering,high,Monitor for stem borer — scout field edges.,weather_service
P0232,2025-04-05,Peg Formation,low,Monitor for stem borer — scout field edges.,weather_service
P0232,2025-06-06,Flowering,low,Monitor for stem borer — scout field edges.,rule_engine
P0232,2025-01-12,Maturity,high,Do not irrigate today — soil moisture adequate.,ml_model
P0232,2025-02-18,Maturity,low,Delay fertilizer until rainfall subsides.,weather_service
P0233,2025-06-12,Germination,medium,Apply light irrigation in evening.,ml_model
P0233,2025-01-12,Flowering,high,Do not irrigate today — soil moisture adequate.,ml_model
P0233,2025-07-05,Vegetative,low,Do not irrigate today — soil moisture adequate.,weather_service
P0233,2025-06-18,Vegetative,low,Apply light irrigation in evening.,rule_engine
P0233,2025-05-09,Peg Formation,high,Field conditions stable — continue regular monitoring.,ml_model
P0233,2025-01-07,Vegetative,high,Monitor for stem borer — scout field edges.,ml_model
P0234,2025-04-25,Maturity,medium,Monitor for stem borer — scout field edges.,ml_model
P0234,2025-06-02,Flowering,medium,Apply light irrigation in evening.,weather_service
P0234,2025-05-21,Vegetative,high,Delay fertilizer until rainfall subsides.,rule_engine
P0234,2025-06-01,Flowering,medium,Monitor for stem borer — scout field edges.,ml_model
P0235,2025-02-24,Vegetative,high,Apply light irrigation in evening.,ml_model
P0235,2025-07-01,Vegetative,low,Do not irrigate today — soil moisture adequate.,ml_model
P0236,2025-04-03,Peg Formation,high,Do not irrigate today — soil moisture adequate.,rule_engine
P0236,2025-03-04,Seedling,medium,Field conditions stable — continue regular monitoring.,ml_model
P0236,2025-07-10,Germination,high,Monitor for stem borer — scout field edges.,ml_model
P0237,2025-05-13,Flowering,low,Field conditions stable — continue regular monitoring.,weather_service
P0237,2025-06-05,Peg Formation,high,Do not irrigate today — soil moisture adequate.,weather_service
P0237,2025-01-20,Tillering,low,Delay fertilizer until rainfall subsides.,ml_model
P0237,2025-03-28,Tillering,low,Delay fertilizer until rainfall subsides.,ml_model
P0237,2025-05-02,Flowering,medium,Do not irrigate today — soil moisture adequate.,rule_engine
P0238,2025-01-08,Vegetative,low,Monitor for stem borer — scout field edges.,ml_model
P0238,2025-03-04,Panicle Initiation,high,Do not irrigate today — soil moisture adequate.,rule_engine
P0238,2025-05-24,Vegetative,low,Do not irrigate today — soil moisture adequate.,rule_engine
P0238,2025-03-06,Tillering,medium,Do not irrigate today — soil moisture adequate.,ml_model
P0239,2025-05-17,Seedling,medium,Delay fertilizer until rainfall subsides.,ml_model
P0239,2025-06-21,Flowering,low,Do not irrigate today — soil moisture adequate.,weather_service
P0239,2025-03-17,Germination,high,Monitor for stem borer — scout field edges.,rule_engine
P0239,2025-06-27,Flowering,low,Field conditions stable — continue regular monitoring.,ml_model
P0239,2025-06-26,Flowering,high,Do not irrigate today — soil moisture adequate.,rule_engine
P0240,2025-07-09,Vegetative,low,Do not irrigate today — soil moisture adequate.,ml_model
P0240,2025-04-24,Flowering,medium,Delay fertilizer until rainfall subsides.,weather_service
P0240,2025-03-16,Flowering,high,Apply light irrigation in evening.,weather_service
P0240,2025-02-18,Tillering,medium,Field conditions stable — continue regular monitoring.,ml_model
P0240,2025-04-18,Panicle Initiation,high,Delay fertilizer until rainfall subsides.,weather_service
P0240,2025-05-07,Panicle Initiation,high,Apply light irrigation in evening.,ml_model
P0240,2025-07-03,Maturity,high,Apply light irrigation in evening.,ml_model
P0240,2025-01-20,Maturity,low,Do not irrigate today — soil moisture adequate.,rule_engine
P0241,2025-04-22,Vegetative,high,Do not irrigate today — soil moisture adequate.,rule_engine
P0241,2025-04-15,Peg Formation,high,Delay fertilizer until rainfall subsides.,rule_engine
P0241,2025-04-14,Flowering,medium,Monitor for stem borer — scout field edges.,ml_model
P0241,2025-01-13,Peg Formation,medium,Field conditions stable — continue regular monitoring.,ml_model
P0241,2025-06-21,Maturity,high,Monitor for stem borer — scout field edges.,ml_model
P0242,2025-07-06,Seedling,medium,Monitor for stem borer — scout field edges.,weather_service
P0242,2025-03-27,Tillering,low,Field conditions stable — continue regular monitoring.,ml_model
P0242,2025-03-21,Seedling,low,Delay fertilizer until rainfall subsides.,rule_engine
P0242,2025-04-28,Panicle Initiation,high,Monitor for stem borer — scout field edges.,ml_model
P0242,2025-07-12,Flowering,low,Apply light irrigation in evening.,weather_service
P0242,2025-05-20,Seedling,high,Do not irrigate today — soil moisture adequate.,rule_engine
P0243,2025-02-06,Panicle Initiation,low,Delay fertilizer until rainfall subsides.,weather_service
P0243,2025-01-20,Peg Formation,low,Delay fertilizer until rainfall subsides.,ml_model
P0243,2025-03-13,Maturity,high,Field conditions stable — continue regular monitoring.,rule_engine
P0243,2025-03-24,Flowering,high,Do not irrigate today — soil moisture adequate.,rule_engine
P0243,2025-03-05,Maturity,medium,Apply light irrigation in evening.,rule_engine
P0243,2025-06-09,Peg Formation,high,Delay fertilizer until rainfall subsides.,ml_model
P0243,2025-07-19,Panicle Initiation,medium,Delay fertilizer until rainfall subsides.,ml_model
P0244,2025-03-31,Maturity,low,Apply light irrigation in evening.,ml_model
P0244,2025-07-08,Panicle Initiation,high,Apply light irrigation in evening.,weather_service
P0244,2025-01-28,Maturity,medium,Do not irrigate today — soil moisture adequate.,ml_model
P0244,2025-05-03,Panicle Initiation,low,Field conditions stable — continue regular monitoring.,weather_service
P0245,2025-03-23,Flowering,medium,Monitor for stem borer — scout field edges.,ml_model
P0245,2025-03-27,Maturity,low,Field conditions stable — continue regular monitoring.,rule_engine
P0246,2025-03-11,Peg Formation,high,Apply light irrigation in evening.,ml_model
P0246,2025-03-31,Peg Formation,medium,Delay fertilizer until rainfall subsides.,ml_model
P0246,2025-02-01,Maturity,high,Delay fertilizer until rainfall subsides.,ml_model
P0246,2025-02-25,Maturity,high,Delay fertilizer until rainfall subsides.,ml_model
P0247,2025-04-28,Flowering,low,Field conditions stable — continue regular monitoring.,weather_service
P0247,2025-03-04,Peg Formation,low,Field conditions stable — continue regular monitoring.,rule_engine
P0247,2025-02-23,Germination,high,Field conditions stable — continue regular monitoring.,ml_model
P0247,2025-04-20,Flowering,high,Do not irrigate today — soil moisture adequate.,weather_service
P0247,2025-03-03,Maturity,medium,Field conditions stable — continue regular monitoring.,ml_model
P0247,2025-02-21,Maturity,high,Field conditions stable — continue regular monitoring.,ml_model
P0247,2025-06-24,Seedling,low,Monitor for stem borer — scout field edges.,ml_model
P0247,2025-02-10,Vegetative,high,Do not irrigate today — soil moisture adequate.,ml_model
P0248,2025-02-05,Seedling,medium,Delay fertilizer until rainfall subsides.,rule_engine
P0248,2025-02-15,Tillering,medium,Apply light irrigation in evening.,ml_model
P0248,2025-05-02,Tillering,low,Delay fertilizer until rainfall subsides.,rule_engine
P0248,2025-01-20,Maturity,medium,Do not irrigate today — soil moisture adequate.,rule_engine
P0248,2025-03-28,Flowering,high,Apply light irrigation in evening.,weather_service
P0248,2025-04-26,Seedling,high,Field conditions stable — continue regular monitoring.,ml_model
P0248,2025-02-12,Maturity,high,Do not irrigate today — soil moisture adequate.,rule_engine
P0249,2025-07-16,Flowering,high,Delay fertilizer until rainfall subsides.,ml_model
P0249,2025-02-08,Germination,medium,Apply light irrigation in evening.,rule_engine
P0249,2025-02-13,Germination,medium,Monitor for stem borer — scout field edges.,ml_model
P0249,2025-04-26,Peg Formation,low,Delay fertilizer until rainfall subsides.,weather_service
P0249,2025-01-22,Panicle Initiation,high,Do not irrigate today — soil moisture adequate.,rule_engine
P0249,2025-06-02,Peg Formation,high,Delay fertilizer until rainfall subsides.,ml_model
P0250,2025-01-01,Tillering,low,Monitor for stem borer — scout field edges.,rule_engine
P0250,2025-05-04,Maturity,high,Delay fertilizer until rainfall subsides.,weather_service
P0250,2025-06-21,Maturity,high,Delay fertilizer until rainfall subsides.,weather_service
P0250,2025-03-03,Vegetative,medium,Monitor for stem borer — scout field edges.,ml_model
P0251,2025-03-11,Seedling,low,Monitor for stem borer — scout field edges.,ml_model
P0251,2025-03-30,Maturity,high,Field conditions stable — continue regular monitoring.,weather_service
P0252,2025-06-18,Maturity,medium,Monitor for stem borer — scout field edges.,weather_service
P0252,2025-04-19,Peg Formation,medium,Monitor for stem borer — scout field edges.,rule_engine
P0252,2025-02-13,Tillering,medium,Delay fertilizer until rainfall subsides.,weather_service
P0252,2025-06-05,Seedling,high,Do not irrigate today — soil moisture adequate.,weather_service
P0252,2025-01-01,Tillering,medium,Apply light irrigation in evening.,rule_engine
P0253,2025-01-20,Panicle Initiation,high,Delay fertilizer until rainfall subsides.,rule_engine
P0253,2025-01-03,Vegetative,low,Delay fertilizer until rainfall subsides.,rule_engine
P0253,2025-01-21,Tillering,high,Monitor for stem borer — scout field edges.,rule_engine
P0254,2025-01-24,Tillering,high,Delay fertilizer until rainfall subsides.,weather_service
P0254,2025-01-25,Maturity,medium,Field conditions stable — continue regular monitoring.,weather_service
P0255,2025-06-27,Vegetative,medium,Delay fertilizer until rainfall subsides.,ml_model
P0255,2025-06-26,Peg Formation,medium,Do not irrigate today — soil moisture adequate.,weather_service
P0255,2025-02-06,Vegetative,medium,Delay fertilizer until rainfall subsides.,rule_engine
P0255,2025-01-29,Panicle Initiation,high,Delay fertilizer until rainfall subsides.,weather_service
P0255,2025-02-11,Flowering,high,Monitor for stem borer — scout field edges.,rule_engine
P0255,2025-07-10,Tillering,low,Apply light irrigation in evening.,rule_engine
P0255,2025-01-28,Flowering,high,Monitor for stem borer — scout field edges.,rule_engine
P0255,2025-02-10,Maturity,low,Delay fertilizer until rainfall subsides.,rule_engine
P0256,2025-04-27,Flowering,low,Monitor for stem borer — scout field edges.,rule_engine
P0256,2025-07-06,Seedling,high,Apply light irrigation in evening.,ml_model
P0256,2025-02-09,Germination,low,Field conditions stable — continue regular monitoring.,weather_service
P0257,2025-06-06,Tillering,low,Apply light irrigation in evening.,weather_service
P0257,2025-07-16,Flowering,high,Delay fertilizer until rainfall subsides.,weather_service
P0257,2025-04-14,Seedling,medium,Delay fertilizer until rainfall subsides.,ml_model
P0257,2025-06-28,Peg Formation,medium,Delay fertilizer until rainfall subsides.,rule_engine
P0257,2025-04-23,Panicle Initiation,high,Do not irrigate today — soil moisture adequate.,ml_model
P0257,2025-06-11,Germination,medium,Delay fertilizer until rainfall subsides.,ml_model
P0258,2025-01-06,Panicle Initiation,medium,Delay fertilizer until rainfall subsides.,rule_engine
P0258,2025-06-29,Maturity,high,Do not irrigate today — soil moisture adequate.,weather_service
P0258,2025-03-22,Germination,medium,Apply light irrigation in evening.,ml_model
P0258,2025-07-12,Vegetative,low,Monitor for stem borer — scout field edges.,weather_service
P0258,2025-02-10,Peg Formation,high,Delay fertilizer until rainfall subsides.,rule_engine
P0258,2025-04-16,Maturity,low,Field conditions stable — continue regular monitoring.,ml_model
P0258,2025-01-16,Maturity,medium,Apply light irrigation in evening.,ml_model
P0259,2025-05-19,Seedling,high,Field conditions stable — continue regular monitoring.,ml_model
P0259,2025-06-09,Vegetative,low,Do not irrigate today — soil moisture adequate.,weather_service
P0259,2025-06-23,Peg Formation,medium,Apply light irrigation in evening.,weather_service
P0259,2025-06-12,Seedling,high,Apply light irrigation in evening.,rule_engine
P0259,2025-04-04,Peg Formation,low,Monitor for stem borer — scout field edges.,weather_service
P0259,2025-06-07,Tillering,low,Field conditions stable — continue regular monitoring.,ml_model
P0260,2025-06-03,Maturity,medium,Apply light irrigation in evening.,ml_model
P0260,2025-02-25,Seedling,low,Do not irrigate today — soil moisture adequate.,weather_service
P0260,2025-06-17,Maturity,low,Apply light irrigation in evening.,rule_engine
P0260,2025-05-27,Flowering,high,Do not irrigate today — soil moisture adequate.,rule_engine
P0260,2025-06-14,Tillering,low,Apply light irrigation in evening.,ml_model
P0260,2025-05-19,Flowering,low,Delay fertilizer until rainfall subsides.,rule_engine
P0260,2025-04-20,Seedling,medium,Field conditions stable — continue regular monitoring.,weather_service
P0260,2025-06-15,Flowering,medium,Delay fertilizer until rainfall subsides.,ml_model
P0261,2025-07-06,Germination,high,Do not irrigate today — soil moisture adequate.,rule_engine
P0261,2025-05-17,Peg Formation,medium,Monitor for stem borer — scout field edges.,rule_engine
P0261,2025-05-05,Maturity,low,Field conditions stable — continue regular monitoring.,rule_engine
P0261,2025-05-23,Vegetative,high,Delay fertilizer until rainfall subsides.,ml_model
P0261,2025-07-16,Germination,low,Do not irrigate today — soil moisture adequate.,weather_service
P0261,2025-03-30,Vegetative,low,Monitor for stem borer — scout field edges.,weather_service
P0261,2025-01-01,Seedling,medium,Apply light irrigation in evening.,ml_model
P0261,2025-03-03,Germination,medium,Monitor for stem borer — scout field edges.,rule_engine
P0262,2025-03-04,Flowering,medium,Delay fertilizer until rainfall subsides.,weather_service
P0262,2025-06-01,Maturity,medium,Apply light irrigation in evening.,ml_model
P0262,2025-03-31,Maturity,low,Delay fertilizer until rainfall subsides.,ml_model
P0262,2025-05-03,Panicle Initiation,low,Monitor for stem borer — scout field edges.,ml_model
P0262,2025-06-18,Panicle Initiation,medium,Do not irrigate today — soil moisture adequate.,weather_service
P0262,2025-01-04,Vegetative,medium,Do not irrigate today — soil moisture adequate.,rule_engine
P0262,2025-01-28,Peg Formation,medium,Monitor for stem borer — scout field edges.,weather_service
P0262,2025-03-20,Flowering,low,Do not irrigate today — soil moisture adequate.,ml_model
P0263,2025-03-18,Seedling,medium,Do not irrigate today — soil moisture adequate.,rule_engine
P0263,2025-04-19,Flowering,low,Delay fertilizer until rainfall subsides.,ml_model
P0263,2025-06-06,Panicle Initiation,low,Monitor for stem borer — scout field edges.,weather_service
P0264,2025-05-11,Peg Formation,low,Apply light irrigation in evening.,ml_model
P0264,2025-05-25,Maturity,high,Do not irrigate today — soil moisture adequate.,rule_engine
P0264,2025-06-23,Germination,medium,Apply light irrigation in evening.,weather_service
P0264,2025-01-27,Panicle Initiation,medium,Delay fertilizer until rainfall subsides.,weather_service
P0264,2025-06-09,Maturity,high,Apply light irrigation in evening.,rule_engine
P0265,2025-02-18,Tillering,low,Delay fertilizer until rainfall subsides.,weather_service
P0265,2025-05-26,Peg Formation,high,Delay fertilizer until rainfall subsides.,weather_service
P0265,2025-02-16,Flowering,low,Monitor for stem borer — scout field edges.,weather_service
P0266,2025-02-17,Peg Formation,low,Apply light irrigation in evening.,rule_engine
P0266,2025-05-18,Panicle Initiation,medium,Field conditions stable — continue regular monitoring.,weather_service
P0266,2025-06-16,Peg Formation,low,Monitor for stem borer — scout field edges.,ml_model
P0266,2025-06-23,Panicle Initiation,medium,Apply light irrigation in evening.,rule_engine
P0266,2025-06-08,Panicle Initiation,medium,Delay fertilizer until rainfall subsides.,ml_model
P0266,2025-03-07,Panicle Initiation,low,Apply light irrigation in evening.,weather_service
P0266,2025-03-17,Flowering,high,Field conditions stable — continue regular monitoring.,ml_model
P0267,2025-02-24,Flowering,high,Apply light irrigation in evening.,rule_engine
P0267,2025-03-14,Panicle Initiation,medium,Do not irrigate today — soil moisture adequate.,ml_model
P0267,2025-03-24,Panicle Initiation,low,Monitor for stem borer — scout field edges.,ml_model
P0267,2025-04-18,Flowering,high,Monitor for stem borer — scout field edges.,ml_model
P0267,2025-01-05,Flowering,high,Field conditions stable — continue regular monitoring.,weather_service
P0267,2025-03-15,Peg Formation,high,Apply light irrigation in evening.,ml_model
P0267,2025-02-21,Maturity,low,Apply light irrigation in evening.,rule_engine
P0268,2025-02-11,Seedling,medium,Do not irrigate today — soil moisture adequate.,weather_service
P0268,2025-06-17,Seedling,low,Delay fertilizer until rainfall subsides.,weather_service
P0268,2025-07-01,Vegetative,low,Delay fertilizer until rainfall subsides.,weather_service
P0268,2025-06-05,Vegetative,high,Field conditions stable — continue regular monitoring.,weather_service
P0268,2025-07-01,Maturity,medium,Field conditions stable — continue regular monitoring.,weather_service
P0268,2025-05-19,Germination,medium,Field conditions stable — continue regular monitoring.,weather_service
P0268,2025-03-05,Flowering,medium,Monitor for stem borer — scout field edges.,rule_engine
P0268,2025-01-21,Panicle Initiation,low,Field conditions stable — continue regular monitoring.,rule_engine
P0269,2025-06-04,Seedling,medium,Delay fertilizer until rainfall subsides.,weather_service
P0269,2025-03-22,Vegetative,low,Monitor for stem borer — scout field edges.,rule_engine
P0270,2025-04-13,Flowering,high,Delay fertilizer until rainfall subsides.,weather_service
P0270,2025-02-12,Maturity,high,Do not irrigate today — soil moisture adequate.,weather_service
P0270,2025-07-02,Seedling,low,Monitor for stem borer — scout field edges.,rule_engine
P0270,2025-04-24,Flowering,high,Delay fertilizer until rainfall subsides.,rule_engine
P0270,2025-04-19,Panicle Initiation,high,Monitor for stem borer — scout field edges.,rule_engine
P0270,2025-01-24,Vegetative,medium,Apply light irrigation in evening.,weather_service
P0271,2025-01-25,Peg Formation,medium,Delay fertilizer until rainfall subsides.,weather_service
P0271,2025-01-27,Flowering,low,Apply light irrigation in evening.,ml_model
P0271,2025-01-30,Panicle Initiation,medium,Delay fertilizer until rainfall subsides.,weather_service
P0272,2025-07-02,Maturity,high,Field conditions stable — continue regular monitoring.,weather_service
P0272,2025-05-08,Peg Formation,high,Delay fertilizer until rainfall subsides.,ml_model
P0272,2025-05-20,Peg Formation,medium,Delay fertilizer until rainfall subsides.,rule_engine
P0272,2025-02-23,Maturity,low,Apply light irrigation in evening.,weather_service
P0272,2025-04-21,Flowering,low,Delay fertilizer until rainfall subsides.,ml_model
P0272,2025-02-18,Flowering,low,Field conditions stable — continue regular monitoring.,rule_engine
P0272,2025-02-15,Flowering,medium,Apply light irrigation in evening.,ml_model
P0272,2025-02-11,Flowering,medium,Delay fertilizer until rainfall subsides.,ml_model
P0273,2025-05-22,Maturity,medium,Field conditions stable — continue regular monitoring.,weather_service
P0273,2025-06-15,Maturity,high,Apply light irrigation in evening.,ml_model
P0273,2025-01-26,Germination,low,Delay fertilizer until rainfall subsides.,weather_service
P0273,2025-03-20,Germination,high,Delay fertilizer until rainfall subsides.,rule_engine
P0274,2025-05-04,Peg Formation,medium,Apply light irrigation in evening.,ml_model
P0274,2025-06-15,Maturity,high,Delay fertilizer until rainfall subsides.,ml_model
P0275,2025-01-20,Peg Formation,medium,Apply light irrigation in evening.,rule_engine
P0275,2025-06-17,Peg Formation,high,Field conditions stable — continue regular monitoring.,ml_model
P0275,2025-03-12,Tillering,medium,Do not irrigate today — soil moisture adequate.,ml_model
P0275,2025-04-30,Flowering,low,Monitor for stem borer — scout field edges.,ml_model
P0275,2025-04-12,Seedling,high,Do not irrigate today — soil moisture adequate.,weather_service
P0276,2025-04-15,Flowering,low,Apply light irrigation in evening.,weather_service
P0276,2025-06-19,Flowering,low,Apply light irrigation in evening.,weather_service
P0276,2025-05-11,Maturity,low,Apply light irrigation in evening.,rule_engine
P0277,2025-01-21,Tillering,low,Delay fertilizer until rainfall subsides.,rule_engine
P0277,2025-04-05,Germination,medium,Do not irrigate today — soil moisture adequate.,ml_model
P0277,2025-05-09,Peg Formation,low,Delay fertilizer until rainfall subsides.,ml_model
P0277,2025-03-12,Panicle Initiation,medium,Monitor for stem borer — scout field edges.,ml_model
P0277,2025-06-04,Panicle Initiation,high,Apply light irrigation in evening.,weather_service
P0277,2025-03-15,Peg Formation,high,Monitor for stem borer — scout field edges.,weather_service
P0277,2025-02-18,Peg Formation,high,Field conditions stable — continue regular monitoring.,rule_engine
P0278,2025-07-12,Seedling,medium,Delay fertilizer until rainfall subsides.,weather_service
P0278,2025-03-03,Tillering,low,Do not irrigate today — soil moisture adequate.,rule_engine
P0278,2025-05-21,Maturity,low,Field conditions stable — continue regular monitoring.,weather_service
P0278,2025-04-14,Germination,high,Field conditions stable — continue regular monitoring.,weather_service
P0278,2025-07-03,Flowering,low,Do not irrigate today — soil moisture adequate.,rule_engine
P0279,2025-01-18,Panicle Initiation,high,Field conditions stable — continue regular monitoring.,weather_service
P0279,2025-03-25,Seedling,low,Apply light irrigation in evening.,rule_engine
P0279,2025-07-01,Maturity,high,Delay fertilizer until rainfall subsides.,weather_service
P0279,2025-04-26,Flowering,high,Do not irrigate today — soil moisture adequate.,rule_engine
P0279,2025-05-25,Maturity,high,Monitor for stem borer — scout field edges.,rule_engine
P0279,2025-03-27,Maturity,high,Delay fertilizer until rainfall subsides.,rule_engine
P0279,2025-03-11,Seedling,high,Monitor for stem borer — scout field edges.,ml_model
P0279,2025-06-02,Maturity,medium,Field conditions stable — continue regular monitoring.,rule_engine
P0280,2025-03-20,Tillering,medium,Field conditions stable — continue regular monitoring.,ml_model
P0280,2025-02-04,Tillering,low,Do not irrigate today — soil moisture adequate.,weather_service
P0280,2025-01-16,Maturity,high,Do not irrigate today — soil moisture adequate.,ml_model
P0280,2025-07-16,Germination,medium,Apply light irrigation in evening.,weather_service
P0280,2025-07-19,Flowering,low,Delay fertilizer until rainfall subsides.,ml_model
P0280,2025-01-28,Germination,low,Do not irrigate today — soil moisture adequate.,rule_engine
P0280,2025-06-18,Panicle Initiation,high,Monitor for stem borer — scout field edges.,rule_engine
P0281,2025-02-17,Flowering,medium,Apply light irrigation in evening.,weather_service
P0281,2025-05-19,Seedling,high,Do not irrigate today — soil moisture adequate.,ml_model
P0281,2025-06-27,Maturity,low,Do not irrigate today — soil moisture adequate.,rule_engine
P0281,2025-06-29,Flowering,medium,Monitor for stem borer — scout field edges.,rule_engine
P0281,2025-04-19,Vegetative,medium,Apply light irrigation in evening.,rule_engine
P0281,2025-05-20,Maturity,low,Monitor for stem borer — scout field edges.,ml_model
P0281,2025-01-06,Panicle Initiation,high,Delay fertilizer until rainfall subsides.,rule_engine
P0281,2025-05-31,Germination,medium,Monitor for stem borer — scout field edges.,rule_engine
P0282,2025-03-15,Vegetative,medium,Field conditions stable — continue regular monitoring.,ml_model
P0282,2025-03-24,Tillering,low,Field conditions stable — continue regular monitoring.,ml_model
P0282,2025-06-25,Maturity,medium,Monitor for stem borer — scout field edges.,ml_model
P0282,2025-05-06,Flowering,medium,Field conditions stable — continue regular monitoring.,ml_model
P0282,2025-07-06,Vegetative,low,Monitor for stem borer — scout field edges.,rule_engine
P0283,2025-05-30,Vegetative,low,Do not irrigate today — soil moisture adequate.,ml_model
P0283,2025-01-05,Flowering,low,Field conditions stable — continue regular monitoring.,weather_service
P0283,2025-01-24,Peg Formation,medium,Field conditions stable — continue regular monitoring.,rule_engine
P0283,2025-02-04,Vegetative,medium,Monitor for stem borer — scout field edges.,ml_model
P0283,2025-02-10,Maturity,medium,Do not irrigate today — soil moisture adequate.,rule_engine
P0284,2025-07-17,Flowering,medium,Field conditions stable — continue regular monitoring.,weather_service
P0284,2025-01-19,Vegetative,high,Do not irrigate today — soil moisture adequate.,weather_service
P0284,2025-04-24,Flowering,high,Do not irrigate today — soil moisture adequate.,ml_model
P0285,2025-01-16,Vegetative,medium,Apply light irrigation in evening.,weather_service
P0285,2025-03-15,Seedling,low,Apply light irrigation in evening.,rule_engine
P0285,2025-03-04,Maturity,medium,Apply light irrigation in evening.,rule_engine
P0285,2025-01-31,Vegetative,high,Do not irrigate today — soil moisture adequate.,ml_model
P0285,2025-02-20,Tillering,high,Field conditions stable — continue regular monitoring.,ml_model
P0286,2025-06-12,Seedling,medium,Apply light irrigation in evening.,rule_engine
P0286,2025-04-26,Germination,medium,Apply light irrigation in evening.,ml_model
P0286,2025-06-14,Flowering,high,Do not irrigate today — soil moisture adequate.,rule_engine
P0287,2025-05-27,Flowering,high,Monitor for stem borer — scout field edges.,weather_service
P0287,2025-02-10,Flowering,high,Apply light irrigation in evening.,weather_service
P0287,2025-03-01,Tillering,low,Do not irrigate today — soil moisture adequate.,weather_service
P0287,2025-04-06,Peg Formation,low,Apply light irrigation in evening.,weather_service
P0287,2025-06-13,Maturity,high,Do not irrigate today — soil moisture adequate.,rule_engine
P0287,2025-02-18,Maturity,low,Do not irrigate today — soil moisture adequate.,ml_model
P0287,2025-03-29,Vegetative,low,Delay fertilizer until rainfall subsides.,weather_service
P0288,2025-03-25,Flowering,high,Do not irrigate today — soil moisture adequate.,weather_service
P0288,2025-07-07,Maturity,high,Apply light irrigation in evening.,rule_engine
P0288,2025-01-25,Maturity,low,Apply light irrigation in evening.,ml_model
P0288,2025-01-09,Seedling,medium,Delay fertilizer until rainfall subsides.,rule_engine
P0288,2025-02-09,Seedling,high,Do not irrigate today — soil moisture adequate.,ml_model
P0288,2025-05-15,Panicle Initiation,medium,Do not irrigate today — soil moisture adequate.,ml_model
P0288,2025-05-15,Panicle Initiation,low,Delay fertilizer until rainfall subsides.,weather_service
P0288,2025-01-14,Vegetative,low,Monitor for stem borer — scout field edges.,ml_model
P0289,2025-04-19,Maturity,high,Do not irrigate today — soil moisture adequate.,ml_model
P0289,2025-02-28,Maturity,low,Do not irrigate today — soil moisture adequate.,weather_service
P0289,2025-06-18,Flowering,low,Field conditions stable — continue regular monitoring.,ml_model
P0289,2025-01-02,Panicle Initiation,medium,Delay fertilizer until rainfall subsides.,rule_engine
P0289,2025-03-26,Flowering,high,Delay fertilizer until rainfall subsides.,weather_service
P0289,2025-03-28,Vegetative,low,Apply light irrigation in evening.,weather_service
P0289,2025-06-24,Germination,high,Apply light irrigation in evening.,ml_model
P0289,2025-04-18,Vegetative,high,Field conditions stable — continue regular monitoring.,weather_service
P0290,2025-07-12,Maturity,low,Monitor for stem borer — scout field edges.,weather_service
P0290,2025-05-03,Seedling,low,Apply light irrigation in evening.,weather_service
P0290,2025-04-24,Tillering,low,Field conditions stable — continue regular monitoring.,rule_engine
P0290,2025-05-12,Panicle Initiation,high,Monitor for stem borer — scout field edges.,rule_engine
P0291,2025-06-27,Maturity,medium,Delay fertilizer until rainfall subsides.,ml_model
P0291,2025-01-21,Vegetative,low,Do not irrigate today — soil moisture adequate.,rule_engine
P0291,2025-01-31,Seedling,high,Do not irrigate today — soil moisture adequate.,weather_service
P0292,2025-03-11,Germination,medium,Field conditions stable — continue regular monitoring.,rule_engine
P0292,2025-03-23,Flowering,high,Delay fertilizer until rainfall subsides.,weather_service
P0292,2025-01-22,Maturity,low,Do not irrigate today — soil moisture adequate.,rule_engine
P0292,2025-01-12,Panicle Initiation,high,Field conditions stable — continue regular monitoring.,ml_model
P0292,2025-01-04,Flowering,medium,Monitor for stem borer — scout field edges.,rule_engine
P0292,2025-06-19,Germination,medium,Delay fertilizer until rainfall subsides.,ml_model
P0292,2025-03-01,Peg Formation,low,Monitor for stem borer — scout field edges.,weather_service
P0292,2025-03-09,Panicle Initiation,high,Monitor for stem borer — scout field edges.,ml_model
P0293,2025-05-29,Tillering,low,Do not irrigate today — soil moisture adequate.,ml_model
P0293,2025-04-17,Flowering,low,Monitor for stem borer — scout field edges.,rule_engine
P0293,2025-04-22,Vegetative,medium,Do not irrigate today — soil moisture adequate.,ml_model
P0293,2025-04-19,Maturity,low,Apply light irrigation in evening.,weather_service
P0294,2025-06-25,Maturity,medium,Do not irrigate today — soil moisture adequate.,weather_service
P0294,2025-05-11,Flowering,high,Monitor for stem borer — scout field edges.,ml_model
P0295,2025-03-13,Seedling,high,Field conditions stable — continue regular monitoring.,ml_model
P0295,2025-03-14,Maturity,high,Do not irrigate today — soil moisture adequate.,rule_engine
P0295,2025-03-03,Maturity,medium,Do not irrigate today — soil moisture adequate.,weather_service
P0295,2025-07-05,Germination,high,Apply light irrigation in evening.,ml_model
P0296,2025-03-15,Tillering,low,Do not irrigate today — soil moisture adequate.,weather_service
P0296,2025-04-20,Maturity,high,Monitor for stem borer — scout field edges.,weather_service
P0296,2025-05-11,Flowering,medium,Field conditions stable — continue regular monitoring.,ml_model
P0296,2025-02-08,Maturity,low,Delay fertilizer until rainfall subsides.,ml_model
P0296,2025-02-22,Maturity,low,Apply light irrigation in evening.,weather_service
P0296,2025-02-17,Germination,low,Monitor for stem borer — scout field edges.,ml_model
P0296,2025-05-09,Germination,low,Monitor for stem borer — scout field edges.,rule_engine
P0297,2025-04-12,Tillering,medium,Field conditions stable — continue regular monitoring.,rule_engine
P0297,2025-07-18,Flowering,medium,Apply light irrigation in evening.,rule_engine
P0297,2025-07-06,Seedling,medium,Field conditions stable — continue regular monitoring.,weather_service
P0298,2025-01-31,Germination,low,Monitor for stem borer — scout field edges.,ml_model
P0298,2025-01-28,Germination,low,Field conditions stable — continue regular monitoring.,ml_model
P0298,2025-04-13,Flowering,low,Field conditions stable — continue regular monitoring.,ml_model
P0298,2025-07-04,Peg Formation,low,Monitor for stem borer — scout field edges.,rule_engine
P0298,2025-04-01,Peg Formation,medium,Apply light irrigation in evening.,rule_engine
P0298,2025-05-02,Maturity,medium,Delay fertilizer until rainfall subsides.,rule_engine
P0298,2025-03-23,Maturity,low,Apply light irrigation in evening.,rule_engine
P0298,2025-06-29,Flowering,medium,Monitor for stem borer — scout field edges.,weather_service
P0299,2025-04-25,Maturity,high,Apply light irrigation in evening.,weather_service
P0299,2025-06-06,Seedling,high,Apply light irrigation in evening.,weather_service
P0299,2025-02-12,Germination,high,Delay fertilizer until rainfall subsides.,ml_model
P0299,2025-05-18,Flowering,high,Delay fertilizer until rainfall subsides.,ml_model
P0299,2025-07-11,Maturity,medium,Monitor for stem borer — scout field edges.,rule_engine
P0299,2025-03-02,Seedling,high,Apply light irrigation in evening.,weather_service
P0299,2025-02-06,Maturity,high,Apply light irrigation in evening.,weather_service
P0299,2025-07-12,Tillering,medium,Field conditions stable — continue regular monitoring.,weather_service
P0300,2025-01-09,Peg Formation,low,Monitor for stem borer — scout field edges.,weather_service
P0300,2025-06-26,Vegetative,low,Apply light irrigation in evening.,weather_service
P0300,2025-01-11,Maturity,low,Delay fertilizer until rainfall subsides.,weather_service
P0300,2025-05-27,Flowering,medium,Monitor for stem borer — scout field edges.,weather_service
P0301,2025-06-02,Germination,low,Monitor for stem borer — scout field edges.,ml_model
P0301,2025-01-15,Flowering,high,Delay fertilizer until rainfall subsides.,weather_service
P0301,2025-05-08,Maturity,high,Apply light irrigation in evening.,weather_service
P0302,2025-05-28,Vegetative,high,Field conditions stable — continue regular monitoring.,rule_engine
P0302,2025-01-18,Seedling,low,Do not irrigate today — soil moisture adequate.,rule_engine
P0302,2025-04-21,Seedling,high,Field conditions stable — continue regular monitoring.,rule_engine
P0302,2025-02-23,Tillering,low,Delay fertilizer until rainfall subsides.,ml_model
P0302,2025-01-09,Panicle Initiation,medium,Monitor for stem borer — scout field edges.,rule_engine
P0303,2025-07-18,Tillering,medium,Do not irrigate today — soil moisture adequate.,rule_engine
P0303,2025-01-13,Seedling,medium,Delay fertilizer until rainfall subsides.,ml_model
P0303,2025-01-31,Peg Formation,medium,Delay fertilizer until rainfall subsides.,ml_model
P0303,2025-07-06,Flowering,low,Apply light irrigation in evening.,ml_model
P0303,2025-07-20,Seedling,low,Apply light irrigation in evening.,weather_service
P0304,2025-02-06,Maturity,medium,Field conditions stable — continue regular monitoring.,ml_model
P0304,2025-05-05,Peg Formation,high,Apply light irrigation in evening.,weather_service
P0304,2025-02-05,Seedling,low,Monitor for stem borer — scout field edges.,rule_engine
P0304,2025-04-02,Peg Formation,low,Do not irrigate today — soil moisture adequate.,ml_model
P0304,2025-02-10,Maturity,high,Field conditions stable — continue regular monitoring.,ml_model
P0305,2025-01-25,Germination,high,Apply light irrigation in evening.,rule_engine
P0305,2025-03-22,Flowering,high,Field conditions stable — continue regular monitoring.,weather_service
P0305,2025-04-16,Peg Formation,medium,Field conditions stable — continue regular monitoring.,rule_engine
P0305,2025-02-18,Flowering,low,Delay fertilizer until rainfall subsides.,weather_service
P0305,2025-02-28,Maturity,low,Field conditions stable — continue regular monitoring.,weather_service
P0306,2025-03-11,Vegetative,low,Apply light irrigation in evening.,weather_service
P0306,2025-02-24,Flowering,medium,Monitor for stem borer — scout field edges.,rule_engine
P0306,2025-05-19,Seedling,high,Monitor for stem borer — scout field edges.,rule_engine
P0306,2025-04-14,Maturity,medium,Delay fertilizer until rainfall subsides.,rule_engine
P0306,2025-03-31,Germination,medium,Monitor for stem borer — scout field edges.,ml_model
P0307,2025-06-17,Vegetative,medium,Monitor for stem borer — scout field edges.,weather_service
P0307,2025-05-26,Peg Formation,medium,Apply light irrigation in evening.,weather_service
P0307,2025-06-25,Tillering,low,Field conditions stable — continue regular monitoring.,rule_engine
P0307,2025-03-28,Peg Formation,high,Do not irrigate today — soil moisture adequate.,ml_model
P0307,2025-01-05,Panicle Initiation,low,Do not irrigate today — soil moisture adequate.,rule_engine
P0308,2025-01-22,Seedling,high,Apply light irrigation in evening.,ml_model
P0308,2025-06-16,Maturity,high,Delay fertilizer until rainfall subsides.,rule_engine
P0308,2025-03-25,Peg Formation,medium,Apply light irrigation in evening.,weather_service
P0308,2025-05-25,Maturity,high,Apply light irrigation in evening.,rule_engine
P0308,2025-02-01,Vegetative,high,Apply light irrigation in evening.,weather_service
P0308,2025-05-15,Tillering,medium,Monitor for stem borer — scout field edges.,rule_engine
P0308,2025-03-27,Maturity,high,Monitor for stem borer — scout field edges.,ml_model
P0309,2025-02-11,Peg Formation,medium,Field conditions stable — continue regular monitoring.,weather_service
P0309,2025-04-05,Panicle Initiation,low,Delay fertilizer until rainfall subsides.,ml_model
P0309,2025-02-26,Germination,high,Field conditions stable — continue regular monitoring.,weather_service
P0309,2025-04-26,Seedling,high,Apply light irrigation in evening.,ml_model
P0309,2025-05-24,Flowering,high,Do not irrigate today — soil moisture adequate.,ml_model
P0309,2025-02-27,Peg Formation,medium,Apply light irrigation in evening.,rule_engine
P0309,2025-03-10,Maturity,low,Field conditions stable — continue regular monitoring.,weather_service
P0309,2025-03-10,Tillering,low,Delay fertilizer until rainfall subsides.,weather_service
P0310,2025-01-15,Panicle Initiation,medium,Delay fertilizer until rainfall subsides.,rule_engine
P0310,2025-01-21,Flowering,high,Field conditions stable — continue regular monitoring.,rule_engine
P0310,2025-07-14,Flowering,medium,Do not irrigate today — soil moisture adequate.,weather_service
P0310,2025-06-28,Panicle Initiation,high,Delay fertilizer until rainfall subsides.,weather_service
P0310,2025-02-15,Peg Formation,low,Apply light irrigation in evening.,ml_model
P0311,2025-05-10,Maturity,medium,Do not irrigate today — soil moisture adequate.,rule_engine
P0311,2025-06-09,Flowering,low,Delay fertilizer until rainfall subsides.,rule_engine
P0312,2025-05-24,Flowering,medium,Apply light irrigation in evening.,rule_engine
P0312,2025-07-10,Maturity,low,Do not irrigate today — soil moisture adequate.,rule_engine
P0312,2025-02-08,Flowering,low,Field conditions stable — continue regular monitoring.,rule_engine
P0312,2025-07-09,Vegetative,high,Delay fertilizer until rainfall subsides.,rule_engine
P0312,2025-03-12,Flowering,low,Delay fertilizer until rainfall subsides.,ml_model
P0312,2025-06-17,Seedling,medium,Field conditions stable — continue regular monitoring.,weather_service
P0313,2025-01-25,Panicle Initiation,low,Field conditions stable — continue regular monitoring.,rule_engine
P0313,2025-04-16,Peg Formation,medium,Delay fertilizer until rainfall subsides.,ml_model
P0313,2025-01-14,Maturity,low,Do not irrigate today — soil moisture adequate.,weather_service
P0313,2025-05-18,Germination,low,Field conditions stable — continue regular monitoring.,ml_model
P0313,2025-04-16,Peg Formation,low,Do not irrigate today — soil moisture adequate.,ml_model
P0313,2025-07-16,Germination,medium,Apply light irrigation in evening.,weather_service
P0313,2025-04-27,Maturity,low,Field conditions stable — continue regular monitoring.,rule_engine
P0314,2025-07-01,Flowering,low,Apply light irrigation in evening.,rule_engine
P0314,2025-05-01,Panicle Initiation,low,Delay fertilizer until rainfall subsides.,weather_service
P0314,2025-01-13,Panicle Initiation,medium,Do not irrigate today — soil moisture adequate.,weather_service
P0314,2025-06-03,Panicle Initiation,low,Monitor for stem borer — scout field edges.,weather_service
P0314,2025-07-19,Peg Formation,high,Do not irrigate today — soil moisture adequate.,ml_model
P0314,2025-03-10,Peg Formation,medium,Monitor for stem borer — scout field edges.,rule_engine
P0314,2025-07-06,Maturity,low,Apply light irrigation in evening.,ml_model
P0315,2025-06-02,Maturity,low,Delay fertilizer until rainfall subsides.,rule_engine
P0315,2025-04-08,Seedling,high,Do not irrigate today — soil moisture adequate.,ml_model
P0315,2025-02-07,Maturity,medium,Do not irrigate today — soil moisture adequate.,weather_service
P0315,2025-05-30,Vegetative,low,Apply light irrigation in evening.,rule_engine
P0315,2025-07-02,Germination,high,Apply light irrigation in evening.,ml_model
P0315,2025-02-18,Peg Formation,medium,Monitor for stem borer — scout field edges.,weather_service
P0315,2025-05-26,Flowering,low,Monitor for stem borer — scout field edges.,rule_engine
P0315,2025-04-03,Flowering,medium,Monitor for stem borer — scout field edges.,weather_service
P0316,2025-04-06,Vegetative,medium,Do not irrigate today — soil moisture adequate.,weather_service
P0316,2025-04-15,Flowering,low,Apply light irrigation in evening.,ml_model
P0316,2025-04-13,Vegetative,medium,Monitor for stem borer — scout field edges.,ml_model
P0316,2025-04-18,Panicle Initiation,low,Apply light irrigation in evening.,ml_model
P0316,2025-01-24,Germination,high,Apply light irrigation in evening.,ml_model
P0316,2025-05-01,Maturity,medium,Do not irrigate today — soil moisture adequate.,rule_engine
P0316,2025-07-16,Vegetative,medium,Do not irrigate today — soil moisture adequate.,rule_engine
P0317,2025-04-13,Tillering,medium,Apply light irrigation in evening.,ml_model
P0317,2025-06-12,Maturity,medium,Monitor for stem borer — scout field edges.,ml_model
P0317,2025-02-16,Tillering,medium,Delay fertilizer until rainfall subsides.,weather_service
P0317,2025-01-19,Flowering,medium,Do not irrigate today — soil moisture adequate.,weather_service
P0317,2025-02-10,Maturity,medium,Delay fertilizer until rainfall subsides.,rule_engine
P0317,2025-04-21,Maturity,high,Field conditions stable — continue regular monitoring.,rule_engine
P0318,2025-05-06,Seedling,high,Monitor for stem borer — scout field edges.,ml_model
P0318,2025-03-12,Maturity,medium,Delay fertilizer until rainfall subsides.,weather_service
P0318,2025-04-04,Germination,high,Field conditions stable — continue regular monitoring.,ml_model
P0319,2025-05-18,Panicle Initiation,low,Monitor for stem borer — scout field edges.,rule_engine
P0319,2025-01-04,Tillering,low,Field conditions stable — continue regular monitoring.,ml_model
P0319,2025-03-26,Maturity,medium,Monitor for stem borer — scout field edges.,rule_engine
P0319,2025-01-23,Germination,medium,Delay fertilizer until rainfall subsides.,ml_model
P0319,2025-03-05,Panicle Initiation,high,Do not irrigate today — soil moisture adequate.,rule_engine
P0319,2025-02-03,Seedling,medium,Field conditions stable — continue regular monitoring.,rule_engine
P0320,2025-06-21,Flowering,low,Delay fertilizer until rainfall subsides.,weather_service
P0320,2025-01-04,Flowering,high,Do not irrigate today — soil moisture adequate.,rule_engine
P0320,2025-05-14,Tillering,high,Apply light irrigation in evening.,ml_model
P0320,2025-05-26,Seedling,low,Apply light irrigation in evening.,ml_model
P0320,2025-03-17,Maturity,medium,Monitor for stem borer — scout field edges.,weather_service
P0320,2025-02-14,Seedling,low,Monitor for stem borer — scout field edges.,weather_service
P0320,2025-02-02,Flowering,low,Apply light irrigation in evening.,ml_model
P0321,2025-01-09,Germination,high,Do not irrigate today — soil moisture adequate.,weather_service
P0321,2025-05-10,Vegetative,high,Monitor for stem borer — scout field edges.,rule_engine
P0322,2025-02-09,Flowering,medium,Monitor for stem borer — scout field edges.,ml_model
P0322,2025-05-12,Peg Formation,low,Monitor for stem borer — scout field edges.,weather_service
P0323,2025-05-10,Peg Formation,high,Delay fertilizer until rainfall subsides.,weather_service
P0323,2025-05-12,Maturity,high,Do not irrigate today — soil moisture adequate.,rule_engine
P0323,2025-05-28,Flowering,medium,Apply light irrigation in evening.,rule_engine
P0323,2025-07-02,Flowering,low,Delay fertilizer until rainfall subsides.,ml_model
P0323,2025-03-24,Vegetative,low,Do not irrigate today — soil moisture adequate.,weather_service
P0323,2025-04-25,Maturity,medium,Do not irrigate today — soil moisture adequate.,weather_service
P0323,2025-01-16,Flowering,low,Do not irrigate today — soil moisture adequate.,weather_service
P0324,2025-03-18,Tillering,low,Delay fertilizer until rainfall subsides.,weather_service
P0324,2025-05-30,Germination,low,Delay fertilizer until rainfall subsides.,ml_model
P0325,2025-02-28,Seedling,low,Delay fertilizer until rainfall subsides.,rule_engine
P0325,2025-04-24,Vegetative,high,Monitor for stem borer — scout field edges.,rule_engine
P0325,2025-01-28,Panicle Initiation,medium,Apply light irrigation in evening.,ml_model
P0325,2025-03-23,Panicle Initiation,high,Field conditions stable — continue regular monitoring.,weather_service
P0325,2025-04-04,Maturity,low,Do not irrigate today — soil moisture adequate.,rule_engine
P0325,2025-03-08,Vegetative,low,Do not irrigate today — soil moisture adequate.,rule_engine
P0326,2025-02-28,Panicle Initiation,low,Do not irrigate today — soil moisture adequate.,ml_model
P0326,2025-03-31,Panicle Initiation,high,Field conditions stable — continue regular monitoring.,ml_model
P0326,2025-05-09,Maturity,high,Field conditions stable — continue regular monitoring.,weather_service
P0326,2025-03-23,Flowering,high,Field conditions stable — continue regular monitoring.,weather_service
P0326,2025-06-06,Tillering,medium,Field conditions stable — continue regular monitoring.,rule_engine
P0326,2025-04-12,Maturity,high,Delay fertilizer until rainfall subsides.,ml_model
P0327,2025-03-06,Flowering,medium,Apply light irrigation in evening.,ml_model
P0327,2025-01-24,Flowering,medium,Delay fertilizer until rainfall subsides.,ml_model
P0327,2025-02-25,Germination,high,Apply light irrigation in evening.,ml_model
P0327,2025-03-17,Flowering,high,Delay fertilizer until rainfall subsides.,weather_service
P0327,2025-01-08,Maturity,medium,Do not irrigate today — soil moisture adequate.,rule_engine
P0327,2025-04-10,Maturity,low,Field conditions stable — continue regular monitoring.,weather_service
P0327,2025-03-10,Panicle Initiation,low,Monitor for stem borer — scout field edges.,weather_service
P0328,2025-02-01,Flowering,low,Monitor for stem borer — scout field edges.,ml_model
P0328,2025-04-13,Maturity,medium,Delay fertilizer until rainfall subsides.,ml_model
P0328,2025-04-06,Maturity,high,Monitor for stem borer — scout field edges.,rule_engine
P0328,2025-04-19,Maturity,high,Field conditions stable — continue regular monitoring.,rule_engine
P0328,2025-01-20,Maturity,medium,Do not irrigate today — soil moisture adequate.,weather_service
P0328,2025-04-01,Maturity,low,Do not irrigate today — soil moisture adequate.,ml_model
P0328,2025-04-04,Vegetative,medium,Do not irrigate today — soil moisture adequate.,ml_model
P0328,2025-03-26,Flowering,medium,Delay fertilizer until rainfall subsides.,rule_engine
P0329,2025-05-29,Tillering,low,Apply light irrigation in evening.,rule_engine
P0329,2025-01-02,Flowering,low,Delay fertilizer until rainfall subsides.,rule_engine
P0329,2025-07-20,Maturity,low,Field conditions stable — continue regular monitoring.,rule_engine
P0329,2025-05-10,Maturity,high,Field conditions stable — continue regular monitoring.,rule_engine
P0329,2025-07-07,Germination,medium,Do not irrigate today — soil moisture adequate.,rule_engine
P0329,2025-02-18,Germination,high,Field conditions stable — continue regular monitoring.,weather_service
P0329,2025-01-22,Tillering,low,Monitor for stem borer — scout field edges.,rule_engine
P0329,2025-03-24,Maturity,low,Monitor for stem borer — scout field edges.,weather_service
P0330,2025-04-25,Maturity,medium,Field conditions stable — continue regular monitoring.,ml_model
P0330,2025-02-14,Germination,high,Do not irrigate today — soil moisture adequate.,weather_service
P0330,2025-01-20,Seedling,low,Do not irrigate today — soil moisture adequate.,rule_engine
P0330,2025-05-21,Seedling,medium,Field conditions stable — continue regular monitoring.,ml_model
P0330,2025-05-14,Maturity,medium,Monitor for stem borer — scout field edges.,rule_engine
P0331,2025-01-10,Maturity,low,Monitor for stem borer — scout field edges.,ml_model
P0331,2025-01-09,Peg Formation,high,Delay fertilizer until rainfall subsides.,ml_model
P0331,2025-02-27,Maturity,high,Field conditions stable — continue regular monitoring.,ml_model
P0331,2025-06-14,Maturity,medium,Do not irrigate today — soil moisture adequate.,weather_service
P0331,2025-03-30,Flowering,high,Apply light irrigation in evening.,rule_engine
P0332,2025-01-17,Panicle Initiation,low,Do not irrigate today — soil moisture adequate.,ml_model
P0332,2025-02-12,Tillering,high,Delay fertilizer until rainfall subsides.,rule_engine
P0333,2025-02-13,Maturity,medium,Apply light irrigation in evening.,rule_engine
P0333,2025-05-29,Peg Formation,low,Delay fertilizer until rainfall subsides.,rule_engine
P0333,2025-05-19,Flowering,medium,Delay fertilizer until rainfall subsides.,rule_engine
P0334,2025-06-27,Seedling,high,Monitor for stem borer — scout field edges.,weather_service
P0334,2025-02-16,Seedling,high,Delay fertilizer until rainfall subsides.,ml_model
P0334,2025-02-27,Panicle Initiation,low,Field conditions stable — continue regular monitoring.,weather_service
P0334,2025-02-02,Tillering,medium,Field conditions stable — continue regular monitoring.,weather_service
P0334,2025-03-12,Flowering,low,Do not irrigate today — soil moisture adequate.,weather_service
P0335,2025-01-29,Tillering,high,Delay fertilizer until rainfall subsides.,ml_model
P0335,2025-04-11,Maturity,medium,Delay fertilizer until rainfall subsides.,ml_model
P0335,2025-01-11,Peg Formation,low,Monitor for stem borer — scout field edges.,rule_engine
P0335,2025-05-05,Panicle Initiation,low,Field conditions stable — continue regular monitoring.,rule_engine
P0335,2025-06-07,Tillering,medium,Delay fertilizer until rainfall subsides.,rule_engine
P0335,2025-01-07,Vegetative,low,Monitor for stem borer — scout field edges.,ml_model
P0335,2025-03-02,Vegetative,low,Monitor for stem borer — scout field edges.,ml_model
P0335,2025-06-09,Vegetative,medium,Apply light irrigation in evening.,ml_model
P0336,2025-04-12,Panicle Initiation,low,Apply light irrigation in evening.,weather_service
P0336,2025-02-01,Flowering,high,Monitor for stem borer — scout field edges.,rule_engine
P0336,2025-07-17,Peg Formation,medium,Apply light irrigation in evening.,rule_engine
P0336,2025-03-10,Maturity,high,Do not irrigate today — soil moisture adequate.,rule_engine
P0336,2025-04-23,Peg Formation,low,Delay fertilizer until rainfall subsides.,weather_service
P0336,2025-03-06,Maturity,low,Field conditions stable — continue regular monitoring.,rule_engine
P0336,2025-03-30,Flowering,medium,Do not irrigate today — soil moisture adequate.,weather_service
P0337,2025-01-11,Panicle Initiation,high,Delay fertilizer until rainfall subsides.,ml_model
P0337,2025-04-09,Seedling,high,Monitor for stem borer — scout field edges.,ml_model
P0338,2025-01-15,Maturity,medium,Do not irrigate today — soil moisture adequate.,weather_service
P0338,2025-05-04,Tillering,medium,Apply light irrigation in evening.,rule_engine
P0338,2025-02-09,Tillering,low,Do not irrigate today — soil moisture adequate.,ml_model
P0338,2025-03-20,Germination,medium,Delay fertilizer until rainfall subsides.,rule_engine
P0338,2025-04-21,Vegetative,high,Apply light irrigation in evening.,rule_engine
P0338,2025-01-04,Vegetative,high,Apply light irrigation in evening.,ml_model
P0339,2025-07-09,Germination,high,Field conditions stable — continue regular monitoring.,weather_service
P0339,2025-03-07,Maturity,high,Do not irrigate today — soil moisture adequate.,rule_engine
P0339,2025-03-27,Seedling,low,Apply light irrigation in evening.,weather_service
P0340,2025-02-13,Panicle Initiation,low,Delay fertilizer until rainfall subsides.,rule_engine
P0340,2025-05-06,Panicle Initiation,low,Apply light irrigation in evening.,rule_engine
P0340,2025-03-05,Panicle Initiation,medium,Delay fertilizer until rainfall subsides.,rule_engine
P0340,2025-07-15,Flowering,low,Delay fertilizer until rainfall subsides.,rule_engine
P0340,2025-03-24,Germination,medium,Delay fertilizer until rainfall subsides.,weather_service
P0340,2025-03-07,Panicle Initiation,low,Delay fertilizer until rainfall subsides.,rule_engine
P0341,2025-02-03,Tillering,medium,Monitor for stem borer — scout field edges.,weather_service
P0341,2025-06-22,Peg Formation,medium,Do not irrigate today — soil moisture adequate.,rule_engine
P0341,2025-03-18,Maturity,low,Monitor for stem borer — scout field edges.,ml_model
P0341,2025-06-21,Peg Formation,high,Delay fertilizer until rainfall subsides.,rule_engine
P0341,2025-04-22,Seedling,medium,Delay fertilizer until rainfall subsides.,rule_engine
P0341,2025-03-04,Maturity,medium,Do not irrigate today — soil moisture adequate.,ml_model
P0342,2025-06-03,Flowering,high,Do not irrigate today — soil moisture adequate.,weather_service
P0342,2025-04-18,Tillering,low,Do not irrigate today — soil moisture adequate.,ml_model
P0342,2025-02-17,Germination,high,Field conditions stable — continue regular monitoring.,weather_service
P0342,2025-03-17,Tillering,low,Apply light irrigation in evening.,weather_service
P0342,2025-02-02,Maturity,high,Do not irrigate today — soil moisture adequate.,ml_model
P0342,2025-04-28,Panicle Initiation,medium,Delay fertilizer until rainfall subsides.,ml_model
P0342,2025-03-30,Maturity,low,Monitor for stem borer — scout field edges.,weather_service
P0342,2025-01-23,Flowering,low,Field conditions stable — continue regular monitoring.,weather_service
P0343,2025-03-19,Flowering,high,Delay fertilizer until rainfall subsides.,ml_model
P0343,2025-04-11,Maturity,high,Monitor for stem borer — scout field edges.,ml_model
P0343,2025-02-05,Germination,high,Do not irrigate today — soil moisture adequate.,rule_engine
P0343,2025-06-18,Peg Formation,low,Apply light irrigation in evening.,ml_model
P0343,2025-01-27,Tillering,medium,Monitor for stem borer — scout field edges.,rule_engine
P0344,2025-04-23,Flowering,high,Apply light irrigation in evening.,ml_model
P0344,2025-01-09,Vegetative,high,Monitor for stem borer — scout field edges.,ml_model
P0344,2025-06-18,Flowering,high,Delay fertilizer until rainfall subsides.,weather_service
P0344,2025-02-09,Tillering,low,Delay fertilizer until rainfall subsides.,rule_engine
P0345,2025-01-01,Panicle Initiation,medium,Apply light irrigation in evening.,rule_engine
P0345,2025-04-15,Seedling,low,Apply light irrigation in evening.,ml_model
P0345,2025-02-15,Germination,low,Monitor for stem borer — scout field edges.,ml_model
P0345,2025-04-17,Germination,low,Monitor for stem borer — scout field edges.,weather_service
P0345,2025-02-19,Tillering,medium,Do not irrigate today — soil moisture adequate.,rule_engine
P0346,2025-01-20,Vegetative,low,Field conditions stable — continue regular monitoring.,rule_engine
P0346,2025-06-01,Flowering,high,Do not irrigate today — soil moisture adequate.,ml_model
P0346,2025-02-03,Seedling,low,Monitor for stem borer — scout field edges.,weather_service
P0346,2025-02-18,Peg Formation,high,Field conditions stable — continue regular monitoring.,rule_engine
P0346,2025-01-29,Maturity,medium,Monitor for stem borer — scout field edges.,rule_engine
P0347,2025-05-09,Maturity,low,Field conditions stable — continue regular monitoring.,ml_model
P0347,2025-01-23,Maturity,low,Apply light irrigation in evening.,ml_model
P0347,2025-04-17,Maturity,medium,Delay fertilizer until rainfall subsides.,ml_model
P0348,2025-01-27,Tillering,medium,Delay fertilizer until rainfall subsides.,ml_model
P0348,2025-02-15,Flowering,medium,Apply light irrigation in evening.,weather_service
P0348,2025-06-19,Germination,medium,Field conditions stable — continue regular monitoring.,weather_service
P0348,2025-03-17,Seedling,low,Monitor for stem borer — scout field edges.,rule_engine
P0348,2025-02-19,Peg Formation,high,Monitor for stem borer — scout field edges.,ml_model
P0348,2025-03-23,Vegetative,low,Apply light irrigation in evening.,ml_model
P0348,2025-04-08,Panicle Initiation,high,Apply light irrigation in evening.,ml_model
P0348,2025-03-03,Seedling,high,Apply light irrigation in evening.,weather_service
P0349,2025-06-03,Seedling,high,Apply light irrigation in evening.,rule_engine
P0349,2025-01-19,Tillering,medium,Monitor for stem borer — scout field edges.,rule_engine
P0349,2025-06-09,Peg Formation,low,Field conditions stable — continue regular monitoring.,ml_model
P0349,2025-04-14,Panicle Initiation,high,Do not irrigate today — soil moisture adequate.,rule_engine
P0349,2025-04-26,Tillering,high,Do not irrigate today — soil moisture adequate.,ml_model
P0349,2025-07-05,Peg Formation,high,Apply light irrigation in evening.,ml_model
P0349,2025-04-04,Vegetative,low,Delay fertilizer until rainfall subsides.,weather_service
P0350,2025-02-21,Vegetative,high,Apply light irrigation in evening.,ml_model
P0350,2025-05-21,Panicle Initiation,medium,Delay fertilizer until rainfall subsides.,weather_service
P0350,2025-03-03,Maturity,low,Field conditions stable — continue regular monitoring.,rule_engine
P0350,2025-01-05,Vegetative,medium,Field conditions stable — continue regular monitoring.,weather_service
P0350,2025-04-20,Tillering,medium,Delay fertilizer until rainfall subsides.,rule_engine
P0350,2025-02-28,Germination,high,Do not irrigate today — soil moisture adequate.,ml_model
P0350,2025-04-13,Seedling,low,Delay fertilizer until rainfall subsides.,weather_service
P0350,2025-02-15,Flowering,high,Delay fertilizer until rainfall subsides.,weather_service
P0351,2025-05-04,Germination,high,Do not irrigate today — soil moisture adequate.,weather_service
P0351,2025-05-05,Germination,high,Delay fertilizer until rainfall subsides.,weather_service
P0351,2025-02-05,Germination,high,Do not irrigate today — soil moisture adequate.,ml_model
P0351,2025-04-03,Maturity,high,Monitor for stem borer — scout field edges.,rule_engine
P0352,2025-06-03,Maturity,high,Field conditions stable — continue regular monitoring.,ml_model
P0352,2025-02-05,Maturity,low,Apply light irrigation in evening.,weather_service
P0352,2025-01-27,Flowering,medium,Field conditions stable — continue regular monitoring.,rule_engine
P0352,2025-06-17,Seedling,medium,Do not irrigate today — soil moisture adequate.,ml_model
P0353,2025-01-17,Peg Formation,medium,Delay fertilizer until rainfall subsides.,ml_model
P0353,2025-03-04,Germination,medium,Delay fertilizer until rainfall subsides.,rule_engine
P0353,2025-03-18,Flowering,medium,Delay fertilizer until rainfall subsides.,ml_model
P0353,2025-07-15,Maturity,high,Delay fertilizer until rainfall subsides.,ml_model
P0353,2025-01-21,Vegetative,high,Monitor for stem borer — scout field edges.,weather_service
P0353,2025-05-16,Maturity,low,Delay fertilizer until rainfall subsides.,weather_service
P0354,2025-07-12,Seedling,high,Apply light irrigation in evening.,ml_model
P0354,2025-02-01,Tillering,low,Monitor for stem borer — scout field edges.,ml_model
P0354,2025-03-05,Seedling,medium,Delay fertilizer until rainfall subsides.,ml_model
P0354,2025-02-09,Maturity,high,Monitor for stem borer — scout field edges.,weather_service
P0354,2025-02-04,Germination,high,Monitor for stem borer — scout field edges.,rule_engine
P0355,2025-01-08,Flowering,high,Do not irrigate today — soil moisture adequate.,weather_service
P0355,2025-02-23,Maturity,low,Apply light irrigation in evening.,rule_engine
P0355,2025-03-27,Maturity,low,Monitor for stem borer — scout field edges.,rule_engine
P0355,2025-01-10,Vegetative,medium,Delay fertilizer until rainfall subsides.,rule_engine
P0355,2025-05-01,Flowering,high,Monitor for stem borer — scout field edges.,rule_engine
P0355,2025-07-07,Vegetative,medium,Delay fertilizer until rainfall subsides.,rule_engine
P0355,2025-03-07,Maturity,high,Apply light irrigation in evening.,ml_model
P0355,2025-04-29,Germination,medium,Do not irrigate today — soil moisture adequate.,weather_service
P0356,2025-05-04,Seedling,high,Do not irrigate today — soil moisture adequate.,ml_model
P0356,2025-04-18,Germination,medium,Field conditions stable — continue regular monitoring.,rule_engine
P0356,2025-05-23,Flowering,high,Delay fertilizer until rainfall subsides.,weather_service
P0357,2025-06-02,Peg Formation,high,Delay fertilizer until rainfall subsides.,ml_model
P0357,2025-04-09,Maturity,medium,Delay fertilizer until rainfall subsides.,ml_model
P0357,2025-06-04,Peg Formation,low,Field conditions stable — continue regular monitoring.,weather_service
P0358,2025-04-25,Tillering,medium,Apply light irrigation in evening.,ml_model
P0358,2025-05-27,Flowering,medium,Apply light irrigation in evening.,rule_engine
P0359,2025-06-01,Flowering,medium,Do not irrigate today — soil moisture adequate.,rule_engine
P0359,2025-01-30,Peg Formation,medium,Apply light irrigation in evening.,weather_service
P0359,2025-03-31,Vegetative,high,Delay fertilizer until rainfall subsides.,ml_model
P0360,2025-03-17,Seedling,low,Monitor for stem borer — scout field edges.,rule_engine
P0360,2025-06-06,Flowering,low,Apply light irrigation in evening.,weather_service
P0360,2025-04-27,Tillering,medium,Delay fertilizer until rainfall subsides.,ml_model
P0360,2025-05-21,Germination,medium,Monitor for stem borer — scout field edges.,rule_engine
P0360,2025-05-23,Seedling,low,Monitor for stem borer — scout field edges.,weather_service
P0360,2025-04-08,Germination,medium,Do not irrigate today — soil moisture adequate.,weather_service
P0361,2025-04-22,Tillering,low,Field conditions stable — continue regular monitoring.,ml_model
P0361,2025-01-04,Peg Formation,low,Monitor for stem borer — scout field edges.,ml_model
P0361,2025-03-18,Tillering,low,Delay fertilizer until rainfall subsides.,weather_service
P0361,2025-05-05,Panicle Initiation,low,Field conditions stable — continue regular monitoring.,ml_model
P0361,2025-04-26,Tillering,medium,Monitor for stem borer — scout field edges.,ml_model
P0361,2025-04-18,Flowering,low,Delay fertilizer until rainfall subsides.,ml_model
P0361,2025-04-15,Panicle Initiation,medium,Delay fertilizer until rainfall subsides.,rule_engine
P0361,2025-02-28,Flowering,medium,Delay fertilizer until rainfall subsides.,ml_model
P0362,2025-03-01,Flowering,low,Do not irrigate today — soil moisture adequate.,rule_engine
P0362,2025-05-31,Panicle Initiation,low,Monitor for stem borer — scout field edges.,ml_model
P0362,2025-03-12,Germination,medium,Do not irrigate today — soil moisture adequate.,weather_service
P0362,2025-04-02,Maturity,low,Delay fertilizer until rainfall subsides.,weather_service
P0362,2025-01-05,Germination,high,Monitor for stem borer — scout field edges.,ml_model
P0362,2025-02-27,Maturity,medium,Field conditions stable — continue regular monitoring.,weather_service
P0362,2025-02-17,Tillering,medium,Do not irrigate today — soil moisture adequate.,weather_service
P0362,2025-06-13,Maturity,low,Apply light irrigation in evening.,rule_engine
P0363,2025-04-03,Germination,high,Field conditions stable — continue regular monitoring.,ml_model
P0363,2025-07-13,Panicle Initiation,medium,Delay fertilizer until rainfall subsides.,ml_model
P0364,2025-07-05,Tillering,high,Delay fertilizer until rainfall subsides.,ml_model
P0364,2025-02-01,Seedling,low,Monitor for stem borer — scout field edges.,ml_model
P0364,2025-03-09,Tillering,high,Field conditions stable — continue regular monitoring.,ml_model
P0364,2025-04-27,Panicle Initiation,medium,Field conditions stable — continue regular monitoring.,rule_engine
P0365,2025-01-08,Flowering,medium,Monitor for stem borer — scout field edges.,rule_engine
P0365,2025-05-06,Tillering,medium,Delay fertilizer until rainfall subsides.,rule_engine
P0365,2025-06-15,Maturity,low,Monitor for stem borer — scout field edges.,weather_service
P0365,2025-05-18,Flowering,high,Delay fertilizer until rainfall subsides.,ml_model
P0365,2025-03-11,Vegetative,high,Apply light irrigation in evening.,rule_engine
P0365,2025-07-19,Panicle Initiation,high,Apply light irrigation in evening.,weather_service
P0366,2025-01-27,Peg Formation,medium,Field conditions stable — continue regular monitoring.,rule_engine
P0366,2025-05-21,Flowering,high,Apply light irrigation in evening.,ml_model
P0366,2025-05-15,Germination,high,Field conditions stable — continue regular monitoring.,rule_engine
P0366,2025-02-19,Maturity,medium,Monitor for stem borer — scout field edges.,ml_model
P0366,2025-06-02,Vegetative,high,Monitor for stem borer — scout field edges.,rule_engine
P0367,2025-06-30,Panicle Initiation,high,Field conditions stable — continue regular monitoring.,rule_engine
P0367,2025-06-15,Flowering,low,Monitor for stem borer — scout field edges.,ml_model
P0367,2025-02-25,Peg Formation,medium,Monitor for stem borer — scout field edges.,rule_engine
P0367,2025-05-31,Tillering,high,Do not irrigate today — soil moisture adequate.,ml_model
P0368,2025-03-18,Seedling,medium,Do not irrigate today — soil moisture adequate.,weather_service
P0368,2025-04-25,Panicle Initiation,high,Delay fertilizer until rainfall subsides.,rule_engine
P0368,2025-01-10,Flowering,medium,Apply light irrigation in evening.,rule_engine
P0368,2025-03-25,Maturity,low,Delay fertilizer until rainfall subsides.,weather_service
P0368,2025-04-21,Peg Formation,high,Delay fertilizer until rainfall subsides.,weather_service
P0369,2025-07-03,Vegetative,medium,Field conditions stable — continue regular monitoring.,ml_model
P0369,2025-05-04,Germination,low,Field conditions stable — continue regular monitoring.,weather_service
P0369,2025-03-28,Maturity,low,Monitor for stem borer — scout field edges.,weather_service
P0369,2025-06-08,Tillering,low,Delay fertilizer until rainfall subsides.,weather_service
P0369,2025-06-05,Seedling,medium,Apply light irrigation in evening.,ml_model
P0369,2025-06-01,Maturity,low,Delay fertilizer until rainfall subsides.,rule_engine
P0369,2025-07-14,Flowering,medium,Apply light irrigation in evening.,weather_service
P0370,2025-06-19,Peg Formation,high,Delay fertilizer until rainfall subsides.,ml_model
P0370,2025-03-09,Panicle Initiation,medium,Apply light irrigation in evening.,rule_engine
P0370,2025-01-10,Peg Formation,high,Apply light irrigation in evening.,ml_model
P0370,2025-03-22,Vegetative,medium,Do not irrigate today — soil moisture adequate.,rule_engine
P0370,2025-02-20,Germination,low,Apply light irrigation in evening.,ml_model
P0370,2025-03-12,Peg Formation,medium,Do not irrigate today — soil moisture adequate.,rule_engine
P0371,2025-01-16,Maturity,high,Field conditions stable — continue regular monitoring.,ml_model
P0371,2025-01-24,Tillering,medium,Monitor for stem borer — scout field edges.,rule_engine
P0371,2025-06-30,Seedling,low,Field conditions stable — continue regular monitoring.,weather_service
P0371,2025-06-03,Peg Formation,low,Do not irrigate today — soil moisture adequate.,rule_engine
P0372,2025-04-14,Maturity,medium,Delay fertilizer until rainfall subsides.,rule_engine
P0372,2025-06-18,Flowering,high,Do not irrigate today — soil moisture adequate.,ml_model
P0373,2025-05-19,Peg Formation,high,Monitor for stem borer — scout field edges.,ml_model
P0373,2025-02-08,Flowering,low,Monitor for stem borer — scout field edges.,ml_model
P0374,2025-05-16,Maturity,medium,Field conditions stable — continue regular monitoring.,weather_service
P0374,2025-04-27,Maturity,medium,Delay fertilizer until rainfall subsides.,weather_service
P0374,2025-02-03,Tillering,low,Do not irrigate today — soil moisture adequate.,ml_model
P0374,2025-06-14,Germination,medium,Delay fertilizer until rainfall subsides.,weather_service
P0374,2025-05-04,Panicle Initiation,low,Do not irrigate today — soil moisture adequate.,weather_service
P0374,2025-05-04,Tillering,medium,Delay fertilizer until rainfall subsides.,weather_service
P0374,2025-03-29,Germination,high,Do not irrigate today — soil moisture adequate.,rule_engine
P0374,2025-06-10,Maturity,low,Monitor for stem borer — scout field edges.,ml_model
P0375,2025-05-21,Peg Formation,high,Apply light irrigation in evening.,rule_engine
P0375,2025-03-19,Peg Formation,high,Delay fertilizer until rainfall subsides.,ml_model
P0375,2025-04-03,Seedling,low,Delay fertilizer until rainfall subsides.,rule_engine
P0375,2025-02-17,Tillering,medium,Do not irrigate today — soil moisture adequate.,weather_service
P0375,2025-07-11,Maturity,medium,Delay fertilizer until rainfall subsides.,rule_engine
P0375,2025-01-28,Vegetative,low,Apply light irrigation in evening.,weather_service
P0375,2025-03-31,Seedling,high,Field conditions stable — continue regular monitoring.,weather_service
P0375,2025-06-03,Maturity,low,Delay fertilizer until rainfall subsides.,ml_model
P0376,2025-02-18,Panicle Initiation,medium,Delay fertilizer until rainfall subsides.,weather_service
P0376,2025-06-09,Seedling,high,Apply light irrigation in evening.,weather_service
P0376,2025-01-12,Flowering,high,Delay fertilizer until rainfall subsides.,rule_engine
P0377,2025-01-04,Panicle Initiation,high,Apply light irrigation in evening.,rule_engine
P0377,2025-03-15,Vegetative,medium,Delay fertilizer until rainfall subsides.,weather_service
P0377,2025-02-15,Germination,high,Delay fertilizer until rainfall subsides.,ml_model
P0377,2025-02-20,Vegetative,medium,Field conditions stable — continue regular monitoring.,weather_service
P0377,2025-01-23,Flowering,high,Apply light irrigation in evening.,ml_model
P0378,2025-02-05,Panicle Initiation,low,Monitor for stem borer — scout field edges.,ml_model
P0378,2025-06-15,Flowering,high,Delay fertilizer until rainfall subsides.,ml_model
P0378,2025-06-30,Seedling,medium,Do not irrigate today — soil moisture adequate.,weather_service
P0379,2025-05-04,Seedling,high,Do not irrigate today — soil moisture adequate.,ml_model
P0379,2025-06-14,Flowering,medium,Monitor for stem borer — scout field edges.,weather_service
P0380,2025-04-29,Tillering,high,Monitor for stem borer — scout field edges.,ml_model
P0380,2025-02-04,Peg Formation,medium,Monitor for stem borer — scout field edges.,rule_engine
P0380,2025-05-01,Flowering,low,Delay fertilizer until rainfall subsides.,weather_service
P0381,2025-04-24,Maturity,high,Field conditions stable — continue regular monitoring.,weather_service
P0381,2025-05-24,Panicle Initiation,high,Monitor for stem borer — scout field edges.,rule_engine
P0382,2025-05-05,Peg Formation,medium,Monitor for stem borer — scout field edges.,weather_service
P0382,2025-03-14,Flowering,high,Field conditions stable — continue regular monitoring.,ml_model
P0383,2025-02-12,Maturity,medium,Apply light irrigation in evening.,rule_engine
P0383,2025-07-16,Vegetative,high,Field conditions stable — continue regular monitoring.,rule_engine
P0383,2025-02-26,Vegetative,low,Do not irrigate today — soil moisture adequate.,rule_engine
P0384,2025-07-13,Vegetative,low,Delay fertilizer until rainfall subsides.,rule_engine
P0384,2025-02-22,Flowering,high,Monitor for stem borer — scout field edges.,weather_service
P0385,2025-02-16,Vegetative,low,Field conditions stable — continue regular monitoring.,weather_service
P0385,2025-01-07,Germination,medium,Monitor for stem borer — scout field edges.,weather_service
P0385,2025-03-09,Vegetative,high,Delay fertilizer until rainfall subsides.,weather_service
P0385,2025-05-05,Flowering,high,Do not irrigate today — soil moisture adequate.,ml_model
P0385,2025-05-23,Seedling,medium,Do not irrigate today — soil moisture adequate.,rule_engine
P0386,2025-03-28,Vegetative,low,Apply light irrigation in evening.,ml_model
P0386,2025-01-04,Maturity,medium,Apply light irrigation in evening.,ml_model
P0386,2025-04-30,Maturity,medium,Do not irrigate today — soil moisture adequate.,rule_engine
P0386,2025-07-10,Maturity,low,Delay fertilizer until rainfall subsides.,rule_engine
P0386,2025-03-29,Maturity,high,Do not irrigate today — soil moisture adequate.,rule_engine
P0386,2025-03-18,Germination,high,Monitor for stem borer — scout field edges.,weather_service
P0386,2025-01-04,Germination,medium,Apply light irrigation in evening.,ml_model
P0386,2025-07-16,Flowering,medium,Do not irrigate today — soil moisture adequate.,weather_service
P0387,2025-01-05,Panicle Initiation,low,Field conditions stable — continue regular monitoring.,ml_model
P0387,2025-07-15,Flowering,low,Field conditions stable — continue regular monitoring.,rule_engine
P0387,2025-03-23,Panicle Initiation,medium,Do not irrigate today — soil moisture adequate.,weather_service
P0387,2025-03-01,Germination,low,Delay fertilizer until rainfall subsides.,rule_engine
P0387,2025-02-02,Germination,high,Do not irrigate today — soil moisture adequate.,ml_model
P0387,2025-06-01,Maturity,high,Delay fertilizer until rainfall subsides.,weather_service
P0387,2025-02-03,Maturity,low,Do not irrigate today — soil moisture adequate.,ml_model
P0388,2025-07-04,Maturity,low,Delay fertilizer until rainfall subsides.,ml_model
P0388,2025-03-16,Tillering,medium,Field conditions stable — continue regular monitoring.,weather_service
P0388,2025-04-09,Peg Formation,medium,Apply light irrigation in evening.,weather_service
P0388,2025-02-22,Flowering,low,Monitor for stem borer — scout field edges.,rule_engine
P0388,2025-01-01,Germination,high,Field conditions stable — continue regular monitoring.,ml_model
P0388,2025-03-16,Seedling,high,Delay fertilizer until rainfall subsides.,rule_engine
P0388,2025-06-18,Flowering,high,Apply light irrigation in evening.,weather_service
P0388,2025-02-24,Maturity,low,Do not irrigate today — soil moisture adequate.,rule_engine
P0389,2025-03-15,Germination,low,Field conditions stable — continue regular monitoring.,ml_model
P0389,2025-04-26,Seedling,high,Monitor for stem borer — scout field edges.,ml_model
P0389,2025-01-23,Tillering,low,Apply light irrigation in evening.,rule_engine
P0389,2025-01-06,Seedling,high,Do not irrigate today — soil moisture adequate.,ml_model
P0389,2025-02-23,Tillering,medium,Delay fertilizer until rainfall subsides.,rule_engine
P0389,2025-03-15,Tillering,high,Do not irrigate today — soil moisture adequate.,weather_service
P0390,2025-06-07,Panicle Initiation,low,Delay fertilizer until rainfall subsides.,rule_engine
P0390,2025-01-01,Maturity,medium,Delay fertilizer until rainfall subsides.,rule_engine
P0390,2025-01-14,Flowering,low,Field conditions stable — continue regular monitoring.,weather_service
P0390,2025-01-29,Flowering,low,Monitor for stem borer — scout field edges.,weather_service
P0390,2025-03-04,Seedling,low,Monitor for stem borer — scout field edges.,weather_service
P0391,2025-01-28,Flowering,medium,Monitor for stem borer — scout field edges.,weather_service
P0391,2025-05-26,Peg Formation,medium,Do not irrigate today — soil moisture adequate.,weather_service
P0391,2025-04-26,Maturity,medium,Apply light irrigation in evening.,weather_service
P0391,2025-04-28,Maturity,medium,Delay fertilizer until rainfall subsides.,rule_engine
P0391,2025-06-01,Flowering,low,Field conditions stable — continue regular monitoring.,ml_model
P0392,2025-04-16,Germination,high,Apply light irrigation in evening.,rule_engine
P0392,2025-03-03,Seedling,low,Monitor for stem borer — scout field edges.,weather_service
P0392,2025-02-12,Maturity,high,Apply light irrigation in evening.,weather_service
P0392,2025-03-06,Maturity,high,Delay fertilizer until rainfall subsides.,rule_engine
P0392,2025-05-09,Maturity,low,Do not irrigate today — soil moisture adequate.,ml_model
P0392,2025-01-25,Vegetative,high,Apply light irrigation in evening.,rule_engine
P0393,2025-06-04,Vegetative,high,Delay fertilizer until rainfall subsides.,weather_service
P0393,2025-05-06,Flowering,medium,Apply light irrigation in evening.,rule_engine
P0393,2025-01-22,Tillering,medium,Do not irrigate today — soil moisture adequate.,rule_engine
P0393,2025-01-07,Maturity,high,Apply light irrigation in evening.,rule_engine
P0393,2025-04-22,Tillering,medium,Field conditions stable — continue regular monitoring.,weather_service
P0394,2025-01-16,Germination,high,Apply light irrigation in evening.,ml_model
P0394,2025-06-07,Tillering,low,Field conditions stable — continue regular monitoring.,ml_model
P0394,2025-07-06,Tillering,low,Monitor for stem borer — scout field edges.,rule_engine
P0395,2025-06-20,Panicle Initiation,medium,Monitor for stem borer — scout field edges.,ml_model
P0395,2025-04-14,Flowering,low,Field conditions stable — continue regular monitoring.,weather_service
P0396,2025-04-18,Flowering,medium,Delay fertilizer until rainfall subsides.,weather_service
P0396,2025-06-24,Maturity,low,Apply light irrigation in evening.,rule_engine
P0397,2025-02-07,Germination,low,Delay fertilizer until rainfall subsides.,weather_service
P0397,2025-01-08,Flowering,low,Delay fertilizer until rainfall subsides.,ml_model
P0397,2025-02-14,Flowering,low,Delay fertilizer until rainfall subsides.,weather_service
P0397,2025-01-09,Maturity,medium,Field conditions stable — continue regular monitoring.,weather_service
P0397,2025-04-17,Germination,medium,Delay fertilizer until rainfall subsides.,rule_engine
P0397,2025-02-25,Seedling,high,Do not irrigate today — soil moisture adequate.,weather_service
P0397,2025-02-09,Panicle Initiation,medium,Monitor for stem borer — scout field edges.,weather_service
P0397,2025-04-05,Flowering,high,Do not irrigate today — soil moisture adequate.,rule_engine
P0398,2025-06-24,Tillering,low,Do not irrigate today — soil moisture adequate.,ml_model
P0398,2025-01-14,Panicle Initiation,low,Delay fertilizer until rainfall subsides.,weather_service
P0398,2025-03-13,Germination,low,Apply light irrigation in evening.,rule_engine
P0398,2025-01-15,Flowering,medium,Monitor for stem borer — scout field edges.,weather_service
P0399,2025-01-06,Peg Formation,high,Do not irrigate today — soil moisture adequate.,rule_engine
P0399,2025-06-20,Panicle Initiation,high,Do not irrigate today — soil moisture adequate.,rule_engine
P0399,2025-03-06,Panicle Initiation,high,Field conditions stable — continue regular monitoring.,rule_engine
P0399,2025-02-11,Panicle Initiation,high,Monitor for stem borer — scout field edges.,rule_engine
P0399,2025-05-14,Flowering,low,Field conditions stable — continue regular monitoring.,ml_model
P0399,2025-06-19,Maturity,low,Apply light irrigation in evening.,ml_model
P0400,2025-01-28,Flowering,high,Do not irrigate today — soil moisture adequate.,ml_model
P0400,2025-06-05,Maturity,high,Apply light irrigation in evening.,weather_service
P0400,2025-06-26,Maturity,low,Do not irrigate today — soil moisture adequate.,rule_engine
P0400,2025-07-02,Tillering,medium,Apply light irrigation in evening.,rule_engine
P0400,2025-01-27,Flowering,medium,Delay fertilizer until rainfall subsides.,rule_engine
P0400,2025-06-21,Tillering,low,Delay fertilizer until rainfall subsides.,rule_engine
P0401,2025-04-09,Flowering,high,Field conditions stable — continue regular monitoring.,ml_model
P0401,2025-05-15,Flowering,low,Apply light irrigation in evening.,ml_model
P0401,2025-02-21,Panicle Initiation,medium,Delay fertilizer until rainfall subsides.,weather_service
P0401,2025-04-27,Tillering,medium,Monitor for stem borer — scout field edges.,ml_model
P0401,2025-05-23,Panicle Initiation,high,Apply light irrigation in evening.,ml_model
P0401,2025-06-16,Germination,high,Do not irrigate today — soil moisture adequate.,ml_model
P0401,2025-03-12,Flowering,low,Do not irrigate today — soil moisture adequate.,ml_model
P0401,2025-04-18,Germination,medium,Monitor for stem borer — scout field edges.,weather_service
P0402,2025-06-15,Germination,low,Field conditions stable — continue regular monitoring.,ml_model
P0402,2025-01-17,Flowering,medium,Do not irrigate today — soil moisture adequate.,rule_engine
P0402,2025-02-15,Maturity,high,Apply light irrigation in evening.,ml_model
P0402,2025-01-08,Maturity,low,Apply light irrigation in evening.,ml_model
P0403,2025-02-19,Vegetative,low,Delay fertilizer until rainfall subsides.,weather_service
P0403,2025-02-10,Maturity,low,Delay fertilizer until rainfall subsides.,weather_service
P0403,2025-02-02,Peg Formation,medium,Do not irrigate today — soil moisture adequate.,ml_model
P0403,2025-06-12,Maturity,low,Monitor for stem borer — scout field edges.,weather_service
P0403,2025-05-10,Peg Formation,high,Do not irrigate today — soil moisture adequate.,weather_service
P0403,2025-02-28,Germination,medium,Delay fertilizer until rainfall subsides.,weather_service
P0404,2025-01-09,Panicle Initiation,low,Apply light irrigation in evening.,rule_engine
P0404,2025-05-07,Tillering,high,Monitor for stem borer — scout field edges.,rule_engine
P0404,2025-06-10,Flowering,low,Do not irrigate today — soil moisture adequate.,ml_model
P0405,2025-07-10,Tillering,high,Delay fertilizer until rainfall subsides.,rule_engine
P0405,2025-06-07,Seedling,high,Field conditions stable — continue regular monitoring.,weather_service
P0405,2025-06-19,Germination,medium,Apply light irrigation in evening.,rule_engine
P0405,2025-03-09,Tillering,high,Apply light irrigation in evening.,ml_model
P0405,2025-06-05,Flowering,low,Do not irrigate today — soil moisture adequate.,rule_engine
P0405,2025-02-19,Seedling,high,Do not irrigate today — soil moisture adequate.,rule_engine
P0405,2025-02-09,Maturity,high,Monitor for stem borer — scout field edges.,ml_model
P0406,2025-02-23,Vegetative,medium,Apply light irrigation in evening.,ml_model
P0406,2025-02-08,Maturity,high,Field conditions stable — continue regular monitoring.,weather_service
P0407,2025-04-23,Flowering,high,Delay fertilizer until rainfall subsides.,ml_model
P0407,2025-01-31,Maturity,low,Apply light irrigation in evening.,rule_engine
P0407,2025-02-18,Maturity,high,Do not irrigate today — soil moisture adequate.,weather_service
P0408,2025-05-10,Flowering,low,Apply light irrigation in evening.,weather_service
P0408,2025-05-08,Vegetative,low,Do not irrigate today — soil moisture adequate.,rule_engine
P0409,2025-01-21,Tillering,medium,Monitor for stem borer — scout field edges.,ml_model
P0409,2025-01-12,Panicle Initiation,low,Do not irrigate today — soil moisture adequate.,ml_model
P0409,2025-06-26,Vegetative,medium,Monitor for stem borer — scout field edges.,ml_model
P0409,2025-04-08,Tillering,high,Delay fertilizer until rainfall subsides.,ml_model
P0409,2025-04-24,Flowering,low,Apply light irrigation in evening.,rule_engine
P0410,2025-04-01,Panicle Initiation,medium,Apply light irrigation in evening.,weather_service
P0410,2025-01-14,Tillering,medium,Do not irrigate today — soil moisture adequate.,ml_model
P0410,2025-02-01,Germination,low,Monitor for stem borer — scout field edges.,weather_service
P0410,2025-04-15,Seedling,medium,Field conditions stable — continue regular monitoring.,ml_model
P0410,2025-02-11,Panicle Initiation,low,Delay fertilizer until rainfall subsides.,ml_model
P0410,2025-01-26,Flowering,low,Delay fertilizer until rainfall subsides.,weather_service
P0410,2025-05-15,Panicle Initiation,medium,Do not irrigate today — soil moisture adequate.,weather_service
P0410,2025-04-02,Maturity,low,Do not irrigate today — soil moisture adequate.,weather_service
P0411,2025-04-25,Vegetative,low,Apply light irrigation in evening.,ml_model
P0411,2025-05-15,Maturity,low,Do not irrigate today — soil moisture adequate.,rule_engine
P0411,2025-02-13,Tillering,medium,Monitor for stem borer — scout field edges.,ml_model
P0412,2025-04-02,Tillering,high,Do not irrigate today — soil moisture adequate.,ml_model
P0412,2025-02-04,Maturity,low,Do not irrigate today — soil moisture adequate.,weather_service
P0412,2025-03-03,Germination,medium,Do not irrigate today — soil moisture adequate.,rule_engine
P0412,2025-05-30,Maturity,low,Do not irrigate today — soil moisture adequate.,weather_service
P0412,2025-01-28,Panicle Initiation,high,Monitor for stem borer — scout field edges.,rule_engine
P0412,2025-06-24,Flowering,low,Field conditions stable — continue regular monitoring.,ml_model
P0413,2025-05-31,Maturity,high,Do not irrigate today — soil moisture adequate.,rule_engine
P0413,2025-04-18,Vegetative,high,Delay fertilizer until rainfall subsides.,rule_engine
P0414,2025-01-27,Germination,high,Apply light irrigation in evening.,ml_model
P0414,2025-01-10,Panicle Initiation,medium,Monitor for stem borer — scout field edges.,weather_service
P0414,2025-05-20,Maturity,low,Apply light irrigation in evening.,ml_model
P0414,2025-04-21,Maturity,high,Do not irrigate today — soil moisture adequate.,rule_engine
P0414,2025-01-18,Peg Formation,medium,Monitor for stem borer — scout field edges.,rule_engine
P0414,2025-03-18,Flowering,low,Field conditions stable — continue regular monitoring.,ml_model
P0415,2025-01-30,Flowering,medium,Monitor for stem borer — scout field edges.,weather_service
P0415,2025-06-16,Vegetative,medium,Field conditions stable — continue regular monitoring.,weather_service
P0416,2025-01-28,Peg Formation,low,Field conditions stable — continue regular monitoring.,ml_model
P0416,2025-05-30,Germination,high,Monitor for stem borer — scout field edges.,weather_service
P0416,2025-06-28,Flowering,medium,Do not irrigate today — soil moisture adequate.,ml_model
P0417,2025-01-31,Peg Formation,low,Monitor for stem borer — scout field edges.,weather_service
P0417,2025-06-06,Seedling,high,Delay fertilizer until rainfall subsides.,ml_model
P0418,2025-03-03,Panicle Initiation,high,Apply light irrigation in evening.,rule_engine
P0418,2025-02-02,Seedling,high,Apply light irrigation in evening.,rule_engine
P0418,2025-06-01,Seedling,high,Do not irrigate today — soil moisture adequate.,weather_service
P0418,2025-01-24,Maturity,medium,Do not irrigate today — soil moisture adequate.,rule_engine
P0418,2025-03-05,Flowering,medium,Do not irrigate today — soil moisture adequate.,weather_service
P0418,2025-03-04,Maturity,medium,Do not irrigate today — soil moisture adequate.,weather_service
P0418,2025-03-29,Panicle Initiation,low,Delay fertilizer until rainfall subsides.,ml_model
P0418,2025-02-22,Flowering,low,Do not irrigate today — soil moisture adequate.,ml_model
P0419,2025-06-21,Vegetative,low,Apply light irrigation in evening.,rule_engine
P0419,2025-07-04,Seedling,high,Apply light irrigation in evening.,weather_service
P0419,2025-02-06,Maturity,low,Delay fertilizer until rainfall subsides.,ml_model
P0419,2025-05-01,Flowering,medium,Monitor for stem borer — scout field edges.,weather_service
P0419,2025-05-02,Vegetative,medium,Apply light irrigation in evening.,ml_model
P0419,2025-02-21,Maturity,low,Monitor for stem borer — scout field edges.,ml_model
P0419,2025-06-04,Germination,medium,Field conditions stable — continue regular monitoring.,weather_service
P0419,2025-02-07,Flowering,medium,Monitor for stem borer — scout field edges.,ml_model
P0420,2025-06-30,Flowering,low,Apply light irrigation in evening.,weather_service
P0420,2025-02-14,Flowering,medium,Do not irrigate today — soil moisture adequate.,weather_service
P0420,2025-04-28,Maturity,low,Field conditions stable — continue regular monitoring.,weather_service
P0420,2025-05-13,Maturity,low,Monitor for stem borer — scout field edges.,weather_service
P0420,2025-06-08,Vegetative,medium,Do not irrigate today — soil moisture adequate.,weather_service
P0420,2025-03-06,Peg Formation,low,Delay fertilizer until rainfall subsides.,ml_model
P0421,2025-02-24,Maturity,low,Do not irrigate today — soil moisture adequate.,weather_service
P0421,2025-04-12,Seedling,low,Delay fertilizer until rainfall subsides.,ml_model
P0421,2025-05-31,Vegetative,medium,Delay fertilizer until rainfall subsides.,ml_model
P0421,2025-05-06,Maturity,medium,Do not irrigate today — soil moisture adequate.,ml_model
P0421,2025-01-14,Maturity,high,Delay fertilizer until rainfall subsides.,rule_engine
P0421,2025-06-08,Vegetative,low,Field conditions stable — continue regular monitoring.,weather_service
P0421,2025-03-04,Germination,medium,Do not irrigate today — soil moisture adequate.,rule_engine
P0421,2025-01-07,Panicle Initiation,medium,Field conditions stable — continue regular monitoring.,weather_service
P0422,2025-02-25,Germination,medium,Do not irrigate today — soil moisture adequate.,rule_engine
P0422,2025-06-24,Tillering,medium,Do not irrigate today — soil moisture adequate.,rule_engine
P0422,2025-03-22,Germination,low,Field conditions stable — continue regular monitoring.,weather_service
P0422,2025-06-14,Peg Formation,low,Apply light irrigation in evening.,rule_engine
P0423,2025-04-02,Germination,medium,Delay fertilizer until rainfall subsides.,weather_service
P0423,2025-03-13,Vegetative,low,Apply light irrigation in evening.,weather_service
P0423,2025-07-06,Flowering,low,Field conditions stable — continue regular monitoring.,rule_engine
P0423,2025-01-02,Tillering,high,Field conditions stable — continue regular monitoring.,ml_model
P0423,2025-02-23,Tillering,low,Field conditions stable — continue regular monitoring.,rule_engine
P0423,2025-01-15,Maturity,medium,Monitor for stem borer — scout field edges.,ml_model
P0423,2025-01-10,Maturity,low,Apply light irrigation in evening.,rule_engine
P0424,2025-05-28,Peg Formation,high,Apply light irrigation in evening.,ml_model
P0424,2025-01-27,Vegetative,low,Field conditions stable — continue regular monitoring.,ml_model
P0424,2025-05-05,Flowering,high,Monitor for stem borer — scout field edges.,rule_engine
P0425,2025-03-23,Flowering,low,Apply light irrigation in evening.,rule_engine
P0425,2025-06-03,Maturity,medium,Field conditions stable — continue regular monitoring.,weather_service
P0425,2025-04-07,Germination,medium,Delay fertilizer until rainfall subsides.,rule_engine
P0426,2025-04-06,Vegetative,medium,Apply light irrigation in evening.,rule_engine
P0426,2025-02-18,Maturity,low,Do not irrigate today — soil moisture adequate.,rule_engine
P0426,2025-03-01,Vegetative,low,Field conditions stable — continue regular monitoring.,weather_service
P0427,2025-03-29,Peg Formation,low,Apply light irrigation in evening.,weather_service
P0427,2025-02-06,Panicle Initiation,high,Field conditions stable — continue regular monitoring.,weather_service
P0427,2025-06-03,Flowering,medium,Delay fertilizer until rainfall subsides.,weather_service
P0428,2025-03-31,Flowering,medium,Field conditions stable — continue regular monitoring.,rule_engine
P0428,2025-06-29,Vegetative,low,Monitor for stem borer — scout field edges.,ml_model
P0428,2025-01-27,Flowering,low,Delay fertilizer until rainfall subsides.,ml_model
P0428,2025-04-13,Seedling,high,Apply light irrigation in evening.,rule_engine
P0429,2025-04-03,Seedling,low,Field conditions stable — continue regular monitoring.,rule_engine
P0429,2025-05-27,Maturity,high,Apply light irrigation in evening.,rule_engine
P0429,2025-05-13,Maturity,medium,Delay fertilizer until rainfall subsides.,rule_engine
P0429,2025-02-05,Panicle Initiation,medium,Delay fertilizer until rainfall subsides.,rule_engine
P0430,2025-07-14,Germination,medium,Do not irrigate today — soil moisture adequate.,ml_model
P0430,2025-05-29,Peg Formation,low,Field conditions stable — continue regular monitoring.,rule_engine
P0430,2025-03-02,Peg Formation,low,Monitor for stem borer — scout field edges.,weather_service
P0430,2025-04-28,Panicle Initiation,medium,Monitor for stem borer — scout field edges.,ml_model
P0430,2025-05-15,Maturity,low,Field conditions stable — continue regular monitoring.,weather_service
P0430,2025-03-31,Peg Formation,high,Do not irrigate today — soil moisture adequate.,weather_service
P0430,2025-04-23,Maturity,low,Do not irrigate today — soil moisture adequate.,ml_model
P0430,2025-01-15,Germination,medium,Monitor for stem borer — scout field edges.,ml_model
P0431,2025-04-13,Maturity,low,Apply light irrigation in evening.,rule_engine
P0431,2025-01-02,Vegetative,high,Delay fertilizer until rainfall subsides.,ml_model
P0431,2025-06-21,Germination,low,Monitor for stem borer — scout field edges.,ml_model
P0431,2025-06-23,Flowering,medium,Do not irrigate today — soil moisture adequate.,ml_model
P0431,2025-03-11,Seedling,high,Apply light irrigation in evening.,rule_engine
P0431,2025-06-21,Tillering,high,Monitor for stem borer — scout field edges.,ml_model
P0431,2025-03-23,Vegetative,high,Do not irrigate today — soil moisture adequate.,ml_model
P0432,2025-05-16,Seedling,low,Delay fertilizer until rainfall subsides.,rule_engine
P0432,2025-06-01,Maturity,high,Field conditions stable — continue regular monitoring.,ml_model
P0432,2025-03-13,Seedling,high,Monitor for stem borer — scout field edges.,weather_service
P0432,2025-02-22,Vegetative,medium,Do not irrigate today — soil moisture adequate.,rule_engine
P0433,2025-01-04,Flowering,high,Delay fertilizer until rainfall subsides.,weather_service
P0433,2025-07-19,Peg Formation,low,Apply light irrigation in evening.,weather_service
P0433,2025-05-11,Flowering,medium,Delay fertilizer until rainfall subsides.,weather_service
P0433,2025-06-05,Flowering,low,Do not irrigate today — soil moisture adequate.,ml_model
P0433,2025-03-12,Peg Formation,low,Do not irrigate today — soil moisture adequate.,weather_service
P0433,2025-04-15,Maturity,medium,Monitor for stem borer — scout field edges.,weather_service
P0433,2025-04-02,Maturity,low,Field conditions stable — continue regular monitoring.,ml_model
P0433,2025-05-15,Seedling,high,Delay fertilizer until rainfall subsides.,ml_model
P0434,2025-02-11,Maturity,low,Field conditions stable — continue regular monitoring.,weather_service
P0434,2025-06-16,Peg Formation,low,Monitor for stem borer — scout field edges.,weather_service
P0434,2025-02-06,Seedling,high,Monitor for stem borer — scout field edges.,weather_service
P0434,2025-03-07,Vegetative,low,Monitor for stem borer — scout field edges.,weather_service
P0434,2025-07-12,Maturity,medium,Do not irrigate today — soil moisture adequate.,ml_model
P0435,2025-03-12,Tillering,low,Monitor for stem borer — scout field edges.,rule_engine
P0435,2025-05-13,Vegetative,low,Apply light irrigation in evening.,rule_engine
P0435,2025-03-20,Germination,medium,Monitor for stem borer — scout field edges.,weather_service
P0436,2025-03-27,Flowering,medium,Delay fertilizer until rainfall subsides.,ml_model
P0436,2025-01-06,Flowering,high,Monitor for stem borer — scout field edges.,rule_engine
P0436,2025-06-12,Germination,medium,Do not irrigate today — soil moisture adequate.,weather_service
P0436,2025-02-27,Maturity,low,Delay fertilizer until rainfall subsides.,weather_service
P0436,2025-06-11,Peg Formation,medium,Field conditions stable — continue regular monitoring.,weather_service
P0437,2025-07-02,Germination,low,Delay fertilizer until rainfall subsides.,rule_engine
P0437,2025-05-17,Flowering,medium,Do not irrigate today — soil moisture adequate.,ml_model
P0437,2025-04-02,Flowering,medium,Delay fertilizer until rainfall subsides.,rule_engine
P0437,2025-04-23,Tillering,high,Field conditions stable — continue regular monitoring.,weather_service
P0437,2025-02-02,Flowering,low,Delay fertilizer until rainfall subsides.,weather_service
P0437,2025-05-19,Flowering,low,Field conditions stable — continue regular monitoring.,weather_service
P0437,2025-04-12,Seedling,high,Monitor for stem borer — scout field edges.,weather_service
P0438,2025-06-03,Vegetative,high,Delay fertilizer until rainfall subsides.,ml_model
P0438,2025-04-18,Tillering,medium,Field conditions stable — continue regular monitoring.,weather_service
P0438,2025-05-23,Tillering,high,Monitor for stem borer — scout field edges.,ml_model
P0439,2025-03-17,Vegetative,low,Field conditions stable — continue regular monitoring.,weather_service
P0439,2025-05-08,Flowering,high,Do not irrigate today — soil moisture adequate.,ml_model
P0439,2025-02-09,Germination,high,Monitor for stem borer — scout field edges.,ml_model
P0439,2025-05-12,Germination,high,Monitor for stem borer — scout field edges.,ml_model
P0439,2025-04-30,Peg Formation,high,Monitor for stem borer — scout field edges.,rule_engine
P0440,2025-05-20,Tillering,high,Monitor for stem borer — scout field edges.,rule_engine
P0440,2025-02-14,Germination,medium,Field conditions stable — continue regular monitoring.,ml_model
P0440,2025-03-17,Vegetative,high,Monitor for stem borer — scout field edges.,weather_service
P0440,2025-05-27,Peg Formation,low,Do not irrigate today — soil moisture adequate.,weather_service
P0440,2025-05-22,Flowering,medium,Apply light irrigation in evening.,ml_model
P0440,2025-03-06,Tillering,high,Do not irrigate today — soil moisture adequate.,rule_engine
P0440,2025-07-06,Maturity,high,Monitor for stem borer — scout field edges.,ml_model
P0441,2025-03-28,Vegetative,high,Field conditions stable — continue regular monitoring.,weather_service
P0441,2025-07-06,Seedling,low,Apply light irrigation in evening.,weather_service
P0441,2025-04-30,Maturity,medium,Delay fertilizer until rainfall subsides.,weather_service
P0441,2025-01-16,Tillering,low,Do not irrigate today — soil moisture adequate.,ml_model
P0441,2025-02-08,Maturity,high,Apply light irrigation in evening.,weather_service
P0441,2025-03-18,Tillering,medium,Monitor for stem borer — scout field edges.,rule_engine
P0441,2025-03-08,Maturity,low,Delay fertilizer until rainfall subsides.,ml_model
P0441,2025-03-28,Maturity,high,Apply light irrigation in evening.,ml_model
P0442,2025-05-08,Peg Formation,low,Field conditions stable — continue regular monitoring.,weather_service
P0442,2025-05-07,Maturity,medium,Field conditions stable — continue regular monitoring.,weather_service
P0442,2025-03-18,Peg Formation,low,Delay fertilizer until rainfall subsides.,rule_engine
P0443,2025-06-20,Maturity,high,Field conditions stable — continue regular monitoring.,rule_engine
P0443,2025-06-01,Peg Formation,low,Apply light irrigation in evening.,weather_service
P0444,2025-06-27,Maturity,medium,Apply light irrigation in evening.,rule_engine
P0444,2025-01-17,Peg Formation,medium,Monitor for stem borer — scout field edges.,ml_model
P0445,2025-03-12,Vegetative,low,Apply light irrigation in evening.,weather_service
P0445,2025-06-15,Tillering,medium,Do not irrigate today — soil moisture adequate.,rule_engine
P0445,2025-02-01,Flowering,medium,Field conditions stable — continue regular monitoring.,ml_model
P0445,2025-02-22,Germination,low,Monitor for stem borer — scout field edges.,rule_engine
P0445,2025-01-14,Tillering,high,Do not irrigate today — soil moisture adequate.,rule_engine
P0446,2025-03-11,Panicle Initiation,high,Delay fertilizer until rainfall subsides.,rule_engine
P0446,2025-06-25,Flowering,low,Apply light irrigation in evening.,weather_service
P0447,2025-04-26,Germination,medium,Field conditions stable — continue regular monitoring.,ml_model
P0447,2025-01-20,Flowering,medium,Monitor for stem borer — scout field edges.,weather_service
P0447,2025-03-20,Seedling,low,Field conditions stable — continue regular monitoring.,rule_engine
P0447,2025-01-05,Seedling,low,Monitor for stem borer — scout field edges.,weather_service
P0447,2025-02-11,Tillering,low,Monitor for stem borer — scout field edges.,weather_service
P0448,2025-04-26,Flowering,medium,Field conditions stable — continue regular monitoring.,rule_engine
P0448,2025-04-06,Tillering,medium,Monitor for stem borer — scout field edges.,rule_engine
P0448,2025-07-10,Panicle Initiation,low,Delay fertilizer until rainfall subsides.,rule_engine
P0448,2025-02-06,Panicle Initiation,medium,Delay fertilizer until rainfall subsides.,rule_engine
P0448,2025-03-13,Maturity,low,Delay fertilizer until rainfall subsides.,ml_model
P0448,2025-01-14,Peg Formation,high,Monitor for stem borer — scout field edges.,weather_service
P0448,2025-06-24,Tillering,low,Do not irrigate today — soil moisture adequate.,weather_service
P0448,2025-04-16,Vegetative,medium,Delay fertilizer until rainfall subsides.,ml_model
P0449,2025-07-19,Peg Formation,high,Monitor for stem borer — scout field edges.,ml_model
P0449,2025-06-02,Seedling,high,Delay fertilizer until rainfall subsides.,weather_service
P0449,2025-04-02,Maturity,high,Delay fertilizer until rainfall subsides.,ml_model
P0449,2025-05-31,Maturity,low,Apply light irrigation in evening.,weather_service
P0450,2025-07-16,Panicle Initiation,low,Field conditions stable — continue regular monitoring.,ml_model
P0450,2025-06-20,Maturity,high,Apply light irrigation in evening.,rule_engine
P0450,2025-01-28,Panicle Initiation,low,Delay fertilizer until rainfall subsides.,rule_engine
P0451,2025-05-11,Germination,medium,Do not irrigate today — soil moisture adequate.,weather_service
P0451,2025-02-22,Maturity,low,Delay fertilizer until rainfall subsides.,rule_engine
P0452,2025-05-02,Peg Formation,high,Field conditions stable — continue regular monitoring.,rule_engine
P0452,2025-03-31,Germination,high,Field conditions stable — continue regular monitoring.,rule_engine
P0453,2025-03-14,Peg Formation,low,Monitor for stem borer — scout field edges.,weather_service
P0453,2025-04-01,Panicle Initiation,high,Do not irrigate today — soil moisture adequate.,rule_engine
P0453,2025-01-02,Germination,high,Monitor for stem borer — scout field edges.,weather_service
P0453,2025-01-11,Germination,low,Monitor for stem borer — scout field edges.,rule_engine
P0453,2025-01-23,Vegetative,low,Do not irrigate today — soil moisture adequate.,weather_service
P0453,2025-01-18,Flowering,high,Apply light irrigation in evening.,rule_engine
P0453,2025-03-24,Peg Formation,high,Delay fertilizer until rainfall subsides.,ml_model
P0454,2025-04-14,Panicle Initiation,medium,Field conditions stable — continue regular monitoring.,rule_engine
P0454,2025-01-25,Tillering,medium,Field conditions stable — continue regular monitoring.,rule_engine
P0454,2025-05-24,Vegetative,high,Do not irrigate today — soil moisture adequate.,ml_model
P0454,2025-04-09,Flowering,low,Monitor for stem borer — scout field edges.,weather_service
P0454,2025-03-27,Maturity,medium,Monitor for stem borer — scout field edges.,ml_model
P0454,2025-04-20,Maturity,low,Monitor for stem borer — scout field edges.,weather_service
P0454,2025-02-01,Flowering,high,Monitor for stem borer — scout field edges.,weather_service
P0454,2025-07-14,Maturity,low,Delay fertilizer until rainfall subsides.,rule_engine
P0455,2025-03-27,Maturity,medium,Do not irrigate today — soil moisture adequate.,rule_engine
P0455,2025-02-19,Seedling,medium,Do not irrigate today — soil moisture adequate.,weather_service
P0455,2025-04-27,Flowering,medium,Apply light irrigation in evening.,ml_model
P0455,2025-03-14,Vegetative,low,Apply light irrigation in evening.,ml_model
P0455,2025-02-18,Maturity,low,Apply light irrigation in evening.,ml_model
P0455,2025-04-01,Flowering,low,Apply light irrigation in evening.,rule_engine
P0455,2025-06-30,Flowering,low,Apply light irrigation in evening.,weather_service
P0456,2025-01-16,Flowering,low,Monitor for stem borer — scout field edges.,ml_model
P0456,2025-06-06,Vegetative,high,Monitor for stem borer — scout field edges.,weather_service
P0456,2025-01-20,Germination,high,Monitor for stem borer — scout field edges.,rule_engine
P0456,2025-01-07,Tillering,high,Monitor for stem borer — scout field edges.,weather_service
P0456,2025-02-11,Maturity,high,Apply light irrigation in evening.,weather_service
P0456,2025-03-18,Maturity,high,Monitor for stem borer — scout field edges.,ml_model
P0457,2025-03-18,Tillering,medium,Delay fertilizer until rainfall subsides.,weather_service
P0457,2025-06-03,Tillering,low,Delay fertilizer until rainfall subsides.,weather_service
P0457,2025-05-15,Peg Formation,high,Do not irrigate today — soil moisture adequate.,ml_model
P0457,2025-02-11,Germination,high,Apply light irrigation in evening.,ml_model
P0457,2025-06-05,Vegetative,high,Do not irrigate today — soil moisture adequate.,rule_engine
P0457,2025-07-02,Vegetative,medium,Delay fertilizer until rainfall subsides.,weather_service
P0457,2025-05-03,Flowering,medium,Monitor for stem borer — scout field edges.,ml_model
P0458,2025-07-07,Vegetative,low,Field conditions stable — continue regular monitoring.,weather_service
P0458,2025-05-20,Peg Formation,low,Delay fertilizer until rainfall subsides.,weather_service
P0458,2025-03-30,Peg Formation,medium,Apply light irrigation in evening.,rule_engine
P0458,2025-06-14,Flowering,medium,Apply light irrigation in evening.,weather_service
P0458,2025-03-01,Flowering,low,Field conditions stable — continue regular monitoring.,weather_service
P0458,2025-06-25,Maturity,medium,Monitor for stem borer — scout field edges.,rule_engine
P0459,2025-07-19,Seedling,low,Delay fertilizer until rainfall subsides.,ml_model
P0459,2025-05-28,Vegetative,medium,Monitor for stem borer — scout field edges.,weather_service
P0459,2025-01-22,Germination,high,Do not irrigate today — soil moisture adequate.,weather_service
P0459,2025-05-29,Peg Formation,high,Apply light irrigation in evening.,ml_model
P0459,2025-04-27,Vegetative,low,Delay fertilizer until rainfall subsides.,rule_engine
P0459,2025-02-18,Tillering,low,Apply light irrigation in evening.,ml_model
P0459,2025-06-06,Tillering,high,Delay fertilizer until rainfall subsides.,rule_engine
P0459,2025-04-24,Flowering,high,Monitor for stem borer — scout field edges.,ml_model
P0460,2025-07-02,Panicle Initiation,low,Monitor for stem borer — scout field edges.,rule_engine
P0460,2025-04-07,Tillering,low,Monitor for stem borer — scout field edges.,ml_model
P0460,2025-02-25,Maturity,high,Apply light irrigation in evening.,rule_engine
P0460,2025-04-16,Maturity,low,Delay fertilizer until rainfall subsides.,ml_model
P0460,2025-07-15,Flowering,medium,Apply light irrigation in evening.,ml_model
P0460,2025-03-02,Tillering,low,Do not irrigate today — soil moisture adequate.,weather_service
P0461,2025-07-18,Vegetative,high,Field conditions stable — continue regular monitoring.,ml_model
P0461,2025-07-02,Seedling,low,Delay fertilizer until rainfall subsides.,ml_model
P0461,2025-03-12,Maturity,medium,Delay fertilizer until rainfall subsides.,ml_model
P0461,2025-01-01,Vegetative,medium,Delay fertilizer until rainfall subsides.,weather_service
P0461,2025-02-01,Vegetative,low,Field conditions stable — continue regular monitoring.,weather_service
P0462,2025-07-03,Vegetative,medium,Do not irrigate today — soil moisture adequate.,ml_model
P0462,2025-04-03,Seedling,low,Delay fertilizer until rainfall subsides.,weather_service
P0462,2025-01-02,Maturity,high,Do not irrigate today — soil moisture adequate.,rule_engine
P0462,2025-05-20,Vegetative,low,Field conditions stable — continue regular monitoring.,ml_model
P0463,2025-06-11,Maturity,high,Field conditions stable — continue regular monitoring.,ml_model
P0463,2025-05-22,Peg Formation,low,Monitor for stem borer — scout field edges.,rule_engine
P0463,2025-02-20,Flowering,low,Field conditions stable — continue regular monitoring.,weather_service
P0463,2025-04-30,Vegetative,low,Apply light irrigation in evening.,weather_service
P0463,2025-06-04,Panicle Initiation,low,Apply light irrigation in evening.,weather_service
P0463,2025-06-12,Flowering,low,Monitor for stem borer — scout field edges.,rule_engine
P0463,2025-03-19,Flowering,low,Monitor for stem borer — scout field edges.,rule_engine
P0464,2025-06-28,Panicle Initiation,low,Field conditions stable — continue regular monitoring.,weather_service
P0464,2025-02-04,Maturity,medium,Field conditions stable — continue regular monitoring.,rule_engine
P0464,2025-01-29,Flowering,high,Monitor for stem borer — scout field edges.,ml_model
P0465,2025-01-02,Seedling,low,Field conditions stable — continue regular monitoring.,rule_engine
P0465,2025-01-30,Maturity,low,Apply light irrigation in evening.,weather_service
P0465,2025-01-17,Seedling,low,Delay fertilizer until rainfall subsides.,weather_service
P0465,2025-03-14,Peg Formation,medium,Do not irrigate today — soil moisture adequate.,ml_model
P0466,2025-06-18,Maturity,medium,Do not irrigate today — soil moisture adequate.,ml_model
P0466,2025-01-28,Germination,low,Monitor for stem borer — scout field edges.,ml_model
P0466,2025-01-02,Maturity,medium,Do not irrigate today — soil moisture adequate.,rule_engine
P0467,2025-05-25,Germination,high,Monitor for stem borer — scout field edges.,weather_service
P0467,2025-02-16,Maturity,low,Field conditions stable — continue regular monitoring.,rule_engine
P0467,2025-01-27,Flowering,high,Do not irrigate today — soil moisture adequate.,rule_engine
P0467,2025-01-20,Peg Formation,high,Monitor for stem borer — scout field edges.,ml_model
P0467,2025-05-04,Germination,low,Field conditions stable — continue regular monitoring.,rule_engine
P0467,2025-03-27,Germination,medium,Apply light irrigation in evening.,rule_engine
P0467,2025-02-05,Peg Formation,high,Apply light irrigation in evening.,weather_service
P0467,2025-01-17,Tillering,medium,Field conditions stable — continue regular monitoring.,ml_model
P0468,2025-05-24,Vegetative,high,Delay fertilizer until rainfall subsides.,rule_engine
P0468,2025-03-08,Panicle Initiation,medium,Field conditions stable — continue regular monitoring.,ml_model
P0469,2025-07-06,Vegetative,low,Do not irrigate today — soil moisture adequate.,rule_engine
P0469,2025-03-08,Maturity,low,Do not irrigate today — soil moisture adequate.,weather_service
P0469,2025-02-24,Peg Formation,high,Field conditions stable — continue regular monitoring.,ml_model
P0469,2025-05-01,Seedling,high,Monitor for stem borer — scout field edges.,ml_model
P0470,2025-07-05,Vegetative,low,Do not irrigate today — soil moisture adequate.,ml_model
P0470,2025-06-03,Flowering,low,Delay fertilizer until rainfall subsides.,rule_engine
P0470,2025-05-29,Maturity,high,Field conditions stable — continue regular monitoring.,ml_model
P0470,2025-01-15,Flowering,low,Field conditions stable — continue regular monitoring.,ml_model
P0470,2025-02-18,Peg Formation,low,Monitor for stem borer — scout field edges.,weather_service
P0470,2025-07-17,Tillering,low,Monitor for stem borer — scout field edges.,ml_model
P0471,2025-03-14,Flowering,low,Do not irrigate today — soil moisture adequate.,weather_service
P0471,2025-03-10,Peg Formation,low,Field conditions stable — continue regular monitoring.,rule_engine
P0472,2025-05-07,Maturity,low,Do not irrigate today — soil moisture adequate.,weather_service
P0472,2025-06-22,Panicle Initiation,high,Field conditions stable — continue regular monitoring.,ml_model
P0472,2025-02-17,Flowering,high,Field conditions stable — continue regular monitoring.,rule_engine
P0472,2025-04-01,Vegetative,low,Apply light irrigation in evening.,ml_model
P0472,2025-03-12,Maturity,high,Monitor for stem borer — scout field edges.,ml_model
P0473,2025-02-20,Tillering,medium,Apply light irrigation in evening.,rule_engine
P0473,2025-05-24,Maturity,high,Apply light irrigation in evening.,weather_service
P0473,2025-01-08,Maturity,low,Monitor for stem borer — scout field edges.,ml_model
P0474,2025-07-10,Flowering,medium,Do not irrigate today — soil moisture adequate.,rule_engine
P0474,2025-02-01,Tillering,high,Do not irrigate today — soil moisture adequate.,ml_model
P0474,2025-03-16,Maturity,low,Monitor for stem borer — scout field edges.,weather_service
P0475,2025-05-04,Flowering,medium,Delay fertilizer until rainfall subsides.,rule_engine
P0475,2025-07-03,Germination,medium,Delay fertilizer until rainfall subsides.,ml_model
P0475,2025-03-13,Maturity,medium,Field conditions stable — continue regular monitoring.,ml_model
P0475,2025-05-30,Seedling,medium,Do not irrigate today — soil moisture adequate.,rule_engine
P0475,2025-06-12,Vegetative,medium,Field conditions stable — continue regular monitoring.,weather_service
P0476,2025-01-23,Maturity,medium,Monitor for stem borer — scout field edges.,rule_engine
P0476,2025-04-24,Flowering,high,Do not irrigate today — soil moisture adequate.,ml_model
P0476,2025-01-16,Seedling,high,Delay fertilizer until rainfall subsides.,ml_model
P0476,2025-01-11,Vegetative,low,Do not irrigate today — soil moisture adequate.,rule_engine
P0476,2025-06-01,Maturity,medium,Delay fertilizer until rainfall subsides.,weather_service
P0476,2025-06-08,Germination,high,Field conditions stable — continue regular monitoring.,ml_model
P0477,2025-01-20,Maturity,low,Delay fertilizer until rainfall subsides.,weather_service
P0477,2025-05-31,Seedling,high,Do not irrigate today — soil moisture adequate.,ml_model
P0477,2025-05-15,Seedling,medium,Field conditions stable — continue regular monitoring.,ml_model
P0477,2025-03-29,Tillering,low,Delay fertilizer until rainfall subsides.,rule_engine
P0477,2025-04-27,Panicle Initiation,high,Delay fertilizer until rainfall subsides.,ml_model
P0477,2025-01-26,Vegetative,high,Do not irrigate today — soil moisture adequate.,ml_model
P0478,2025-01-01,Seedling,high,Do not irrigate today — soil moisture adequate.,rule_engine
P0478,2025-06-28,Tillering,low,Field conditions stable — continue regular monitoring.,ml_model
P0479,2025-04-12,Germination,high,Field conditions stable — continue regular monitoring.,weather_service
P0479,2025-01-15,Flowering,high,Field conditions stable — continue regular monitoring.,rule_engine
P0479,2025-06-10,Germination,medium,Apply light irrigation in evening.,rule_engine
P0479,2025-06-10,Maturity,high,Do not irrigate today — soil moisture adequate.,rule_engine
P0480,2025-06-12,Flowering,medium,Monitor for stem borer — scout field edges.,rule_engine
P0480,2025-02-21,Panicle Initiation,high,Apply light irrigation in evening.,weather_service
P0480,2025-01-02,Vegetative,medium,Do not irrigate today — soil moisture adequate.,rule_engine
P0480,2025-06-29,Flowering,high,Do not irrigate today — soil moisture adequate.,weather_service
P0480,2025-02-19,Seedling,low,Field conditions stable — continue regular monitoring.,ml_model
P0480,2025-07-02,Maturity,medium,Apply light irrigation in evening.,rule_engine
P0480,2025-01-04,Flowering,high,Do not irrigate today — soil moisture adequate.,ml_model
P0480,2025-03-22,Germination,low,Monitor for stem borer — scout field edges.,weather_service
P0481,2025-06-01,Peg Formation,high,Delay fertilizer until rainfall subsides.,rule_engine
P0481,2025-04-25,Flowering,medium,Delay fertilizer until rainfall subsides.,ml_model
P0481,2025-06-17,Peg Formation,medium,Do not irrigate today — soil moisture adequate.,rule_engine
P0481,2025-07-12,Panicle Initiation,low,Monitor for stem borer — scout field edges.,weather_service
P0481,2025-01-01,Maturity,high,Do not irrigate today — soil moisture adequate.,rule_engine
P0481,2025-03-01,Peg Formation,medium,Field conditions stable — continue regular monitoring.,rule_engine
P0482,2025-06-26,Flowering,high,Delay fertilizer until rainfall subsides.,ml_model
P0482,2025-05-01,Maturity,low,Delay fertilizer until rainfall subsides.,rule_engine
P0482,2025-02-27,Flowering,low,Do not irrigate today — soil moisture adequate.,rule_engine
P0482,2025-02-07,Panicle Initiation,high,Delay fertilizer until rainfall subsides.,weather_service
P0483,2025-01-04,Maturity,low,Do not irrigate today — soil moisture adequate.,weather_service
P0483,2025-05-02,Maturity,medium,Do not irrigate today — soil moisture adequate.,weather_service
P0483,2025-04-26,Peg Formation,medium,Monitor for stem borer — scout field edges.,ml_model
P0484,2025-07-18,Flowering,medium,Monitor for stem borer — scout field edges.,rule_engine
P0484,2025-05-04,Maturity,high,Monitor for stem borer — scout field edges.,weather_service
P0484,2025-05-10,Maturity,high,Apply light irrigation in evening.,ml_model
P0485,2025-05-24,Germination,low,Monitor for stem borer — scout field edges.,weather_service
P0485,2025-01-11,Germination,medium,Field conditions stable — continue regular monitoring.,ml_model
P0485,2025-06-13,Seedling,low,Monitor for stem borer — scout field edges.,weather_service
P0485,2025-03-04,Flowering,low,Do not irrigate today — soil moisture adequate.,weather_service
P0486,2025-07-01,Flowering,low,Field conditions stable — continue regular monitoring.,ml_model
P0486,2025-05-11,Peg Formation,medium,Field conditions stable — continue regular monitoring.,weather_service
P0486,2025-06-14,Maturity,high,Monitor for stem borer — scout field edges.,weather_service
P0486,2025-01-15,Maturity,medium,Delay fertilizer until rainfall subsides.,rule_engine
P0486,2025-02-19,Tillering,high,Field conditions stable — continue regular monitoring.,rule_engine
P0486,2025-01-17,Germination,low,Delay fertilizer until rainfall subsides.,rule_engine
P0486,2025-06-23,Peg Formation,low,Delay fertilizer until rainfall subsides.,ml_model
P0486,2025-05-21,Flowering,high,Delay fertilizer until rainfall subsides.,weather_service
P0487,2025-03-26,Peg Formation,high,Monitor for stem borer — scout field edges.,ml_model
P0487,2025-02-01,Maturity,low,Monitor for stem borer — scout field edges.,ml_model
P0487,2025-01-11,Maturity,low,Do not irrigate today — soil moisture adequate.,ml_model
P0487,2025-06-26,Peg Formation,high,Apply light irrigation in evening.,weather_service
P0488,2025-06-26,Flowering,medium,Monitor for stem borer — scout field edges.,rule_engine
P0488,2025-06-03,Vegetative,high,Do not irrigate today — soil moisture adequate.,weather_service
P0488,2025-04-26,Germination,high,Apply light irrigation in evening.,ml_model
P0488,2025-02-07,Peg Formation,low,Field conditions stable — continue regular monitoring.,weather_service
P0488,2025-05-06,Panicle Initiation,medium,Field conditions stable — continue regular monitoring.,rule_engine
P0488,2025-05-25,Peg Formation,low,Do not irrigate today — soil moisture adequate.,ml_model
P0488,2025-06-07,Vegetative,medium,Delay fertilizer until rainfall subsides.,weather_service
P0488,2025-05-24,Panicle Initiation,high,Delay fertilizer until rainfall subsides.,ml_model
P0489,2025-01-27,Flowering,low,Delay fertilizer until rainfall subsides.,rule_engine
P0489,2025-05-09,Peg Formation,low,Do not irrigate today — soil moisture adequate.,rule_engine
P0489,2025-01-01,Seedling,low,Delay fertilizer until rainfall subsides.,rule_engine
P0489,2025-02-04,Vegetative,medium,Monitor for stem borer — scout field edges.,ml_model
P0489,2025-05-08,Flowering,high,Apply light irrigation in evening.,ml_model
P0489,2025-05-29,Maturity,high,Apply light irrigation in evening.,ml_model
P0489,2025-02-11,Germination,high,Field conditions stable — continue regular monitoring.,weather_service
P0490,2025-03-11,Panicle Initiation,medium,Field conditions stable — continue regular monitoring.,ml_model
P0490,2025-02-13,Germination,high,Do not irrigate today — soil moisture adequate.,weather_service
P0490,2025-04-10,Maturity,high,Field conditions stable — continue regular monitoring.,rule_engine
P0490,2025-06-16,Tillering,low,Monitor for stem borer — scout field edges.,weather_service
P0490,2025-03-16,Peg Formation,high,Delay fertilizer until rainfall subsides.,weather_service
P0490,2025-06-01,Maturity,low,Do not irrigate today — soil moisture adequate.,weather_service
P0491,2025-07-17,Peg Formation,low,Delay fertilizer until rainfall subsides.,weather_service
P0491,2025-03-09,Maturity,medium,Do not irrigate today — soil moisture adequate.,ml_model
P0491,2025-05-29,Maturity,high,Apply light irrigation in evening.,ml_model
P0491,2025-01-27,Germination,high,Do not irrigate today — soil moisture adequate.,weather_service
P0491,2025-05-06,Maturity,low,Field conditions stable — continue regular monitoring.,weather_service
P0491,2025-01-20,Panicle Initiation,high,Monitor for stem borer — scout field edges.,weather_service
P0492,2025-04-26,Flowering,medium,Do not irrigate today — soil moisture adequate.,rule_engine
P0492,2025-05-05,Tillering,high,Delay fertilizer until rainfall subsides.,ml_model
P0492,2025-02-26,Tillering,low,Field conditions stable — continue regular monitoring.,ml_model
P0492,2025-03-20,Tillering,high,Field conditions stable — continue regular monitoring.,ml_model
P0492,2025-04-26,Peg Formation,high,Monitor for stem borer — scout field edges.,weather_service
P0492,2025-01-26,Peg Formation,high,Monitor for stem borer — scout field edges.,ml_model
P0492,2025-06-17,Flowering,high,Apply light irrigation in evening.,weather_service
P0493,2025-03-04,Panicle Initiation,medium,Delay fertilizer until rainfall subsides.,ml_model
P0493,2025-04-12,Seedling,low,Field conditions stable — continue regular monitoring.,weather_service
P0493,2025-02-22,Peg Formation,medium,Do not irrigate today — soil moisture adequate.,weather_service
P0493,2025-05-30,Vegetative,medium,Do not irrigate today — soil moisture adequate.,ml_model
P0493,2025-03-17,Peg Formation,high,Do not irrigate today — soil moisture adequate.,rule_engine
P0493,2025-03-27,Maturity,low,Field conditions stable — continue regular monitoring.,rule_engine
P0494,2025-04-18,Flowering,medium,Do not irrigate today — soil moisture adequate.,weather_service
P0494,2025-03-31,Maturity,high,Monitor for stem borer — scout field edges.,rule_engine
P0494,2025-07-12,Maturity,low,Monitor for stem borer — scout field edges.,ml_model
P0494,2025-03-14,Germination,low,Apply light irrigation in evening.,weather_service
P0494,2025-01-05,Flowering,high,Do not irrigate today — soil moisture adequate.,ml_model
P0494,2025-02-20,Germination,high,Monitor for stem borer — scout field edges.,weather_service
P0494,2025-07-09,Flowering,medium,Field conditions stable — continue regular monitoring.,ml_model
P0494,2025-03-07,Maturity,low,Delay fertilizer until rainfall subsides.,rule_engine
P0495,2025-03-29,Maturity,medium,Do not irrigate today — soil moisture adequate.,ml_model
P0495,2025-06-21,Maturity,low,Delay fertilizer until rainfall subsides.,rule_engine
P0495,2025-07-17,Flowering,high,Monitor for stem borer — scout field edges.,ml_model
P0495,2025-06-22,Flowering,low,Apply light irrigation in evening.,weather_service
P0495,2025-03-06,Seedling,high,Do not irrigate today — soil moisture adequate.,weather_service
P0496,2025-07-20,Maturity,low,Field conditions stable — continue regular monitoring.,weather_service
P0496,2025-05-06,Maturity,low,Do not irrigate today — soil moisture adequate.,rule_engine
P0496,2025-03-10,Seedling,low,Apply light irrigation in evening.,ml_model
P0496,2025-01-19,Germination,high,Do not irrigate today — soil moisture adequate.,weather_service
P0496,2025-03-09,Vegetative,medium,Apply light irrigation in evening.,rule_engine
P0496,2025-02-22,Germination,high,Apply light irrigation in evening.,weather_service
P0496,2025-03-01,Maturity,low,Apply light irrigation in evening.,rule_engine
P0496,2025-04-08,Peg Formation,high,Do not irrigate today — soil moisture adequate.,rule_engine
P0497,2025-03-18,Flowering,low,Delay fertilizer until rainfall subsides.,rule_engine
P0497,2025-05-05,Vegetative,low,Do not irrigate today — soil moisture adequate.,ml_model
P0497,2025-03-25,Germination,medium,Delay fertilizer until rainfall subsides.,ml_model
P0497,2025-04-10,Maturity,low,Do not irrigate today — soil moisture adequate.,weather_service
P0497,2025-01-22,Peg Formation,high,Apply light irrigation in evening.,rule_engine
P0497,2025-01-13,Peg Formation,low,Monitor for stem borer — scout field edges.,ml_model
P0497,2025-05-09,Panicle Initiation,low,Field conditions stable — continue regular monitoring.,ml_model
P0497,2025-04-30,Vegetative,high,Do not irrigate today — soil moisture adequate.,ml_model
P0498,2025-01-26,Panicle Initiation,medium,Delay fertilizer until rainfall subsides.,ml_model
P0498,2025-07-09,Vegetative,medium,Field conditions stable — continue regular monitoring.,ml_model
P0498,2025-04-24,Flowering,high,Apply light irrigation in evening.,weather_service
P0498,2025-03-31,Panicle Initiation,high,Monitor for stem borer — scout field edges.,ml_model
P0498,2025-06-09,Panicle Initiation,high,Delay fertilizer until rainfall subsides.,ml_model
P0498,2025-07-18,Flowering,low,Apply light irrigation in evening.,rule_engine
P0498,2025-06-05,Maturity,medium,Apply light irrigation in evening.,rule_engine
P0499,2025-02-22,Peg Formation,medium,Do not irrigate today — soil moisture adequate.,rule_engine
P0499,2025-05-31,Flowering,medium,Apply light irrigation in evening.,weather_service
P0499,2025-05-06,Tillering,low,Apply light irrigation in evening.,rule_engine
P0499,2025-06-30,Germination,high,Delay fertilizer until rainfall subsides.,ml_model
P0500,2025-06-19,Tillering,low,Monitor for stem borer — scout field edges.,weather_service
P0500,2025-04-29,Germination,medium,Field conditions stable — continue regular monitoring.,weather_service
P0500,2025-02-13,Tillering,low,Do not irrigate today — soil moisture adequate.,weather_service
P0500,2025-05-13,Vegetative,low,Field conditions stable — continue regular monitoring.,weather_service
P0500,2025-04-03,Panicle Initiation,medium,Do not irrigate today — soil moisture adequate.,weather_service
P0500,2025-01-02,Flowering,medium,Monitor for stem borer — scout field edges.,weather_service
P0500,2025-01-19,Maturity,high,Apply light irrigation in evening.,rule_engine
P0500,2025-04-30,Flowering,medium,Apply light irrigation in evening.,ml_model
