parcel_id,year,season,crop,area,production,yield,sowing_date,harvest_date,fertilizer,pesticide,irrigation_count
P0001,2020,Kharif,Groundnut,0.63,0.89,1.41,2020-07-15,2020-12-01,DAP,Chlorpyrifos,16
P0001,2021,Rabi,Groundnut,0.63,0.79,1.25,2021-11-07,2022-03-01,Urea,Tricyclazole,22
P0001,2021,Summer,Groundnut,0.63,1.83,2.91,2021-11-01,2022-03-15,DAP,Tricyclazole,21
P0001,2022,Kharif,Rice,0.63,2.7,4.28,2022-10-01,2023-02-09,NPK 19:19:19,Tricyclazole,14
P0001,2022,Rabi,Rice,0.63,2.41,3.82,2022-11-06,2023-04-05,DAP,Carbendazim,19
P0001,2022,Summer,Groundnut,0.63,1.57,2.5,2022-10-08,2023-02-09,NPK 19:19:19,None,15
P0001,2023,Kharif,Rice,0.63,2.36,3.75,2023-11-23,2024-03-03,MOP,Carbendazim,20
P0001,2023,Summer,Groundnut,0.63,1.03,1.64,2023-11-03,2024-03-09,DAP,Carbendazim,19
P0001,2024,Kharif,Rice,0.63,1.88,2.99,2024-11-06,2025-02-24,Organic Compost,Chlorpyrifos,9
P0001,2024,Rabi,Rice,0.63,1.51,2.4,2024-06-25,2024-10-17,DAP,None,25
P0002,2020,Rabi,Sugarcane,0.58,1.83,3.15,2020-07-10,2020-10-27,MOP,Chlorpyrifos,15
P0002,2020,Summer,Rice,0.58,2.78,4.79,2020-06-08,2020-09-21,Organic Compost,Chlorpyrifos,17
P0002,2021,Kharif,Sugarcane,0.58,1.75,3.02,2021-07-08,2021-10-17,DAP,None,10
P0002,2021,Rabi,Rice,0.58,3.2,5.51,2021-07-18,2021-11-02,Organic Compost,Carbendazim,13
P0002,2022,Kharif,Rice,0.58,3.16,5.45,2022-06-11,2022-09-29,Organic Compost,None,24
P0002,2022,Rabi,Rice,0.58,1.29,2.22,2022-11-05,2023-02-23,DAP,Chlorpyrifos,15
P0002,2022,Summer,Rice,0.58,2.35,4.05,2022-10-15,2023-02-07,Urea,Chlorpyrifos,13
P0002,2023,Kharif,Rice,0.58,1.16,2.0,2023-06-13,2023-09-29,NPK 19:19:19,Tricyclazole,20
P0002,2023,Rabi,Sugarcane,0.58,1.09,1.88,2023-11-21,2024-04-02,Organic Compost,Tricyclazole,16
P0002,2023,Summer,Sugarcane,0.58,0.77,1.32,2023-07-17,2023-11-25,Urea,Chlorpyrifos,10
P0002,2024,Kharif,Rice,0.58,3.52,6.07,2024-10-04,2025-02-19,NPK 19:19:19,Tricyclazole,17
P0002,2024,Rabi,Rice,0.58,1.2,2.07,2024-11-07,2025-04-04,NPK 19:19:19,Chlorpyrifos,22
P0002,2024,Summer,Rice,0.58,1.53,2.64,2024-10-13,2025-02-05,DAP,Tricyclazole,16
P0003,2020,Kharif,Sugarcane,0.67,1.45,2.16,2020-11-12,2021-03-05,NPK 19:19:19,None,15
P0003,2020,Rabi,Rice,0.67,2.4,3.58,2020-10-12,2021-01-23,NPK 19:19:19,Tricyclazole,10
P0003,2020,Summer,Rice,0.67,1.54,2.3,2020-11-02,2021-03-12,MOP,Chlorpyrifos,17
P0003,2021,Kharif,Rice,0.67,3.58,5.35,2021-06-04,2021-09-21,Organic Compost,Carbendazim,9
P0003,2022,Kharif,Rice,0.67,3.75,5.59,2022-11-13,2023-03-14,NPK 19:19:19,Carbendazim,18
P0003,2023,Kharif,Rice,0.67,2.65,3.95,2023-11-25,2024-04-04,Organic Compost,None,25
P0003,2023,Rabi,Rice,0.67,2.34,3.49,2023-07-27,2023-11-28,NPK 19:19:19,Carbendazim,12
P0003,2024,Kharif,Rice,0.67,2.0,2.99,2024-11-09,2025-03-14,Urea,Carbendazim,8
P0003,2024,Rabi,Rice,0.67,2.6,3.88,2024-11-19,2025-03-11,DAP,Tricyclazole,25
P0003,2024,Summer,Rice,0.67,3.93,5.86,2024-06-03,2024-09-21,MOP,Tricyclazole,10
P0004,2020,Rabi,Groundnut,2.09,5.58,2.67,2020-11-04,2021-02-17,MOP,Carbendazim,23
P0004,2020,Summer,Rice,2.09,7.25,3.47,2020-10-21,2021-03-12,DAP,Carbendazim,15
P0004,2021,Summer,Rice,2.09,13.5,6.46,2021-10-16,2022-03-11,Urea,Carbendazim,16
P0004,2023,Kharif,Groundnut,2.09,5.73,2.74,2023-11-05,2024-02-19,Organic Compost,Carbendazim,21
P0004,2023,Rabi,Groundnut,2.09,3.36,1.61,2023-10-10,2024-01-23,Organic Compost,Tricyclazole,10
P0004,2023,Summer,Rice,2.09,5.62,2.69,2023-11-13,2024-03-19,NPK 19:19:19,None,18
P0004,2024,Kharif,Rice,2.09,12.46,5.96,2024-10-08,2025-02-16,NPK 19:19:19,Tricyclazole,14
P0004,2024,Rabi,Groundnut,2.09,6.29,3.01,2024-10-08,2025-02-24,MOP,Chlorpyrifos,18
P0004,2024,Summer,Rice,2.09,11.66,5.58,2024-06-03,2024-09-16,Urea,Chlorpyrifos,25
P0005,2020,Kharif,Rice,2.66,10.96,4.12,2020-07-02,2020-10-10,Urea,Chlorpyrifos,17
P0005,2020,Rabi,Rice,2.66,6.36,2.39,2020-10-22,2021-03-07,DAP,Carbendazim,18
P0005,2021,Kharif,Rice,2.66,15.16,5.7,2021-06-20,2021-09-28,DAP,Chlorpyrifos,20
P0005,2021,Rabi,Groundnut,2.66,4.6,1.73,2021-06-09,2021-10-24,Organic Compost,None,17
P0005,2022,Kharif,Rice,2.66,13.7,5.15,2022-07-21,2022-12-17,Urea,Tricyclazole,15
P0005,2022,Rabi,Rice,2.66,13.27,4.99,2022-11-28,2023-03-29,NPK 19:19:19,Tricyclazole,19
P0005,2022,Summer,Rice,2.66,15.08,5.67,2022-10-21,2023-03-15,NPK 19:19:19,Chlorpyrifos,17
P0005,2023,Kharif,Groundnut,2.66,7.34,2.76,2023-07-15,2023-11-01,Urea,None,9
P0005,2023,Rabi,Rice,2.66,6.84,2.57,2023-07-04,2023-11-09,Urea,Carbendazim,18
P0005,2023,Summer,Groundnut,2.66,3.48,1.31,2023-11-14,2024-03-19,Organic Compost,Carbendazim,14
P0005,2024,Kharif,Rice,2.66,7.61,2.86,2024-10-06,2025-02-08,Urea,None,9
P0005,2024,Rabi,Rice,2.66,10.88,4.09,2024-11-06,2025-03-17,NPK 19:19:19,Carbendazim,22
P0006,2020,Rabi,Groundnut,0.7,2.22,3.17,2020-10-25,2021-03-10,DAP,None,13
P0006,2020,Summer,Groundnut,0.7,0.96,1.37,2020-06-16,2020-10-15,DAP,Chlorpyrifos,24
P0006,2021,Kharif,Rice,0.7,2.72,3.88,2021-07-24,2021-11-12,Urea,Carbendazim,18
P0006,2021,Rabi,Rice,0.7,2.92,4.17,2021-10-01,2022-01-15,Organic Compost,Chlorpyrifos,14
P0006,2022,Kharif,Rice,0.7,3.33,4.76,2022-11-17,2023-04-03,Organic Compost,Chlorpyrifos,21
P0006,2022,Rabi,Rice,0.7,3.12,4.46,2022-11-24,2023-04-10,Organic Compost,Tricyclazole,9
P0006,2023,Rabi,Rice,0.7,4.33,6.18,2023-11-27,2024-04-01,Organic Compost,Chlorpyrifos,18
P0006,2023,Summer,Groundnut,0.7,2.26,3.23,2023-11-09,2024-03-07,Urea,Chlorpyrifos,16
P0006,2024,Kharif,Rice,0.7,4.4,6.28,2024-07-02,2024-10-24,NPK 19:19:19,Chlorpyrifos,20
P0007,2020,Rabi,Sugarcane,0.74,2.21,2.99,2020-06-17,2020-11-10,MOP,None,23
P0007,2020,Summer,Rice,0.74,4.33,5.85,2020-10-25,2021-02-09,NPK 19:19:19,Carbendazim,13
P0007,2021,Kharif,Rice,0.74,1.75,2.36,2021-06-22,2021-10-27,DAP,Tricyclazole,8
P0007,2021,Summer,Rice,0.74,3.71,5.02,2021-07-22,2021-11-17,NPK 19:19:19,Chlorpyrifos,21
P0007,2023,Kharif,Rice,0.74,4.39,5.93,2023-06-03,2023-09-20,Urea,Chlorpyrifos,10
P0007,2023,Rabi,Rice,0.74,2.98,4.03,2023-07-04,2023-11-29,Urea,Tricyclazole,24
P0007,2024,Kharif,Rice,0.74,1.78,2.41,2024-06-12,2024-11-09,DAP,Tricyclazole,14
P0007,2024,Rabi,Rice,0.74,4.03,5.45,2024-06-20,2024-11-17,Urea,Chlorpyrifos,12
P0008,2020,Kharif,Groundnut,1.98,3.72,1.88,2020-11-25,2021-04-14,MOP,Tricyclazole,21
P0008,2020,Summer,Groundnut,1.98,5.05,2.55,2020-07-06,2020-10-26,NPK 19:19:19,None,15
P0008,2021,Kharif,Groundnut,1.98,5.17,2.61,2021-11-13,2022-03-13,DAP,None,9
P0008,2021,Rabi,Rice,1.98,12.28,6.2,2021-10-01,2022-02-20,MOP,Tricyclazole,8
P0008,2021,Summer,Groundnut,1.98,4.93,2.49,2021-06-05,2021-09-19,Organic Compost,None,12
P0008,2022,Kharif,Rice,1.98,10.97,5.54,2022-06-20,2022-09-30,MOP,Chlorpyrifos,17
P0008,2022,Rabi,Groundnut,1.98,2.26,1.14,2022-10-02,2023-01-16,MOP,Chlorpyrifos,16
P0008,2022,Summer,Groundnut,1.98,6.83,3.45,2022-10-11,2023-02-14,Organic Compost,Carbendazim,10
P0008,2023,Kharif,Rice,1.98,12.71,6.42,2023-11-01,2024-02-10,MOP,Chlorpyrifos,10
P0008,2023,Rabi,Rice,1.98,12.65,6.39,2023-10-04,2024-01-18,MOP,Carbendazim,11
P0008,2024,Rabi,Groundnut,1.98,6.14,3.1,2024-06-09,2024-10-06,Organic Compost,None,25
P0008,2024,Summer,Rice,1.98,10.67,5.39,2024-10-04,2025-02-06,Urea,Carbendazim,21
P0009,2020,Summer,Groundnut,0.68,0.69,1.01,2020-06-04,2020-10-19,NPK 19:19:19,None,23
P0009,2021,Kharif,Groundnut,0.68,1.69,2.48,2021-06-09,2021-09-27,Organic Compost,Chlorpyrifos,10
P0009,2022,Kharif,Rice,0.68,3.59,5.28,2022-06-16,2022-10-07,DAP,Chlorpyrifos,24
P0009,2022,Summer,Rice,0.68,2.09,3.07,2022-07-16,2022-11-28,NPK 19:19:19,Chlorpyrifos,20
P0009,2023,Rabi,Rice,0.68,2.62,3.85,2023-07-13,2023-11-27,Organic Compost,Carbendazim,16
P0009,2024,Kharif,Rice,0.68,3.21,4.72,2024-11-09,2025-03-30,Urea,None,20
P0009,2024,Rabi,Rice,0.68,3.86,5.67,2024-07-19,2024-11-07,Organic Compost,None,15
P0010,2020,Rabi,Rice,0.89,2.31,2.6,2020-06-22,2020-10-25,DAP,Carbendazim,11
P0010,2020,Summer,Rice,0.89,1.83,2.06,2020-06-27,2020-11-18,Urea,Carbendazim,14
P0010,2021,Kharif,Rice,0.89,3.08,3.46,2021-06-28,2021-10-29,NPK 19:19:19,Tricyclazole,24
P0010,2021,Rabi,Sugarcane,0.89,1.21,1.36,2021-07-28,2021-12-15,NPK 19:19:19,Carbendazim,14
P0010,2021,Summer,Rice,0.89,3.53,3.97,2021-11-16,2022-03-13,MOP,None,21
P0010,2022,Kharif,Rice,0.89,3.88,4.36,2022-06-24,2022-10-31,DAP,Tricyclazole,11
P0010,2022,Rabi,Rice,0.89,3.49,3.92,2022-10-09,2023-01-28,Urea,Tricyclazole,24
P0010,2023,Kharif,Rice,0.89,4.54,5.1,2023-07-15,2023-11-04,MOP,Tricyclazole,20
P0010,2023,Summer,Sugarcane,0.89,1.42,1.59,2023-07-01,2023-11-27,NPK 19:19:19,Tricyclazole,15
P0010,2024,Kharif,Rice,0.89,3.27,3.67,2024-06-09,2024-11-02,MOP,None,16
P0010,2024,Rabi,Rice,0.89,4.05,4.55,2024-11-01,2025-02-13,Urea,Chlorpyrifos,17
P0011,2020,Rabi,Rice,1.74,4.65,2.67,2020-11-17,2021-02-25,Urea,Carbendazim,25
P0011,2020,Summer,Rice,1.74,4.94,2.84,2020-06-16,2020-10-06,MOP,Tricyclazole,16
P0011,2021,Kharif,Rice,1.74,8.72,5.01,2021-07-21,2021-11-23,Organic Compost,Carbendazim,11
P0011,2021,Rabi,Rice,1.74,10.2,5.86,2021-07-11,2021-10-21,MOP,Tricyclazole,15
P0011,2021,Summer,Sugarcane,1.74,1.81,1.04,2021-07-14,2021-11-26,Urea,None,12
P0011,2022,Rabi,Rice,1.74,11.28,6.48,2022-11-14,2023-03-28,Urea,None,25
P0011,2022,Summer,Rice,1.74,5.19,2.98,2022-07-24,2022-11-14,Urea,None,16
P0011,2023,Rabi,Rice,1.74,10.44,6.0,2023-10-21,2024-03-06,DAP,None,18
P0011,2023,Summer,Rice,1.74,9.67,5.56,2023-06-26,2023-10-20,Organic Compost,Chlorpyrifos,9
P0011,2024,Kharif,Rice,1.74,8.93,5.13,2024-07-22,2024-12-17,Urea,Tricyclazole,14
P0011,2024,Rabi,Rice,1.74,8.04,4.62,2024-06-03,2024-10-13,Organic Compost,Carbendazim,8
P0011,2024,Summer,Rice,1.74,7.83,4.5,2024-10-25,2025-03-02,DAP,None,11
P0012,2020,Kharif,Rice,1.75,9.97,5.7,2020-10-07,2021-01-26,DAP,None,13
P0012,2021,Rabi,Sugarcane,1.75,1.89,1.08,2021-07-20,2021-11-05,DAP,Carbendazim,17
P0012,2021,Summer,Sugarcane,1.75,5.39,3.08,2021-07-23,2021-11-04,DAP,Tricyclazole,20
P0012,2022,Rabi,Rice,1.75,9.52,5.44,2022-11-04,2023-02-17,DAP,None,12
P0012,2022,Summer,Sugarcane,1.75,2.92,1.67,2022-07-23,2022-11-10,Organic Compost,Carbendazim,22
P0012,2023,Rabi,Rice,1.75,8.31,4.75,2023-11-14,2024-03-04,NPK 19:19:19,Carbendazim,18
P0012,2024,Rabi,Rice,1.75,6.46,3.69,2024-07-13,2024-11-08,Organic Compost,Tricyclazole,10
P0012,2024,Summer,Rice,1.75,9.31,5.32,2024-07-02,2024-10-24,Organic Compost,None,25
P0013,2020,Kharif,Groundnut,2.74,6.44,2.35,2020-06-17,2020-10-06,DAP,Chlorpyrifos,15
P0013,2020,Rabi,Rice,2.74,6.52,2.38,2020-07-18,2020-11-30,Organic Compost,None,16
P0013,2021,Kharif,Groundnut,2.74,8.58,3.13,2021-06-14,2021-10-23,DAP,Chlorpyrifos,15
P0013,2021,Rabi,Rice,2.74,6.36,2.32,2021-07-20,2021-11-25,Organic Compost,None,18
P0013,2021,Summer,Rice,2.74,14.91,5.44,2021-10-01,2022-01-11,Urea,None,8
P0013,2022,Summer,Rice,2.74,11.4,4.16,2022-06-23,2022-10-13,Urea,Tricyclazole,25
P0013,2023,Kharif,Rice,2.74,17.67,6.45,2023-06-24,2023-10-11,MOP,Tricyclazole,11
P0013,2023,Rabi,Rice,2.74,6.52,2.38,2023-10-09,2024-01-27,DAP,Tricyclazole,17
P0013,2023,Summer,Rice,2.74,9.04,3.3,2023-07-06,2023-12-01,Organic Compost,None,18
P0013,2024,Kharif,Rice,2.74,6.03,2.2,2024-11-15,2025-02-24,Urea,None,16
P0013,2024,Rabi,Groundnut,2.74,3.34,1.22,2024-10-21,2025-02-19,Organic Compost,Carbendazim,24
P0014,2020,Kharif,Rice,2.01,11.24,5.59,2020-07-14,2020-10-31,Organic Compost,Chlorpyrifos,18
P0014,2020,Rabi,Rice,2.01,11.12,5.53,2020-10-10,2021-01-28,NPK 19:19:19,None,25
P0014,2020,Summer,Groundnut,2.01,3.22,1.6,2020-06-14,2020-10-05,Organic Compost,Tricyclazole,19
P0014,2021,Kharif,Rice,2.01,4.56,2.27,2021-07-05,2021-10-17,Urea,None,20
P0014,2021,Summer,Rice,2.01,6.35,3.16,2021-10-21,2022-03-16,DAP,Tricyclazole,23
P0014,2022,Kharif,Groundnut,2.01,5.85,2.91,2022-07-13,2022-12-05,Organic Compost,None,20
P0014,2023,Rabi,Rice,2.01,9.85,4.9,2023-07-17,2023-11-30,MOP,Tricyclazole,17
P0014,2024,Rabi,Groundnut,2.01,6.25,3.11,2024-10-24,2025-03-19,NPK 19:19:19,Chlorpyrifos,11
P0015,2020,Kharif,Rice,1.47,8.38,5.7,2020-11-28,2021-03-10,MOP,Tricyclazole,13
P0015,2020,Rabi,Rice,1.47,4.17,2.84,2020-10-28,2021-02-07,DAP,Carbendazim,18
P0015,2020,Summer,Groundnut,1.47,1.56,1.06,2020-10-07,2021-03-02,Urea,Tricyclazole,20
P0015,2021,Rabi,Rice,1.47,7.78,5.29,2021-06-25,2021-10-17,MOP,Chlorpyrifos,25
P0015,2021,Summer,Groundnut,1.47,5.04,3.43,2021-10-11,2022-03-06,NPK 19:19:19,None,18
P0015,2022,Rabi,Rice,1.47,9.0,6.12,2022-10-08,2023-01-29,DAP,Carbendazim,14
P0015,2022,Summer,Rice,1.47,5.56,3.78,2022-10-23,2023-02-07,DAP,Chlorpyrifos,11
P0015,2023,Rabi,Groundnut,1.47,1.93,1.31,2023-11-24,2024-04-22,Urea,Chlorpyrifos,15
P0015,2023,Summer,Groundnut,1.47,2.95,2.01,2023-11-07,2024-02-23,MOP,Chlorpyrifos,9
P0015,2024,Kharif,Rice,1.47,6.98,4.75,2024-06-03,2024-10-29,Organic Compost,Tricyclazole,18
P0015,2024,Rabi,Rice,1.47,8.1,5.51,2024-11-17,2025-03-23,Organic Compost,None,8
P0015,2024,Summer,Groundnut,1.47,3.63,2.47,2024-06-26,2024-10-05,MOP,Tricyclazole,11
P0016,2020,Kharif,Rice,0.96,3.36,3.5,2020-07-23,2020-11-24,NPK 19:19:19,Carbendazim,17
P0016,2020,Rabi,Rice,0.96,4.86,5.06,2020-11-01,2021-03-20,NPK 19:19:19,Carbendazim,19
P0016,2022,Rabi,Rice,0.96,2.9,3.02,2022-06-18,2022-10-14,NPK 19:19:19,Tricyclazole,18
P0016,2022,Summer,Groundnut,0.96,2.92,3.04,2022-11-07,2023-02-25,DAP,Chlorpyrifos,24
P0017,2020,Rabi,Rice,2.9,11.11,3.83,2020-07-17,2020-11-28,Urea,Carbendazim,8
P0017,2020,Summer,Rice,2.9,11.4,3.93,2020-07-16,2020-11-18,Urea,None,11
P0017,2021,Kharif,Groundnut,2.9,9.25,3.19,2021-06-02,2021-09-22,Urea,Chlorpyrifos,19
P0017,2021,Rabi,Rice,2.9,14.73,5.08,2021-06-13,2021-09-30,Urea,Carbendazim,14
P0017,2022,Summer,Rice,2.9,12.44,4.29,2022-06-27,2022-11-01,DAP,Tricyclazole,11
P0017,2023,Kharif,Groundnut,2.9,7.57,2.61,2023-11-25,2024-04-08,DAP,Chlorpyrifos,24
P0017,2023,Rabi,Rice,2.9,9.77,3.37,2023-06-04,2023-09-27,Organic Compost,None,24
P0017,2023,Summer,Groundnut,2.9,6.35,2.19,2023-10-10,2024-02-02,Organic Compost,Chlorpyrifos,21
P0017,2024,Summer,Rice,2.9,10.64,3.67,2024-06-04,2024-10-24,Urea,None,24
P0018,2020,Kharif,Rice,1.11,3.13,2.82,2020-10-10,2021-02-23,Urea,Tricyclazole,16
P0018,2020,Rabi,Groundnut,1.11,3.07,2.77,2020-11-25,2021-04-12,Organic Compost,Tricyclazole,20
P0018,2020,Summer,Rice,1.11,3.7,3.33,2020-11-03,2021-03-16,Organic Compost,Carbendazim,20
P0018,2021,Kharif,Groundnut,1.11,1.4,1.26,2021-07-11,2021-11-24,Urea,Carbendazim,14
P0018,2021,Rabi,Groundnut,1.11,3.35,3.02,2021-06-06,2021-11-02,DAP,Carbendazim,12
P0018,2021,Summer,Groundnut,1.11,3.77,3.4,2021-11-19,2022-04-03,Urea,Tricyclazole,8
P0018,2022,Kharif,Groundnut,1.11,1.43,1.29,2022-07-13,2022-11-30,NPK 19:19:19,None,22
P0018,2023,Kharif,Groundnut,1.11,2.95,2.66,2023-07-11,2023-11-30,MOP,Chlorpyrifos,24
P0018,2023,Summer,Rice,1.11,6.7,6.04,2023-10-27,2024-02-04,NPK 19:19:19,None,12
P0018,2024,Kharif,Groundnut,1.11,3.34,3.01,2024-10-01,2025-02-13,DAP,Tricyclazole,19
P0018,2024,Rabi,Groundnut,1.11,1.37,1.23,2024-11-22,2025-03-19,Organic Compost,Tricyclazole,20
P0019,2020,Kharif,Rice,2.55,14.38,5.64,2020-06-18,2020-10-26,Urea,Chlorpyrifos,14
P0019,2020,Rabi,Rice,2.55,7.98,3.13,2020-10-25,2021-02-09,DAP,Carbendazim,20
P0019,2020,Summer,Rice,2.55,8.21,3.22,2020-10-28,2021-03-09,Urea,None,13
P0019,2021,Kharif,Rice,2.55,14.87,5.83,2021-06-01,2021-10-21,NPK 19:19:19,Tricyclazole,20
P0019,2022,Kharif,Sugarcane,2.55,6.81,2.67,2022-07-03,2022-10-16,Organic Compost,Carbendazim,8
P0019,2023,Kharif,Rice,2.55,12.06,4.73,2023-06-10,2023-10-28,MOP,None,22
P0019,2023,Rabi,Rice,2.55,15.99,6.27,2023-07-28,2023-12-12,NPK 19:19:19,Chlorpyrifos,9
P0019,2023,Summer,Rice,2.55,15.38,6.03,2023-10-09,2024-01-18,NPK 19:19:19,Tricyclazole,17
P0019,2024,Kharif,Rice,2.55,9.72,3.81,2024-11-05,2025-03-31,NPK 19:19:19,Chlorpyrifos,12
P0019,2024,Summer,Rice,2.55,14.59,5.72,2024-11-24,2025-04-13,NPK 19:19:19,None,13
P0020,2020,Kharif,Rice,3.07,19.06,6.21,2020-10-01,2021-02-03,Organic Compost,Carbendazim,10
P0020,2020,Rabi,Rice,3.07,7.37,2.4,2020-07-15,2020-11-06,DAP,Carbendazim,19
P0020,2020,Summer,Rice,3.07,7.64,2.49,2020-07-12,2020-11-14,Organic Compost,None,22
P0020,2021,Rabi,Rice,3.07,8.41,2.74,2021-06-03,2021-10-19,NPK 19:19:19,None,15
P0020,2021,Summer,Rice,3.07,12.99,4.23,2021-10-05,2022-02-11,Organic Compost,Carbendazim,20
P0020,2023,Kharif,Rice,3.07,6.82,2.22,2023-10-09,2024-02-23,DAP,Carbendazim,9
P0020,2023,Summer,Rice,3.07,10.07,3.28,2023-06-14,2023-10-09,Urea,Chlorpyrifos,22
P0021,2020,Kharif,Rice,2.32,12.9,5.56,2020-07-15,2020-12-09,Organic Compost,Chlorpyrifos,13
P0021,2020,Summer,Rice,2.32,10.23,4.41,2020-11-27,2021-04-13,DAP,None,14
P0021,2021,Rabi,Groundnut,2.32,4.29,1.85,2021-07-19,2021-11-30,NPK 19:19:19,Tricyclazole,15
P0021,2021,Summer,Groundnut,2.32,3.34,1.44,2021-07-04,2021-11-13,MOP,Tricyclazole,8
P0021,2022,Rabi,Groundnut,2.32,6.4,2.76,2022-06-16,2022-11-13,Organic Compost,Tricyclazole,20
P0021,2022,Summer,Rice,2.32,5.27,2.27,2022-11-16,2023-04-09,NPK 19:19:19,Chlorpyrifos,20
P0021,2023,Kharif,Groundnut,2.32,2.34,1.01,2023-06-12,2023-11-07,Organic Compost,Chlorpyrifos,10
P0021,2023,Rabi,Groundnut,2.32,4.34,1.87,2023-07-08,2023-11-25,DAP,None,20
P0021,2023,Summer,Rice,2.32,10.28,4.43,2023-06-25,2023-10-24,NPK 19:19:19,None,16
P0021,2024,Kharif,Groundnut,2.32,6.8,2.93,2024-06-17,2024-11-05,DAP,None,12
P0021,2024,Summer,Groundnut,2.32,5.43,2.34,2024-06-18,2024-11-02,MOP,Chlorpyrifos,21
P0022,2020,Kharif,Rice,2.06,12.38,6.01,2020-06-06,2020-09-22,Urea,Carbendazim,9
P0022,2020,Rabi,Rice,2.06,10.77,5.23,2020-11-24,2021-04-11,MOP,Carbendazim,12
P0022,2021,Kharif,Rice,2.06,8.3,4.03,2021-06-10,2021-10-10,Organic Compost,Tricyclazole,9
P0022,2021,Rabi,Sugarcane,2.06,3.28,1.59,2021-06-12,2021-10-01,Organic Compost,Tricyclazole,22
P0022,2021,Summer,Rice,2.06,8.3,4.03,2021-07-01,2021-11-17,NPK 19:19:19,None,10
P0022,2022,Kharif,Sugarcane,2.06,4.59,2.23,2022-11-20,2023-04-03,Organic Compost,Chlorpyrifos,21
P0022,2022,Rabi,Rice,2.06,9.48,4.6,2022-07-11,2022-11-21,NPK 19:19:19,None,25
P0022,2023,Kharif,Sugarcane,2.06,6.14,2.98,2023-07-22,2023-12-09,MOP,None,16
P0022,2023,Rabi,Rice,2.06,9.87,4.79,2023-11-13,2024-04-07,NPK 19:19:19,None,8
P0022,2023,Summer,Rice,2.06,11.33,5.5,2023-10-18,2024-02-06,MOP,Carbendazim,16
P0022,2024,Rabi,Sugarcane,2.06,3.07,1.49,2024-11-19,2025-03-24,MOP,Carbendazim,13
P0022,2024,Summer,Rice,2.06,11.82,5.74,2024-10-26,2025-02-28,DAP,Chlorpyrifos,25
P0023,2020,Kharif,Rice,2.43,7.7,3.17,2020-10-13,2021-01-31,MOP,Chlorpyrifos,25
P0023,2020,Rabi,Sugarcane,2.43,3.45,1.42,2020-07-11,2020-11-12,Organic Compost,Chlorpyrifos,20
P0023,2020,Summer,Rice,2.43,11.52,4.74,2020-07-11,2020-11-21,MOP,None,15
P0023,2021,Kharif,Rice,2.43,5.15,2.12,2021-11-12,2022-03-15,NPK 19:19:19,Carbendazim,20
P0023,2021,Rabi,Rice,2.43,13.12,5.4,2021-06-20,2021-10-18,MOP,Carbendazim,15
P0023,2022,Rabi,Rice,2.43,10.16,4.18,2022-06-16,2022-11-01,Urea,Chlorpyrifos,24
P0023,2022,Summer,Rice,2.43,5.27,2.17,2022-07-09,2022-12-06,MOP,Chlorpyrifos,20
P0023,2023,Summer,Rice,2.43,7.22,2.97,2023-10-07,2024-01-21,DAP,Carbendazim,14
P0023,2024,Kharif,Sugarcane,2.43,5.15,2.12,2024-06-08,2024-10-13,MOP,None,8
P0023,2024,Rabi,Rice,2.43,13.63,5.61,2024-07-23,2024-12-11,MOP,None,9
P0023,2024,Summer,Rice,2.43,10.64,4.38,2024-11-13,2025-04-01,Urea,Tricyclazole,25
P0024,2020,Rabi,Groundnut,1.21,2.3,1.9,2020-11-01,2021-02-26,DAP,Carbendazim,20
P0024,2021,Summer,Groundnut,1.21,3.82,3.16,2021-11-02,2022-03-02,Organic Compost,Tricyclazole,22
P0024,2022,Kharif,Rice,1.21,3.17,2.62,2022-10-28,2023-02-15,MOP,Carbendazim,16
P0024,2022,Rabi,Rice,1.21,7.14,5.9,2022-11-12,2023-04-11,Organic Compost,Carbendazim,13
P0024,2022,Summer,Rice,1.21,4.76,3.93,2022-06-03,2022-10-25,MOP,None,12
P0024,2023,Kharif,Rice,1.21,6.79,5.61,2023-06-02,2023-09-19,MOP,Chlorpyrifos,15
P0024,2024,Kharif,Rice,1.21,2.8,2.31,2024-10-28,2025-02-25,Urea,Carbendazim,18
P0024,2024,Rabi,Groundnut,1.21,1.77,1.46,2024-11-18,2025-04-14,Urea,Carbendazim,17
P0025,2020,Kharif,Sugarcane,2.3,8.03,3.49,2020-11-19,2021-04-07,NPK 19:19:19,Chlorpyrifos,23
P0025,2020,Rabi,Rice,2.3,12.76,5.55,2020-11-15,2021-04-04,MOP,Tricyclazole,12
P0025,2020,Summer,Rice,2.3,14.79,6.43,2020-10-28,2021-03-09,DAP,Carbendazim,17
P0025,2021,Rabi,Rice,2.3,12.95,5.63,2021-07-23,2021-12-04,Urea,Chlorpyrifos,14
P0025,2021,Summer,Rice,2.3,13.68,5.95,2021-07-20,2021-11-06,Urea,Carbendazim,10
P0025,2022,Rabi,Rice,2.3,9.66,4.2,2022-07-14,2022-11-07,DAP,Tricyclazole,19
P0025,2023,Rabi,Rice,2.3,6.46,2.81,2023-11-06,2024-04-04,MOP,Tricyclazole,22
P0025,2024,Kharif,Rice,2.3,8.53,3.71,2024-10-16,2025-02-01,Organic Compost,None,18
P0026,2020,Kharif,Sugarcane,0.89,1.42,1.6,2020-11-22,2021-04-06,Urea,Tricyclazole,9
P0026,2020,Rabi,Rice,0.89,3.66,4.11,2020-11-04,2021-03-25,Urea,Tricyclazole,14
P0026,2021,Kharif,Rice,0.89,3.09,3.47,2021-07-27,2021-11-05,DAP,Chlorpyrifos,14
P0026,2021,Rabi,Rice,0.89,4.98,5.6,2021-06-24,2021-10-29,Organic Compost,None,17
P0026,2022,Kharif,Rice,0.89,3.24,3.64,2022-07-11,2022-11-29,DAP,Chlorpyrifos,18
P0026,2022,Rabi,Rice,0.89,3.74,4.2,2022-10-14,2023-01-29,NPK 19:19:19,Tricyclazole,15
P0026,2023,Kharif,Rice,0.89,2.82,3.17,2023-06-19,2023-10-18,MOP,Tricyclazole,11
P0026,2023,Summer,Sugarcane,0.89,1.28,1.44,2023-06-06,2023-10-20,Urea,Chlorpyrifos,9
P0026,2024,Rabi,Sugarcane,0.89,1.37,1.54,2024-11-24,2025-03-11,MOP,Chlorpyrifos,25
P0026,2024,Summer,Rice,0.89,5.04,5.66,2024-07-05,2024-10-14,Urea,Chlorpyrifos,19
P0027,2020,Kharif,Rice,2.43,14.53,5.98,2020-07-06,2020-10-16,MOP,Tricyclazole,22
P0027,2020,Rabi,Groundnut,2.43,6.63,2.73,2020-10-22,2021-02-12,MOP,Carbendazim,13
P0027,2021,Kharif,Rice,2.43,7.9,3.25,2021-06-07,2021-09-16,MOP,Chlorpyrifos,20
P0027,2021,Rabi,Rice,2.43,8.65,3.56,2021-06-15,2021-09-27,DAP,Chlorpyrifos,10
P0027,2022,Rabi,Rice,2.43,7.02,2.89,2022-06-03,2022-09-30,MOP,Chlorpyrifos,9
P0027,2022,Summer,Groundnut,2.43,8.46,3.48,2022-06-19,2022-10-23,Urea,Chlorpyrifos,23
P0027,2023,Rabi,Groundnut,2.43,3.35,1.38,2023-11-02,2024-03-21,DAP,None,14
P0027,2024,Kharif,Groundnut,2.43,6.44,2.65,2024-11-15,2025-04-12,Urea,None,10
P0027,2024,Summer,Rice,2.43,6.17,2.54,2024-07-06,2024-10-16,Urea,Tricyclazole,12
P0028,2020,Kharif,Groundnut,0.3,0.86,2.87,2020-07-07,2020-11-23,DAP,None,17
P0028,2020,Rabi,Groundnut,0.3,0.7,2.34,2020-11-11,2021-03-04,DAP,Tricyclazole,17
P0028,2020,Summer,Rice,0.3,0.98,3.27,2020-07-25,2020-12-22,Urea,None,17
P0028,2021,Rabi,Groundnut,0.3,0.73,2.44,2021-07-11,2021-10-19,MOP,Chlorpyrifos,12
P0028,2021,Summer,Groundnut,0.3,0.44,1.48,2021-07-01,2021-11-15,MOP,Carbendazim,20
P0028,2022,Kharif,Rice,0.3,1.57,5.22,2022-06-26,2022-10-17,Organic Compost,Carbendazim,12
P0028,2022,Rabi,Groundnut,0.3,0.47,1.57,2022-06-25,2022-10-09,NPK 19:19:19,None,12
P0028,2023,Kharif,Rice,0.3,1.12,3.74,2023-10-18,2024-02-18,DAP,Chlorpyrifos,8
P0028,2024,Kharif,Groundnut,0.3,1.0,3.33,2024-06-05,2024-10-13,NPK 19:19:19,None,19
P0028,2024,Rabi,Groundnut,0.3,0.51,1.69,2024-07-18,2024-11-26,DAP,None,22
P0028,2024,Summer,Rice,0.3,0.63,2.1,2024-11-14,2025-03-31,DAP,Chlorpyrifos,12
P0029,2020,Kharif,Rice,0.4,2.52,6.29,2020-10-11,2021-02-04,DAP,None,15
P0029,2020,Rabi,Rice,0.4,1.02,2.56,2020-06-08,2020-09-19,Organic Compost,Carbendazim,20
P0029,2020,Summer,Groundnut,0.4,0.71,1.77,2020-10-14,2021-03-13,Urea,Carbendazim,22
P0029,2021,Kharif,Rice,0.4,2.32,5.8,2021-10-10,2022-02-14,DAP,Carbendazim,23
P0029,2021,Rabi,Groundnut,0.4,0.4,1.01,2021-10-15,2022-02-19,Urea,None,11
P0029,2021,Summer,Rice,0.4,2.25,5.63,2021-06-07,2021-09-16,NPK 19:19:19,Chlorpyrifos,11
P0029,2022,Kharif,Rice,0.4,1.56,3.91,2022-06-16,2022-10-04,Urea,None,24
P0029,2022,Summer,Rice,0.4,1.87,4.67,2022-11-04,2023-02-21,Urea,Carbendazim,9
P0029,2023,Kharif,Groundnut,0.4,0.5,1.25,2023-06-14,2023-10-20,Urea,Tricyclazole,15
P0029,2023,Summer,Rice,0.4,1.68,4.21,2023-10-17,2024-02-11,DAP,Tricyclazole,13
P0030,2020,Kharif,Rice,0.6,3.1,5.17,2020-10-15,2021-02-19,Organic Compost,Carbendazim,23
P0030,2021,Summer,Rice,0.6,3.69,6.15,2021-11-06,2022-03-14,NPK 19:19:19,Tricyclazole,21
P0030,2022,Kharif,Rice,0.6,2.62,4.36,2022-10-19,2023-01-31,DAP,Tricyclazole,8
P0030,2022,Summer,Sugarcane,0.6,1.07,1.78,2022-11-14,2023-02-28,MOP,None,10
P0030,2023,Kharif,Rice,0.6,3.0,5.0,2023-11-19,2024-03-29,Urea,Carbendazim,9
P0030,2023,Summer,Rice,0.6,2.72,4.53,2023-06-27,2023-11-19,MOP,None,18
P0030,2024,Rabi,Rice,0.6,1.31,2.19,2024-10-26,2025-02-14,Organic Compost,None,17
P0030,2024,Summer,Sugarcane,0.6,1.39,2.32,2024-11-26,2025-04-13,NPK 19:19:19,Chlorpyrifos,10
P0031,2020,Rabi,Rice,0.76,3.42,4.5,2020-11-13,2021-03-31,MOP,None,21
P0031,2020,Summer,Rice,0.76,2.5,3.29,2020-07-07,2020-11-15,Urea,Tricyclazole,23
P0031,2021,Kharif,Rice,0.76,4.13,5.43,2021-07-27,2021-11-15,NPK 19:19:19,Chlorpyrifos,14
P0031,2021,Rabi,Rice,0.76,4.28,5.63,2021-06-20,2021-10-26,Urea,Carbendazim,13
P0031,2021,Summer,Rice,0.76,1.69,2.23,2021-06-07,2021-10-14,NPK 19:19:19,Chlorpyrifos,11
P0031,2023,Kharif,Rice,0.76,4.75,6.25,2023-10-04,2024-02-15,Urea,Chlorpyrifos,19
P0031,2023,Rabi,Sugarcane,0.76,2.61,3.44,2023-07-04,2023-10-17,Urea,Carbendazim,24
P0031,2024,Kharif,Rice,0.76,3.35,4.41,2024-11-09,2025-03-08,DAP,None,22
P0031,2024,Rabi,Rice,0.76,4.85,6.38,2024-07-19,2024-11-24,MOP,Tricyclazole,8
P0031,2024,Summer,Rice,0.76,1.68,2.21,2024-06-09,2024-10-21,NPK 19:19:19,Carbendazim,23
P0032,2020,Kharif,Rice,0.58,1.38,2.38,2020-07-13,2020-11-26,Organic Compost,Tricyclazole,10
P0032,2020,Rabi,Rice,0.58,2.92,5.03,2020-07-17,2020-11-25,Organic Compost,Carbendazim,13
P0032,2020,Summer,Sugarcane,0.58,1.67,2.88,2020-07-15,2020-12-08,Organic Compost,Tricyclazole,9
P0032,2021,Rabi,Rice,0.58,1.39,2.4,2021-06-09,2021-11-06,Organic Compost,Tricyclazole,11
P0032,2021,Summer,Rice,0.58,1.81,3.12,2021-11-18,2022-04-08,NPK 19:19:19,Carbendazim,25
P0032,2022,Kharif,Rice,0.58,3.2,5.51,2022-11-12,2023-02-26,NPK 19:19:19,Tricyclazole,13
P0032,2023,Kharif,Sugarcane,0.58,1.13,1.94,2023-10-27,2024-03-14,Organic Compost,Chlorpyrifos,16
P0032,2023,Rabi,Sugarcane,0.58,1.32,2.28,2023-06-09,2023-10-15,DAP,None,22
P0032,2024,Kharif,Rice,0.58,3.72,6.42,2024-11-05,2025-02-23,MOP,Chlorpyrifos,21
P0032,2024,Summer,Rice,0.58,2.2,3.8,2024-07-09,2024-11-20,Organic Compost,Chlorpyrifos,9
P0033,2020,Kharif,Groundnut,1.19,1.64,1.38,2020-10-13,2021-02-20,Organic Compost,Tricyclazole,10
P0033,2020,Rabi,Rice,1.19,3.53,2.97,2020-06-10,2020-09-22,Urea,Chlorpyrifos,19
P0033,2020,Summer,Groundnut,1.19,1.51,1.27,2020-07-23,2020-11-26,DAP,Tricyclazole,21
P0033,2021,Kharif,Rice,1.19,7.29,6.13,2021-07-08,2021-10-18,MOP,None,20
P0033,2021,Summer,Rice,1.19,6.4,5.38,2021-07-12,2021-11-06,NPK 19:19:19,Chlorpyrifos,16
P0033,2024,Rabi,Groundnut,1.19,3.39,2.85,2024-06-16,2024-11-11,Urea,Chlorpyrifos,16
P0033,2024,Summer,Rice,1.19,4.86,4.08,2024-06-28,2024-10-31,Organic Compost,Chlorpyrifos,11
P0034,2020,Rabi,Sugarcane,3.01,9.33,3.1,2020-06-26,2020-10-18,Organic Compost,Chlorpyrifos,20
P0034,2020,Summer,Rice,3.01,13.3,4.42,2020-11-20,2021-04-11,DAP,Tricyclazole,25
P0034,2021,Kharif,Sugarcane,3.01,5.48,1.82,2021-10-23,2022-02-05,Organic Compost,Carbendazim,18
P0034,2021,Rabi,Rice,3.01,7.86,2.61,2021-06-04,2021-10-21,Organic Compost,Chlorpyrifos,9
P0034,2021,Summer,Sugarcane,3.01,9.99,3.32,2021-10-08,2022-03-01,Urea,Carbendazim,11
P0034,2022,Summer,Rice,3.01,13.3,4.42,2022-07-27,2022-12-12,Organic Compost,Tricyclazole,14
P0034,2023,Kharif,Rice,3.01,7.74,2.57,2023-11-23,2024-04-12,Organic Compost,Carbendazim,18
P0034,2023,Rabi,Rice,3.01,6.68,2.22,2023-11-16,2024-02-24,Organic Compost,Carbendazim,12
P0034,2024,Kharif,Rice,3.01,18.48,6.14,2024-07-02,2024-10-28,NPK 19:19:19,Carbendazim,25
P0034,2024,Rabi,Sugarcane,3.01,5.48,1.82,2024-11-14,2025-02-25,NPK 19:19:19,Carbendazim,13
P0035,2020,Kharif,Rice,0.36,1.52,4.21,2020-10-14,2021-02-14,NPK 19:19:19,Carbendazim,25
P0035,2020,Rabi,Sugarcane,0.36,1.23,3.41,2020-10-25,2021-02-22,DAP,None,21
P0035,2021,Kharif,Rice,0.36,2.14,5.94,2021-10-26,2022-02-28,DAP,Chlorpyrifos,21
P0035,2022,Rabi,Rice,0.36,1.85,5.13,2022-07-02,2022-10-10,NPK 19:19:19,Chlorpyrifos,13
P0035,2023,Summer,Sugarcane,0.36,0.95,2.64,2023-11-16,2024-04-08,MOP,Tricyclazole,12
P0035,2024,Kharif,Rice,0.36,0.85,2.36,2024-11-01,2025-02-15,MOP,None,10
P0035,2024,Rabi,Rice,0.36,1.95,5.42,2024-11-02,2025-02-10,Organic Compost,None,11
P0035,2024,Summer,Sugarcane,0.36,1.25,3.48,2024-11-23,2025-04-03,DAP,Chlorpyrifos,10
P0036,2020,Rabi,Rice,3.14,19.44,6.19,2020-11-26,2021-03-06,MOP,Tricyclazole,12
P0036,2020,Summer,Sugarcane,3.14,8.16,2.6,2020-10-28,2021-02-15,NPK 19:19:19,None,12
P0036,2021,Kharif,Rice,3.14,9.83,3.13,2021-06-07,2021-10-18,NPK 19:19:19,Carbendazim,15
P0036,2021,Rabi,Sugarcane,3.14,5.9,1.88,2021-06-15,2021-10-28,DAP,Carbendazim,16
P0036,2021,Summer,Rice,3.14,15.76,5.02,2021-10-05,2022-01-20,DAP,Carbendazim,16
P0036,2022,Kharif,Rice,3.14,19.62,6.25,2022-06-02,2022-10-23,MOP,Carbendazim,19
P0036,2022,Summer,Rice,3.14,7.85,2.5,2022-07-28,2022-11-09,DAP,Chlorpyrifos,22
P0036,2023,Rabi,Sugarcane,3.14,10.21,3.25,2023-06-15,2023-10-21,NPK 19:19:19,Chlorpyrifos,15
P0036,2023,Summer,Rice,3.14,8.98,2.86,2023-11-06,2024-02-15,Organic Compost,Tricyclazole,13
P0036,2024,Kharif,Sugarcane,3.14,8.29,2.64,2024-10-23,2025-01-31,Urea,None,20
P0036,2024,Rabi,Rice,3.14,15.26,4.86,2024-10-11,2025-03-05,Urea,Tricyclazole,15
P0037,2020,Kharif,Groundnut,2.74,5.01,1.83,2020-10-20,2021-02-11,DAP,Carbendazim,8
P0037,2020,Summer,Rice,2.74,10.91,3.98,2020-06-23,2020-10-26,Organic Compost,Carbendazim,24
P0037,2021,Kharif,Groundnut,2.74,4.49,1.64,2021-10-06,2022-01-31,MOP,Carbendazim,16
P0037,2021,Rabi,Groundnut,2.74,6.0,2.19,2021-10-23,2022-02-04,Organic Compost,Chlorpyrifos,22
P0037,2021,Summer,Rice,2.74,13.51,4.93,2021-06-21,2021-11-11,MOP,Chlorpyrifos,11
P0037,2022,Rabi,Rice,2.74,12.49,4.56,2022-11-26,2023-04-14,NPK 19:19:19,Chlorpyrifos,9
P0037,2023,Kharif,Groundnut,2.74,3.45,1.26,2023-07-27,2023-12-04,NPK 19:19:19,Chlorpyrifos,16
P0037,2023,Rabi,Rice,2.74,17.65,6.44,2023-06-28,2023-11-21,Organic Compost,Tricyclazole,16
P0037,2024,Summer,Groundnut,2.74,4.36,1.59,2024-11-06,2025-03-19,Organic Compost,None,12
P0038,2020,Kharif,Sugarcane,3.34,11.22,3.36,2020-06-13,2020-10-01,Organic Compost,Chlorpyrifos,13
P0038,2020,Rabi,Rice,3.34,8.52,2.55,2020-07-06,2020-10-23,Urea,None,13
P0038,2021,Kharif,Rice,3.34,12.49,3.74,2021-06-23,2021-11-03,NPK 19:19:19,Tricyclazole,11
P0038,2022,Kharif,Sugarcane,3.34,7.92,2.37,2022-11-04,2023-02-12,MOP,Chlorpyrifos,19
P0038,2022,Rabi,Rice,3.34,10.22,3.06,2022-10-02,2023-02-25,Organic Compost,Carbendazim,18
P0038,2022,Summer,Rice,3.34,10.82,3.24,2022-06-26,2022-11-03,Organic Compost,Chlorpyrifos,14
P0038,2023,Rabi,Rice,3.34,9.65,2.89,2023-06-02,2023-09-10,Urea,Tricyclazole,20
P0038,2023,Summer,Rice,3.34,20.88,6.25,2023-10-27,2024-02-21,Organic Compost,Tricyclazole,22
P0038,2024,Kharif,Rice,3.34,13.23,3.96,2024-06-23,2024-10-03,NPK 19:19:19,Tricyclazole,16
P0039,2020,Kharif,Rice,0.66,3.43,5.19,2020-10-28,2021-02-10,DAP,Carbendazim,8
P0039,2020,Rabi,Rice,0.66,3.75,5.68,2020-06-13,2020-10-30,Organic Compost,Carbendazim,23
P0039,2021,Kharif,Rice,0.66,2.95,4.47,2021-07-14,2021-11-17,MOP,Chlorpyrifos,20
P0039,2021,Rabi,Groundnut,0.66,1.42,2.15,2021-07-13,2021-11-28,Urea,Chlorpyrifos,25
P0039,2021,Summer,Rice,0.66,3.28,4.97,2021-11-17,2022-04-09,NPK 19:19:19,None,19
P0039,2022,Rabi,Groundnut,0.66,2.05,3.11,2022-07-12,2022-11-18,Organic Compost,Tricyclazole,20
P0039,2023,Kharif,Groundnut,0.66,1.37,2.08,2023-06-03,2023-09-19,MOP,Tricyclazole,24
P0039,2023,Rabi,Groundnut,0.66,2.27,3.44,2023-11-01,2024-02-28,Organic Compost,None,19
P0039,2023,Summer,Rice,0.66,2.84,4.3,2023-11-12,2024-03-12,Urea,Tricyclazole,23
P0039,2024,Kharif,Rice,0.66,2.46,3.73,2024-07-16,2024-11-11,DAP,None,11
P0039,2024,Rabi,Groundnut,0.66,1.83,2.78,2024-10-03,2025-02-18,NPK 19:19:19,Chlorpyrifos,21
P0040,2020,Rabi,Groundnut,0.8,0.95,1.19,2020-10-17,2021-03-03,Urea,Carbendazim,19
P0040,2021,Rabi,Rice,0.8,4.6,5.75,2021-10-12,2022-02-20,Urea,Carbendazim,21
P0040,2021,Summer,Groundnut,0.8,1.08,1.35,2021-06-28,2021-11-11,MOP,Tricyclazole,8
P0040,2022,Kharif,Rice,0.8,3.04,3.8,2022-06-03,2022-10-21,MOP,Tricyclazole,16
P0040,2022,Rabi,Groundnut,0.8,1.36,1.7,2022-07-07,2022-10-23,NPK 19:19:19,Chlorpyrifos,24
P0040,2023,Kharif,Rice,0.8,1.92,2.4,2023-10-01,2024-01-12,Organic Compost,Chlorpyrifos,13
P0040,2023,Rabi,Groundnut,0.8,2.78,3.48,2023-07-03,2023-10-19,Urea,Tricyclazole,25
P0040,2023,Summer,Rice,0.8,1.82,2.27,2023-06-16,2023-09-28,MOP,None,10
P0040,2024,Rabi,Rice,0.8,4.79,5.99,2024-07-28,2024-12-04,Urea,None,18
P0041,2020,Rabi,Rice,0.49,1.95,3.98,2020-07-27,2020-12-24,Organic Compost,Chlorpyrifos,14
P0041,2021,Kharif,Groundnut,0.49,0.49,1.01,2021-10-22,2022-01-30,NPK 19:19:19,Carbendazim,10
P0041,2021,Rabi,Rice,0.49,1.48,3.02,2021-10-23,2022-02-18,DAP,Tricyclazole,21
P0041,2021,Summer,Groundnut,0.49,1.22,2.49,2021-11-12,2022-02-28,MOP,Tricyclazole,11
P0041,2022,Kharif,Rice,0.49,2.75,5.62,2022-07-16,2022-11-05,Organic Compost,None,14
P0041,2022,Rabi,Rice,0.49,1.08,2.2,2022-06-09,2022-10-08,MOP,Tricyclazole,15
P0041,2022,Summer,Rice,0.49,3.12,6.37,2022-11-10,2023-03-03,MOP,Tricyclazole,16
P0041,2023,Kharif,Groundnut,0.49,1.0,2.05,2023-10-28,2024-02-14,Urea,Tricyclazole,16
P0041,2023,Rabi,Groundnut,0.49,1.04,2.12,2023-06-24,2023-10-29,Organic Compost,Chlorpyrifos,16
P0041,2023,Summer,Groundnut,0.49,1.47,3.0,2023-10-06,2024-02-03,NPK 19:19:19,Carbendazim,20
P0041,2024,Kharif,Rice,0.49,1.96,4.0,2024-10-11,2025-01-22,NPK 19:19:19,Carbendazim,9
P0041,2024,Rabi,Groundnut,0.49,0.94,1.91,2024-10-12,2025-01-25,NPK 19:19:19,Chlorpyrifos,14
P0041,2024,Summer,Rice,0.49,2.97,6.06,2024-06-18,2024-10-17,MOP,None,9
P0042,2020,Kharif,Rice,1.47,3.62,2.46,2020-06-22,2020-11-07,DAP,None,10
P0042,2020,Rabi,Sugarcane,1.47,5.1,3.47,2020-11-04,2021-03-22,Urea,Chlorpyrifos,18
P0042,2020,Summer,Sugarcane,1.47,4.06,2.76,2020-11-02,2021-03-25,DAP,None,20
P0042,2021,Kharif,Rice,1.47,7.56,5.14,2021-07-11,2021-11-05,Urea,Chlorpyrifos,8
P0042,2021,Rabi,Rice,1.47,8.13,5.53,2021-07-15,2021-11-12,Organic Compost,Carbendazim,9
P0042,2022,Kharif,Rice,1.47,5.17,3.52,2022-06-11,2022-09-26,DAP,Carbendazim,16
P0042,2022,Rabi,Rice,1.47,3.23,2.2,2022-06-15,2022-10-11,NPK 19:19:19,None,22
P0042,2022,Summer,Rice,1.47,3.26,2.22,2022-11-20,2023-04-04,MOP,Carbendazim,8
P0042,2023,Kharif,Rice,1.47,4.85,3.3,2023-06-01,2023-10-04,Organic Compost,Chlorpyrifos,17
P0042,2023,Rabi,Rice,1.47,3.72,2.53,2023-07-23,2023-12-07,MOP,Carbendazim,12
P0042,2023,Summer,Rice,1.47,6.98,4.75,2023-11-02,2024-03-13,MOP,None,10
P0042,2024,Kharif,Rice,1.47,8.76,5.96,2024-07-21,2024-11-19,Organic Compost,Chlorpyrifos,25
P0042,2024,Rabi,Rice,1.47,5.19,3.53,2024-10-22,2025-03-07,Urea,Carbendazim,20
P0043,2020,Rabi,Rice,2.81,11.04,3.93,2020-06-13,2020-10-27,Organic Compost,None,10
P0043,2020,Summer,Groundnut,2.81,8.29,2.95,2020-11-09,2021-02-19,DAP,Tricyclazole,24
P0043,2021,Rabi,Groundnut,2.81,4.97,1.77,2021-07-19,2021-11-14,MOP,Chlorpyrifos,8
P0043,2022,Kharif,Groundnut,2.81,2.87,1.02,2022-07-11,2022-11-08,DAP,Carbendazim,8
P0043,2023,Kharif,Rice,2.81,9.24,3.29,2023-07-13,2023-11-01,NPK 19:19:19,Carbendazim,13
P0043,2023,Rabi,Groundnut,2.81,4.36,1.55,2023-07-08,2023-12-05,MOP,None,10
P0043,2024,Kharif,Rice,2.81,6.21,2.21,2024-11-27,2025-04-19,DAP,None,25
P0043,2024,Rabi,Groundnut,2.81,3.88,1.38,2024-10-08,2025-01-16,Urea,None,20
P0043,2024,Summer,Groundnut,2.81,4.78,1.7,2024-07-20,2024-10-28,MOP,Tricyclazole,18
P0044,2020,Kharif,Sugarcane,2.88,9.07,3.15,2020-10-28,2021-03-13,Urea,Chlorpyrifos,21
P0044,2020,Summer,Rice,2.88,16.19,5.62,2020-07-14,2020-12-03,DAP,None,12
P0044,2021,Kharif,Rice,2.88,11.75,4.08,2021-07-03,2021-10-27,NPK 19:19:19,None,12
P0044,2021,Summer,Rice,2.88,8.7,3.02,2021-10-27,2022-02-14,Organic Compost,None,13
P0044,2022,Rabi,Rice,2.88,13.65,4.74,2022-06-21,2022-11-18,DAP,None,19
P0044,2022,Summer,Rice,2.88,14.66,5.09,2022-11-24,2023-03-04,Organic Compost,None,21
P0044,2023,Summer,Rice,2.88,6.83,2.37,2023-10-18,2024-03-01,Organic Compost,Carbendazim,22
P0044,2024,Kharif,Sugarcane,2.88,3.57,1.24,2024-07-23,2024-12-14,Organic Compost,None,9
P0044,2024,Rabi,Rice,2.88,15.7,5.45,2024-07-16,2024-11-27,Organic Compost,Chlorpyrifos,10
P0044,2024,Summer,Sugarcane,2.88,6.34,2.2,2024-07-17,2024-12-01,DAP,Carbendazim,18
P0045,2020,Kharif,Rice,1.9,12.31,6.48,2020-06-22,2020-10-06,DAP,Chlorpyrifos,23
P0045,2021,Kharif,Rice,1.9,4.96,2.61,2021-07-21,2021-11-12,DAP,None,16
P0045,2022,Kharif,Groundnut,1.9,5.45,2.87,2022-07-24,2022-12-04,Urea,Tricyclazole,19
P0045,2022,Rabi,Groundnut,1.9,5.4,2.84,2022-06-22,2022-10-08,Urea,Chlorpyrifos,9
P0045,2022,Summer,Rice,1.9,5.07,2.67,2022-10-23,2023-03-16,DAP,Chlorpyrifos,22
P0045,2023,Kharif,Groundnut,1.9,5.3,2.79,2023-06-08,2023-10-09,Urea,Chlorpyrifos,24
P0046,2020,Kharif,Rice,2.67,12.5,4.68,2020-10-23,2021-03-22,NPK 19:19:19,Tricyclazole,22
P0046,2020,Rabi,Rice,2.67,6.19,2.32,2020-07-05,2020-12-01,Urea,Chlorpyrifos,10
P0046,2020,Summer,Rice,2.67,15.73,5.89,2020-11-10,2021-03-14,Urea,Chlorpyrifos,24
P0046,2021,Rabi,Rice,2.67,11.85,4.44,2021-10-08,2022-03-04,MOP,None,20
P0046,2021,Summer,Rice,2.67,16.61,6.22,2021-06-26,2021-10-16,NPK 19:19:19,Tricyclazole,8
P0046,2022,Kharif,Rice,2.67,16.98,6.36,2022-11-18,2023-03-21,NPK 19:19:19,Tricyclazole,22
P0046,2022,Rabi,Rice,2.67,10.07,3.77,2022-11-08,2023-04-01,DAP,None,24
P0046,2022,Summer,Rice,2.67,12.34,4.62,2022-10-02,2023-01-29,MOP,Carbendazim,9
P0046,2023,Kharif,Sugarcane,2.67,4.73,1.77,2023-11-07,2024-03-29,DAP,Chlorpyrifos,21
P0046,2024,Kharif,Rice,2.67,15.51,5.81,2024-11-07,2025-02-23,NPK 19:19:19,Chlorpyrifos,21
P0046,2024,Rabi,Rice,2.67,8.41,3.15,2024-06-10,2024-09-27,NPK 19:19:19,Chlorpyrifos,18
P0046,2024,Summer,Rice,2.67,6.57,2.46,2024-10-22,2025-02-08,Organic Compost,None,25
P0047,2020,Kharif,Rice,0.96,2.96,3.08,2020-11-05,2021-03-25,MOP,None,20
P0047,2022,Kharif,Rice,0.96,4.8,5.0,2022-11-06,2023-03-09,MOP,Chlorpyrifos,15
P0047,2022,Summer,Rice,0.96,4.97,5.18,2022-07-03,2022-10-16,MOP,Tricyclazole,20
P0047,2023,Rabi,Rice,0.96,5.28,5.5,2023-10-28,2024-03-05,NPK 19:19:19,Carbendazim,23
P0047,2024,Kharif,Rice,0.96,6.1,6.35,2024-10-07,2025-02-07,NPK 19:19:19,Carbendazim,23
P0047,2024,Rabi,Rice,0.96,4.49,4.68,2024-11-13,2025-04-08,Organic Compost,Tricyclazole,10
P0047,2024,Summer,Rice,0.96,3.4,3.54,2024-07-03,2024-10-22,MOP,None,25
P0048,2020,Kharif,Rice,1.11,6.8,6.13,2020-10-27,2021-03-15,MOP,None,18
P0048,2020,Summer,Groundnut,1.11,2.71,2.44,2020-10-26,2021-02-26,NPK 19:19:19,Carbendazim,22
P0048,2021,Rabi,Groundnut,1.11,1.49,1.34,2021-06-15,2021-10-10,MOP,None,16
P0048,2022,Rabi,Rice,1.11,5.14,4.63,2022-10-21,2023-03-04,DAP,Chlorpyrifos,21
P0048,2022,Summer,Rice,1.11,5.81,5.23,2022-10-10,2023-01-31,Urea,Tricyclazole,21
P0048,2023,Rabi,Groundnut,1.11,1.19,1.07,2023-06-22,2023-10-01,Urea,Tricyclazole,24
P0048,2023,Summer,Groundnut,1.11,2.13,1.92,2023-07-04,2023-10-17,Organic Compost,Tricyclazole,10
P0048,2024,Kharif,Rice,1.11,4.03,3.63,2024-10-06,2025-01-27,MOP,Chlorpyrifos,21
P0048,2024,Rabi,Groundnut,1.11,2.92,2.63,2024-10-09,2025-03-01,NPK 19:19:19,None,11
P0048,2024,Summer,Groundnut,1.11,2.25,2.03,2024-06-23,2024-11-03,MOP,Chlorpyrifos,15
P0049,2020,Kharif,Groundnut,1.3,2.69,2.07,2020-11-05,2021-03-21,MOP,Tricyclazole,14
P0049,2021,Summer,Rice,1.3,8.06,6.2,2021-07-27,2021-12-02,Urea,None,19
P0049,2022,Rabi,Rice,1.3,5.43,4.18,2022-06-01,2022-09-18,DAP,Chlorpyrifos,10
P0049,2023,Rabi,Groundnut,1.3,3.26,2.51,2023-06-14,2023-09-23,DAP,None,14
P0049,2023,Summer,Rice,1.3,3.76,2.89,2023-11-06,2024-02-16,DAP,Tricyclazole,19
P0049,2024,Kharif,Groundnut,1.3,1.39,1.07,2024-11-06,2025-04-01,DAP,Tricyclazole,15
P0049,2024,Summer,Rice,1.3,3.59,2.76,2024-07-08,2024-10-25,NPK 19:19:19,Chlorpyrifos,14
P0050,2020,Kharif,Rice,1.48,8.64,5.84,2020-06-10,2020-10-11,DAP,Carbendazim,15
P0050,2020,Summer,Rice,1.48,5.61,3.79,2020-10-02,2021-02-09,Urea,Tricyclazole,9
P0050,2021,Kharif,Sugarcane,1.48,4.31,2.91,2021-11-26,2022-03-13,DAP,Chlorpyrifos,20
P0050,2022,Rabi,Rice,1.48,6.69,4.52,2022-07-18,2022-12-08,DAP,None,23
P0050,2022,Summer,Sugarcane,1.48,4.37,2.95,2022-10-18,2023-02-11,NPK 19:19:19,Chlorpyrifos,18
P0050,2023,Kharif,Rice,1.48,9.49,6.41,2023-07-05,2023-10-26,DAP,Chlorpyrifos,12
P0050,2023,Rabi,Rice,1.48,4.9,3.31,2023-06-25,2023-11-10,DAP,Carbendazim,25
P0050,2023,Summer,Rice,1.48,9.34,6.31,2023-07-06,2023-11-29,NPK 19:19:19,None,20
P0050,2024,Rabi,Rice,1.48,3.29,2.22,2024-07-12,2024-11-30,NPK 19:19:19,Chlorpyrifos,23
P0050,2024,Summer,Rice,1.48,3.73,2.52,2024-06-28,2024-11-16,Urea,Carbendazim,20
P0051,2020,Kharif,Sugarcane,2.91,2.97,1.02,2020-10-04,2021-01-27,MOP,Chlorpyrifos,25
P0051,2020,Rabi,Rice,2.91,17.46,6.0,2020-10-05,2021-01-13,Urea,Chlorpyrifos,20
P0051,2021,Kharif,Rice,2.91,16.67,5.73,2021-11-08,2022-03-24,NPK 19:19:19,Carbendazim,20
P0051,2021,Summer,Sugarcane,2.91,4.74,1.63,2021-06-12,2021-10-10,Urea,Chlorpyrifos,10
P0051,2022,Kharif,Sugarcane,2.91,7.04,2.42,2022-10-03,2023-01-15,MOP,Carbendazim,21
P0051,2022,Summer,Rice,2.91,13.56,4.66,2022-11-19,2023-03-12,NPK 19:19:19,Tricyclazole,19
P0051,2023,Kharif,Rice,2.91,16.44,5.65,2023-11-26,2024-03-05,Urea,Carbendazim,13
P0051,2023,Rabi,Rice,2.91,17.17,5.9,2023-06-03,2023-10-20,NPK 19:19:19,None,12
P0051,2023,Summer,Rice,2.91,18.13,6.23,2023-07-10,2023-10-22,Organic Compost,Chlorpyrifos,21
P0051,2024,Kharif,Sugarcane,2.91,7.62,2.62,2024-11-18,2025-04-03,NPK 19:19:19,None,24
P0051,2024,Rabi,Rice,2.91,17.52,6.02,2024-07-14,2024-11-22,DAP,None,13
P0052,2020,Kharif,Rice,2.34,10.76,4.6,2020-11-11,2021-04-04,Organic Compost,Tricyclazole,25
P0052,2020,Rabi,Rice,2.34,10.69,4.57,2020-07-21,2020-12-11,MOP,Chlorpyrifos,11
P0052,2020,Summer,Sugarcane,2.34,2.53,1.08,2020-10-10,2021-01-30,Organic Compost,Carbendazim,13
P0052,2022,Kharif,Rice,2.34,9.8,4.19,2022-06-25,2022-10-25,NPK 19:19:19,Carbendazim,17
P0052,2022,Rabi,Sugarcane,2.34,6.51,2.78,2022-10-16,2023-01-24,Urea,Chlorpyrifos,21
P0052,2022,Summer,Sugarcane,2.34,5.52,2.36,2022-11-10,2023-03-09,NPK 19:19:19,Tricyclazole,20
P0052,2023,Rabi,Sugarcane,2.34,7.11,3.04,2023-10-03,2024-02-06,NPK 19:19:19,Carbendazim,21
P0052,2023,Summer,Rice,2.34,5.03,2.15,2023-10-28,2024-02-26,NPK 19:19:19,Chlorpyrifos,19
P0053,2020,Kharif,Groundnut,0.72,1.83,2.54,2020-10-19,2021-02-23,NPK 19:19:19,Tricyclazole,10
P0053,2020,Summer,Rice,0.72,2.67,3.71,2020-07-19,2020-12-10,MOP,Chlorpyrifos,9
P0053,2021,Kharif,Groundnut,0.72,1.35,1.87,2021-06-06,2021-10-07,DAP,Chlorpyrifos,22
P0053,2021,Rabi,Groundnut,0.72,2.5,3.47,2021-11-10,2022-03-05,MOP,Carbendazim,24
P0053,2021,Summer,Rice,0.72,2.78,3.86,2021-11-12,2022-03-10,NPK 19:19:19,Chlorpyrifos,17
P0053,2022,Kharif,Rice,0.72,2.43,3.38,2022-10-24,2023-02-15,MOP,None,17
P0053,2022,Rabi,Groundnut,0.72,1.16,1.61,2022-07-25,2022-12-10,MOP,Carbendazim,22
P0053,2023,Kharif,Rice,0.72,3.15,4.37,2023-11-09,2024-02-18,Organic Compost,Chlorpyrifos,12
P0053,2023,Summer,Groundnut,0.72,1.58,2.19,2023-07-20,2023-12-13,DAP,Carbendazim,11
P0054,2020,Kharif,Groundnut,1.77,2.53,1.43,2020-07-02,2020-11-23,NPK 19:19:19,None,23
P0054,2020,Summer,Rice,1.77,9.19,5.19,2020-07-10,2020-11-27,NPK 19:19:19,Carbendazim,18
P0054,2021,Kharif,Groundnut,1.77,1.82,1.03,2021-07-02,2021-10-25,MOP,Carbendazim,21
P0054,2021,Rabi,Groundnut,1.77,4.48,2.53,2021-06-05,2021-10-29,Organic Compost,None,8
P0054,2022,Kharif,Rice,1.77,4.46,2.52,2022-06-05,2022-11-01,NPK 19:19:19,Carbendazim,20
P0054,2022,Rabi,Groundnut,1.77,3.26,1.84,2022-07-11,2022-11-25,NPK 19:19:19,None,25
P0054,2022,Summer,Rice,1.77,9.17,5.18,2022-07-03,2022-10-27,Organic Compost,Carbendazim,14
P0054,2023,Summer,Rice,1.77,7.93,4.48,2023-06-08,2023-10-20,Urea,Chlorpyrifos,17
P0054,2024,Kharif,Groundnut,1.77,5.04,2.85,2024-11-06,2025-03-28,Urea,Chlorpyrifos,14
P0055,2021,Rabi,Groundnut,2.12,6.53,3.08,2021-11-26,2022-04-09,Urea,Carbendazim,12
P0055,2021,Summer,Rice,2.12,13.4,6.32,2021-11-25,2022-04-11,DAP,None,23
P0055,2022,Kharif,Rice,2.12,6.04,2.85,2022-06-15,2022-10-09,Urea,Carbendazim,14
P0055,2022,Rabi,Rice,2.12,11.81,5.57,2022-07-08,2022-11-19,MOP,None,13
P0055,2023,Kharif,Rice,2.12,5.98,2.82,2023-11-13,2024-03-13,MOP,Chlorpyrifos,14
P0055,2023,Summer,Groundnut,2.12,2.2,1.04,2023-07-01,2023-10-17,MOP,Tricyclazole,11
P0055,2024,Rabi,Groundnut,2.12,3.46,1.63,2024-06-08,2024-09-28,NPK 19:19:19,Tricyclazole,10
P0055,2024,Summer,Rice,2.12,7.72,3.64,2024-11-26,2025-04-04,Urea,Tricyclazole,21
P0056,2020,Rabi,Rice,1.32,2.97,2.25,2020-10-08,2021-03-04,MOP,Carbendazim,14
P0056,2021,Kharif,Rice,1.32,5.94,4.5,2021-07-24,2021-12-08,MOP,Tricyclazole,13
P0056,2022,Kharif,Rice,1.32,4.4,3.33,2022-06-05,2022-10-17,Urea,None,10
P0056,2022,Rabi,Rice,1.32,4.38,3.32,2022-07-22,2022-11-07,MOP,None,22
P0056,2022,Summer,Sugarcane,1.32,2.85,2.16,2022-10-22,2023-03-05,Urea,Tricyclazole,23
P0056,2024,Kharif,Rice,1.32,4.78,3.62,2024-10-02,2025-02-03,Organic Compost,Chlorpyrifos,25
P0056,2024,Rabi,Sugarcane,1.32,2.86,2.17,2024-07-26,2024-12-16,DAP,Carbendazim,24
P0056,2024,Summer,Rice,1.32,6.19,4.69,2024-07-05,2024-11-02,Organic Compost,Carbendazim,20
P0057,2020,Kharif,Rice,1.79,9.54,5.33,2020-10-17,2021-03-12,DAP,Tricyclazole,15
P0057,2020,Rabi,Groundnut,1.79,2.24,1.25,2020-06-26,2020-10-15,Urea,None,9
P0057,2021,Kharif,Rice,1.79,11.49,6.42,2021-07-23,2021-11-22,Organic Compost,Tricyclazole,9
P0057,2021,Rabi,Rice,1.79,10.53,5.88,2021-11-28,2022-03-11,NPK 19:19:19,Carbendazim,9
P0057,2021,Summer,Groundnut,1.79,4.42,2.47,2021-07-12,2021-10-26,Organic Compost,Carbendazim,19
P0057,2022,Summer,Rice,1.79,4.99,2.79,2022-11-04,2023-02-23,NPK 19:19:19,Tricyclazole,16
P0057,2023,Rabi,Groundnut,1.79,5.62,3.14,2023-07-01,2023-11-01,DAP,Chlorpyrifos,11
P0057,2023,Summer,Groundnut,1.79,4.44,2.48,2023-10-22,2024-02-15,NPK 19:19:19,Chlorpyrifos,14
P0057,2024,Kharif,Rice,1.79,5.94,3.32,2024-07-07,2024-11-02,NPK 19:19:19,None,17
P0057,2024,Rabi,Groundnut,1.79,3.87,2.16,2024-10-01,2025-01-26,DAP,None,19
P0057,2024,Summer,Groundnut,1.79,5.23,2.92,2024-10-03,2025-02-19,MOP,Chlorpyrifos,22
P0058,2020,Kharif,Groundnut,0.44,1.16,2.64,2020-11-14,2021-04-03,DAP,Carbendazim,21
P0058,2021,Kharif,Groundnut,0.44,0.62,1.4,2021-10-26,2022-02-13,MOP,Chlorpyrifos,8
P0058,2021,Rabi,Groundnut,0.44,0.59,1.35,2021-10-18,2022-01-31,Organic Compost,Chlorpyrifos,8
P0058,2021,Summer,Groundnut,0.44,0.57,1.29,2021-07-19,2021-11-14,MOP,Tricyclazole,14
P0058,2022,Rabi,Rice,0.44,1.36,3.1,2022-11-08,2023-03-15,DAP,Tricyclazole,13
P0058,2022,Summer,Rice,0.44,1.63,3.7,2022-07-02,2022-11-06,MOP,Carbendazim,24
P0058,2023,Rabi,Rice,0.44,2.31,5.26,2023-06-07,2023-09-28,DAP,None,9
P0058,2024,Kharif,Groundnut,0.44,0.53,1.21,2024-07-03,2024-11-21,DAP,None,13
P0058,2024,Rabi,Rice,0.44,2.68,6.1,2024-10-17,2025-03-08,Urea,Carbendazim,25
P0059,2020,Kharif,Groundnut,0.73,2.36,3.23,2020-11-13,2021-03-12,Urea,None,24
P0059,2020,Summer,Rice,0.73,3.93,5.38,2020-11-10,2021-03-09,Urea,None,20
P0059,2021,Rabi,Groundnut,0.73,1.61,2.2,2021-11-21,2022-04-03,MOP,Carbendazim,20
P0059,2021,Summer,Rice,0.73,4.01,5.49,2021-11-24,2022-03-23,Urea,Tricyclazole,12
P0059,2022,Rabi,Rice,0.73,4.12,5.64,2022-07-23,2022-11-27,DAP,None,14
P0059,2024,Kharif,Groundnut,0.73,1.61,2.21,2024-06-10,2024-11-03,Organic Compost,None,10
P0059,2024,Rabi,Groundnut,0.73,1.47,2.02,2024-07-27,2024-12-22,Organic Compost,Carbendazim,24
P0060,2020,Rabi,Rice,1.59,9.44,5.94,2020-06-02,2020-09-24,NPK 19:19:19,Tricyclazole,8
P0060,2020,Summer,Groundnut,1.59,2.97,1.87,2020-06-02,2020-09-10,DAP,Chlorpyrifos,25
P0060,2021,Rabi,Groundnut,1.59,4.1,2.58,2021-06-01,2021-09-29,MOP,Chlorpyrifos,16
P0060,2022,Kharif,Groundnut,1.59,4.32,2.72,2022-06-12,2022-10-25,NPK 19:19:19,Chlorpyrifos,9
P0060,2022,Summer,Groundnut,1.59,4.6,2.89,2022-07-27,2022-12-03,DAP,Chlorpyrifos,13
P0060,2023,Kharif,Groundnut,1.59,5.1,3.21,2023-11-22,2024-04-20,DAP,Chlorpyrifos,23
P0060,2023,Rabi,Rice,1.59,9.49,5.97,2023-10-21,2024-02-05,Organic Compost,Tricyclazole,13
P0060,2023,Summer,Rice,1.59,5.36,3.37,2023-07-14,2023-11-26,Urea,None,10
P0060,2024,Rabi,Groundnut,1.59,4.01,2.52,2024-07-08,2024-11-30,Urea,Chlorpyrifos,19
P0060,2024,Summer,Groundnut,1.59,2.88,1.81,2024-06-17,2024-10-25,Urea,Tricyclazole,23
P0061,2020,Kharif,Rice,0.72,3.48,4.83,2020-06-14,2020-11-09,MOP,Chlorpyrifos,8
P0061,2020,Rabi,Rice,0.72,1.68,2.34,2020-10-08,2021-03-06,DAP,Tricyclazole,22
P0061,2020,Summer,Rice,0.72,1.8,2.5,2020-11-17,2021-04-10,Organic Compost,Tricyclazole,25
P0061,2021,Kharif,Rice,0.72,2.02,2.8,2021-10-22,2022-03-02,Urea,Chlorpyrifos,20
P0061,2021,Rabi,Sugarcane,0.72,1.82,2.53,2021-11-25,2022-03-15,MOP,None,12
P0061,2022,Rabi,Rice,0.72,3.39,4.71,2022-10-11,2023-02-02,NPK 19:19:19,None,22
P0061,2022,Summer,Rice,0.72,3.47,4.82,2022-06-15,2022-10-10,DAP,Tricyclazole,21
P0061,2023,Kharif,Rice,0.72,3.3,4.58,2023-06-25,2023-10-31,NPK 19:19:19,Tricyclazole,8
P0061,2023,Rabi,Sugarcane,0.72,1.62,2.25,2023-10-22,2024-03-13,Organic Compost,Carbendazim,17
P0061,2023,Summer,Rice,0.72,4.04,5.61,2023-07-26,2023-12-11,MOP,None,21
P0061,2024,Kharif,Rice,0.72,2.56,3.55,2024-11-17,2025-04-06,NPK 19:19:19,None,20
P0061,2024,Summer,Rice,0.72,1.47,2.04,2024-10-10,2025-02-07,Organic Compost,Chlorpyrifos,24
P0062,2020,Kharif,Rice,0.37,2.13,5.76,2020-10-06,2021-01-21,Urea,Chlorpyrifos,20
P0062,2020,Summer,Sugarcane,0.37,0.93,2.5,2020-11-10,2021-03-25,Urea,None,25
P0062,2021,Rabi,Rice,0.37,2.02,5.47,2021-10-17,2022-01-31,Urea,Chlorpyrifos,9
P0062,2022,Rabi,Rice,0.37,2.4,6.48,2022-11-09,2023-04-05,Organic Compost,Carbendazim,21
P0062,2022,Summer,Rice,0.37,2.05,5.55,2022-06-05,2022-10-11,Urea,None,8
P0062,2023,Rabi,Sugarcane,0.37,1.19,3.22,2023-11-04,2024-03-20,Organic Compost,Carbendazim,14
P0062,2024,Kharif,Rice,0.37,1.67,4.51,2024-11-10,2025-02-24,Organic Compost,Chlorpyrifos,22
P0062,2024,Rabi,Rice,0.37,0.83,2.23,2024-11-15,2025-03-31,NPK 19:19:19,None,11
P0062,2024,Summer,Rice,0.37,0.79,2.14,2024-11-21,2025-03-03,DAP,Tricyclazole,19
P0063,2020,Kharif,Rice,0.84,5.16,6.14,2020-06-08,2020-10-03,MOP,Carbendazim,12
P0063,2020,Rabi,Rice,0.84,4.19,4.99,2020-11-16,2021-03-13,NPK 19:19:19,Tricyclazole,19
P0063,2021,Kharif,Groundnut,0.84,1.11,1.32,2021-07-26,2021-12-22,MOP,Carbendazim,21
P0063,2021,Rabi,Groundnut,0.84,1.22,1.45,2021-10-14,2022-03-12,DAP,None,8
P0063,2022,Rabi,Rice,0.84,2.65,3.16,2022-11-26,2023-03-07,MOP,Tricyclazole,20
P0063,2023,Rabi,Rice,0.84,2.91,3.47,2023-07-20,2023-11-24,Urea,Chlorpyrifos,25
P0063,2024,Rabi,Groundnut,0.84,1.57,1.87,2024-10-11,2025-03-06,Urea,Chlorpyrifos,9
P0064,2021,Rabi,Sugarcane,3.21,4.37,1.36,2021-07-25,2021-12-12,NPK 19:19:19,Tricyclazole,13
P0064,2021,Summer,Rice,3.21,14.45,4.5,2021-07-20,2021-11-19,MOP,Carbendazim,13
P0064,2022,Rabi,Rice,3.21,18.84,5.87,2022-10-05,2023-02-27,Urea,Tricyclazole,11
P0064,2022,Summer,Rice,3.21,7.64,2.38,2022-11-12,2023-03-31,Urea,None,18
P0064,2023,Kharif,Rice,3.21,7.77,2.42,2023-10-10,2024-02-25,NPK 19:19:19,Tricyclazole,17
P0064,2024,Kharif,Rice,3.21,10.72,3.34,2024-10-25,2025-02-11,Organic Compost,Carbendazim,11
P0064,2024,Rabi,Sugarcane,3.21,5.62,1.75,2024-06-12,2024-10-27,Organic Compost,Tricyclazole,14
P0065,2020,Kharif,Groundnut,1.9,4.22,2.22,2020-06-11,2020-10-03,Organic Compost,None,15
P0065,2020,Summer,Groundnut,1.9,2.22,1.17,2020-06-28,2020-11-25,DAP,Chlorpyrifos,24
P0065,2021,Kharif,Groundnut,1.9,4.16,2.19,2021-11-02,2022-03-14,Organic Compost,Chlorpyrifos,25
P0065,2021,Summer,Groundnut,1.9,3.25,1.71,2021-11-07,2022-02-15,Organic Compost,Tricyclazole,13
P0065,2023,Kharif,Rice,1.9,5.62,2.96,2023-11-11,2024-04-01,MOP,Chlorpyrifos,23
P0065,2023,Rabi,Rice,1.9,11.19,5.89,2023-06-17,2023-10-31,MOP,Tricyclazole,23
P0065,2024,Rabi,Rice,1.9,7.05,3.71,2024-11-15,2025-04-11,DAP,Tricyclazole,10
P0065,2024,Summer,Groundnut,1.9,2.55,1.34,2024-07-27,2024-11-29,Organic Compost,Carbendazim,20
P0066,2020,Kharif,Sugarcane,2.44,6.15,2.52,2020-10-11,2021-01-22,Organic Compost,None,9
P0066,2020,Summer,Rice,2.44,5.08,2.08,2020-11-08,2021-03-24,DAP,Carbendazim,13
P0066,2021,Summer,Rice,2.44,8.13,3.33,2021-10-06,2022-02-24,MOP,Carbendazim,22
P0066,2022,Kharif,Sugarcane,2.44,7.47,3.06,2022-07-18,2022-11-18,NPK 19:19:19,Carbendazim,19
P0066,2022,Rabi,Rice,2.44,5.44,2.23,2022-06-27,2022-11-11,DAP,None,22
P0066,2022,Summer,Sugarcane,2.44,4.27,1.75,2022-06-27,2022-10-13,Organic Compost,Chlorpyrifos,22
P0066,2023,Kharif,Sugarcane,2.44,5.98,2.45,2023-06-11,2023-11-06,MOP,Carbendazim,18
P0066,2023,Rabi,Rice,2.44,13.22,5.42,2023-07-14,2023-11-22,DAP,Tricyclazole,24
P0067,2020,Kharif,Rice,2.11,5.3,2.51,2020-11-28,2021-04-11,Urea,Chlorpyrifos,23
P0067,2020,Rabi,Rice,2.11,4.33,2.05,2020-10-11,2021-02-24,Urea,Chlorpyrifos,11
P0067,2020,Summer,Rice,2.11,9.54,4.52,2020-10-11,2021-01-28,NPK 19:19:19,Tricyclazole,14
P0067,2021,Rabi,Rice,2.11,9.33,4.42,2021-10-24,2022-03-05,Urea,Tricyclazole,8
P0067,2021,Summer,Rice,2.11,7.98,3.78,2021-07-05,2021-11-25,Urea,None,15
P0067,2022,Kharif,Rice,2.11,5.42,2.57,2022-06-08,2022-10-20,Organic Compost,Tricyclazole,17
P0067,2022,Summer,Rice,2.11,8.27,3.92,2022-06-08,2022-11-01,Organic Compost,None,24
P0067,2023,Rabi,Rice,2.11,7.32,3.47,2023-06-02,2023-09-28,DAP,Carbendazim,14
P0067,2023,Summer,Rice,2.11,13.08,6.2,2023-11-03,2024-03-03,Organic Compost,Tricyclazole,14
P0067,2024,Kharif,Sugarcane,2.11,3.25,1.54,2024-07-15,2024-10-28,MOP,Tricyclazole,15
P0068,2020,Kharif,Rice,2.79,17.83,6.39,2020-10-18,2021-02-15,NPK 19:19:19,None,19
P0068,2020,Rabi,Rice,2.79,6.67,2.39,2020-11-22,2021-03-17,MOP,Tricyclazole,20
P0068,2021,Kharif,Rice,2.79,16.6,5.95,2021-10-12,2022-03-11,Urea,Tricyclazole,17
P0068,2021,Summer,Rice,2.79,17.02,6.1,2021-07-27,2021-12-06,NPK 19:19:19,Tricyclazole,13
P0068,2022,Kharif,Rice,2.79,10.32,3.7,2022-11-25,2023-04-15,Urea,Carbendazim,15
P0068,2022,Summer,Sugarcane,2.79,8.48,3.04,2022-10-09,2023-01-21,NPK 19:19:19,None,9
P0068,2023,Kharif,Sugarcane,2.79,5.13,1.84,2023-10-21,2024-02-11,MOP,Tricyclazole,16
P0068,2023,Summer,Rice,2.79,12.61,4.52,2023-06-07,2023-10-27,Urea,Chlorpyrifos,23
P0068,2024,Kharif,Rice,2.79,10.85,3.89,2024-10-05,2025-02-13,NPK 19:19:19,Chlorpyrifos,24
P0068,2024,Rabi,Rice,2.79,11.27,4.04,2024-10-22,2025-02-16,Organic Compost,Chlorpyrifos,18
P0068,2024,Summer,Rice,2.79,10.83,3.88,2024-11-19,2025-03-01,NPK 19:19:19,Carbendazim,8
P0069,2020,Kharif,Rice,1.15,4.65,4.04,2020-10-20,2021-03-01,MOP,Carbendazim,19
P0069,2020,Summer,Rice,1.15,2.93,2.55,2020-11-05,2021-03-16,MOP,Chlorpyrifos,8
P0069,2021,Kharif,Sugarcane,1.15,3.32,2.89,2021-06-26,2021-10-10,MOP,None,14
P0069,2022,Kharif,Rice,1.15,4.73,4.11,2022-11-07,2023-03-22,MOP,Chlorpyrifos,15
P0069,2023,Kharif,Rice,1.15,6.01,5.23,2023-10-04,2024-01-26,Organic Compost,None,11
P0069,2023,Rabi,Rice,1.15,6.82,5.93,2023-07-17,2023-12-04,Urea,Chlorpyrifos,25
P0070,2020,Summer,Groundnut,2.88,3.14,1.09,2020-07-03,2020-11-19,MOP,Tricyclazole,22
P0070,2022,Rabi,Groundnut,2.88,4.44,1.54,2022-10-04,2023-02-17,MOP,Carbendazim,15
P0070,2022,Summer,Rice,2.88,15.03,5.22,2022-06-20,2022-10-28,MOP,None,12
P0070,2023,Summer,Rice,2.88,10.8,3.75,2023-11-05,2024-03-31,MOP,Tricyclazole,14
P0070,2024,Rabi,Groundnut,2.88,4.2,1.46,2024-10-26,2025-02-12,Urea,Carbendazim,14
P0071,2020,Rabi,Rice,2.95,10.97,3.72,2020-06-07,2020-10-04,NPK 19:19:19,None,20
P0071,2021,Kharif,Rice,2.95,14.57,4.94,2021-11-15,2022-04-08,Urea,Chlorpyrifos,9
P0071,2022,Kharif,Sugarcane,2.95,3.48,1.18,2022-11-24,2023-03-12,MOP,Chlorpyrifos,21
P0071,2022,Rabi,Rice,2.95,12.21,4.14,2022-06-11,2022-10-18,MOP,None,9
P0071,2023,Summer,Rice,2.95,8.76,2.97,2023-06-26,2023-11-02,NPK 19:19:19,None,14
P0071,2024,Kharif,Rice,2.95,7.14,2.42,2024-11-06,2025-02-24,DAP,Tricyclazole,9
P0071,2024,Rabi,Sugarcane,2.95,6.61,2.24,2024-06-21,2024-10-23,DAP,None,8
P0071,2024,Summer,Rice,2.95,16.17,5.48,2024-10-28,2025-03-22,NPK 19:19:19,None,23
P0072,2020,Summer,Rice,1.0,4.05,4.05,2020-11-27,2021-03-07,MOP,Chlorpyrifos,21
P0072,2021,Rabi,Rice,1.0,6.19,6.19,2021-10-10,2022-03-09,DAP,Chlorpyrifos,19
P0072,2022,Kharif,Rice,1.0,2.97,2.97,2022-07-11,2022-10-30,Organic Compost,Carbendazim,10
P0072,2022,Summer,Rice,1.0,5.7,5.7,2022-10-10,2023-03-06,NPK 19:19:19,Chlorpyrifos,20
P0072,2023,Kharif,Rice,1.0,4.81,4.81,2023-07-14,2023-12-02,MOP,None,15
P0072,2023,Rabi,Sugarcane,1.0,2.16,2.16,2023-11-03,2024-03-23,MOP,None,12
P0072,2024,Rabi,Rice,1.0,2.59,2.59,2024-06-13,2024-09-23,Urea,None,18
P0072,2024,Summer,Rice,1.0,4.43,4.43,2024-07-26,2024-11-30,NPK 19:19:19,Carbendazim,25
P0073,2020,Kharif,Rice,2.87,15.96,5.56,2020-11-18,2021-03-25,Organic Compost,Tricyclazole,12
P0073,2020,Summer,Rice,2.87,9.21,3.21,2020-06-17,2020-10-28,NPK 19:19:19,Carbendazim,8
P0073,2021,Kharif,Groundnut,2.87,6.86,2.39,2021-11-27,2022-04-18,Urea,None,9
P0073,2021,Rabi,Groundnut,2.87,3.19,1.11,2021-06-14,2021-10-11,NPK 19:19:19,Chlorpyrifos,20
P0073,2021,Summer,Groundnut,2.87,9.9,3.45,2021-07-26,2021-11-23,MOP,Carbendazim,24
P0073,2022,Kharif,Groundnut,2.87,3.7,1.29,2022-06-17,2022-10-05,Organic Compost,Tricyclazole,18
P0073,2023,Kharif,Rice,2.87,8.32,2.9,2023-07-03,2023-10-21,NPK 19:19:19,Chlorpyrifos,8
P0073,2023,Rabi,Rice,2.87,8.55,2.98,2023-06-07,2023-11-02,Urea,None,8
P0073,2023,Summer,Groundnut,2.87,8.21,2.86,2023-07-26,2023-11-21,NPK 19:19:19,Tricyclazole,15
P0073,2024,Kharif,Rice,2.87,13.12,4.57,2024-06-17,2024-10-28,Organic Compost,None,11
P0073,2024,Summer,Rice,2.87,10.71,3.73,2024-06-19,2024-10-02,DAP,Chlorpyrifos,12
P0074,2020,Kharif,Groundnut,2.4,6.43,2.68,2020-11-24,2021-04-10,Organic Compost,Tricyclazole,9
P0074,2020,Rabi,Rice,2.4,14.98,6.24,2020-10-18,2021-01-31,Organic Compost,Tricyclazole,23
P0074,2020,Summer,Groundnut,2.4,2.54,1.06,2020-07-02,2020-10-13,Organic Compost,Carbendazim,15
P0074,2022,Kharif,Groundnut,2.4,7.7,3.21,2022-06-04,2022-10-15,MOP,None,25
P0074,2022,Rabi,Rice,2.4,13.01,5.42,2022-10-17,2023-02-03,MOP,Chlorpyrifos,8
P0074,2023,Rabi,Rice,2.4,8.3,3.46,2023-06-12,2023-10-03,DAP,Carbendazim,21
P0074,2023,Summer,Groundnut,2.4,6.05,2.52,2023-10-13,2024-02-26,MOP,Carbendazim,16
P0074,2024,Kharif,Groundnut,2.4,2.71,1.13,2024-11-05,2025-03-30,Urea,Chlorpyrifos,16
P0074,2024,Rabi,Rice,2.4,10.63,4.43,2024-07-23,2024-12-19,Urea,Chlorpyrifos,12
P0074,2024,Summer,Groundnut,2.4,8.16,3.4,2024-10-01,2025-01-18,NPK 19:19:19,Chlorpyrifos,9
P0075,2020,Kharif,Rice,2.64,9.13,3.46,2020-11-09,2021-04-02,DAP,Tricyclazole,15
P0075,2020,Rabi,Rice,2.64,7.18,2.72,2020-07-14,2020-11-10,DAP,Carbendazim,22
P0075,2022,Kharif,Rice,2.64,6.65,2.52,2022-10-04,2023-02-16,NPK 19:19:19,None,13
P0075,2022,Rabi,Rice,2.64,8.69,3.29,2022-10-19,2023-01-28,NPK 19:19:19,None,9
P0075,2023,Kharif,Rice,2.64,10.14,3.84,2023-06-09,2023-10-14,Urea,None,12
P0075,2023,Rabi,Rice,2.64,6.34,2.4,2023-11-03,2024-02-12,DAP,Chlorpyrifos,12
P0075,2023,Summer,Sugarcane,2.64,3.46,1.31,2023-06-12,2023-09-25,MOP,Carbendazim,8
P0075,2024,Kharif,Sugarcane,2.64,4.12,1.56,2024-11-25,2025-03-25,MOP,Carbendazim,20
P0075,2024,Rabi,Rice,2.64,10.27,3.89,2024-07-05,2024-11-10,DAP,Carbendazim,20
P0075,2024,Summer,Rice,2.64,9.24,3.5,2024-06-20,2024-10-03,Urea,Carbendazim,23
P0076,2020,Kharif,Groundnut,0.86,1.42,1.65,2020-10-16,2021-02-02,MOP,Tricyclazole,10
P0076,2020,Rabi,Groundnut,0.86,2.49,2.89,2020-07-06,2020-11-03,DAP,Tricyclazole,13
P0076,2020,Summer,Rice,0.86,4.45,5.17,2020-11-28,2021-04-03,NPK 19:19:19,Carbendazim,20
P0076,2021,Kharif,Groundnut,0.86,2.75,3.2,2021-10-03,2022-02-19,NPK 19:19:19,Tricyclazole,24
P0076,2021,Rabi,Rice,0.86,4.93,5.73,2021-10-16,2022-02-22,DAP,None,14
P0076,2021,Summer,Rice,0.86,2.89,3.36,2021-11-04,2022-03-16,Organic Compost,Tricyclazole,17
P0076,2022,Kharif,Groundnut,0.86,2.61,3.03,2022-07-11,2022-11-05,MOP,None,17
P0076,2022,Rabi,Groundnut,0.86,1.05,1.22,2022-07-04,2022-10-21,NPK 19:19:19,Carbendazim,19
P0076,2023,Rabi,Rice,0.86,2.79,3.24,2023-11-22,2024-04-14,MOP,None,11
P0076,2024,Kharif,Groundnut,0.86,1.03,1.2,2024-07-18,2024-11-30,DAP,Tricyclazole,15
P0076,2024,Summer,Groundnut,0.86,2.31,2.69,2024-10-08,2025-02-06,MOP,Chlorpyrifos,10
P0077,2020,Kharif,Rice,1.43,9.25,6.47,2020-11-18,2021-02-27,NPK 19:19:19,Carbendazim,8
P0077,2022,Kharif,Rice,1.43,7.68,5.37,2022-10-07,2023-02-26,Urea,Chlorpyrifos,15
P0077,2022,Rabi,Rice,1.43,6.79,4.75,2022-11-02,2023-03-01,Organic Compost,Tricyclazole,8
P0077,2022,Summer,Groundnut,1.43,3.98,2.78,2022-11-05,2023-02-19,Organic Compost,Tricyclazole,9
P0077,2023,Kharif,Groundnut,1.43,2.15,1.5,2023-07-02,2023-11-23,Organic Compost,Tricyclazole,25
P0077,2023,Rabi,Rice,1.43,3.07,2.15,2023-06-03,2023-09-28,Urea,Chlorpyrifos,17
P0077,2023,Summer,Groundnut,1.43,4.12,2.88,2023-06-08,2023-09-22,NPK 19:19:19,None,22
P0077,2024,Kharif,Groundnut,1.43,1.8,1.26,2024-06-25,2024-11-19,NPK 19:19:19,Chlorpyrifos,19
P0077,2024,Rabi,Rice,1.43,7.04,4.92,2024-10-04,2025-02-18,NPK 19:19:19,Carbendazim,19
P0077,2024,Summer,Rice,1.43,5.05,3.53,2024-06-07,2024-10-13,MOP,Chlorpyrifos,11
P0078,2020,Rabi,Groundnut,1.05,3.1,2.95,2020-06-16,2020-10-02,Organic Compost,None,15
P0078,2020,Summer,Groundnut,1.05,2.5,2.38,2020-06-14,2020-09-23,Organic Compost,None,23
P0078,2021,Kharif,Groundnut,1.05,2.61,2.49,2021-07-07,2021-11-27,Organic Compost,Tricyclazole,16
P0078,2021,Rabi,Rice,1.05,6.06,5.77,2021-07-16,2021-11-14,Urea,Tricyclazole,21
P0078,2021,Summer,Rice,1.05,4.68,4.46,2021-06-06,2021-10-02,Organic Compost,Carbendazim,19
P0078,2022,Kharif,Rice,1.05,3.32,3.16,2022-06-06,2022-10-25,MOP,Chlorpyrifos,12
P0078,2022,Summer,Groundnut,1.05,2.08,1.98,2022-07-27,2022-11-11,Urea,Tricyclazole,20
P0078,2023,Kharif,Groundnut,1.05,2.29,2.18,2023-10-13,2024-03-03,NPK 19:19:19,Tricyclazole,19
P0078,2023,Summer,Rice,1.05,5.4,5.14,2023-07-19,2023-11-19,DAP,None,18
P0078,2024,Summer,Rice,1.05,2.12,2.02,2024-07-13,2024-10-25,Urea,Chlorpyrifos,14
P0079,2020,Kharif,Rice,1.73,8.93,5.16,2020-07-10,2020-10-31,Urea,Chlorpyrifos,12
P0079,2020,Summer,Rice,1.73,5.81,3.36,2020-07-01,2020-10-09,Urea,Tricyclazole,10
P0079,2021,Kharif,Rice,1.73,4.24,2.45,2021-07-02,2021-10-19,Urea,Tricyclazole,23
P0079,2021,Rabi,Groundnut,1.73,5.17,2.99,2021-10-13,2022-03-07,DAP,Carbendazim,15
P0079,2023,Rabi,Groundnut,1.73,6.02,3.48,2023-11-09,2024-04-06,NPK 19:19:19,Tricyclazole,11
P0079,2024,Summer,Rice,1.73,4.05,2.34,2024-07-18,2024-12-14,NPK 19:19:19,Tricyclazole,18
P0080,2020,Kharif,Groundnut,0.83,2.42,2.91,2020-07-19,2020-11-19,NPK 19:19:19,None,18
P0080,2020,Rabi,Groundnut,0.83,0.92,1.11,2020-11-28,2021-04-17,Organic Compost,Tricyclazole,13
P0080,2021,Kharif,Groundnut,0.83,1.73,2.09,2021-10-26,2022-02-21,MOP,Carbendazim,21
P0080,2021,Rabi,Groundnut,0.83,0.96,1.16,2021-07-02,2021-11-01,Urea,None,22
P0080,2022,Kharif,Groundnut,0.83,2.5,3.01,2022-06-12,2022-10-14,NPK 19:19:19,Chlorpyrifos,23
P0080,2022,Rabi,Rice,0.83,2.85,3.43,2022-07-04,2022-11-12,DAP,None,13
P0080,2022,Summer,Rice,0.83,3.54,4.26,2022-06-27,2022-10-24,MOP,Tricyclazole,13
P0080,2023,Kharif,Groundnut,0.83,2.43,2.93,2023-07-11,2023-11-04,NPK 19:19:19,Tricyclazole,12
P0080,2023,Rabi,Groundnut,0.83,1.69,2.04,2023-10-02,2024-02-07,MOP,Chlorpyrifos,8
P0080,2023,Summer,Groundnut,0.83,2.79,3.36,2023-07-05,2023-11-12,DAP,Carbendazim,14
P0080,2024,Kharif,Groundnut,0.83,1.12,1.35,2024-11-14,2025-04-07,Organic Compost,Chlorpyrifos,14
P0080,2024,Rabi,Groundnut,0.83,1.68,2.02,2024-11-20,2025-03-03,Urea,Carbendazim,24
P0080,2024,Summer,Groundnut,0.83,2.27,2.73,2024-07-06,2024-10-17,MOP,Chlorpyrifos,16
P0081,2020,Rabi,Rice,2.14,8.3,3.88,2020-11-07,2021-03-23,Urea,Carbendazim,22
P0081,2020,Summer,Rice,2.14,10.85,5.07,2020-06-11,2020-10-01,MOP,Tricyclazole,22
P0081,2021,Rabi,Sugarcane,2.14,3.98,1.86,2021-11-23,2022-03-24,DAP,Tricyclazole,10
P0081,2021,Summer,Rice,2.14,9.35,4.37,2021-07-27,2021-12-24,DAP,Chlorpyrifos,23
P0081,2022,Rabi,Rice,2.14,6.01,2.81,2022-11-24,2023-03-17,DAP,Chlorpyrifos,12
P0081,2022,Summer,Rice,2.14,12.28,5.74,2022-06-27,2022-11-03,NPK 19:19:19,Tricyclazole,11
P0081,2023,Kharif,Rice,2.14,11.79,5.51,2023-11-06,2024-02-17,DAP,Carbendazim,11
P0081,2023,Summer,Sugarcane,2.14,3.08,1.44,2023-07-02,2023-11-02,Urea,Tricyclazole,8
P0081,2024,Rabi,Rice,2.14,11.47,5.36,2024-07-01,2024-10-20,Organic Compost,None,11
P0081,2024,Summer,Rice,2.14,6.87,3.21,2024-07-22,2024-11-24,Urea,None,21
P0082,2020,Kharif,Rice,0.35,0.73,2.09,2020-11-15,2021-04-12,DAP,None,20
P0082,2020,Rabi,Sugarcane,0.35,0.36,1.03,2020-06-11,2020-11-01,Urea,Carbendazim,14
P0082,2021,Kharif,Sugarcane,0.35,0.68,1.94,2021-07-09,2021-11-03,DAP,None,22
P0082,2022,Kharif,Rice,0.35,2.21,6.31,2022-06-18,2022-10-10,Urea,Tricyclazole,18
P0082,2023,Rabi,Rice,0.35,1.05,2.99,2023-06-23,2023-11-08,Organic Compost,Chlorpyrifos,12
P0082,2023,Summer,Rice,0.35,2.06,5.88,2023-11-06,2024-03-19,DAP,None,20
P0082,2024,Rabi,Rice,0.35,2.01,5.74,2024-11-02,2025-02-18,NPK 19:19:19,Tricyclazole,20
P0082,2024,Summer,Rice,0.35,1.57,4.49,2024-11-28,2025-03-18,MOP,Carbendazim,14
P0083,2020,Kharif,Rice,3.16,16.59,5.25,2020-10-01,2021-02-06,Organic Compost,Tricyclazole,17
P0083,2020,Rabi,Sugarcane,3.16,6.41,2.03,2020-11-12,2021-04-09,Urea,Chlorpyrifos,9
P0083,2020,Summer,Rice,3.16,8.69,2.75,2020-07-20,2020-10-30,Urea,Carbendazim,17
P0083,2021,Kharif,Rice,3.16,14.03,4.44,2021-06-09,2021-10-03,Urea,Chlorpyrifos,13
P0083,2021,Rabi,Rice,3.16,8.78,2.78,2021-07-08,2021-10-29,DAP,Chlorpyrifos,19
P0083,2022,Rabi,Rice,3.16,7.93,2.51,2022-10-28,2023-02-08,DAP,Carbendazim,17
P0083,2023,Kharif,Rice,3.16,14.57,4.61,2023-07-28,2023-11-30,Organic Compost,Carbendazim,14
P0083,2023,Rabi,Rice,3.16,18.39,5.82,2023-07-06,2023-11-01,NPK 19:19:19,Chlorpyrifos,21
P0083,2024,Kharif,Rice,3.16,16.84,5.33,2024-10-19,2025-03-15,DAP,None,12
P0083,2024,Rabi,Rice,3.16,18.83,5.96,2024-10-03,2025-01-21,Urea,Tricyclazole,18
P0083,2024,Summer,Sugarcane,3.16,7.9,2.5,2024-10-28,2025-03-16,DAP,None,11
P0084,2020,Rabi,Groundnut,0.96,2.06,2.15,2020-07-03,2020-11-10,Organic Compost,Carbendazim,16
P0084,2021,Kharif,Groundnut,0.96,3.04,3.17,2021-07-20,2021-12-16,Urea,Chlorpyrifos,22
P0084,2021,Summer,Rice,0.96,3.85,4.01,2021-07-06,2021-11-08,DAP,None,23
P0084,2022,Kharif,Groundnut,0.96,2.09,2.18,2022-07-14,2022-11-08,DAP,Tricyclazole,16
P0084,2022,Rabi,Groundnut,0.96,1.25,1.3,2022-06-20,2022-10-25,DAP,None,8
P0084,2022,Summer,Groundnut,0.96,1.61,1.68,2022-10-11,2023-01-27,DAP,Chlorpyrifos,11
P0084,2023,Rabi,Rice,0.96,2.32,2.42,2023-10-01,2024-01-29,DAP,Chlorpyrifos,11
P0084,2023,Summer,Rice,0.96,5.56,5.79,2023-10-08,2024-02-27,Organic Compost,Tricyclazole,23
P0084,2024,Kharif,Groundnut,0.96,2.41,2.51,2024-07-09,2024-11-15,DAP,Carbendazim,16
P0084,2024,Rabi,Groundnut,0.96,1.53,1.59,2024-06-17,2024-10-29,MOP,Carbendazim,25
P0084,2024,Summer,Groundnut,0.96,2.27,2.36,2024-06-10,2024-11-06,NPK 19:19:19,None,21
P0085,2020,Kharif,Sugarcane,0.46,1.33,2.89,2020-07-07,2020-10-30,Organic Compost,Tricyclazole,19
P0085,2020,Summer,Rice,0.46,2.4,5.22,2020-07-11,2020-11-17,MOP,Tricyclazole,16
P0085,2021,Rabi,Rice,0.46,2.04,4.44,2021-07-27,2021-12-21,MOP,Tricyclazole,23
P0085,2022,Kharif,Rice,0.46,1.18,2.56,2022-10-13,2023-02-20,Organic Compost,Chlorpyrifos,19
P0085,2023,Kharif,Rice,0.46,2.13,4.64,2023-10-03,2024-03-01,DAP,Chlorpyrifos,13
P0085,2023,Summer,Rice,0.46,2.57,5.58,2023-07-12,2023-12-05,NPK 19:19:19,Chlorpyrifos,17
P0085,2024,Kharif,Sugarcane,0.46,0.75,1.63,2024-07-19,2024-12-14,DAP,None,10
P0085,2024,Rabi,Rice,0.46,1.1,2.39,2024-07-08,2024-11-02,Organic Compost,Chlorpyrifos,8
P0085,2024,Summer,Sugarcane,0.46,0.97,2.11,2024-11-06,2025-03-30,DAP,Tricyclazole,20
P0086,2020,Rabi,Rice,0.9,3.55,3.94,2020-06-19,2020-10-20,DAP,None,23
P0086,2020,Summer,Rice,0.9,4.29,4.77,2020-06-23,2020-10-15,Urea,None,15
P0086,2021,Rabi,Rice,0.9,5.18,5.76,2021-07-06,2021-11-02,Urea,None,15
P0086,2021,Summer,Rice,0.9,5.57,6.19,2021-06-14,2021-09-23,DAP,Tricyclazole,23
P0086,2022,Kharif,Rice,0.9,2.25,2.5,2022-11-09,2023-03-14,NPK 19:19:19,None,23
P0086,2022,Rabi,Rice,0.9,4.67,5.19,2022-11-10,2023-03-03,MOP,None,8
P0086,2022,Summer,Rice,0.9,2.9,3.22,2022-11-06,2023-02-26,Urea,Tricyclazole,21
P0086,2023,Kharif,Rice,0.9,4.99,5.54,2023-06-07,2023-09-27,Urea,None,16
P0086,2024,Kharif,Rice,0.9,3.38,3.75,2024-07-23,2024-11-06,MOP,Carbendazim,11
P0086,2024,Rabi,Rice,0.9,3.7,4.11,2024-11-06,2025-03-15,NPK 19:19:19,Carbendazim,23
P0086,2024,Summer,Rice,0.9,2.65,2.94,2024-11-28,2025-04-21,MOP,Carbendazim,13
P0087,2020,Kharif,Rice,1.82,7.52,4.13,2020-10-14,2021-01-26,MOP,None,24
P0087,2020,Rabi,Rice,1.82,8.72,4.79,2020-06-27,2020-11-05,Organic Compost,Chlorpyrifos,13
P0087,2021,Rabi,Rice,1.82,5.82,3.2,2021-07-15,2021-11-11,MOP,None,23
P0087,2022,Rabi,Rice,1.82,8.34,4.58,2022-07-17,2022-11-18,NPK 19:19:19,None,13
P0087,2022,Summer,Rice,1.82,6.73,3.7,2022-10-24,2023-02-15,DAP,Tricyclazole,25
P0087,2023,Kharif,Rice,1.82,7.86,4.32,2023-11-06,2024-02-26,MOP,None,8
P0087,2023,Rabi,Rice,1.82,10.79,5.93,2023-10-08,2024-02-17,MOP,Tricyclazole,16
P0087,2024,Kharif,Rice,1.82,8.46,4.65,2024-07-11,2024-12-07,Urea,None,15
P0087,2024,Rabi,Rice,1.82,4.04,2.22,2024-10-22,2025-02-26,NPK 19:19:19,Tricyclazole,11
P0088,2020,Kharif,Rice,0.49,1.09,2.23,2020-10-07,2021-02-13,NPK 19:19:19,None,25
P0088,2020,Rabi,Rice,0.49,2.85,5.82,2020-11-09,2021-03-15,DAP,Tricyclazole,15
P0088,2020,Summer,Rice,0.49,2.93,5.97,2020-10-22,2021-02-18,Urea,Carbendazim,24
P0088,2021,Kharif,Rice,0.49,2.03,4.14,2021-06-05,2021-10-11,DAP,None,8
P0088,2021,Rabi,Rice,0.49,1.98,4.04,2021-10-02,2022-02-23,Organic Compost,Tricyclazole,8
P0088,2022,Rabi,Groundnut,0.49,0.77,1.57,2022-06-11,2022-09-21,DAP,Tricyclazole,16
P0088,2022,Summer,Groundnut,0.49,1.08,2.21,2022-07-01,2022-11-03,NPK 19:19:19,Chlorpyrifos,8
P0088,2023,Kharif,Groundnut,0.49,0.72,1.46,2023-06-18,2023-10-04,DAP,Tricyclazole,21
P0088,2023,Rabi,Groundnut,0.49,1.24,2.54,2023-10-25,2024-02-07,Organic Compost,Tricyclazole,24
P0088,2023,Summer,Groundnut,0.49,1.42,2.9,2023-10-07,2024-02-16,Organic Compost,None,20
P0088,2024,Kharif,Groundnut,0.49,1.32,2.7,2024-11-07,2025-03-06,DAP,Tricyclazole,20
P0088,2024,Summer,Rice,0.49,2.39,4.87,2024-06-28,2024-11-17,Organic Compost,Chlorpyrifos,12
P0089,2020,Kharif,Sugarcane,1.16,3.64,3.14,2020-06-09,2020-10-28,NPK 19:19:19,None,25
P0089,2020,Rabi,Sugarcane,1.16,1.75,1.51,2020-06-14,2020-10-17,Urea,None,20
P0089,2020,Summer,Rice,1.16,5.36,4.62,2020-11-07,2021-03-24,Organic Compost,None,25
P0089,2021,Kharif,Sugarcane,1.16,2.38,2.05,2021-06-18,2021-10-05,MOP,Chlorpyrifos,15
P0089,2021,Rabi,Sugarcane,1.16,3.55,3.06,2021-06-18,2021-10-23,MOP,Carbendazim,13
P0089,2021,Summer,Rice,1.16,6.07,5.23,2021-07-01,2021-10-22,Organic Compost,Chlorpyrifos,10
P0089,2022,Kharif,Rice,1.16,7.48,6.45,2022-10-10,2023-03-02,Organic Compost,None,11
P0089,2022,Summer,Sugarcane,1.16,2.9,2.5,2022-11-01,2023-03-05,Urea,Carbendazim,25
P0089,2023,Kharif,Rice,1.16,5.09,4.39,2023-10-09,2024-02-24,MOP,Chlorpyrifos,25
P0089,2023,Rabi,Rice,1.16,5.96,5.14,2023-07-26,2023-11-06,Urea,Tricyclazole,25
P0089,2024,Kharif,Rice,1.16,7.3,6.29,2024-11-21,2025-03-25,MOP,Chlorpyrifos,11
P0089,2024,Summer,Rice,1.16,6.76,5.83,2024-06-13,2024-11-01,Organic Compost,Chlorpyrifos,24
P0090,2020,Summer,Rice,1.62,10.08,6.22,2020-06-16,2020-09-27,DAP,Tricyclazole,17
P0090,2021,Rabi,Groundnut,1.62,3.81,2.35,2021-06-17,2021-11-04,Organic Compost,None,22
P0090,2022,Summer,Groundnut,1.62,5.04,3.11,2022-10-27,2023-02-23,MOP,None,8
P0090,2023,Kharif,Rice,1.62,6.64,4.1,2023-07-21,2023-12-09,MOP,None,10
P0090,2023,Rabi,Rice,1.62,4.07,2.51,2023-11-19,2024-04-10,Organic Compost,Tricyclazole,11
P0090,2024,Kharif,Groundnut,1.62,1.75,1.08,2024-07-01,2024-11-13,DAP,None,15
P0090,2024,Rabi,Groundnut,1.62,4.88,3.01,2024-06-21,2024-11-16,NPK 19:19:19,Chlorpyrifos,16
P0091,2020,Rabi,Sugarcane,0.55,1.01,1.84,2020-07-21,2020-11-14,Organic Compost,Tricyclazole,8
P0091,2021,Rabi,Rice,0.55,3.27,5.95,2021-10-06,2022-02-25,DAP,Tricyclazole,8
P0091,2021,Summer,Rice,0.55,1.72,3.12,2021-07-15,2021-11-15,DAP,Carbendazim,22
P0091,2022,Kharif,Rice,0.55,2.71,4.92,2022-07-20,2022-11-21,NPK 19:19:19,None,12
P0091,2022,Rabi,Rice,0.55,1.43,2.6,2022-07-13,2022-11-10,MOP,None,19
P0091,2022,Summer,Sugarcane,0.55,0.66,1.2,2022-10-17,2023-03-14,Organic Compost,Tricyclazole,19
P0091,2023,Kharif,Rice,0.55,3.15,5.72,2023-06-08,2023-10-11,MOP,Chlorpyrifos,11
P0091,2023,Rabi,Sugarcane,0.55,1.06,1.92,2023-11-08,2024-03-20,NPK 19:19:19,Tricyclazole,12
P0091,2023,Summer,Rice,0.55,2.05,3.72,2023-07-14,2023-10-24,NPK 19:19:19,Tricyclazole,17
P0091,2024,Kharif,Rice,0.55,2.5,4.55,2024-10-19,2025-02-15,NPK 19:19:19,Chlorpyrifos,12
P0091,2024,Rabi,Rice,0.55,2.06,3.74,2024-07-20,2024-11-30,DAP,Tricyclazole,12
P0092,2020,Kharif,Rice,3.34,12.83,3.84,2020-11-19,2021-04-05,DAP,Carbendazim,20
P0092,2020,Rabi,Groundnut,3.34,9.62,2.88,2020-07-07,2020-11-04,NPK 19:19:19,Tricyclazole,25
P0092,2020,Summer,Groundnut,3.34,6.45,1.93,2020-11-20,2021-03-11,NPK 19:19:19,None,17
P0092,2022,Kharif,Rice,3.34,9.69,2.9,2022-07-04,2022-11-01,Organic Compost,Chlorpyrifos,10
P0092,2024,Rabi,Groundnut,3.34,9.39,2.81,2024-11-05,2025-03-24,Urea,Carbendazim,15
P0092,2024,Summer,Rice,3.34,8.45,2.53,2024-06-07,2024-10-04,DAP,Tricyclazole,18
P0093,2020,Rabi,Sugarcane,1.69,4.28,2.53,2020-07-02,2020-11-16,NPK 19:19:19,Carbendazim,20
P0093,2021,Kharif,Rice,1.69,8.1,4.79,2021-10-01,2022-01-30,DAP,None,24
P0093,2022,Rabi,Sugarcane,1.69,5.68,3.36,2022-11-14,2023-04-01,Urea,Carbendazim,25
P0093,2022,Summer,Sugarcane,1.69,3.99,2.36,2022-07-19,2022-12-15,Urea,Carbendazim,20
P0093,2023,Kharif,Rice,1.69,6.15,3.64,2023-06-16,2023-11-05,Urea,Tricyclazole,21
P0093,2023,Rabi,Sugarcane,1.69,4.88,2.89,2023-10-16,2024-02-02,MOP,None,17
P0093,2024,Kharif,Sugarcane,1.69,2.38,1.41,2024-10-04,2025-02-26,DAP,None,14
P0093,2024,Rabi,Rice,1.69,3.77,2.23,2024-11-04,2025-02-12,NPK 19:19:19,Tricyclazole,14
P0093,2024,Summer,Rice,1.69,5.1,3.02,2024-11-12,2025-02-23,Urea,Chlorpyrifos,9
P0094,2020,Summer,Rice,1.34,3.85,2.87,2020-07-17,2020-11-24,NPK 19:19:19,None,14
P0094,2022,Kharif,Rice,1.34,6.35,4.74,2022-11-10,2023-03-25,MOP,Tricyclazole,21
P0094,2022,Summer,Sugarcane,1.34,2.4,1.79,2022-07-25,2022-11-16,Urea,None,23
P0094,2023,Kharif,Rice,1.34,6.47,4.83,2023-06-26,2023-11-03,Organic Compost,Carbendazim,10
P0094,2023,Rabi,Rice,1.34,6.26,4.67,2023-07-28,2023-12-09,Urea,Carbendazim,19
P0094,2023,Summer,Rice,1.34,6.04,4.51,2023-06-20,2023-10-02,MOP,None,19
P0094,2024,Rabi,Rice,1.34,4.25,3.17,2024-10-27,2025-03-04,Organic Compost,Tricyclazole,19
P0095,2020,Kharif,Groundnut,0.38,1.16,3.05,2020-06-21,2020-10-30,Urea,None,17
P0095,2021,Kharif,Rice,0.38,0.96,2.53,2021-10-11,2022-02-07,MOP,None,15
P0095,2021,Rabi,Groundnut,0.38,0.4,1.06,2021-07-03,2021-11-14,DAP,Tricyclazole,20
P0095,2021,Summer,Rice,0.38,2.33,6.12,2021-07-17,2021-11-17,Organic Compost,Tricyclazole,16
P0095,2022,Kharif,Rice,0.38,0.78,2.06,2022-11-18,2023-04-01,NPK 19:19:19,Carbendazim,13
P0095,2022,Rabi,Rice,0.38,1.94,5.11,2022-06-13,2022-10-09,Organic Compost,Chlorpyrifos,14
P0095,2022,Summer,Rice,0.38,0.85,2.25,2022-11-05,2023-02-25,DAP,Tricyclazole,17
P0095,2023,Summer,Rice,0.38,1.63,4.28,2023-11-16,2024-02-26,Organic Compost,Tricyclazole,9
P0095,2024,Kharif,Rice,0.38,1.81,4.77,2024-06-20,2024-11-11,Organic Compost,Carbendazim,15
P0096,2020,Kharif,Rice,3.11,7.56,2.43,2020-11-13,2021-02-27,Organic Compost,Carbendazim,25
P0096,2021,Rabi,Rice,3.11,15.39,4.95,2021-06-04,2021-10-20,Urea,Carbendazim,22
P0096,2021,Summer,Rice,3.11,9.39,3.02,2021-07-01,2021-10-29,NPK 19:19:19,None,23
P0096,2022,Kharif,Rice,3.11,10.36,3.33,2022-10-23,2023-02-17,Urea,Chlorpyrifos,14
P0096,2022,Summer,Rice,3.11,17.73,5.7,2022-11-24,2023-03-08,Organic Compost,Carbendazim,15
P0096,2023,Kharif,Sugarcane,3.11,10.85,3.49,2023-11-26,2024-03-29,DAP,Tricyclazole,13
P0096,2023,Summer,Sugarcane,3.11,10.7,3.44,2023-06-12,2023-10-04,DAP,Tricyclazole,10
P0096,2024,Kharif,Rice,3.11,13.03,4.19,2024-06-05,2024-10-06,Organic Compost,Tricyclazole,8
P0096,2024,Summer,Sugarcane,3.11,6.16,1.98,2024-06-11,2024-09-22,Urea,Tricyclazole,20
P0097,2020,Rabi,Rice,1.59,6.98,4.39,2020-06-05,2020-10-29,Urea,Tricyclazole,16
P0097,2020,Summer,Rice,1.59,7.38,4.64,2020-06-28,2020-10-19,Organic Compost,None,13
P0097,2021,Rabi,Rice,1.59,3.34,2.1,2021-07-12,2021-10-28,MOP,Carbendazim,13
P0097,2021,Summer,Sugarcane,1.59,4.36,2.74,2021-10-19,2022-02-25,MOP,Chlorpyrifos,11
P0097,2022,Kharif,Rice,1.59,7.63,4.8,2022-11-02,2023-02-13,Organic Compost,Tricyclazole,9
P0097,2022,Summer,Rice,1.59,5.49,3.45,2022-11-10,2023-04-01,MOP,Chlorpyrifos,9
P0097,2023,Rabi,Rice,1.59,6.85,4.31,2023-10-11,2024-02-02,Urea,None,25
P0097,2024,Kharif,Sugarcane,1.59,3.69,2.32,2024-10-21,2025-02-20,MOP,Carbendazim,18
P0097,2024,Rabi,Sugarcane,1.59,3.96,2.49,2024-07-28,2024-11-15,MOP,Chlorpyrifos,11
P0097,2024,Summer,Sugarcane,1.59,3.21,2.02,2024-06-11,2024-11-02,Urea,Chlorpyrifos,21
P0098,2020,Rabi,Rice,1.16,2.48,2.14,2020-10-18,2021-02-22,Urea,Carbendazim,22
P0098,2020,Summer,Rice,1.16,3.0,2.59,2020-11-13,2021-02-22,MOP,None,19
P0098,2021,Kharif,Rice,1.16,5.87,5.06,2021-06-12,2021-10-02,Urea,Tricyclazole,15
P0098,2021,Rabi,Rice,1.16,3.97,3.42,2021-11-16,2022-03-02,Urea,Carbendazim,24
P0098,2021,Summer,Rice,1.16,3.65,3.15,2021-10-05,2022-01-24,Urea,Chlorpyrifos,15
P0098,2022,Kharif,Rice,1.16,2.61,2.25,2022-11-19,2023-03-15,NPK 19:19:19,Carbendazim,19
P0098,2022,Summer,Rice,1.16,3.99,3.44,2022-11-19,2023-03-02,NPK 19:19:19,None,10
P0098,2023,Kharif,Sugarcane,1.16,3.62,3.12,2023-11-24,2024-03-22,NPK 19:19:19,Chlorpyrifos,21
P0098,2023,Summer,Rice,1.16,5.49,4.73,2023-07-11,2023-12-03,MOP,Tricyclazole,20
P0098,2024,Kharif,Rice,1.16,2.58,2.22,2024-10-22,2025-02-28,DAP,Chlorpyrifos,23
P0098,2024,Rabi,Rice,1.16,6.53,5.63,2024-10-08,2025-01-16,Urea,Chlorpyrifos,13
P0099,2020,Kharif,Groundnut,0.86,2.69,3.13,2020-07-07,2020-10-27,DAP,Tricyclazole,14
P0099,2020,Rabi,Groundnut,0.86,1.48,1.72,2020-07-19,2020-11-21,Urea,Chlorpyrifos,25
P0099,2020,Summer,Rice,0.86,4.88,5.67,2020-07-25,2020-11-12,NPK 19:19:19,Tricyclazole,13
P0099,2021,Rabi,Groundnut,0.86,2.01,2.34,2021-07-08,2021-12-01,MOP,Chlorpyrifos,9
P0099,2022,Kharif,Rice,0.86,5.56,6.46,2022-06-09,2022-10-31,Urea,Tricyclazole,14
P0099,2022,Summer,Rice,0.86,5.44,6.33,2022-10-05,2023-01-26,NPK 19:19:19,None,24
P0099,2023,Rabi,Groundnut,0.86,2.72,3.16,2023-10-27,2024-02-24,MOP,Carbendazim,18
P0099,2024,Kharif,Groundnut,0.86,2.34,2.72,2024-10-14,2025-02-27,Organic Compost,None,14
P0099,2024,Rabi,Groundnut,0.86,2.4,2.79,2024-06-01,2024-09-09,NPK 19:19:19,Carbendazim,15
P0100,2020,Rabi,Groundnut,0.59,1.25,2.12,2020-07-05,2020-11-13,NPK 19:19:19,Chlorpyrifos,14
P0100,2020,Summer,Groundnut,0.59,1.96,3.32,2020-06-13,2020-10-16,NPK 19:19:19,None,22
P0100,2021,Rabi,Rice,0.59,2.07,3.51,2021-07-13,2021-10-23,MOP,Chlorpyrifos,24
P0100,2021,Summer,Groundnut,0.59,1.81,3.06,2021-10-03,2022-02-26,NPK 19:19:19,Carbendazim,9
P0100,2022,Rabi,Rice,0.59,3.19,5.41,2022-11-16,2023-04-15,Organic Compost,Chlorpyrifos,21
P0100,2022,Summer,Groundnut,0.59,1.83,3.1,2022-10-19,2023-01-27,NPK 19:19:19,Chlorpyrifos,8
P0100,2023,Kharif,Groundnut,0.59,1.57,2.66,2023-11-07,2024-03-18,MOP,Tricyclazole,16
P0100,2023,Rabi,Rice,0.59,1.89,3.2,2023-10-19,2024-02-24,Organic Compost,Tricyclazole,14
P0100,2024,Kharif,Groundnut,0.59,1.75,2.97,2024-10-27,2025-03-14,MOP,Tricyclazole,9
P0100,2024,Rabi,Rice,0.59,2.77,4.69,2024-10-01,2025-01-27,DAP,Chlorpyrifos,21
P0100,2024,Summer,Groundnut,0.59,0.78,1.33,2024-10-07,2025-01-23,DAP,Carbendazim,20
P0101,2020,Summer,Rice,0.81,2.67,3.3,2020-06-11,2020-10-28,MOP,Chlorpyrifos,16
P0101,2021,Rabi,Rice,0.81,4.17,5.15,2021-11-14,2022-04-10,DAP,Chlorpyrifos,14
P0101,2021,Summer,Rice,0.81,4.63,5.72,2021-11-10,2022-03-01,DAP,Carbendazim,20
P0101,2022,Kharif,Sugarcane,0.81,2.38,2.94,2022-06-28,2022-11-07,Organic Compost,Chlorpyrifos,12
P0101,2022,Summer,Sugarcane,0.81,1.92,2.37,2022-06-11,2022-10-31,MOP,None,20
P0101,2023,Kharif,Sugarcane,0.81,2.22,2.74,2023-06-24,2023-10-14,MOP,Carbendazim,20
P0101,2023,Summer,Rice,0.81,4.1,5.06,2023-11-01,2024-03-28,Organic Compost,Tricyclazole,22
P0101,2024,Kharif,Sugarcane,0.81,1.3,1.6,2024-07-22,2024-12-03,Urea,Tricyclazole,12
P0101,2024,Summer,Rice,0.81,3.14,3.88,2024-06-19,2024-10-06,NPK 19:19:19,Tricyclazole,12
P0102,2020,Rabi,Rice,0.91,4.62,5.08,2020-10-24,2021-03-01,NPK 19:19:19,Carbendazim,18
P0102,2020,Summer,Sugarcane,0.91,2.64,2.9,2020-10-11,2021-03-08,NPK 19:19:19,Carbendazim,11
P0102,2021,Kharif,Rice,0.91,2.95,3.24,2021-10-16,2022-02-20,Urea,None,20
P0102,2021,Rabi,Rice,0.91,5.32,5.85,2021-11-26,2022-04-08,MOP,None,19
P0102,2022,Kharif,Rice,0.91,2.54,2.79,2022-10-04,2023-01-21,MOP,Carbendazim,16
P0102,2022,Summer,Sugarcane,0.91,2.73,3.0,2022-10-01,2023-01-18,DAP,Chlorpyrifos,24
P0102,2023,Kharif,Sugarcane,0.91,1.44,1.58,2023-06-17,2023-11-13,MOP,Tricyclazole,9
P0102,2023,Rabi,Sugarcane,0.91,1.35,1.48,2023-06-08,2023-10-12,Organic Compost,Carbendazim,16
P0102,2024,Rabi,Rice,0.91,3.19,3.5,2024-07-02,2024-11-23,Urea,Chlorpyrifos,8
P0102,2024,Summer,Rice,0.91,4.56,5.01,2024-06-07,2024-10-02,Urea,Tricyclazole,10
P0103,2020,Kharif,Sugarcane,1.84,5.87,3.19,2020-11-28,2021-04-13,DAP,Carbendazim,18
P0103,2020,Rabi,Rice,1.84,6.9,3.75,2020-06-07,2020-10-08,MOP,None,17
P0103,2021,Summer,Sugarcane,1.84,6.31,3.43,2021-11-10,2022-03-22,Urea,Carbendazim,23
P0103,2022,Kharif,Rice,1.84,11.04,6.0,2022-10-22,2023-01-31,Organic Compost,None,12
P0103,2022,Rabi,Sugarcane,1.84,4.67,2.54,2022-06-06,2022-10-29,MOP,Chlorpyrifos,9
P0103,2022,Summer,Rice,1.84,11.76,6.39,2022-10-17,2023-03-04,DAP,Carbendazim,24
P0103,2023,Rabi,Rice,1.84,4.95,2.69,2023-11-07,2024-03-05,DAP,None,22
P0103,2023,Summer,Sugarcane,1.84,3.96,2.15,2023-10-18,2024-02-22,Organic Compost,Carbendazim,11
P0103,2024,Kharif,Rice,1.84,11.9,6.47,2024-11-24,2025-03-21,Organic Compost,Chlorpyrifos,14
P0103,2024,Summer,Rice,1.84,7.99,4.34,2024-10-26,2025-03-16,NPK 19:19:19,Carbendazim,11
P0104,2020,Kharif,Rice,1.82,5.44,2.99,2020-07-21,2020-12-17,NPK 19:19:19,None,19
P0104,2020,Rabi,Sugarcane,1.82,3.73,2.05,2020-10-06,2021-02-12,NPK 19:19:19,Carbendazim,24
P0104,2021,Kharif,Sugarcane,1.82,3.57,1.96,2021-07-23,2021-10-31,DAP,Chlorpyrifos,10
P0104,2021,Rabi,Rice,1.82,4.86,2.67,2021-11-18,2022-03-30,DAP,Tricyclazole,19
P0104,2021,Summer,Rice,1.82,8.5,4.67,2021-11-20,2022-04-04,Urea,Tricyclazole,12
P0104,2022,Rabi,Rice,1.82,4.62,2.54,2022-07-21,2022-11-28,Organic Compost,None,12
P0104,2022,Summer,Rice,1.82,4.09,2.25,2022-11-22,2023-04-07,NPK 19:19:19,Carbendazim,16
P0104,2023,Kharif,Sugarcane,1.82,3.09,1.7,2023-06-22,2023-11-04,NPK 19:19:19,Tricyclazole,18
P0104,2023,Rabi,Rice,1.82,6.21,3.41,2023-11-14,2024-03-24,DAP,None,25
P0104,2023,Summer,Rice,1.82,7.43,4.08,2023-11-24,2024-03-16,Urea,Carbendazim,10
P0104,2024,Rabi,Rice,1.82,9.88,5.43,2024-10-17,2025-03-04,NPK 19:19:19,Chlorpyrifos,20
P0104,2024,Summer,Rice,1.82,7.26,3.99,2024-10-18,2025-02-27,DAP,None,12
P0105,2020,Kharif,Sugarcane,3.03,4.82,1.59,2020-11-03,2021-02-20,NPK 19:19:19,None,13
P0105,2020,Summer,Rice,3.03,13.51,4.46,2020-10-24,2021-02-06,Organic Compost,None,12
P0105,2021,Kharif,Sugarcane,3.03,4.03,1.33,2021-06-17,2021-11-13,Urea,Tricyclazole,8
P0105,2021,Rabi,Sugarcane,3.03,3.39,1.12,2021-06-28,2021-10-13,Organic Compost,Chlorpyrifos,15
P0105,2021,Summer,Rice,3.03,14.33,4.73,2021-07-13,2021-11-25,DAP,Chlorpyrifos,16
P0105,2022,Kharif,Sugarcane,3.03,10.0,3.3,2022-10-20,2023-02-26,DAP,Carbendazim,9
P0105,2022,Rabi,Rice,3.03,11.7,3.86,2022-11-17,2023-04-05,Organic Compost,Chlorpyrifos,14
P0105,2023,Kharif,Rice,3.03,16.15,5.33,2023-11-15,2024-03-09,DAP,Chlorpyrifos,11
P0105,2024,Rabi,Rice,3.03,10.94,3.61,2024-11-22,2025-03-04,Urea,Tricyclazole,15
P0105,2024,Summer,Rice,3.03,11.06,3.65,2024-10-02,2025-01-29,Organic Compost,Chlorpyrifos,11
P0106,2020,Kharif,Rice,3.07,19.28,6.28,2020-06-10,2020-10-18,Urea,Chlorpyrifos,15
P0106,2020,Rabi,Rice,3.07,13.54,4.41,2020-06-07,2020-10-10,NPK 19:19:19,None,18
P0106,2020,Summer,Groundnut,3.07,7.55,2.46,2020-06-24,2020-10-04,NPK 19:19:19,Tricyclazole,22
P0106,2021,Kharif,Groundnut,3.07,9.24,3.01,2021-07-21,2021-11-17,MOP,Carbendazim,21
P0106,2021,Rabi,Rice,3.07,17.35,5.65,2021-11-16,2022-04-01,Urea,Chlorpyrifos,21
P0106,2021,Summer,Groundnut,3.07,3.59,1.17,2021-10-27,2022-02-05,DAP,Chlorpyrifos,18
P0106,2022,Kharif,Groundnut,3.07,5.8,1.89,2022-07-28,2022-11-12,NPK 19:19:19,Carbendazim,22
P0106,2022,Rabi,Groundnut,3.07,4.85,1.58,2022-07-22,2022-11-27,Organic Compost,Tricyclazole,25
P0106,2022,Summer,Groundnut,3.07,9.42,3.07,2022-06-05,2022-10-19,MOP,Carbendazim,17
P0106,2023,Kharif,Groundnut,3.07,3.78,1.23,2023-07-06,2023-11-02,MOP,None,25
P0106,2023,Summer,Groundnut,3.07,3.25,1.06,2023-11-26,2024-03-29,NPK 19:19:19,Chlorpyrifos,17
P0106,2024,Rabi,Groundnut,3.07,8.66,2.82,2024-10-13,2025-02-01,MOP,Carbendazim,25
P0107,2020,Rabi,Rice,1.18,4.71,3.99,2020-06-14,2020-09-26,MOP,None,13
P0107,2020,Summer,Rice,1.18,5.29,4.48,2020-06-13,2020-10-27,MOP,None,15
P0107,2021,Kharif,Rice,1.18,4.41,3.74,2021-10-22,2022-03-01,Urea,Carbendazim,25
P0107,2021,Summer,Groundnut,1.18,4.12,3.49,2021-10-01,2022-02-25,Organic Compost,Chlorpyrifos,25
P0107,2022,Kharif,Groundnut,1.18,3.58,3.03,2022-07-25,2022-11-03,NPK 19:19:19,Carbendazim,8
P0107,2022,Rabi,Groundnut,1.18,3.81,3.23,2022-07-04,2022-11-16,NPK 19:19:19,Tricyclazole,22
P0107,2022,Summer,Groundnut,1.18,3.99,3.38,2022-11-14,2023-03-21,Urea,Chlorpyrifos,18
P0107,2023,Kharif,Groundnut,1.18,1.58,1.34,2023-10-06,2024-01-16,DAP,Chlorpyrifos,15
P0107,2023,Summer,Rice,1.18,4.68,3.97,2023-06-07,2023-10-31,NPK 19:19:19,Chlorpyrifos,21
P0107,2024,Kharif,Rice,1.18,5.62,4.76,2024-06-16,2024-10-22,MOP,Chlorpyrifos,17
P0107,2024,Summer,Rice,1.18,3.23,2.74,2024-10-01,2025-02-17,DAP,Carbendazim,10
P0108,2020,Kharif,Groundnut,1.89,2.55,1.35,2020-10-14,2021-02-10,NPK 19:19:19,None,11
P0108,2020,Rabi,Groundnut,1.89,3.69,1.95,2020-11-25,2021-03-13,Urea,Carbendazim,20
P0108,2020,Summer,Rice,1.89,5.12,2.71,2020-10-19,2021-03-16,DAP,Tricyclazole,22
P0108,2021,Kharif,Rice,1.89,4.16,2.2,2021-06-10,2021-10-26,DAP,Carbendazim,8
P0108,2021,Rabi,Rice,1.89,9.92,5.25,2021-10-03,2022-02-26,DAP,Carbendazim,17
P0108,2021,Summer,Rice,1.89,5.31,2.81,2021-11-16,2022-03-05,Organic Compost,Chlorpyrifos,8
P0108,2022,Rabi,Groundnut,1.89,3.19,1.69,2022-06-09,2022-10-10,Urea,Carbendazim,23
P0108,2023,Kharif,Groundnut,1.89,3.12,1.65,2023-10-03,2024-01-18,Organic Compost,Tricyclazole,24
P0108,2023,Rabi,Rice,1.89,11.23,5.94,2023-07-03,2023-10-19,Urea,Carbendazim,8
P0108,2023,Summer,Rice,1.89,9.32,4.93,2023-07-15,2023-11-23,NPK 19:19:19,None,24
P0108,2024,Rabi,Rice,1.89,9.92,5.25,2024-06-02,2024-09-16,Organic Compost,Tricyclazole,15
P0109,2021,Summer,Sugarcane,1.69,5.68,3.36,2021-07-21,2021-11-04,Urea,Tricyclazole,25
P0109,2022,Rabi,Rice,1.69,5.81,3.44,2022-11-21,2023-04-03,MOP,Chlorpyrifos,18
P0109,2022,Summer,Rice,1.69,8.33,4.93,2022-11-21,2023-04-05,Urea,Chlorpyrifos,21
P0109,2023,Kharif,Rice,1.69,3.92,2.32,2023-07-26,2023-12-19,MOP,Chlorpyrifos,14
P0109,2024,Summer,Sugarcane,1.69,5.68,3.36,2024-10-21,2025-03-14,Urea,Carbendazim,12
P0110,2020,Rabi,Rice,1.34,2.84,2.12,2020-10-26,2021-02-12,NPK 19:19:19,Tricyclazole,9
P0110,2021,Summer,Groundnut,1.34,2.76,2.06,2021-06-04,2021-10-07,DAP,Chlorpyrifos,24
P0110,2023,Rabi,Groundnut,1.34,1.93,1.44,2023-07-06,2023-11-25,MOP,Tricyclazole,12
P0110,2023,Summer,Rice,1.34,3.36,2.51,2023-06-28,2023-10-10,DAP,Carbendazim,25
P0111,2021,Kharif,Rice,2.87,15.21,5.3,2021-07-06,2021-10-29,MOP,Carbendazim,21
P0111,2021,Rabi,Rice,2.87,8.15,2.84,2021-07-07,2021-11-03,NPK 19:19:19,Carbendazim,17
P0111,2021,Summer,Groundnut,2.87,7.06,2.46,2021-06-06,2021-09-30,NPK 19:19:19,Tricyclazole,14
P0111,2022,Rabi,Rice,2.87,11.59,4.04,2022-07-14,2022-12-09,NPK 19:19:19,Chlorpyrifos,16
P0111,2022,Summer,Rice,2.87,16.47,5.74,2022-07-20,2022-11-27,MOP,Tricyclazole,10
P0111,2023,Summer,Groundnut,2.87,6.92,2.41,2023-10-27,2024-02-25,Urea,Carbendazim,23
P0111,2024,Kharif,Groundnut,2.87,4.65,1.62,2024-07-12,2024-12-09,Organic Compost,None,21
P0111,2024,Rabi,Rice,2.87,18.57,6.47,2024-10-16,2025-03-15,DAP,Chlorpyrifos,20
P0111,2024,Summer,Rice,2.87,15.79,5.5,2024-07-10,2024-11-15,MOP,Tricyclazole,21
P0112,2020,Kharif,Groundnut,3.2,7.84,2.45,2020-10-07,2021-02-19,NPK 19:19:19,Chlorpyrifos,25
P0112,2020,Rabi,Groundnut,3.2,10.21,3.19,2020-07-10,2020-10-30,NPK 19:19:19,Tricyclazole,12
P0112,2021,Summer,Groundnut,3.2,7.58,2.37,2021-07-24,2021-12-11,DAP,Carbendazim,16
P0112,2022,Rabi,Groundnut,3.2,6.62,2.07,2022-10-17,2023-03-13,Organic Compost,None,21
P0112,2022,Summer,Groundnut,3.2,6.98,2.18,2022-07-10,2022-11-23,DAP,None,21
P0112,2023,Rabi,Rice,3.2,13.82,4.32,2023-06-13,2023-11-10,DAP,Tricyclazole,10
P0112,2024,Rabi,Groundnut,3.2,6.98,2.18,2024-07-13,2024-10-24,DAP,None,11
P0113,2020,Kharif,Sugarcane,0.85,1.67,1.97,2020-06-18,2020-10-04,MOP,Chlorpyrifos,11
P0113,2021,Rabi,Rice,0.85,2.93,3.45,2021-11-13,2022-03-04,MOP,Chlorpyrifos,13
P0113,2021,Summer,Rice,0.85,2.48,2.92,2021-10-25,2022-02-27,DAP,None,22
P0113,2022,Rabi,Rice,0.85,4.84,5.69,2022-06-07,2022-10-10,MOP,None,11
P0113,2023,Kharif,Sugarcane,0.85,1.04,1.22,2023-10-19,2024-02-25,NPK 19:19:19,Tricyclazole,8
P0113,2023,Rabi,Rice,0.85,4.0,4.7,2023-07-11,2023-11-02,Urea,None,20
P0113,2024,Rabi,Rice,0.85,4.45,5.23,2024-06-13,2024-11-09,Organic Compost,Carbendazim,9
P0113,2024,Summer,Rice,0.85,2.74,3.22,2024-07-08,2024-10-30,MOP,Chlorpyrifos,23
P0114,2020,Kharif,Sugarcane,0.42,1.42,3.39,2020-11-22,2021-03-15,MOP,None,17
P0114,2020,Summer,Rice,0.42,2.65,6.3,2020-06-24,2020-10-05,NPK 19:19:19,Tricyclazole,14
P0114,2021,Rabi,Rice,0.42,2.68,6.39,2021-06-13,2021-09-21,Organic Compost,None,8
P0114,2022,Rabi,Rice,0.42,1.9,4.53,2022-06-05,2022-10-16,NPK 19:19:19,Tricyclazole,11
P0114,2022,Summer,Rice,0.42,0.92,2.18,2022-06-20,2022-11-05,MOP,Chlorpyrifos,11
P0114,2023,Kharif,Rice,0.42,2.61,6.21,2023-10-17,2024-03-12,MOP,Carbendazim,12
P0114,2023,Rabi,Rice,0.42,1.64,3.91,2023-10-07,2024-01-19,NPK 19:19:19,None,23
P0114,2023,Summer,Rice,0.42,0.95,2.26,2023-07-18,2023-11-19,MOP,Tricyclazole,11
P0114,2024,Kharif,Rice,0.42,2.5,5.95,2024-11-04,2025-02-25,Urea,Carbendazim,8
P0114,2024,Rabi,Rice,0.42,1.15,2.73,2024-11-22,2025-03-02,Organic Compost,None,17
P0115,2020,Rabi,Rice,1.28,7.94,6.2,2020-10-05,2021-02-13,Urea,Chlorpyrifos,21
P0115,2020,Summer,Rice,1.28,7.51,5.87,2020-11-13,2021-03-11,DAP,None,15
P0115,2021,Kharif,Rice,1.28,4.3,3.36,2021-06-21,2021-10-30,Urea,Tricyclazole,11
P0115,2021,Rabi,Rice,1.28,3.43,2.68,2021-07-08,2021-11-26,MOP,Carbendazim,9
P0115,2022,Rabi,Rice,1.28,6.0,4.69,2022-10-02,2023-02-05,NPK 19:19:19,Chlorpyrifos,20
P0115,2023,Kharif,Rice,1.28,3.57,2.79,2023-10-06,2024-02-03,NPK 19:19:19,Carbendazim,10
P0115,2023,Summer,Rice,1.28,7.94,6.2,2023-11-24,2024-03-07,NPK 19:19:19,Carbendazim,24
P0115,2024,Kharif,Rice,1.28,4.19,3.27,2024-11-13,2025-03-31,Organic Compost,Chlorpyrifos,9
P0116,2020,Kharif,Rice,2.57,16.01,6.23,2020-11-15,2021-03-17,NPK 19:19:19,Chlorpyrifos,19
P0116,2020,Rabi,Rice,2.57,10.33,4.02,2020-07-28,2020-11-16,Urea,Tricyclazole,12
P0116,2020,Summer,Rice,2.57,5.45,2.12,2020-10-13,2021-02-13,NPK 19:19:19,None,23
P0116,2022,Kharif,Rice,2.57,5.19,2.02,2022-06-27,2022-10-19,NPK 19:19:19,Tricyclazole,13
P0116,2022,Summer,Sugarcane,2.57,8.79,3.42,2022-06-01,2022-09-09,NPK 19:19:19,Tricyclazole,25
P0116,2023,Kharif,Rice,2.57,11.33,4.41,2023-06-16,2023-10-02,Urea,Tricyclazole,21
P0116,2023,Summer,Rice,2.57,12.77,4.97,2023-06-12,2023-11-09,DAP,Chlorpyrifos,12
P0116,2024,Kharif,Rice,2.57,8.43,3.28,2024-07-18,2024-11-04,Organic Compost,Carbendazim,23
P0117,2020,Rabi,Rice,1.97,4.77,2.42,2020-06-01,2020-09-26,Organic Compost,Carbendazim,22
P0117,2020,Summer,Rice,1.97,4.85,2.46,2020-07-12,2020-12-09,Urea,Chlorpyrifos,19
P0117,2021,Kharif,Rice,1.97,12.31,6.25,2021-07-11,2021-12-07,DAP,Chlorpyrifos,24
P0117,2021,Rabi,Rice,1.97,9.61,4.88,2021-11-10,2022-02-25,MOP,Tricyclazole,25
P0117,2021,Summer,Sugarcane,1.97,6.54,3.32,2021-07-01,2021-10-17,Urea,None,8
P0117,2022,Kharif,Rice,1.97,12.29,6.24,2022-10-28,2023-03-22,DAP,Carbendazim,10
P0117,2022,Rabi,Rice,1.97,6.5,3.3,2022-06-21,2022-10-15,Organic Compost,Tricyclazole,22
P0117,2023,Kharif,Rice,1.97,9.63,4.89,2023-06-06,2023-09-19,Organic Compost,Chlorpyrifos,8
P0117,2023,Rabi,Rice,1.97,10.24,5.2,2023-11-18,2024-04-07,Urea,Chlorpyrifos,22
P0117,2023,Summer,Rice,1.97,11.25,5.71,2023-07-04,2023-10-26,Organic Compost,Tricyclazole,16
P0117,2024,Kharif,Rice,1.97,4.06,2.06,2024-11-20,2025-04-05,MOP,Carbendazim,19
P0117,2024,Rabi,Rice,1.97,4.12,2.09,2024-10-23,2025-03-21,MOP,Chlorpyrifos,8
P0117,2024,Summer,Sugarcane,1.97,3.74,1.9,2024-06-23,2024-10-20,DAP,Tricyclazole,8
P0118,2020,Kharif,Rice,3.46,14.08,4.07,2020-11-11,2021-03-17,DAP,Tricyclazole,16
P0118,2020,Rabi,Rice,3.46,9.17,2.65,2020-06-13,2020-10-11,NPK 19:19:19,None,15
P0118,2020,Summer,Rice,3.46,7.82,2.26,2020-10-19,2021-03-03,MOP,Chlorpyrifos,8
P0118,2021,Kharif,Rice,3.46,16.5,4.77,2021-11-24,2022-03-29,DAP,Tricyclazole,17
P0118,2021,Summer,Sugarcane,3.46,8.06,2.33,2021-07-11,2021-10-19,DAP,Chlorpyrifos,12
P0118,2022,Kharif,Rice,3.46,6.99,2.02,2022-07-10,2022-11-19,Urea,Carbendazim,10
P0118,2022,Rabi,Rice,3.46,12.08,3.49,2022-10-04,2023-02-27,DAP,Tricyclazole,11
P0118,2023,Rabi,Rice,3.46,15.67,4.53,2023-11-06,2024-03-16,NPK 19:19:19,None,13
P0118,2024,Kharif,Rice,3.46,10.38,3.0,2024-07-25,2024-11-15,DAP,Carbendazim,17
P0118,2024,Rabi,Rice,3.46,15.29,4.42,2024-06-11,2024-10-29,DAP,Tricyclazole,15
P0119,2020,Rabi,Groundnut,0.49,1.24,2.54,2020-11-06,2021-03-30,Urea,Tricyclazole,13
P0119,2022,Summer,Groundnut,0.49,0.78,1.6,2022-06-12,2022-11-02,DAP,Tricyclazole,20
P0119,2023,Kharif,Groundnut,0.49,1.7,3.47,2023-06-13,2023-10-05,MOP,None,14
P0119,2024,Summer,Rice,0.49,1.08,2.2,2024-06-06,2024-09-23,Urea,None,11
P0120,2020,Kharif,Groundnut,0.71,1.11,1.56,2020-07-12,2020-11-28,Organic Compost,Tricyclazole,10
P0120,2020,Rabi,Rice,0.71,2.01,2.83,2020-06-21,2020-09-30,Organic Compost,Carbendazim,21
P0120,2021,Rabi,Groundnut,0.71,0.82,1.16,2021-10-23,2022-03-03,MOP,Carbendazim,17
P0120,2022,Kharif,Groundnut,0.71,2.12,2.98,2022-07-01,2022-10-27,MOP,Chlorpyrifos,12
P0120,2022,Rabi,Rice,0.71,2.92,4.11,2022-11-21,2023-04-10,Organic Compost,None,17
P0120,2023,Rabi,Groundnut,0.71,2.02,2.85,2023-11-01,2024-03-30,Organic Compost,Carbendazim,19
P0120,2024,Kharif,Rice,0.71,4.53,6.38,2024-06-22,2024-10-28,NPK 19:19:19,Tricyclazole,21
P0121,2020,Kharif,Sugarcane,1.49,4.41,2.96,2020-06-05,2020-09-14,DAP,None,18
P0121,2020,Rabi,Rice,1.49,8.33,5.59,2020-11-22,2021-03-06,Organic Compost,None,12
P0121,2021,Summer,Sugarcane,1.49,4.56,3.06,2021-06-13,2021-10-31,NPK 19:19:19,Chlorpyrifos,18
P0121,2022,Summer,Rice,1.49,3.46,2.32,2022-10-19,2023-02-05,DAP,Tricyclazole,24
P0121,2023,Kharif,Rice,1.49,3.55,2.38,2023-11-08,2024-03-18,MOP,Chlorpyrifos,17
P0121,2024,Kharif,Rice,1.49,8.17,5.48,2024-11-27,2025-03-28,DAP,Chlorpyrifos,15
P0121,2024,Rabi,Rice,1.49,5.92,3.97,2024-07-05,2024-10-29,Organic Compost,Tricyclazole,20
P0121,2024,Summer,Rice,1.49,7.76,5.21,2024-11-25,2025-04-08,Urea,Tricyclazole,25
P0122,2020,Rabi,Groundnut,0.99,3.18,3.21,2020-10-19,2021-01-31,MOP,Chlorpyrifos,24
P0122,2021,Rabi,Rice,0.99,2.71,2.74,2021-11-26,2022-03-28,NPK 19:19:19,Tricyclazole,17
P0122,2022,Kharif,Groundnut,0.99,2.2,2.22,2022-10-03,2023-01-20,MOP,Carbendazim,19
P0122,2022,Summer,Groundnut,0.99,2.65,2.68,2022-11-27,2023-03-30,MOP,Tricyclazole,23
P0122,2023,Kharif,Rice,0.99,4.6,4.65,2023-11-17,2024-03-14,DAP,Chlorpyrifos,16
P0122,2023,Rabi,Rice,0.99,2.08,2.1,2023-10-27,2024-02-11,NPK 19:19:19,Chlorpyrifos,18
P0122,2024,Kharif,Groundnut,0.99,2.31,2.33,2024-11-11,2025-03-15,MOP,None,12
P0122,2024,Rabi,Rice,0.99,5.33,5.38,2024-11-25,2025-03-13,NPK 19:19:19,Tricyclazole,13
P0122,2024,Summer,Groundnut,0.99,2.5,2.53,2024-10-23,2025-02-01,Organic Compost,Chlorpyrifos,16
P0123,2020,Kharif,Rice,0.6,2.75,4.59,2020-07-03,2020-10-19,MOP,Tricyclazole,19
P0123,2020,Rabi,Rice,0.6,1.99,3.32,2020-07-26,2020-11-15,NPK 19:19:19,Tricyclazole,25
P0123,2020,Summer,Rice,0.6,3.15,5.25,2020-10-12,2021-02-20,NPK 19:19:19,Chlorpyrifos,19
P0123,2021,Rabi,Rice,0.6,1.82,3.04,2021-11-01,2022-02-22,Organic Compost,Chlorpyrifos,10
P0123,2022,Kharif,Rice,0.6,2.94,4.9,2022-07-07,2022-11-12,DAP,None,16
P0123,2022,Summer,Sugarcane,0.6,1.69,2.82,2022-11-13,2023-04-11,Urea,Tricyclazole,14
P0123,2023,Kharif,Rice,0.6,3.85,6.41,2023-07-28,2023-12-25,Organic Compost,Tricyclazole,14
P0123,2024,Rabi,Rice,0.6,3.61,6.01,2024-06-27,2024-10-08,Organic Compost,Carbendazim,24
P0123,2024,Summer,Rice,0.6,3.29,5.48,2024-11-27,2025-03-23,Organic Compost,Chlorpyrifos,14
P0124,2020,Kharif,Groundnut,1.4,3.77,2.69,2020-11-28,2021-04-05,NPK 19:19:19,None,24
P0124,2020,Summer,Groundnut,1.4,3.64,2.6,2020-11-24,2021-04-20,DAP,Tricyclazole,8
P0124,2021,Kharif,Rice,1.4,3.64,2.6,2021-10-14,2022-03-01,Organic Compost,Carbendazim,21
P0124,2021,Summer,Rice,1.4,3.72,2.66,2021-06-28,2021-10-18,Organic Compost,Carbendazim,10
P0124,2022,Kharif,Groundnut,1.4,4.79,3.42,2022-10-02,2023-02-20,Urea,None,11
P0124,2022,Rabi,Rice,1.4,4.97,3.55,2022-11-04,2023-03-14,Organic Compost,None,25
P0124,2022,Summer,Groundnut,1.4,3.64,2.6,2022-06-10,2022-10-04,Urea,Carbendazim,9
P0124,2023,Summer,Rice,1.4,8.05,5.75,2023-06-22,2023-10-13,DAP,None,16
P0124,2024,Kharif,Groundnut,1.4,2.52,1.8,2024-11-10,2025-03-19,Organic Compost,None,14
P0124,2024,Summer,Rice,1.4,5.21,3.72,2024-11-17,2025-03-17,NPK 19:19:19,None,23
P0125,2020,Kharif,Groundnut,0.76,2.59,3.41,2020-10-02,2021-01-15,Organic Compost,None,12
P0125,2020,Rabi,Rice,0.76,3.89,5.12,2020-11-20,2021-04-02,DAP,Tricyclazole,11
P0125,2020,Summer,Rice,0.76,2.97,3.91,2020-10-17,2021-02-18,Organic Compost,Tricyclazole,11
P0125,2021,Rabi,Groundnut,0.76,2.16,2.84,2021-11-12,2022-03-29,Organic Compost,Chlorpyrifos,14
P0125,2022,Rabi,Rice,0.76,2.23,2.93,2022-06-11,2022-10-23,DAP,Carbendazim,19
P0125,2022,Summer,Rice,0.76,3.02,3.98,2022-10-14,2023-02-11,DAP,Carbendazim,15
P0125,2023,Kharif,Groundnut,0.76,1.88,2.48,2023-07-19,2023-12-07,Organic Compost,Chlorpyrifos,17
P0125,2023,Summer,Groundnut,0.76,2.09,2.75,2023-06-15,2023-11-11,MOP,None,10
P0125,2024,Kharif,Rice,0.76,3.18,4.18,2024-11-14,2025-03-29,DAP,None,14
P0125,2024,Summer,Rice,0.76,2.13,2.8,2024-07-06,2024-11-12,NPK 19:19:19,Tricyclazole,25
P0126,2020,Kharif,Groundnut,1.06,2.75,2.59,2020-10-11,2021-01-23,Urea,Chlorpyrifos,18
P0126,2020,Summer,Rice,1.06,2.14,2.02,2020-11-04,2021-02-27,Organic Compost,Tricyclazole,14
P0126,2021,Kharif,Rice,1.06,6.14,5.79,2021-11-05,2022-03-31,NPK 19:19:19,Chlorpyrifos,25
P0126,2021,Rabi,Groundnut,1.06,2.3,2.17,2021-11-26,2022-04-05,Urea,None,24
P0126,2022,Rabi,Groundnut,1.06,3.13,2.95,2022-11-07,2023-02-15,Urea,None,22
P0126,2022,Summer,Groundnut,1.06,2.96,2.79,2022-06-02,2022-09-19,MOP,Chlorpyrifos,14
P0126,2024,Kharif,Rice,1.06,4.43,4.18,2024-10-24,2025-03-15,NPK 19:19:19,Tricyclazole,11
P0126,2024,Rabi,Groundnut,1.06,2.61,2.46,2024-06-22,2024-11-06,NPK 19:19:19,None,20
P0126,2024,Summer,Groundnut,1.06,2.13,2.01,2024-10-25,2025-02-27,NPK 19:19:19,Tricyclazole,17
P0127,2020,Rabi,Sugarcane,0.45,1.33,2.95,2020-07-07,2020-11-02,Urea,None,19
P0127,2021,Kharif,Rice,0.45,2.28,5.07,2021-07-22,2021-11-23,MOP,Chlorpyrifos,22
P0127,2021,Rabi,Rice,0.45,2.07,4.61,2021-07-27,2021-11-09,MOP,Chlorpyrifos,8
P0127,2021,Summer,Rice,0.45,1.39,3.09,2021-10-16,2022-03-07,Urea,None,18
P0127,2022,Kharif,Rice,0.45,2.41,5.35,2022-06-11,2022-09-21,Urea,None,10
P0127,2022,Rabi,Rice,0.45,1.92,4.27,2022-11-01,2023-02-10,DAP,Tricyclazole,19
P0127,2022,Summer,Rice,0.45,2.74,6.09,2022-10-28,2023-03-06,Organic Compost,Tricyclazole,25
P0127,2023,Kharif,Rice,0.45,1.93,4.28,2023-07-11,2023-11-06,DAP,Carbendazim,23
P0127,2023,Rabi,Rice,0.45,1.71,3.81,2023-06-10,2023-10-24,Organic Compost,None,16
P0127,2023,Summer,Sugarcane,0.45,1.22,2.7,2023-11-28,2024-03-25,DAP,Chlorpyrifos,8
P0127,2024,Kharif,Rice,0.45,2.56,5.68,2024-11-23,2025-03-11,NPK 19:19:19,Tricyclazole,19
P0127,2024,Summer,Rice,0.45,1.44,3.19,2024-11-18,2025-03-19,Organic Compost,Chlorpyrifos,23
P0128,2020,Kharif,Rice,2.42,12.34,5.1,2020-06-02,2020-09-12,DAP,None,25
P0128,2020,Rabi,Rice,2.42,12.97,5.36,2020-06-10,2020-10-30,Urea,Carbendazim,10
P0128,2020,Summer,Rice,2.42,10.24,4.23,2020-10-07,2021-01-24,Urea,Tricyclazole,14
P0128,2021,Kharif,Groundnut,2.42,7.53,3.11,2021-07-11,2021-11-14,DAP,Tricyclazole,14
P0128,2021,Rabi,Rice,2.42,5.25,2.17,2021-06-02,2021-10-26,Urea,Chlorpyrifos,10
P0128,2021,Summer,Rice,2.42,14.13,5.84,2021-06-26,2021-10-23,Organic Compost,None,13
P0128,2022,Kharif,Groundnut,2.42,2.81,1.16,2022-10-23,2023-02-17,Organic Compost,Chlorpyrifos,9
P0128,2022,Rabi,Groundnut,2.42,3.75,1.55,2022-06-09,2022-11-01,NPK 19:19:19,Tricyclazole,21
P0128,2023,Kharif,Groundnut,2.42,2.57,1.06,2023-07-18,2023-12-06,Urea,Chlorpyrifos,12
P0128,2023,Rabi,Groundnut,2.42,5.88,2.43,2023-06-12,2023-11-07,NPK 19:19:19,Carbendazim,22
P0128,2023,Summer,Rice,2.42,5.23,2.16,2023-07-03,2023-10-16,MOP,Chlorpyrifos,15
P0128,2024,Rabi,Groundnut,2.42,6.17,2.55,2024-07-20,2024-11-25,MOP,Chlorpyrifos,11
P0128,2024,Summer,Rice,2.42,9.44,3.9,2024-10-05,2025-02-24,DAP,Tricyclazole,21
P0129,2020,Kharif,Rice,0.41,1.01,2.47,2020-06-25,2020-11-18,NPK 19:19:19,Tricyclazole,23
P0129,2020,Rabi,Rice,0.41,2.42,5.91,2020-11-16,2021-03-21,DAP,Chlorpyrifos,21
P0129,2020,Summer,Groundnut,0.41,1.16,2.82,2020-10-01,2021-01-14,NPK 19:19:19,Chlorpyrifos,22
P0129,2021,Kharif,Groundnut,0.41,0.85,2.08,2021-07-06,2021-11-10,NPK 19:19:19,None,14
P0129,2021,Rabi,Groundnut,0.41,0.58,1.42,2021-06-13,2021-10-11,Organic Compost,None,22
P0129,2022,Kharif,Rice,0.41,1.45,3.54,2022-06-05,2022-10-03,NPK 19:19:19,Tricyclazole,22
P0129,2023,Kharif,Groundnut,0.41,0.97,2.37,2023-11-10,2024-02-19,DAP,Carbendazim,25
P0129,2024,Rabi,Rice,0.41,1.02,2.49,2024-06-25,2024-10-31,NPK 19:19:19,Carbendazim,23
P0129,2024,Summer,Groundnut,0.41,1.02,2.48,2024-06-27,2024-10-13,MOP,Tricyclazole,19
P0130,2020,Kharif,Groundnut,2.79,8.65,3.1,2020-06-21,2020-10-06,MOP,Tricyclazole,9
P0130,2020,Summer,Rice,2.79,7.9,2.83,2020-06-23,2020-11-08,MOP,Chlorpyrifos,24
P0130,2021,Kharif,Groundnut,2.79,9.71,3.48,2021-10-21,2022-02-27,DAP,None,12
P0130,2021,Rabi,Rice,2.79,16.6,5.95,2021-06-04,2021-10-28,MOP,None,10
P0130,2021,Summer,Groundnut,2.79,3.99,1.43,2021-06-16,2021-10-11,Urea,Tricyclazole,19
P0130,2023,Rabi,Rice,2.79,16.71,5.99,2023-06-13,2023-10-01,Urea,Tricyclazole,14
P0131,2020,Kharif,Groundnut,0.96,2.89,3.01,2020-07-09,2020-11-30,NPK 19:19:19,Carbendazim,15
P0131,2020,Rabi,Rice,0.96,4.06,4.23,2020-06-23,2020-10-21,Urea,Carbendazim,17
P0131,2020,Summer,Rice,0.96,5.85,6.09,2020-11-22,2021-04-20,MOP,None,20
P0131,2021,Kharif,Groundnut,0.96,1.69,1.76,2021-07-12,2021-11-30,MOP,Chlorpyrifos,16
P0131,2022,Kharif,Groundnut,0.96,1.44,1.5,2022-11-12,2023-03-24,MOP,Chlorpyrifos,17
P0131,2022,Rabi,Groundnut,0.96,3.23,3.36,2022-10-21,2023-03-05,DAP,Tricyclazole,23
P0131,2023,Kharif,Rice,0.96,2.04,2.13,2023-10-08,2024-01-25,NPK 19:19:19,Tricyclazole,19
P0131,2023,Rabi,Rice,0.96,5.26,5.48,2023-10-08,2024-01-26,NPK 19:19:19,Chlorpyrifos,16
P0131,2024,Kharif,Groundnut,0.96,1.04,1.08,2024-10-28,2025-03-11,Urea,Carbendazim,18
P0131,2024,Rabi,Rice,0.96,4.21,4.39,2024-06-20,2024-10-09,NPK 19:19:19,Tricyclazole,13
P0131,2024,Summer,Rice,0.96,3.13,3.26,2024-06-15,2024-10-05,Organic Compost,Chlorpyrifos,9
P0132,2020,Kharif,Sugarcane,0.7,2.29,3.27,2020-07-24,2020-12-02,Organic Compost,Carbendazim,16
P0132,2020,Rabi,Rice,0.7,4.31,6.16,2020-06-08,2020-10-21,Urea,Tricyclazole,12
P0132,2021,Kharif,Rice,0.7,1.82,2.6,2021-10-02,2022-02-22,Urea,Carbendazim,18
P0132,2022,Kharif,Rice,0.7,4.19,5.98,2022-07-11,2022-11-02,DAP,Tricyclazole,16
P0132,2022,Rabi,Rice,0.7,3.35,4.79,2022-07-25,2022-12-03,MOP,Chlorpyrifos,10
P0132,2022,Summer,Rice,0.7,3.47,4.96,2022-06-05,2022-09-28,Organic Compost,None,16
P0132,2023,Kharif,Rice,0.7,4.19,5.98,2023-11-12,2024-03-02,MOP,Chlorpyrifos,25
P0132,2023,Rabi,Sugarcane,0.7,1.3,1.86,2023-07-26,2023-12-15,Urea,Carbendazim,23
P0132,2024,Rabi,Rice,0.7,4.41,6.3,2024-10-10,2025-02-08,MOP,Tricyclazole,9
P0132,2024,Summer,Rice,0.7,1.65,2.35,2024-07-11,2024-10-25,MOP,Carbendazim,19
P0133,2020,Rabi,Groundnut,1.25,1.68,1.34,2020-06-25,2020-10-29,DAP,None,21
P0133,2020,Summer,Groundnut,1.25,1.55,1.24,2020-11-09,2021-03-13,DAP,None,18
P0133,2021,Kharif,Rice,1.25,6.79,5.43,2021-11-24,2022-04-19,DAP,Tricyclazole,16
P0133,2021,Rabi,Groundnut,1.25,2.05,1.64,2021-11-01,2022-03-13,Urea,Tricyclazole,20
P0133,2022,Kharif,Rice,1.25,2.97,2.38,2022-11-19,2023-03-13,NPK 19:19:19,Chlorpyrifos,8
P0133,2022,Rabi,Groundnut,1.25,3.57,2.86,2022-10-03,2023-02-07,Urea,Carbendazim,18
P0133,2023,Rabi,Groundnut,1.25,3.51,2.81,2023-07-22,2023-12-14,NPK 19:19:19,Chlorpyrifos,11
P0133,2023,Summer,Groundnut,1.25,3.84,3.07,2023-10-26,2024-02-17,Organic Compost,None,17
P0133,2024,Kharif,Rice,1.25,2.82,2.26,2024-10-21,2025-02-07,MOP,Chlorpyrifos,20
P0134,2020,Kharif,Rice,1.87,5.89,3.15,2020-07-04,2020-10-27,NPK 19:19:19,Carbendazim,19
P0134,2020,Rabi,Sugarcane,1.87,2.17,1.16,2020-07-20,2020-12-06,MOP,Carbendazim,8
P0134,2020,Summer,Rice,1.87,10.9,5.83,2020-07-03,2020-11-13,DAP,Carbendazim,15
P0134,2021,Kharif,Rice,1.87,11.2,5.99,2021-07-26,2021-11-08,DAP,Tricyclazole,23
P0134,2021,Summer,Rice,1.87,9.48,5.07,2021-06-14,2021-10-01,Urea,Tricyclazole,12
P0134,2022,Kharif,Rice,1.87,10.96,5.86,2022-06-15,2022-10-06,Organic Compost,None,21
P0134,2022,Summer,Rice,1.87,5.05,2.7,2022-11-08,2023-03-27,Urea,Chlorpyrifos,20
P0134,2023,Kharif,Rice,1.87,9.46,5.06,2023-10-15,2024-02-05,NPK 19:19:19,Tricyclazole,11
P0134,2023,Rabi,Rice,1.87,9.48,5.07,2023-07-19,2023-11-28,NPK 19:19:19,None,22
P0134,2023,Summer,Rice,1.87,4.21,2.25,2023-06-12,2023-10-02,MOP,Carbendazim,9
P0134,2024,Rabi,Rice,1.87,6.92,3.7,2024-07-25,2024-12-13,Organic Compost,Chlorpyrifos,25
P0134,2024,Summer,Rice,1.87,9.11,4.87,2024-07-24,2024-11-20,Urea,Chlorpyrifos,18
P0135,2020,Kharif,Sugarcane,1.16,3.04,2.62,2020-11-02,2021-02-25,Urea,Carbendazim,8
P0135,2020,Rabi,Rice,1.16,5.92,5.1,2020-10-14,2021-03-06,MOP,Carbendazim,10
P0135,2020,Summer,Rice,1.16,5.15,4.44,2020-07-26,2020-11-30,Urea,None,10
P0135,2021,Kharif,Rice,1.16,2.58,2.22,2021-11-06,2022-02-18,MOP,None,15
P0135,2021,Summer,Rice,1.16,2.33,2.01,2021-10-06,2022-01-23,DAP,Chlorpyrifos,19
P0135,2022,Kharif,Rice,1.16,6.18,5.33,2022-06-25,2022-11-07,Urea,Tricyclazole,24
P0135,2022,Summer,Sugarcane,1.16,1.84,1.59,2022-07-14,2022-10-22,Organic Compost,None,23
P0135,2023,Kharif,Sugarcane,1.16,2.64,2.28,2023-06-15,2023-11-09,MOP,Tricyclazole,21
P0135,2023,Rabi,Rice,1.16,2.99,2.58,2023-06-01,2023-10-01,MOP,None,9
P0135,2023,Summer,Rice,1.16,3.58,3.09,2023-11-04,2024-03-10,Organic Compost,Carbendazim,8
P0135,2024,Kharif,Rice,1.16,4.71,4.06,2024-06-06,2024-09-27,Organic Compost,Carbendazim,10
P0135,2024,Rabi,Rice,1.16,3.91,3.37,2024-10-26,2025-03-16,MOP,Carbendazim,21
P0135,2024,Summer,Rice,1.16,4.35,3.75,2024-11-12,2025-03-13,Urea,Chlorpyrifos,22
P0136,2020,Kharif,Rice,2.97,15.74,5.3,2020-07-15,2020-11-20,Urea,Tricyclazole,12
P0136,2020,Rabi,Rice,2.97,7.75,2.61,2020-10-13,2021-01-27,NPK 19:19:19,Tricyclazole,22
P0136,2020,Summer,Rice,2.97,8.7,2.93,2020-10-12,2021-02-20,Urea,Chlorpyrifos,25
P0136,2021,Kharif,Sugarcane,2.97,4.19,1.41,2021-10-27,2022-02-06,DAP,Chlorpyrifos,17
P0136,2021,Rabi,Rice,2.97,11.17,3.76,2021-10-10,2022-03-09,NPK 19:19:19,Chlorpyrifos,23
P0136,2021,Summer,Rice,2.97,7.43,2.5,2021-06-10,2021-10-31,NPK 19:19:19,Tricyclazole,11
P0136,2022,Kharif,Rice,2.97,9.89,3.33,2022-06-12,2022-10-01,DAP,None,20
P0136,2022,Rabi,Sugarcane,2.97,6.53,2.2,2022-07-14,2022-11-07,MOP,Tricyclazole,18
P0136,2022,Summer,Sugarcane,2.97,5.76,1.94,2022-11-01,2023-02-22,Organic Compost,Chlorpyrifos,8
P0136,2023,Rabi,Sugarcane,2.97,4.66,1.57,2023-07-13,2023-12-06,Urea,Carbendazim,13
P0136,2023,Summer,Rice,2.97,8.17,2.75,2023-06-22,2023-11-10,Urea,Tricyclazole,18
P0136,2024,Kharif,Rice,2.97,6.59,2.22,2024-06-02,2024-09-26,DAP,None,10
P0136,2024,Rabi,Rice,2.97,9.68,3.26,2024-07-17,2024-11-04,Urea,Chlorpyrifos,8
P0137,2020,Rabi,Groundnut,3.32,6.11,1.84,2020-06-28,2020-11-05,NPK 19:19:19,Carbendazim,23
P0137,2020,Summer,Groundnut,3.32,11.02,3.32,2020-06-11,2020-09-29,DAP,None,23
P0137,2021,Summer,Rice,3.32,17.66,5.32,2021-11-12,2022-03-25,Organic Compost,None,8
P0137,2022,Kharif,Groundnut,3.32,10.42,3.14,2022-07-21,2022-12-11,MOP,Tricyclazole,15
P0137,2022,Summer,Rice,3.32,21.28,6.41,2022-07-20,2022-11-26,MOP,Carbendazim,22
P0137,2023,Kharif,Groundnut,3.32,5.84,1.76,2023-06-14,2023-10-30,NPK 19:19:19,Chlorpyrifos,23
P0137,2023,Rabi,Rice,3.32,14.51,4.37,2023-06-19,2023-10-10,Organic Compost,None,20
P0137,2023,Summer,Groundnut,3.32,5.05,1.52,2023-06-04,2023-10-30,Urea,Tricyclazole,10
P0137,2024,Kharif,Groundnut,3.32,9.0,2.71,2024-10-07,2025-03-06,DAP,None,20
P0137,2024,Summer,Groundnut,3.32,3.95,1.19,2024-11-04,2025-02-27,Organic Compost,Carbendazim,16
P0138,2020,Kharif,Rice,1.43,8.24,5.76,2020-10-23,2021-03-10,DAP,Tricyclazole,13
P0138,2020,Rabi,Rice,1.43,5.0,3.5,2020-10-17,2021-03-15,DAP,Carbendazim,21
P0138,2020,Summer,Rice,1.43,8.34,5.83,2020-06-05,2020-10-13,DAP,Chlorpyrifos,12
P0138,2021,Kharif,Rice,1.43,3.3,2.31,2021-06-15,2021-10-10,Organic Compost,Chlorpyrifos,18
P0138,2021,Rabi,Rice,1.43,8.44,5.9,2021-10-27,2022-03-07,DAP,None,13
P0138,2021,Summer,Sugarcane,1.43,3.36,2.35,2021-06-04,2021-10-26,DAP,Carbendazim,19
P0138,2022,Rabi,Rice,1.43,4.88,3.41,2022-10-08,2023-01-22,DAP,None,15
P0138,2023,Kharif,Sugarcane,1.43,4.06,2.84,2023-11-17,2024-04-07,Organic Compost,None,21
P0138,2023,Rabi,Rice,1.43,6.32,4.42,2023-10-26,2024-03-11,DAP,Carbendazim,9
P0138,2023,Summer,Rice,1.43,6.95,4.86,2023-06-15,2023-10-23,DAP,Carbendazim,10
P0138,2024,Kharif,Rice,1.43,9.05,6.33,2024-06-07,2024-09-28,NPK 19:19:19,Chlorpyrifos,21
P0138,2024,Rabi,Sugarcane,1.43,3.78,2.64,2024-07-04,2024-11-11,MOP,None,13
P0139,2020,Kharif,Rice,2.4,11.47,4.78,2020-10-04,2021-02-25,DAP,None,21
P0139,2020,Rabi,Rice,2.4,9.48,3.95,2020-07-24,2020-11-16,MOP,None,11
P0139,2020,Summer,Rice,2.4,6.62,2.76,2020-10-10,2021-02-04,Organic Compost,Carbendazim,12
P0139,2021,Kharif,Rice,2.4,7.44,3.1,2021-07-23,2021-11-17,MOP,None,17
P0139,2021,Rabi,Rice,2.4,12.74,5.31,2021-06-04,2021-10-24,NPK 19:19:19,None,18
P0139,2021,Summer,Rice,2.4,7.87,3.28,2021-06-20,2021-11-03,MOP,Tricyclazole,19
P0139,2022,Rabi,Rice,2.4,8.26,3.44,2022-07-15,2022-10-25,DAP,Carbendazim,18
P0139,2022,Summer,Rice,2.4,12.0,5.0,2022-07-13,2022-10-25,Urea,None,14
P0139,2024,Kharif,Rice,2.4,7.42,3.09,2024-06-21,2024-10-10,NPK 19:19:19,Tricyclazole,21
P0139,2024,Rabi,Sugarcane,2.4,5.81,2.42,2024-07-25,2024-11-12,DAP,Chlorpyrifos,25
P0139,2024,Summer,Rice,2.4,11.54,4.81,2024-06-27,2024-10-09,Organic Compost,Chlorpyrifos,8
P0140,2020,Kharif,Groundnut,2.38,6.26,2.63,2020-10-05,2021-01-30,DAP,Carbendazim,8
P0140,2020,Rabi,Groundnut,2.38,3.52,1.48,2020-07-09,2020-11-12,MOP,Chlorpyrifos,15
P0140,2021,Kharif,Rice,2.38,7.47,3.14,2021-11-14,2022-04-02,Urea,Tricyclazole,19
P0140,2021,Rabi,Groundnut,2.38,5.74,2.41,2021-10-08,2022-03-03,NPK 19:19:19,Chlorpyrifos,25
P0140,2023,Kharif,Rice,2.38,11.54,4.85,2023-07-25,2023-12-07,Organic Compost,Carbendazim,16
P0140,2023,Rabi,Groundnut,2.38,4.93,2.07,2023-06-08,2023-10-22,Organic Compost,Tricyclazole,17
P0140,2024,Summer,Groundnut,2.38,5.09,2.14,2024-10-02,2025-01-26,Organic Compost,Chlorpyrifos,8
P0141,2020,Rabi,Rice,0.65,2.79,4.29,2020-10-05,2021-02-17,NPK 19:19:19,Chlorpyrifos,16
P0141,2020,Summer,Groundnut,0.65,1.35,2.07,2020-11-17,2021-03-24,Organic Compost,Carbendazim,22
P0141,2021,Rabi,Groundnut,0.65,1.6,2.46,2021-06-28,2021-11-02,Urea,Carbendazim,22
P0141,2021,Summer,Rice,0.65,3.63,5.59,2021-06-25,2021-10-16,MOP,Tricyclazole,11
P0141,2022,Rabi,Rice,0.65,2.26,3.47,2022-11-14,2023-04-09,MOP,None,25
P0141,2022,Summer,Groundnut,0.65,1.27,1.96,2022-06-22,2022-10-06,MOP,Carbendazim,13
P0141,2023,Rabi,Rice,0.65,2.26,3.47,2023-11-19,2024-03-31,MOP,Carbendazim,8
P0141,2023,Summer,Groundnut,0.65,1.59,2.44,2023-11-28,2024-04-21,DAP,Tricyclazole,18
P0141,2024,Summer,Rice,0.65,2.57,3.96,2024-07-26,2024-12-08,NPK 19:19:19,Chlorpyrifos,18
P0142,2020,Kharif,Rice,3.08,10.75,3.49,2020-10-02,2021-01-18,DAP,Carbendazim,23
P0142,2020,Rabi,Rice,3.08,13.27,4.31,2020-11-28,2021-03-27,Urea,Tricyclazole,15
P0142,2020,Summer,Rice,3.08,11.8,3.83,2020-07-25,2020-12-19,Organic Compost,None,20
P0142,2021,Rabi,Rice,3.08,6.47,2.1,2021-06-24,2021-10-07,Urea,Chlorpyrifos,22
P0142,2021,Summer,Sugarcane,3.08,8.07,2.62,2021-10-03,2022-02-19,Urea,Carbendazim,24
P0142,2022,Kharif,Rice,3.08,13.43,4.36,2022-11-15,2023-03-17,NPK 19:19:19,None,14
P0142,2022,Rabi,Sugarcane,3.08,8.84,2.87,2022-07-02,2022-10-22,DAP,Carbendazim,17
P0142,2022,Summer,Rice,3.08,16.97,5.51,2022-10-13,2023-02-22,NPK 19:19:19,Chlorpyrifos,15
P0142,2023,Summer,Rice,3.08,15.58,5.06,2023-07-12,2023-11-17,Urea,Tricyclazole,9
P0142,2024,Kharif,Rice,3.08,10.04,3.26,2024-06-15,2024-10-12,MOP,Tricyclazole,22
P0142,2024,Rabi,Rice,3.08,9.55,3.1,2024-11-05,2025-03-09,NPK 19:19:19,Tricyclazole,25
P0143,2020,Rabi,Sugarcane,1.51,3.38,2.24,2020-11-09,2021-04-08,MOP,Carbendazim,17
P0143,2020,Summer,Rice,1.51,5.42,3.59,2020-10-05,2021-02-19,DAP,Tricyclazole,22
P0143,2021,Kharif,Rice,1.51,6.19,4.1,2021-07-16,2021-11-17,Organic Compost,Tricyclazole,17
P0143,2021,Summer,Rice,1.51,5.44,3.6,2021-11-14,2022-03-23,MOP,Tricyclazole,19
P0143,2023,Kharif,Rice,1.51,7.02,4.65,2023-07-02,2023-11-18,Urea,None,16
P0143,2023,Rabi,Sugarcane,1.51,4.24,2.81,2023-10-13,2024-02-12,DAP,Chlorpyrifos,17
P0143,2023,Summer,Rice,1.51,7.47,4.95,2023-07-17,2023-11-15,NPK 19:19:19,Carbendazim,15
P0144,2020,Kharif,Sugarcane,0.64,1.73,2.71,2020-11-02,2021-03-22,Urea,None,16
P0144,2020,Rabi,Rice,0.64,1.98,3.1,2020-06-02,2020-10-27,MOP,Carbendazim,21
P0144,2021,Kharif,Sugarcane,0.64,1.52,2.37,2021-10-03,2022-01-16,MOP,Chlorpyrifos,22
P0144,2021,Rabi,Rice,0.64,2.18,3.4,2021-11-14,2022-02-26,MOP,Tricyclazole,22
P0144,2021,Summer,Rice,0.64,3.21,5.01,2021-11-17,2022-03-28,MOP,Tricyclazole,21
P0144,2022,Kharif,Sugarcane,0.64,0.67,1.04,2022-07-23,2022-12-09,MOP,Chlorpyrifos,19
P0144,2022,Rabi,Rice,0.64,3.06,4.78,2022-06-17,2022-11-05,MOP,Chlorpyrifos,15
P0144,2022,Summer,Rice,0.64,1.82,2.84,2022-07-19,2022-12-11,NPK 19:19:19,Carbendazim,8
P0144,2023,Rabi,Rice,0.64,1.47,2.3,2023-11-06,2024-02-23,Urea,Carbendazim,10
P0144,2024,Rabi,Rice,0.64,2.58,4.03,2024-10-16,2025-02-12,DAP,Chlorpyrifos,25
P0144,2024,Summer,Rice,0.64,3.41,5.33,2024-10-15,2025-03-10,MOP,Chlorpyrifos,16
P0145,2020,Kharif,Rice,2.83,9.82,3.47,2020-07-01,2020-10-21,MOP,Carbendazim,11
P0145,2020,Summer,Groundnut,2.83,6.23,2.2,2020-07-26,2020-12-05,DAP,Carbendazim,10
P0145,2021,Kharif,Groundnut,2.83,6.23,2.2,2021-11-10,2022-03-21,Urea,Chlorpyrifos,10
P0145,2021,Rabi,Rice,2.83,8.07,2.85,2021-06-17,2021-11-07,DAP,Carbendazim,24
P0145,2021,Summer,Rice,2.83,12.48,4.41,2021-11-25,2022-03-25,Urea,Carbendazim,14
P0145,2022,Kharif,Rice,2.83,11.89,4.2,2022-07-23,2022-11-07,Organic Compost,Carbendazim,18
P0145,2022,Rabi,Rice,2.83,15.76,5.57,2022-10-23,2023-03-15,Urea,Chlorpyrifos,25
P0145,2022,Summer,Rice,2.83,16.36,5.78,2022-10-26,2023-03-08,Urea,Tricyclazole,22
P0145,2023,Rabi,Groundnut,2.83,6.99,2.47,2023-07-28,2023-11-11,MOP,None,25
P0145,2023,Summer,Rice,2.83,6.48,2.29,2023-06-07,2023-10-19,MOP,Tricyclazole,14
P0145,2024,Rabi,Groundnut,2.83,7.7,2.72,2024-10-06,2025-01-20,MOP,Tricyclazole,15
P0145,2024,Summer,Rice,2.83,12.23,4.32,2024-06-06,2024-09-18,DAP,Tricyclazole,14
P0146,2020,Rabi,Rice,1.01,3.15,3.12,2020-11-03,2021-02-23,MOP,Carbendazim,19
P0146,2022,Rabi,Rice,1.01,4.44,4.4,2022-06-15,2022-10-21,Urea,None,21
P0146,2022,Summer,Rice,1.01,3.87,3.83,2022-10-11,2023-02-17,NPK 19:19:19,Chlorpyrifos,17
P0146,2023,Rabi,Rice,1.01,2.46,2.44,2023-07-20,2023-12-04,NPK 19:19:19,Carbendazim,18
P0146,2024,Kharif,Rice,1.01,6.43,6.37,2024-06-01,2024-10-05,NPK 19:19:19,Tricyclazole,10
P0146,2024,Summer,Rice,1.01,2.63,2.6,2024-07-22,2024-11-15,Urea,Tricyclazole,25
P0147,2020,Rabi,Rice,0.42,2.04,4.85,2020-07-22,2020-11-04,NPK 19:19:19,Carbendazim,20
P0147,2021,Kharif,Sugarcane,0.42,0.62,1.48,2021-07-01,2021-11-11,MOP,Tricyclazole,10
P0147,2021,Rabi,Rice,0.42,1.1,2.63,2021-10-19,2022-02-10,MOP,Tricyclazole,12
P0147,2021,Summer,Sugarcane,0.42,0.58,1.39,2021-06-23,2021-10-13,Urea,None,22
P0147,2022,Kharif,Rice,0.42,2.23,5.31,2022-10-20,2023-02-28,MOP,Chlorpyrifos,25
P0147,2022,Rabi,Rice,0.42,1.01,2.4,2022-07-20,2022-11-19,MOP,Chlorpyrifos,9
P0147,2023,Kharif,Rice,0.42,1.6,3.8,2023-07-21,2023-12-01,NPK 19:19:19,None,17
P0147,2023,Rabi,Rice,0.42,1.63,3.88,2023-07-09,2023-10-17,MOP,Carbendazim,23
P0147,2024,Kharif,Sugarcane,0.42,1.03,2.45,2024-10-02,2025-02-24,MOP,None,24
P0147,2024,Rabi,Rice,0.42,1.33,3.17,2024-11-13,2025-04-06,Urea,None,20
P0148,2020,Kharif,Groundnut,0.45,1.08,2.4,2020-07-08,2020-11-17,Organic Compost,Tricyclazole,20
P0148,2020,Summer,Groundnut,0.45,1.19,2.65,2020-06-07,2020-10-09,Urea,Tricyclazole,12
P0148,2021,Kharif,Groundnut,0.45,1.35,3.0,2021-06-03,2021-09-17,DAP,Tricyclazole,8
P0148,2021,Rabi,Groundnut,0.45,0.95,2.12,2021-10-22,2022-03-19,Urea,None,14
P0148,2021,Summer,Groundnut,0.45,1.26,2.8,2021-10-04,2022-03-01,MOP,Carbendazim,15
P0148,2022,Kharif,Rice,0.45,2.34,5.2,2022-10-03,2023-02-17,Urea,Carbendazim,22
P0148,2022,Rabi,Rice,0.45,1.79,3.98,2022-10-08,2023-02-04,Organic Compost,Chlorpyrifos,19
P0148,2022,Summer,Groundnut,0.45,0.51,1.14,2022-11-07,2023-03-27,Organic Compost,Carbendazim,15
P0148,2023,Rabi,Groundnut,0.45,0.74,1.64,2023-06-26,2023-11-08,Organic Compost,Tricyclazole,24
P0148,2023,Summer,Groundnut,0.45,1.19,2.65,2023-10-13,2024-03-05,Organic Compost,Chlorpyrifos,19
P0148,2024,Kharif,Groundnut,0.45,1.26,2.79,2024-07-17,2024-11-04,Urea,None,24
P0149,2020,Rabi,Rice,3.28,10.96,3.34,2020-11-18,2021-04-13,NPK 19:19:19,Tricyclazole,21
P0149,2020,Summer,Rice,3.28,18.4,5.61,2020-11-09,2021-03-09,DAP,Tricyclazole,16
P0149,2021,Kharif,Rice,3.28,7.74,2.36,2021-11-11,2022-02-28,MOP,Chlorpyrifos,10
P0149,2021,Rabi,Rice,3.28,17.02,5.19,2021-10-22,2022-03-21,Organic Compost,Chlorpyrifos,24
P0149,2021,Summer,Groundnut,3.28,7.02,2.14,2021-10-18,2022-03-12,MOP,None,10
P0149,2022,Kharif,Rice,3.28,12.89,3.93,2022-11-22,2023-03-12,MOP,None,11
P0149,2022,Rabi,Groundnut,3.28,5.12,1.56,2022-11-09,2023-03-10,Organic Compost,Tricyclazole,19
P0149,2022,Summer,Rice,3.28,12.99,3.96,2022-10-25,2023-03-15,Urea,Tricyclazole,22
P0149,2023,Kharif,Groundnut,3.28,10.76,3.28,2023-07-24,2023-11-01,Urea,Chlorpyrifos,19
P0149,2023,Rabi,Groundnut,3.28,6.53,1.99,2023-06-27,2023-10-12,DAP,None,10
P0149,2023,Summer,Rice,3.28,8.86,2.7,2023-11-21,2024-04-09,MOP,Chlorpyrifos,12
P0149,2024,Kharif,Groundnut,3.28,8.2,2.5,2024-10-25,2025-03-16,NPK 19:19:19,Tricyclazole,21
P0149,2024,Rabi,Rice,3.28,7.28,2.22,2024-11-21,2025-04-14,Urea,None,16
P0150,2020,Rabi,Rice,2.45,14.5,5.92,2020-06-27,2020-10-26,NPK 19:19:19,Chlorpyrifos,19
P0150,2020,Summer,Sugarcane,2.45,3.09,1.26,2020-11-24,2021-04-04,MOP,Carbendazim,16
P0150,2021,Rabi,Rice,2.45,14.75,6.02,2021-07-19,2021-11-05,Urea,Tricyclazole,23
P0150,2021,Summer,Sugarcane,2.45,2.74,1.12,2021-07-16,2021-11-01,MOP,Chlorpyrifos,20
P0150,2022,Kharif,Rice,2.45,12.52,5.11,2022-06-04,2022-10-20,Organic Compost,Carbendazim,21
P0150,2022,Rabi,Rice,2.45,6.79,2.77,2022-10-24,2023-02-03,Urea,Carbendazim,18
P0150,2022,Summer,Rice,2.45,12.32,5.03,2022-07-28,2022-11-06,NPK 19:19:19,Carbendazim,18
P0150,2023,Kharif,Rice,2.45,9.51,3.88,2023-07-13,2023-11-01,DAP,Carbendazim,20
P0150,2023,Rabi,Rice,2.45,4.92,2.01,2023-10-24,2024-02-26,Organic Compost,None,23
P0150,2023,Summer,Rice,2.45,5.61,2.29,2023-06-20,2023-10-30,NPK 19:19:19,Carbendazim,19
P0150,2024,Rabi,Rice,2.45,8.28,3.38,2024-10-04,2025-03-03,DAP,Carbendazim,14
P0150,2024,Summer,Sugarcane,2.45,3.53,1.44,2024-10-20,2025-03-03,DAP,Carbendazim,23
P0151,2020,Rabi,Rice,0.87,4.02,4.62,2020-11-25,2021-03-25,Urea,Tricyclazole,8
P0151,2020,Summer,Rice,0.87,4.52,5.19,2020-10-21,2021-03-20,MOP,Chlorpyrifos,21
P0151,2021,Kharif,Groundnut,0.87,2.61,3.0,2021-06-11,2021-10-15,DAP,Chlorpyrifos,8
P0151,2021,Rabi,Rice,0.87,5.45,6.26,2021-06-16,2021-10-19,DAP,Carbendazim,11
P0151,2022,Kharif,Groundnut,0.87,2.31,2.66,2022-11-04,2023-02-15,Urea,None,18
P0151,2022,Rabi,Groundnut,0.87,2.54,2.92,2022-11-28,2023-03-22,Organic Compost,Carbendazim,15
P0151,2022,Summer,Rice,0.87,3.12,3.59,2022-11-05,2023-02-24,MOP,Tricyclazole,24
P0151,2024,Rabi,Groundnut,0.87,2.03,2.33,2024-10-04,2025-02-06,MOP,Tricyclazole,14
P0151,2024,Summer,Rice,0.87,3.84,4.41,2024-07-08,2024-10-25,MOP,Carbendazim,25
P0152,2020,Rabi,Rice,0.63,2.12,3.36,2020-11-24,2021-04-11,NPK 19:19:19,Carbendazim,24
P0152,2021,Kharif,Rice,0.63,3.45,5.48,2021-07-26,2021-12-06,MOP,None,14
P0152,2021,Rabi,Rice,0.63,3.12,4.95,2021-07-24,2021-12-18,MOP,Tricyclazole,8
P0152,2022,Kharif,Rice,0.63,4.09,6.49,2022-11-26,2023-04-12,NPK 19:19:19,None,16
P0152,2022,Rabi,Sugarcane,0.63,1.01,1.61,2022-11-24,2023-04-17,MOP,None,25
P0152,2024,Kharif,Sugarcane,0.63,1.84,2.92,2024-10-12,2025-03-06,Urea,None,22
P0152,2024,Summer,Sugarcane,0.63,1.35,2.15,2024-06-01,2024-09-13,Organic Compost,None,9
P0153,2020,Kharif,Sugarcane,1.83,4.45,2.43,2020-06-13,2020-10-20,MOP,None,23
P0153,2020,Rabi,Rice,1.83,4.47,2.44,2020-10-11,2021-03-03,DAP,None,19
P0153,2020,Summer,Rice,1.83,9.24,5.05,2020-11-15,2021-03-20,MOP,Chlorpyrifos,21
P0153,2021,Kharif,Rice,1.83,6.59,3.6,2021-10-22,2022-03-21,Organic Compost,Tricyclazole,9
P0153,2021,Rabi,Sugarcane,1.83,4.3,2.35,2021-07-05,2021-11-16,MOP,None,14
P0153,2024,Kharif,Rice,1.83,6.2,3.39,2024-07-16,2024-12-03,Organic Compost,Chlorpyrifos,21
P0153,2024,Rabi,Rice,1.83,10.01,5.47,2024-10-16,2025-03-10,Organic Compost,Tricyclazole,22
P0153,2024,Summer,Rice,1.83,5.27,2.88,2024-10-17,2025-01-26,Urea,None,22
P0154,2020,Kharif,Rice,2.31,9.17,3.97,2020-10-25,2021-03-14,MOP,Chlorpyrifos,20
P0154,2020,Rabi,Rice,2.31,8.94,3.87,2020-10-06,2021-02-25,NPK 19:19:19,Carbendazim,10
P0154,2021,Kharif,Sugarcane,2.31,2.82,1.22,2021-11-19,2022-03-05,DAP,Chlorpyrifos,14
P0154,2021,Rabi,Rice,2.31,11.46,4.96,2021-06-09,2021-10-27,MOP,Chlorpyrifos,20
P0154,2022,Rabi,Rice,2.31,13.61,5.89,2022-10-26,2023-03-14,NPK 19:19:19,Carbendazim,22
P0154,2022,Summer,Rice,2.31,6.86,2.97,2022-11-12,2023-04-05,MOP,Carbendazim,16
P0154,2023,Summer,Rice,2.31,14.21,6.15,2023-06-07,2023-10-09,DAP,None,18
P0154,2024,Summer,Rice,2.31,9.08,3.93,2024-07-15,2024-12-08,MOP,None,25
P0155,2020,Kharif,Rice,2.5,9.3,3.72,2020-11-03,2021-02-27,DAP,Chlorpyrifos,8
P0155,2020,Rabi,Rice,2.5,8.65,3.46,2020-07-07,2020-10-30,Urea,None,11
P0155,2021,Summer,Groundnut,2.5,8.0,3.2,2021-06-17,2021-10-25,NPK 19:19:19,Carbendazim,22
P0155,2022,Kharif,Rice,2.5,12.48,4.99,2022-06-14,2022-11-03,NPK 19:19:19,None,25
P0155,2022,Summer,Groundnut,2.5,5.12,2.05,2022-10-01,2023-02-08,NPK 19:19:19,None,21
P0155,2024,Rabi,Groundnut,2.5,3.15,1.26,2024-06-22,2024-10-19,NPK 19:19:19,Chlorpyrifos,9
P0156,2020,Kharif,Groundnut,2.16,5.7,2.64,2020-11-28,2021-03-27,NPK 19:19:19,Carbendazim,21
P0156,2020,Rabi,Rice,2.16,7.45,3.45,2020-06-13,2020-09-23,DAP,None,20
P0156,2020,Summer,Rice,2.16,11.21,5.19,2020-06-19,2020-11-12,NPK 19:19:19,None,15
P0156,2021,Summer,Rice,2.16,5.53,2.56,2021-11-22,2022-03-05,Urea,Carbendazim,25
P0156,2022,Kharif,Groundnut,2.16,5.29,2.45,2022-11-18,2023-03-07,NPK 19:19:19,None,22
P0156,2023,Summer,Groundnut,2.16,7.3,3.38,2023-07-25,2023-11-23,NPK 19:19:19,None,12
P0156,2024,Rabi,Rice,2.16,7.0,3.24,2024-11-12,2025-04-11,Urea,Chlorpyrifos,15
P0157,2020,Kharif,Groundnut,0.33,1.02,3.1,2020-10-07,2021-02-27,Urea,None,21
P0157,2020,Rabi,Groundnut,0.33,0.73,2.2,2020-10-28,2021-02-10,MOP,Carbendazim,20
P0157,2020,Summer,Rice,0.33,1.75,5.3,2020-06-01,2020-09-19,MOP,None,10
P0157,2021,Rabi,Groundnut,0.33,0.63,1.92,2021-06-19,2021-10-18,Organic Compost,Tricyclazole,8
P0157,2021,Summer,Rice,0.33,2.04,6.18,2021-11-04,2022-03-15,Urea,Tricyclazole,8
P0157,2022,Summer,Rice,0.33,1.04,3.14,2022-10-03,2023-01-19,NPK 19:19:19,None,18
P0157,2023,Rabi,Groundnut,0.33,0.7,2.12,2023-10-07,2024-01-30,Organic Compost,Carbendazim,11
P0157,2023,Summer,Groundnut,0.33,1.04,3.16,2023-11-15,2024-03-23,NPK 19:19:19,None,8
P0157,2024,Kharif,Groundnut,0.33,1.03,3.11,2024-10-11,2025-03-01,Organic Compost,Tricyclazole,15
P0157,2024,Rabi,Groundnut,0.33,0.51,1.56,2024-07-02,2024-10-24,MOP,Tricyclazole,22
P0158,2020,Kharif,Groundnut,1.24,1.6,1.29,2020-10-28,2021-02-26,Urea,Carbendazim,25
P0158,2020,Summer,Rice,1.24,6.52,5.26,2020-10-23,2021-02-28,DAP,None,25
P0158,2022,Summer,Groundnut,1.24,3.47,2.8,2022-10-27,2023-03-13,MOP,Tricyclazole,21
P0158,2023,Kharif,Rice,1.24,7.8,6.29,2023-06-02,2023-10-10,Organic Compost,Tricyclazole,20
P0158,2023,Summer,Rice,1.24,5.06,4.08,2023-10-14,2024-02-12,Organic Compost,Tricyclazole,12
P0158,2024,Rabi,Groundnut,1.24,2.07,1.67,2024-10-17,2025-02-15,Urea,Chlorpyrifos,8
P0158,2024,Summer,Rice,1.24,6.62,5.34,2024-11-17,2025-03-19,Urea,Tricyclazole,20
P0159,2020,Kharif,Rice,3.07,13.32,4.34,2020-11-03,2021-02-24,NPK 19:19:19,Tricyclazole,9
P0159,2020,Rabi,Sugarcane,3.07,7.64,2.49,2020-11-15,2021-03-23,NPK 19:19:19,None,14
P0159,2020,Summer,Sugarcane,3.07,6.88,2.24,2020-07-13,2020-11-04,Organic Compost,Chlorpyrifos,22
P0159,2021,Rabi,Rice,3.07,19.8,6.45,2021-11-25,2022-03-20,Urea,Chlorpyrifos,25
P0159,2021,Summer,Rice,3.07,6.6,2.15,2021-07-22,2021-12-19,Organic Compost,Chlorpyrifos,17
P0159,2022,Summer,Rice,3.07,9.12,2.97,2022-06-26,2022-10-13,Organic Compost,Chlorpyrifos,16
P0159,2023,Summer,Rice,3.07,15.9,5.18,2023-11-19,2024-03-14,Urea,Tricyclazole,19
P0159,2024,Kharif,Rice,3.07,18.3,5.96,2024-10-15,2025-02-26,MOP,Chlorpyrifos,17
P0159,2024,Summer,Rice,3.07,6.6,2.15,2024-11-23,2025-03-06,NPK 19:19:19,Carbendazim,16
P0160,2020,Kharif,Rice,1.63,8.98,5.51,2020-10-18,2021-02-25,MOP,Chlorpyrifos,11
P0160,2020,Summer,Rice,1.63,5.84,3.58,2020-10-06,2021-02-06,MOP,Chlorpyrifos,24
P0160,2021,Kharif,Rice,1.63,8.83,5.42,2021-07-15,2021-11-18,MOP,Chlorpyrifos,19
P0160,2022,Kharif,Groundnut,1.63,1.74,1.07,2022-11-18,2023-03-23,DAP,None,15
P0160,2022,Rabi,Groundnut,1.63,5.25,3.22,2022-07-04,2022-10-27,NPK 19:19:19,None,10
P0160,2022,Summer,Rice,1.63,10.24,6.28,2022-11-14,2023-03-07,Organic Compost,Chlorpyrifos,25
P0160,2023,Kharif,Groundnut,1.63,2.46,1.51,2023-07-17,2023-11-25,Urea,Carbendazim,13
P0160,2023,Rabi,Rice,1.63,9.26,5.68,2023-11-06,2024-03-21,NPK 19:19:19,Tricyclazole,17
P0160,2024,Kharif,Groundnut,1.63,3.83,2.35,2024-07-25,2024-11-13,Organic Compost,None,23
P0161,2020,Kharif,Rice,1.5,7.62,5.08,2020-11-10,2021-03-11,DAP,None,12
P0161,2020,Rabi,Rice,1.5,5.43,3.62,2020-06-24,2020-11-02,MOP,Carbendazim,10
P0161,2020,Summer,Sugarcane,1.5,1.75,1.17,2020-07-22,2020-12-13,MOP,Tricyclazole,21
P0161,2021,Rabi,Rice,1.5,5.75,3.83,2021-06-12,2021-09-30,Organic Compost,Tricyclazole,16
P0161,2022,Kharif,Rice,1.5,6.62,4.41,2022-11-02,2023-03-12,MOP,Carbendazim,25
P0161,2022,Rabi,Rice,1.5,9.52,6.35,2022-07-01,2022-11-14,Organic Compost,Tricyclazole,12
P0161,2022,Summer,Rice,1.5,7.35,4.9,2022-11-18,2023-04-12,NPK 19:19:19,None,10
P0161,2023,Kharif,Rice,1.5,4.54,3.03,2023-11-20,2024-03-08,NPK 19:19:19,Tricyclazole,10
P0161,2023,Summer,Rice,1.5,6.11,4.07,2023-06-20,2023-11-07,Urea,Carbendazim,9
P0161,2024,Kharif,Sugarcane,1.5,4.0,2.67,2024-11-20,2025-03-30,Urea,Chlorpyrifos,19
P0162,2020,Rabi,Rice,1.24,6.41,5.17,2020-07-08,2020-10-30,Organic Compost,Tricyclazole,8
P0162,2020,Summer,Rice,1.24,5.29,4.27,2020-11-19,2021-03-20,Organic Compost,None,18
P0162,2021,Kharif,Rice,1.24,2.91,2.35,2021-10-26,2022-02-10,DAP,Tricyclazole,10
P0162,2022,Rabi,Rice,1.24,7.28,5.87,2022-11-10,2023-04-03,MOP,Chlorpyrifos,17
P0162,2022,Summer,Sugarcane,1.24,1.74,1.4,2022-07-19,2022-11-22,DAP,Carbendazim,10
P0162,2023,Kharif,Rice,1.24,6.13,4.94,2023-06-06,2023-10-03,NPK 19:19:19,Tricyclazole,15
P0162,2023,Rabi,Sugarcane,1.24,3.97,3.2,2023-11-16,2024-03-05,MOP,Carbendazim,14
P0162,2023,Summer,Rice,1.24,5.95,4.8,2023-10-28,2024-02-24,NPK 19:19:19,Tricyclazole,13
P0162,2024,Kharif,Sugarcane,1.24,2.28,1.84,2024-10-16,2025-01-31,NPK 19:19:19,Carbendazim,15
P0162,2024,Rabi,Rice,1.24,2.74,2.21,2024-07-20,2024-12-03,DAP,Carbendazim,25
P0162,2024,Summer,Rice,1.24,5.73,4.62,2024-07-10,2024-11-17,NPK 19:19:19,None,8
P0163,2020,Kharif,Rice,0.54,2.1,3.89,2020-06-20,2020-10-02,MOP,Tricyclazole,15
P0163,2020,Rabi,Rice,0.54,2.01,3.72,2020-10-06,2021-02-08,DAP,Chlorpyrifos,19
P0163,2021,Summer,Rice,0.54,1.29,2.38,2021-06-20,2021-11-15,MOP,None,11
P0163,2022,Kharif,Rice,0.54,3.38,6.25,2022-11-08,2023-02-22,Urea,Tricyclazole,13
P0163,2022,Rabi,Sugarcane,0.54,1.2,2.23,2022-10-03,2023-01-27,MOP,Tricyclazole,8
P0163,2022,Summer,Rice,0.54,3.02,5.59,2022-10-05,2023-02-21,DAP,Carbendazim,24
P0163,2023,Kharif,Rice,0.54,1.48,2.74,2023-11-26,2024-03-24,Organic Compost,Chlorpyrifos,18
P0163,2023,Rabi,Sugarcane,0.54,1.61,2.99,2023-11-26,2024-04-04,Urea,Carbendazim,15
P0163,2023,Summer,Rice,0.54,2.95,5.46,2023-07-06,2023-11-10,DAP,Carbendazim,22
P0163,2024,Kharif,Rice,0.54,1.18,2.19,2024-11-11,2025-02-19,DAP,Chlorpyrifos,8
P0163,2024,Rabi,Rice,0.54,2.07,3.83,2024-11-10,2025-03-19,MOP,Carbendazim,12
P0163,2024,Summer,Sugarcane,0.54,1.49,2.76,2024-07-27,2024-12-21,MOP,Carbendazim,9
P0164,2020,Kharif,Rice,1.1,2.82,2.56,2020-07-21,2020-11-13,Organic Compost,Tricyclazole,12
P0164,2020,Rabi,Rice,1.1,6.22,5.65,2020-11-15,2021-03-18,MOP,Chlorpyrifos,14
P0164,2021,Rabi,Rice,1.1,5.86,5.33,2021-10-11,2022-02-01,Organic Compost,Chlorpyrifos,19
P0164,2022,Kharif,Rice,1.1,3.43,3.12,2022-10-15,2023-02-04,Organic Compost,None,15
P0164,2022,Summer,Rice,1.1,5.31,4.83,2022-10-11,2023-02-03,DAP,None,13
P0164,2023,Kharif,Sugarcane,1.1,1.52,1.38,2023-10-04,2024-01-23,NPK 19:19:19,Carbendazim,8
P0164,2023,Rabi,Rice,1.1,2.98,2.71,2023-07-23,2023-11-29,DAP,Chlorpyrifos,19
P0164,2024,Kharif,Sugarcane,1.1,3.35,3.05,2024-06-05,2024-09-28,MOP,None,8
P0164,2024,Rabi,Rice,1.1,4.84,4.4,2024-10-12,2025-02-09,NPK 19:19:19,None,16
P0164,2024,Summer,Rice,1.1,6.63,6.03,2024-10-05,2025-01-22,MOP,Carbendazim,20
P0165,2020,Summer,Rice,1.98,5.13,2.59,2020-10-28,2021-02-10,DAP,None,23
P0165,2021,Kharif,Rice,1.98,11.29,5.7,2021-06-28,2021-10-21,MOP,None,19
P0165,2021,Rabi,Rice,1.98,12.26,6.19,2021-10-20,2022-02-13,Urea,Tricyclazole,11
P0165,2022,Kharif,Rice,1.98,11.92,6.02,2022-10-16,2023-01-31,NPK 19:19:19,Tricyclazole,15
P0165,2022,Summer,Rice,1.98,4.12,2.08,2022-10-14,2023-02-06,NPK 19:19:19,None,21
P0165,2023,Rabi,Rice,1.98,5.13,2.59,2023-11-08,2024-03-07,Urea,Tricyclazole,21
P0165,2023,Summer,Rice,1.98,4.46,2.25,2023-06-10,2023-09-27,Organic Compost,Tricyclazole,24
P0165,2024,Kharif,Sugarcane,1.98,3.5,1.77,2024-11-15,2025-02-27,DAP,Tricyclazole,8
P0165,2024,Rabi,Rice,1.98,4.65,2.35,2024-06-04,2024-09-14,MOP,Tricyclazole,11
P0165,2024,Summer,Rice,1.98,8.63,4.36,2024-07-16,2024-11-25,Organic Compost,None,25
P0166,2020,Kharif,Rice,1.01,5.0,4.95,2020-10-26,2021-02-28,NPK 19:19:19,Chlorpyrifos,25
P0166,2020,Rabi,Sugarcane,1.01,2.86,2.83,2020-11-23,2021-04-06,Urea,Carbendazim,21
P0166,2020,Summer,Rice,1.01,5.02,4.97,2020-10-21,2021-01-31,NPK 19:19:19,Carbendazim,20
P0166,2021,Kharif,Rice,1.01,4.4,4.36,2021-11-16,2022-03-07,Urea,Tricyclazole,12
P0166,2021,Rabi,Rice,1.01,6.49,6.43,2021-06-24,2021-11-11,Urea,Carbendazim,22
P0166,2022,Summer,Rice,1.01,5.32,5.27,2022-11-17,2023-03-11,Urea,Chlorpyrifos,9
P0166,2023,Kharif,Sugarcane,1.01,1.66,1.64,2023-10-04,2024-02-22,MOP,Chlorpyrifos,21
P0166,2023,Rabi,Rice,1.01,3.22,3.19,2023-10-13,2024-02-20,Urea,Tricyclazole,20
P0166,2023,Summer,Sugarcane,1.01,3.2,3.17,2023-11-12,2024-02-24,MOP,Tricyclazole,11
P0166,2024,Summer,Rice,1.01,2.96,2.93,2024-10-27,2025-03-01,MOP,Chlorpyrifos,10
P0167,2020,Kharif,Sugarcane,1.82,1.89,1.04,2020-07-19,2020-11-05,Urea,Chlorpyrifos,19
P0167,2020,Rabi,Rice,1.82,10.12,5.56,2020-11-11,2021-04-08,DAP,Tricyclazole,23
P0167,2020,Summer,Rice,1.82,4.46,2.45,2020-06-22,2020-10-12,NPK 19:19:19,Tricyclazole,11
P0167,2021,Kharif,Rice,1.82,5.95,3.27,2021-11-04,2022-03-07,NPK 19:19:19,Chlorpyrifos,8
P0167,2021,Rabi,Rice,1.82,4.77,2.62,2021-10-22,2022-02-02,MOP,Carbendazim,18
P0167,2022,Kharif,Rice,1.82,7.79,4.28,2022-10-19,2023-01-29,Urea,Chlorpyrifos,23
P0167,2022,Rabi,Sugarcane,1.82,4.0,2.2,2022-07-17,2022-11-26,MOP,Tricyclazole,11
P0167,2022,Summer,Rice,1.82,9.96,5.47,2022-07-26,2022-12-23,DAP,Chlorpyrifos,9
P0167,2023,Rabi,Rice,1.82,8.68,4.77,2023-07-11,2023-10-29,Organic Compost,Chlorpyrifos,8
P0167,2023,Summer,Rice,1.82,8.28,4.55,2023-06-15,2023-10-29,NPK 19:19:19,Carbendazim,16
P0167,2024,Kharif,Sugarcane,1.82,4.08,2.24,2024-07-17,2024-12-03,DAP,Carbendazim,11
P0167,2024,Rabi,Sugarcane,1.82,2.53,1.39,2024-07-05,2024-11-03,MOP,Tricyclazole,9
P0168,2021,Kharif,Rice,2.29,9.41,4.11,2021-10-13,2022-03-09,Urea,Chlorpyrifos,19
P0168,2021,Summer,Rice,2.29,13.35,5.83,2021-10-04,2022-02-14,DAP,None,18
P0168,2022,Rabi,Rice,2.29,6.82,2.98,2022-06-28,2022-10-17,DAP,Tricyclazole,24
P0168,2022,Summer,Rice,2.29,4.92,2.15,2022-11-21,2023-04-09,Organic Compost,Tricyclazole,14
P0168,2023,Kharif,Rice,2.29,10.88,4.75,2023-07-16,2023-11-18,Organic Compost,Carbendazim,17
P0168,2024,Rabi,Groundnut,2.29,7.08,3.09,2024-10-18,2025-03-01,DAP,None,15
P0168,2024,Summer,Groundnut,2.29,4.4,1.92,2024-11-03,2025-03-02,DAP,None,11
P0169,2020,Kharif,Rice,1.95,7.23,3.71,2020-07-13,2020-12-03,Organic Compost,None,16
P0169,2020,Rabi,Rice,1.95,4.64,2.38,2020-11-01,2021-03-05,MOP,Tricyclazole,10
P0169,2020,Summer,Rice,1.95,10.96,5.62,2020-06-27,2020-11-11,Organic Compost,Chlorpyrifos,18
P0169,2021,Kharif,Sugarcane,1.95,4.33,2.22,2021-07-10,2021-12-03,Organic Compost,Chlorpyrifos,17
P0169,2023,Summer,Rice,1.95,11.99,6.15,2023-10-01,2024-01-30,DAP,Chlorpyrifos,18
P0169,2024,Kharif,Sugarcane,1.95,4.15,2.13,2024-06-10,2024-10-07,Organic Compost,Carbendazim,21
P0169,2024,Summer,Rice,1.95,6.49,3.33,2024-11-15,2025-03-01,Organic Compost,Tricyclazole,24
P0170,2021,Kharif,Rice,0.52,2.15,4.13,2021-11-09,2022-03-09,DAP,Tricyclazole,18
P0170,2021,Rabi,Groundnut,0.52,1.11,2.14,2021-10-26,2022-02-06,MOP,None,15
P0170,2022,Kharif,Groundnut,0.52,1.34,2.57,2022-10-09,2023-02-25,Organic Compost,Tricyclazole,8
P0170,2022,Rabi,Groundnut,0.52,1.44,2.77,2022-07-20,2022-11-03,NPK 19:19:19,Carbendazim,10
P0170,2023,Kharif,Rice,0.52,1.08,2.08,2023-06-01,2023-10-03,DAP,Tricyclazole,22
P0170,2023,Rabi,Rice,0.52,3.2,6.16,2023-06-12,2023-10-21,NPK 19:19:19,Chlorpyrifos,10
P0170,2023,Summer,Rice,0.52,2.45,4.71,2023-06-01,2023-10-13,MOP,Carbendazim,21
P0170,2024,Kharif,Groundnut,0.52,0.57,1.09,2024-10-08,2025-02-10,MOP,None,9
P0171,2020,Kharif,Groundnut,0.91,2.68,2.94,2020-10-18,2021-02-19,Organic Compost,Carbendazim,24
P0171,2021,Rabi,Groundnut,0.91,3.0,3.3,2021-06-01,2021-09-12,NPK 19:19:19,Tricyclazole,8
P0171,2021,Summer,Groundnut,0.91,2.39,2.63,2021-11-25,2022-03-19,MOP,Carbendazim,14
P0171,2022,Kharif,Rice,0.91,2.27,2.5,2022-11-17,2023-03-03,Urea,Tricyclazole,11
P0171,2022,Rabi,Groundnut,0.91,2.31,2.54,2022-06-02,2022-09-27,DAP,None,16
P0171,2023,Rabi,Rice,0.91,3.55,3.9,2023-10-28,2024-03-13,MOP,Chlorpyrifos,15
P0171,2024,Kharif,Rice,0.91,3.35,3.68,2024-11-23,2025-03-24,DAP,Chlorpyrifos,11
P0171,2024,Rabi,Rice,0.91,3.29,3.62,2024-07-24,2024-11-15,Urea,None,17
P0171,2024,Summer,Groundnut,0.91,3.14,3.45,2024-11-21,2025-03-26,DAP,Tricyclazole,11
P0172,2020,Kharif,Groundnut,1.82,6.35,3.49,2020-11-08,2021-02-22,DAP,Carbendazim,21
P0172,2020,Rabi,Groundnut,1.82,5.08,2.79,2020-10-17,2021-02-25,DAP,Chlorpyrifos,25
P0172,2020,Summer,Groundnut,1.82,5.62,3.09,2020-10-22,2021-02-14,DAP,Tricyclazole,20
P0172,2021,Kharif,Rice,1.82,11.76,6.46,2021-10-23,2022-02-05,DAP,Carbendazim,14
P0172,2021,Rabi,Groundnut,1.82,3.79,2.08,2021-11-15,2022-02-25,MOP,Carbendazim,25
P0172,2021,Summer,Groundnut,1.82,3.93,2.16,2021-07-27,2021-11-24,DAP,None,11
P0172,2022,Kharif,Rice,1.82,10.28,5.65,2022-06-13,2022-11-04,Organic Compost,Chlorpyrifos,19
P0172,2022,Rabi,Groundnut,1.82,5.55,3.05,2022-10-13,2023-02-03,Organic Compost,Tricyclazole,8
P0172,2023,Rabi,Rice,1.82,10.57,5.81,2023-10-16,2024-01-24,DAP,Chlorpyrifos,16
P0172,2023,Summer,Groundnut,1.82,6.3,3.46,2023-06-24,2023-11-05,NPK 19:19:19,Chlorpyrifos,19
P0172,2024,Rabi,Rice,1.82,11.21,6.16,2024-10-01,2025-02-17,NPK 19:19:19,None,8
P0173,2020,Rabi,Rice,0.53,2.07,3.91,2020-06-03,2020-10-01,NPK 19:19:19,None,22
P0173,2021,Summer,Rice,0.53,1.07,2.01,2021-07-03,2021-10-25,Organic Compost,Chlorpyrifos,14
P0173,2022,Kharif,Rice,0.53,2.55,4.81,2022-11-27,2023-04-12,Organic Compost,Tricyclazole,23
P0173,2022,Summer,Rice,0.53,2.64,4.99,2022-06-02,2022-09-26,Organic Compost,None,23
P0173,2023,Kharif,Sugarcane,0.53,1.66,3.14,2023-07-21,2023-11-24,MOP,Carbendazim,21
P0173,2024,Kharif,Rice,0.53,1.57,2.96,2024-07-01,2024-11-04,Urea,Tricyclazole,17
P0173,2024,Summer,Rice,0.53,2.05,3.86,2024-06-05,2024-09-25,Urea,Tricyclazole,15
P0174,2020,Kharif,Groundnut,1.55,3.84,2.48,2020-10-21,2021-03-09,NPK 19:19:19,Tricyclazole,21
P0174,2020,Summer,Groundnut,1.55,4.14,2.67,2020-07-26,2020-12-09,Organic Compost,Chlorpyrifos,13
P0174,2021,Kharif,Groundnut,1.55,4.67,3.01,2021-07-21,2021-11-23,Urea,Chlorpyrifos,20
P0174,2021,Rabi,Groundnut,1.55,3.89,2.51,2021-11-19,2022-03-15,Organic Compost,Carbendazim,13
P0174,2021,Summer,Rice,1.55,8.42,5.43,2021-07-20,2021-11-23,MOP,Carbendazim,24
P0174,2022,Rabi,Groundnut,1.55,4.93,3.18,2022-11-17,2023-03-04,Urea,None,17
P0174,2022,Summer,Groundnut,1.55,2.54,1.64,2022-07-02,2022-11-06,Organic Compost,None,18
P0174,2023,Kharif,Groundnut,1.55,2.77,1.79,2023-06-27,2023-10-26,MOP,None,20
P0174,2023,Rabi,Groundnut,1.55,5.15,3.32,2023-11-17,2024-03-26,Urea,Chlorpyrifos,19
P0174,2023,Summer,Groundnut,1.55,2.59,1.67,2023-06-23,2023-11-16,NPK 19:19:19,Chlorpyrifos,22
P0174,2024,Rabi,Groundnut,1.55,2.39,1.54,2024-11-24,2025-03-05,DAP,Carbendazim,24
P0175,2020,Kharif,Rice,1.11,3.94,3.55,2020-07-20,2020-11-17,Organic Compost,Tricyclazole,22
P0175,2020,Rabi,Sugarcane,1.11,3.82,3.44,2020-07-20,2020-11-19,Organic Compost,Carbendazim,19
P0175,2021,Kharif,Rice,1.11,3.56,3.21,2021-10-24,2022-03-01,Urea,None,10
P0175,2021,Rabi,Rice,1.11,3.31,2.98,2021-11-15,2022-02-23,Organic Compost,Tricyclazole,12
P0175,2021,Summer,Sugarcane,1.11,1.4,1.26,2021-11-28,2022-04-04,DAP,Carbendazim,25
P0175,2022,Rabi,Rice,1.11,2.29,2.06,2022-07-01,2022-11-28,Urea,Carbendazim,20
P0175,2022,Summer,Rice,1.11,5.36,4.83,2022-07-19,2022-11-06,Organic Compost,Chlorpyrifos,24
P0175,2023,Kharif,Rice,1.11,5.63,5.07,2023-06-02,2023-10-10,Organic Compost,Chlorpyrifos,10
P0175,2023,Summer,Sugarcane,1.11,2.62,2.36,2023-10-25,2024-02-20,DAP,Chlorpyrifos,8
P0175,2024,Kharif,Rice,1.11,6.44,5.8,2024-06-20,2024-10-26,Organic Compost,Carbendazim,12
P0175,2024,Rabi,Rice,1.11,5.79,5.22,2024-06-14,2024-11-04,NPK 19:19:19,Tricyclazole,14
P0175,2024,Summer,Rice,1.11,5.87,5.29,2024-06-06,2024-10-23,MOP,Carbendazim,18
P0176,2020,Rabi,Rice,1.52,6.55,4.31,2020-10-03,2021-01-13,Organic Compost,Carbendazim,25
P0176,2020,Summer,Rice,1.52,4.47,2.94,2020-07-14,2020-11-02,Urea,None,14
P0176,2021,Kharif,Sugarcane,1.52,2.75,1.81,2021-07-05,2021-10-28,DAP,Chlorpyrifos,8
P0176,2021,Rabi,Rice,1.52,9.04,5.95,2021-10-22,2022-02-08,MOP,Chlorpyrifos,22
P0176,2022,Summer,Rice,1.52,3.8,2.5,2022-06-28,2022-11-13,NPK 19:19:19,Tricyclazole,15
P0176,2023,Rabi,Sugarcane,1.52,3.31,2.18,2023-11-27,2024-04-10,MOP,None,15
P0176,2024,Rabi,Rice,1.52,3.72,2.45,2024-06-01,2024-10-03,NPK 19:19:19,Carbendazim,22
P0177,2020,Kharif,Rice,1.43,4.99,3.49,2020-10-26,2021-03-22,Urea,None,18
P0177,2020,Rabi,Rice,1.43,3.78,2.64,2020-11-14,2021-03-13,NPK 19:19:19,Chlorpyrifos,24
P0177,2021,Summer,Rice,1.43,9.07,6.34,2021-06-21,2021-11-07,NPK 19:19:19,Tricyclazole,11
P0177,2022,Kharif,Groundnut,1.43,3.96,2.77,2022-06-11,2022-09-29,MOP,Chlorpyrifos,15
P0177,2022,Rabi,Groundnut,1.43,4.42,3.09,2022-06-11,2022-10-21,DAP,Tricyclazole,22
P0177,2022,Summer,Groundnut,1.43,1.63,1.14,2022-10-09,2023-03-05,MOP,Tricyclazole,20
P0177,2023,Summer,Groundnut,1.43,1.82,1.27,2023-10-02,2024-02-28,Urea,Carbendazim,13
P0177,2024,Kharif,Rice,1.43,5.83,4.08,2024-11-27,2025-03-18,Organic Compost,Chlorpyrifos,20
P0178,2020,Kharif,Rice,0.36,2.19,6.09,2020-07-01,2020-10-25,MOP,None,23
P0178,2020,Summer,Rice,0.36,1.01,2.8,2020-10-27,2021-02-12,DAP,Carbendazim,18
P0178,2021,Kharif,Rice,0.36,0.79,2.2,2021-10-20,2022-02-08,MOP,Tricyclazole,22
P0178,2021,Summer,Rice,0.36,1.99,5.53,2021-06-22,2021-10-12,Organic Compost,Chlorpyrifos,8
P0178,2022,Kharif,Rice,0.36,1.44,3.99,2022-11-14,2023-03-03,MOP,Carbendazim,11
P0178,2022,Summer,Rice,0.36,0.9,2.49,2022-11-02,2023-03-30,MOP,Chlorpyrifos,13
P0178,2023,Summer,Sugarcane,0.36,0.54,1.49,2023-06-01,2023-10-11,NPK 19:19:19,Tricyclazole,10
P0178,2024,Rabi,Rice,0.36,1.17,3.26,2024-06-22,2024-10-31,Urea,None,15
P0178,2024,Summer,Sugarcane,0.36,0.93,2.58,2024-07-15,2024-10-29,MOP,Tricyclazole,9
P0179,2020,Kharif,Rice,1.04,4.36,4.19,2020-07-17,2020-12-07,Organic Compost,Carbendazim,12
P0179,2020,Rabi,Sugarcane,1.04,3.04,2.92,2020-06-18,2020-11-14,DAP,Tricyclazole,20
P0179,2020,Summer,Rice,1.04,4.28,4.12,2020-06-21,2020-09-29,NPK 19:19:19,Carbendazim,17
P0179,2021,Kharif,Rice,1.04,5.17,4.97,2021-11-22,2022-04-12,MOP,Carbendazim,11
P0179,2021,Rabi,Rice,1.04,6.32,6.08,2021-11-13,2022-03-30,DAP,Tricyclazole,12
P0179,2021,Summer,Rice,1.04,3.47,3.34,2021-10-21,2022-02-12,NPK 19:19:19,Carbendazim,11
P0179,2022,Kharif,Rice,1.04,4.79,4.61,2022-10-08,2023-02-06,Organic Compost,Chlorpyrifos,24
P0179,2022,Summer,Rice,1.04,5.38,5.17,2022-11-26,2023-04-13,Organic Compost,Tricyclazole,19
P0179,2023,Kharif,Rice,1.04,3.12,3.0,2023-11-17,2024-04-13,NPK 19:19:19,Carbendazim,21
P0179,2023,Rabi,Rice,1.04,3.53,3.39,2023-11-16,2024-03-28,DAP,Carbendazim,9
P0179,2023,Summer,Rice,1.04,5.21,5.01,2023-06-15,2023-11-03,NPK 19:19:19,Tricyclazole,20
P0179,2024,Rabi,Rice,1.04,5.09,4.89,2024-10-22,2025-01-31,Urea,Tricyclazole,24
P0179,2024,Summer,Sugarcane,1.04,1.55,1.49,2024-07-05,2024-10-25,Organic Compost,Carbendazim,17
P0180,2020,Rabi,Sugarcane,0.67,1.23,1.83,2020-10-05,2021-02-17,Urea,Chlorpyrifos,15
P0180,2021,Kharif,Rice,0.67,1.82,2.71,2021-11-11,2022-03-03,DAP,Carbendazim,18
P0180,2021,Rabi,Rice,0.67,3.13,4.67,2021-11-05,2022-03-01,Urea,Chlorpyrifos,12
P0180,2021,Summer,Rice,0.67,1.57,2.34,2021-10-16,2022-02-24,NPK 19:19:19,Carbendazim,9
P0180,2022,Kharif,Rice,0.67,3.44,5.13,2022-10-12,2023-02-11,Urea,Chlorpyrifos,9
P0180,2023,Summer,Rice,0.67,3.75,5.6,2023-10-19,2024-02-13,NPK 19:19:19,None,13
P0180,2024,Rabi,Rice,0.67,3.55,5.3,2024-07-16,2024-12-06,Urea,Tricyclazole,18
P0181,2020,Kharif,Rice,0.52,3.16,6.08,2020-07-06,2020-10-23,Organic Compost,Chlorpyrifos,8
P0181,2020,Rabi,Rice,0.52,2.67,5.13,2020-10-14,2021-02-26,DAP,None,16
P0181,2020,Summer,Rice,0.52,1.16,2.23,2020-10-19,2021-02-17,NPK 19:19:19,Chlorpyrifos,18
P0181,2021,Kharif,Groundnut,0.52,1.22,2.35,2021-11-16,2022-04-14,MOP,Chlorpyrifos,15
P0181,2021,Rabi,Groundnut,0.52,1.27,2.44,2021-11-28,2022-03-20,Organic Compost,None,16
P0181,2021,Summer,Groundnut,0.52,0.75,1.44,2021-06-01,2021-10-12,DAP,Tricyclazole,20
P0181,2022,Kharif,Groundnut,0.52,0.76,1.46,2022-11-19,2023-02-28,DAP,Chlorpyrifos,9
P0181,2022,Rabi,Rice,0.52,1.98,3.8,2022-10-22,2023-01-31,NPK 19:19:19,None,21
P0181,2022,Summer,Groundnut,0.52,1.76,3.39,2022-06-24,2022-10-06,Urea,Chlorpyrifos,9
P0181,2023,Rabi,Groundnut,0.52,0.56,1.08,2023-10-10,2024-02-26,NPK 19:19:19,Tricyclazole,13
P0181,2023,Summer,Groundnut,0.52,1.24,2.38,2023-07-24,2023-11-05,DAP,Chlorpyrifos,15
P0181,2024,Kharif,Rice,0.52,2.87,5.52,2024-07-19,2024-11-20,Organic Compost,Chlorpyrifos,11
P0182,2021,Kharif,Rice,2.28,6.95,3.05,2021-07-05,2021-11-14,NPK 19:19:19,Tricyclazole,16
P0182,2021,Summer,Rice,2.28,7.89,3.46,2021-10-20,2022-03-04,Organic Compost,Tricyclazole,13
P0182,2022,Kharif,Rice,2.28,6.11,2.68,2022-06-13,2022-10-03,Organic Compost,None,10
P0182,2022,Rabi,Rice,2.28,5.11,2.24,2022-11-19,2023-04-03,MOP,Carbendazim,21
P0182,2022,Summer,Rice,2.28,13.59,5.96,2022-10-05,2023-03-01,NPK 19:19:19,Tricyclazole,8
P0182,2023,Kharif,Sugarcane,2.28,7.34,3.22,2023-06-21,2023-10-26,MOP,Tricyclazole,12
P0182,2023,Rabi,Rice,2.28,9.28,4.07,2023-10-06,2024-02-06,NPK 19:19:19,Tricyclazole,16
P0182,2023,Summer,Rice,2.28,12.88,5.65,2023-06-15,2023-09-23,Organic Compost,Carbendazim,21
P0182,2024,Rabi,Rice,2.28,13.84,6.07,2024-11-03,2025-02-20,Organic Compost,Tricyclazole,12
P0182,2024,Summer,Rice,2.28,12.72,5.58,2024-11-17,2025-02-28,DAP,Chlorpyrifos,20
P0183,2020,Kharif,Rice,1.58,6.27,3.97,2020-11-09,2021-02-24,Urea,Carbendazim,14
P0183,2020,Rabi,Rice,1.58,5.91,3.74,2020-11-02,2021-03-03,NPK 19:19:19,None,14
P0183,2021,Kharif,Sugarcane,1.58,5.4,3.42,2021-11-10,2022-03-20,Organic Compost,Carbendazim,10
P0183,2021,Summer,Rice,1.58,8.58,5.43,2021-06-06,2021-11-01,MOP,Chlorpyrifos,25
P0183,2022,Kharif,Rice,1.58,5.09,3.22,2022-10-22,2023-03-14,NPK 19:19:19,None,10
P0183,2022,Rabi,Rice,1.58,6.87,4.35,2022-10-18,2023-01-27,Urea,None,23
P0183,2023,Kharif,Sugarcane,1.58,3.03,1.92,2023-11-28,2024-03-13,Urea,Tricyclazole,22
P0183,2023,Rabi,Rice,1.58,3.57,2.26,2023-11-27,2024-03-24,DAP,Chlorpyrifos,21
P0183,2023,Summer,Rice,1.58,6.38,4.04,2023-11-20,2024-03-23,DAP,Carbendazim,21
P0183,2024,Summer,Rice,1.58,9.73,6.16,2024-06-27,2024-11-10,Urea,Tricyclazole,9
P0184,2020,Kharif,Sugarcane,2.35,3.38,1.44,2020-10-01,2021-02-24,MOP,None,12
P0184,2021,Kharif,Rice,2.35,4.82,2.05,2021-07-02,2021-10-15,DAP,Tricyclazole,19
P0184,2021,Rabi,Sugarcane,2.35,6.32,2.69,2021-10-21,2022-02-27,MOP,Chlorpyrifos,21
P0184,2022,Kharif,Sugarcane,2.35,3.34,1.42,2022-10-09,2023-03-06,DAP,Tricyclazole,16
P0184,2022,Rabi,Rice,2.35,8.98,3.82,2022-06-10,2022-09-23,Urea,Carbendazim,14
P0184,2022,Summer,Rice,2.35,7.21,3.07,2022-10-03,2023-01-23,Organic Compost,Chlorpyrifos,22
P0184,2023,Kharif,Sugarcane,2.35,3.03,1.29,2023-11-13,2024-03-26,NPK 19:19:19,None,24
P0184,2023,Summer,Rice,2.35,11.66,4.96,2023-11-10,2024-03-27,MOP,Carbendazim,20
P0184,2024,Kharif,Rice,2.35,11.19,4.76,2024-10-09,2025-02-23,Organic Compost,None,14
P0184,2024,Rabi,Rice,2.35,12.48,5.31,2024-11-06,2025-03-04,MOP,Tricyclazole,16
P0185,2020,Rabi,Groundnut,1.86,3.59,1.93,2020-07-06,2020-10-30,DAP,Carbendazim,12
P0185,2020,Summer,Rice,1.86,9.5,5.11,2020-06-04,2020-09-17,Urea,Carbendazim,10
P0185,2021,Kharif,Rice,1.86,11.23,6.04,2021-11-22,2022-03-29,Organic Compost,Carbendazim,15
P0185,2021,Rabi,Rice,1.86,7.16,3.85,2021-07-12,2021-11-25,Organic Compost,Chlorpyrifos,9
P0185,2021,Summer,Groundnut,1.86,5.08,2.73,2021-07-21,2021-11-15,Organic Compost,None,9
P0185,2022,Kharif,Groundnut,1.86,3.48,1.87,2022-11-09,2023-02-26,NPK 19:19:19,Chlorpyrifos,8
P0185,2023,Kharif,Groundnut,1.86,5.88,3.16,2023-11-26,2024-04-09,Organic Compost,Chlorpyrifos,10
P0185,2023,Rabi,Rice,1.86,8.82,4.74,2023-11-22,2024-03-17,Organic Compost,Carbendazim,22
P0186,2020,Kharif,Rice,1.76,10.79,6.13,2020-11-24,2021-04-08,NPK 19:19:19,Chlorpyrifos,10
P0186,2022,Rabi,Rice,1.76,8.43,4.79,2022-11-15,2023-03-22,Organic Compost,Tricyclazole,25
P0186,2022,Summer,Sugarcane,1.76,3.2,1.82,2022-10-10,2023-02-04,MOP,Tricyclazole,17
P0186,2023,Kharif,Rice,1.76,10.79,6.13,2023-10-01,2024-01-16,DAP,Chlorpyrifos,21
P0186,2023,Rabi,Rice,1.76,4.96,2.82,2023-10-20,2024-02-24,NPK 19:19:19,Carbendazim,10
P0186,2023,Summer,Rice,1.76,7.6,4.32,2023-10-13,2024-02-05,Urea,None,12
P0186,2024,Kharif,Rice,1.76,5.44,3.09,2024-10-16,2025-03-03,MOP,Tricyclazole,11
P0186,2024,Rabi,Rice,1.76,9.87,5.61,2024-10-14,2025-02-26,DAP,Chlorpyrifos,15
P0186,2024,Summer,Rice,1.76,6.83,3.88,2024-11-01,2025-03-23,Organic Compost,Carbendazim,24
P0187,2021,Kharif,Rice,1.2,7.39,6.16,2021-07-15,2021-12-02,DAP,Chlorpyrifos,9
P0187,2021,Summer,Rice,1.2,4.63,3.86,2021-11-03,2022-03-17,DAP,Carbendazim,17
P0187,2022,Kharif,Rice,1.2,6.72,5.6,2022-11-07,2023-02-19,Urea,Chlorpyrifos,10
P0187,2022,Summer,Sugarcane,1.2,2.82,2.35,2022-07-18,2022-11-26,Urea,Tricyclazole,21
P0187,2023,Rabi,Rice,1.2,4.19,3.49,2023-10-20,2024-02-29,NPK 19:19:19,Tricyclazole,15
P0187,2023,Summer,Rice,1.2,7.43,6.19,2023-10-03,2024-02-13,DAP,Chlorpyrifos,18
P0187,2024,Rabi,Sugarcane,1.2,3.94,3.28,2024-11-19,2025-03-01,MOP,Carbendazim,20
P0187,2024,Summer,Rice,1.2,7.21,6.01,2024-07-18,2024-11-27,Organic Compost,Carbendazim,22
P0188,2020,Kharif,Rice,0.75,1.77,2.36,2020-07-02,2020-10-25,DAP,Chlorpyrifos,25
P0188,2020,Rabi,Groundnut,0.75,2.17,2.89,2020-06-26,2020-11-19,DAP,Chlorpyrifos,13
P0188,2020,Summer,Groundnut,0.75,1.57,2.09,2020-11-13,2021-03-26,MOP,Chlorpyrifos,22
P0188,2021,Kharif,Groundnut,0.75,2.52,3.36,2021-11-05,2022-03-12,MOP,Chlorpyrifos,23
P0188,2021,Summer,Groundnut,0.75,1.03,1.37,2021-06-24,2021-10-17,Organic Compost,Tricyclazole,22
P0188,2022,Kharif,Rice,0.75,1.52,2.03,2022-11-03,2023-03-30,DAP,Chlorpyrifos,15
P0188,2022,Summer,Rice,0.75,4.51,6.01,2022-11-08,2023-03-09,DAP,Chlorpyrifos,12
P0188,2023,Kharif,Groundnut,0.75,2.19,2.92,2023-11-21,2024-04-14,Urea,Carbendazim,18
P0188,2023,Summer,Groundnut,0.75,2.21,2.94,2023-07-02,2023-10-18,DAP,Chlorpyrifos,13
P0188,2024,Kharif,Groundnut,0.75,1.06,1.41,2024-06-10,2024-11-02,MOP,None,12
P0189,2020,Kharif,Groundnut,0.64,0.7,1.1,2020-11-15,2021-04-05,Urea,None,21
P0189,2020,Rabi,Rice,0.64,2.5,3.9,2020-10-26,2021-03-12,MOP,Tricyclazole,22
P0189,2021,Kharif,Rice,0.64,2.14,3.34,2021-11-20,2022-02-28,MOP,Carbendazim,21
P0189,2021,Rabi,Groundnut,0.64,0.93,1.45,2021-07-06,2021-11-28,Urea,Chlorpyrifos,17
P0189,2021,Summer,Rice,0.64,3.92,6.13,2021-10-18,2022-02-24,NPK 19:19:19,None,8
P0189,2022,Kharif,Groundnut,0.64,1.63,2.54,2022-07-08,2022-11-28,MOP,Carbendazim,13
P0189,2022,Rabi,Rice,0.64,3.11,4.86,2022-11-14,2023-02-23,Organic Compost,Carbendazim,14
P0189,2023,Rabi,Groundnut,0.64,0.68,1.07,2023-07-19,2023-11-28,Urea,Chlorpyrifos,24
P0189,2023,Summer,Groundnut,0.64,1.04,1.62,2023-07-18,2023-11-09,NPK 19:19:19,None,18
P0189,2024,Kharif,Rice,0.64,1.33,2.08,2024-06-18,2024-11-08,Urea,Carbendazim,14
P0190,2020,Kharif,Rice,2.41,6.22,2.58,2020-11-15,2021-02-24,NPK 19:19:19,Tricyclazole,13
P0190,2020,Rabi,Sugarcane,2.41,4.6,1.91,2020-06-11,2020-10-13,NPK 19:19:19,Carbendazim,22
P0190,2020,Summer,Rice,2.41,10.99,4.56,2020-10-16,2021-02-14,Organic Compost,Carbendazim,19
P0190,2021,Summer,Rice,2.41,12.53,5.2,2021-11-05,2022-03-21,Urea,Tricyclazole,11
P0190,2022,Rabi,Rice,2.41,11.59,4.81,2022-06-18,2022-10-10,DAP,Carbendazim,12
P0190,2022,Summer,Rice,2.41,15.04,6.24,2022-07-26,2022-11-06,Organic Compost,Chlorpyrifos,10
P0190,2023,Kharif,Rice,2.41,11.45,4.75,2023-06-28,2023-10-10,DAP,None,17
P0190,2023,Rabi,Rice,2.41,8.03,3.33,2023-11-10,2024-04-03,DAP,None,14
P0190,2024,Kharif,Rice,2.41,13.11,5.44,2024-11-21,2025-03-25,MOP,Tricyclazole,14
P0190,2024,Summer,Rice,2.41,13.74,5.7,2024-10-02,2025-01-22,MOP,Chlorpyrifos,13
P0191,2020,Kharif,Rice,0.44,2.62,5.95,2020-07-24,2020-11-19,MOP,None,13
P0191,2020,Rabi,Sugarcane,0.44,1.36,3.09,2020-07-10,2020-11-28,Urea,Carbendazim,10
P0191,2021,Kharif,Rice,0.44,1.21,2.74,2021-10-23,2022-03-14,NPK 19:19:19,Carbendazim,9
P0191,2021,Rabi,Rice,0.44,1.06,2.4,2021-11-20,2022-03-16,DAP,Chlorpyrifos,18
P0191,2022,Rabi,Rice,0.44,2.35,5.33,2022-06-07,2022-10-04,DAP,Carbendazim,24
P0191,2022,Summer,Sugarcane,0.44,1.1,2.5,2022-06-07,2022-09-28,Organic Compost,Tricyclazole,13
P0191,2023,Kharif,Sugarcane,0.44,0.98,2.23,2023-11-03,2024-02-22,MOP,Chlorpyrifos,11
P0191,2023,Rabi,Rice,0.44,2.11,4.79,2023-06-25,2023-10-13,DAP,None,15
P0191,2024,Rabi,Rice,0.44,2.76,6.28,2024-07-20,2024-11-30,Urea,None,20
P0191,2024,Summer,Rice,0.44,1.11,2.53,2024-10-06,2025-01-26,Organic Compost,None,9
P0192,2020,Kharif,Rice,0.63,2.38,3.77,2020-07-07,2020-11-04,Organic Compost,Chlorpyrifos,11
P0192,2020,Rabi,Rice,0.63,3.75,5.96,2020-07-25,2020-11-29,NPK 19:19:19,Tricyclazole,9
P0192,2020,Summer,Rice,0.63,3.69,5.86,2020-11-03,2021-02-11,DAP,None,11
P0192,2021,Kharif,Sugarcane,0.63,1.91,3.03,2021-10-02,2022-01-30,Urea,None,15
P0192,2021,Rabi,Rice,0.63,2.03,3.23,2021-06-25,2021-10-18,MOP,Carbendazim,21
P0192,2022,Kharif,Rice,0.63,2.24,3.55,2022-11-25,2023-03-30,NPK 19:19:19,Tricyclazole,19
P0192,2022,Rabi,Rice,0.63,2.56,4.07,2022-10-23,2023-03-13,DAP,None,20
P0192,2022,Summer,Rice,0.63,3.63,5.76,2022-06-13,2022-09-22,NPK 19:19:19,None,10
P0192,2023,Kharif,Rice,0.63,3.4,5.4,2023-10-25,2024-03-17,Urea,Chlorpyrifos,20
P0192,2023,Rabi,Rice,0.63,3.72,5.91,2023-06-14,2023-10-17,Urea,None,19
P0192,2023,Summer,Rice,0.63,2.39,3.79,2023-11-20,2024-03-24,Organic Compost,Chlorpyrifos,12
P0192,2024,Kharif,Rice,0.63,1.43,2.27,2024-07-23,2024-11-29,NPK 19:19:19,None,18
P0192,2024,Rabi,Rice,0.63,3.72,5.9,2024-06-19,2024-10-28,Urea,Carbendazim,9
P0192,2024,Summer,Rice,0.63,2.1,3.34,2024-07-06,2024-10-27,Urea,Tricyclazole,18
P0193,2020,Kharif,Groundnut,2.18,5.12,2.35,2020-10-10,2021-03-03,Organic Compost,Chlorpyrifos,13
P0193,2021,Kharif,Groundnut,2.18,6.82,3.13,2021-07-05,2021-11-15,MOP,Chlorpyrifos,19
P0193,2021,Rabi,Rice,2.18,14.17,6.5,2021-10-12,2022-02-09,Urea,Chlorpyrifos,11
P0193,2021,Summer,Groundnut,2.18,5.01,2.3,2021-06-07,2021-10-04,DAP,Chlorpyrifos,21
P0193,2022,Kharif,Groundnut,2.18,6.98,3.2,2022-11-07,2023-03-12,DAP,Chlorpyrifos,15
P0193,2022,Rabi,Rice,2.18,8.39,3.85,2022-10-23,2023-02-15,NPK 19:19:19,Carbendazim,24
P0193,2023,Kharif,Rice,2.18,13.63,6.25,2023-11-24,2024-04-02,MOP,None,20
P0193,2023,Summer,Groundnut,2.18,2.75,1.26,2023-06-13,2023-10-05,MOP,Carbendazim,13
P0193,2024,Kharif,Groundnut,2.18,3.6,1.65,2024-11-02,2025-02-17,Organic Compost,Carbendazim,8
P0193,2024,Rabi,Rice,2.18,7.98,3.66,2024-10-09,2025-01-22,DAP,None,17
P0193,2024,Summer,Groundnut,2.18,5.12,2.35,2024-06-03,2024-10-07,Urea,None,17
P0194,2020,Kharif,Rice,1.4,3.36,2.4,2020-07-13,2020-10-25,Organic Compost,Chlorpyrifos,20
P0194,2020,Rabi,Rice,1.4,7.27,5.19,2020-10-11,2021-02-09,MOP,Tricyclazole,19
P0194,2020,Summer,Groundnut,1.4,2.73,1.95,2020-11-17,2021-03-12,MOP,Chlorpyrifos,23
P0194,2021,Kharif,Rice,1.4,8.33,5.95,2021-06-07,2021-10-03,MOP,Carbendazim,16
P0194,2021,Rabi,Rice,1.4,2.98,2.13,2021-11-26,2022-04-02,DAP,None,10
P0194,2022,Kharif,Groundnut,1.4,1.92,1.37,2022-07-16,2022-12-12,DAP,Tricyclazole,23
P0194,2022,Rabi,Groundnut,1.4,4.77,3.41,2022-06-21,2022-11-14,NPK 19:19:19,Chlorpyrifos,20
P0194,2022,Summer,Groundnut,1.4,4.47,3.19,2022-10-22,2023-03-21,Organic Compost,Carbendazim,22
P0194,2023,Rabi,Groundnut,1.4,3.91,2.79,2023-10-01,2024-02-27,Organic Compost,None,21
P0194,2023,Summer,Rice,1.4,3.23,2.31,2023-06-18,2023-10-03,NPK 19:19:19,Carbendazim,8
P0194,2024,Rabi,Rice,1.4,8.86,6.33,2024-10-07,2025-03-03,NPK 19:19:19,None,8
P0194,2024,Summer,Groundnut,1.4,3.89,2.78,2024-11-19,2025-03-20,Organic Compost,Carbendazim,11
P0195,2020,Summer,Rice,2.36,8.83,3.74,2020-10-20,2021-03-16,Organic Compost,Carbendazim,17
P0195,2021,Summer,Sugarcane,2.36,3.14,1.33,2021-10-28,2022-03-04,MOP,Chlorpyrifos,24
P0195,2022,Summer,Rice,2.36,7.98,3.38,2022-11-07,2023-03-04,Organic Compost,Carbendazim,18
P0195,2023,Kharif,Rice,2.36,13.38,5.67,2023-10-22,2024-02-06,DAP,Chlorpyrifos,13
P0195,2023,Rabi,Sugarcane,2.36,7.39,3.13,2023-06-22,2023-11-12,Urea,None,22
P0195,2024,Kharif,Rice,2.36,11.33,4.8,2024-07-22,2024-12-14,MOP,Tricyclazole,20
P0195,2024,Rabi,Rice,2.36,13.99,5.93,2024-06-28,2024-10-23,Organic Compost,Carbendazim,25
P0196,2020,Kharif,Rice,1.36,8.17,6.01,2020-07-21,2020-12-13,DAP,Carbendazim,19
P0196,2020,Rabi,Rice,1.36,6.85,5.04,2020-07-16,2020-11-03,NPK 19:19:19,Carbendazim,20
P0196,2020,Summer,Rice,1.36,5.26,3.87,2020-07-02,2020-10-18,MOP,Tricyclazole,16
P0196,2021,Kharif,Sugarcane,1.36,2.52,1.85,2021-06-27,2021-10-10,Organic Compost,Chlorpyrifos,10
P0196,2021,Rabi,Sugarcane,1.36,4.05,2.98,2021-06-22,2021-11-02,MOP,None,8
P0196,2021,Summer,Rice,1.36,3.18,2.34,2021-06-14,2021-09-29,NPK 19:19:19,Carbendazim,16
P0196,2022,Kharif,Rice,1.36,4.2,3.09,2022-06-19,2022-10-29,Organic Compost,Tricyclazole,19
P0196,2022,Rabi,Rice,1.36,4.03,2.96,2022-10-28,2023-03-08,Organic Compost,Carbendazim,13
P0196,2023,Kharif,Sugarcane,1.36,4.22,3.1,2023-10-18,2024-03-09,NPK 19:19:19,Tricyclazole,8
P0196,2023,Summer,Rice,1.36,3.78,2.78,2023-07-11,2023-11-03,Urea,Chlorpyrifos,10
P0196,2024,Kharif,Rice,1.36,5.21,3.83,2024-07-25,2024-11-12,Organic Compost,None,21
P0196,2024,Rabi,Sugarcane,1.36,2.83,2.08,2024-06-05,2024-10-17,DAP,Chlorpyrifos,19
P0196,2024,Summer,Sugarcane,1.36,4.16,3.06,2024-10-13,2025-03-10,Organic Compost,Chlorpyrifos,11
P0197,2020,Kharif,Rice,1.08,6.99,6.47,2020-06-07,2020-10-28,NPK 19:19:19,None,8
P0197,2020,Rabi,Groundnut,1.08,1.24,1.15,2020-11-17,2021-04-15,Organic Compost,Tricyclazole,21
P0197,2020,Summer,Groundnut,1.08,3.24,3.0,2020-07-02,2020-11-10,Urea,Chlorpyrifos,16
P0197,2021,Kharif,Groundnut,1.08,1.9,1.76,2021-11-16,2022-04-11,NPK 19:19:19,Tricyclazole,13
P0197,2021,Rabi,Rice,1.08,6.04,5.59,2021-06-28,2021-11-05,MOP,Carbendazim,20
P0197,2022,Rabi,Rice,1.08,5.07,4.69,2022-10-03,2023-03-01,DAP,None,22
P0197,2022,Summer,Rice,1.08,3.87,3.58,2022-11-16,2023-04-01,Urea,Chlorpyrifos,17
P0197,2024,Rabi,Groundnut,1.08,1.41,1.31,2024-07-02,2024-10-23,NPK 19:19:19,Carbendazim,19
P0198,2020,Kharif,Sugarcane,0.83,2.1,2.53,2020-07-08,2020-10-16,Urea,Tricyclazole,16
P0198,2020,Rabi,Rice,0.83,1.98,2.39,2020-11-08,2021-03-09,Organic Compost,Carbendazim,12
P0198,2020,Summer,Rice,0.83,3.44,4.15,2020-11-13,2021-04-09,Urea,Chlorpyrifos,18
P0198,2021,Kharif,Rice,0.83,3.81,4.59,2021-11-25,2022-04-14,Urea,None,19
P0198,2021,Rabi,Rice,0.83,3.19,3.84,2021-11-24,2022-04-22,DAP,Chlorpyrifos,12
P0198,2021,Summer,Rice,0.83,2.22,2.67,2021-07-09,2021-10-25,MOP,Tricyclazole,13
P0198,2022,Kharif,Rice,0.83,4.77,5.75,2022-11-05,2023-04-04,DAP,Tricyclazole,13
P0198,2022,Summer,Rice,0.83,4.68,5.64,2022-06-02,2022-09-24,NPK 19:19:19,None,8
P0198,2023,Kharif,Rice,0.83,2.6,3.13,2023-07-21,2023-11-11,Urea,Chlorpyrifos,22
P0198,2024,Rabi,Rice,0.83,3.03,3.65,2024-07-18,2024-11-12,Urea,Chlorpyrifos,19
P0198,2024,Summer,Rice,0.83,3.3,3.98,2024-10-15,2025-02-06,Organic Compost,Carbendazim,11
P0199,2020,Kharif,Sugarcane,0.99,3.2,3.23,2020-11-18,2021-02-27,NPK 19:19:19,Carbendazim,19
P0199,2020,Rabi,Rice,0.99,5.68,5.74,2020-10-10,2021-03-05,DAP,None,19
P0199,2020,Summer,Rice,0.99,2.68,2.71,2020-11-20,2021-04-11,MOP,None,18
P0199,2021,Summer,Rice,0.99,3.59,3.63,2021-11-17,2022-03-30,DAP,Carbendazim,12
P0199,2022,Kharif,Rice,0.99,4.02,4.06,2022-06-08,2022-10-24,Organic Compost,Tricyclazole,24
P0199,2022,Rabi,Rice,0.99,2.08,2.1,2022-06-23,2022-10-24,DAP,None,24
P0199,2022,Summer,Sugarcane,0.99,2.92,2.95,2022-10-26,2023-02-26,Urea,Chlorpyrifos,18
P0199,2023,Rabi,Sugarcane,0.99,2.12,2.14,2023-06-13,2023-11-01,MOP,Tricyclazole,21
P0199,2023,Summer,Rice,0.99,4.47,4.52,2023-11-08,2024-02-25,MOP,None,8
P0200,2020,Kharif,Sugarcane,2.76,5.0,1.81,2020-07-05,2020-10-19,Organic Compost,Tricyclazole,15
P0200,2020,Rabi,Sugarcane,2.76,7.42,2.69,2020-10-07,2021-02-20,NPK 19:19:19,Chlorpyrifos,16
P0200,2020,Summer,Rice,2.76,12.5,4.53,2020-06-07,2020-10-20,MOP,Carbendazim,21
P0200,2021,Kharif,Rice,2.76,6.24,2.26,2021-07-03,2021-11-10,NPK 19:19:19,Chlorpyrifos,9
P0200,2021,Summer,Rice,2.76,14.66,5.31,2021-06-22,2021-10-09,NPK 19:19:19,Chlorpyrifos,20
P0200,2022,Kharif,Rice,2.76,10.38,3.76,2022-07-12,2022-12-06,NPK 19:19:19,Chlorpyrifos,13
P0200,2022,Summer,Rice,2.76,8.17,2.96,2022-11-09,2023-03-25,Urea,Tricyclazole,20
P0200,2024,Kharif,Rice,2.76,17.58,6.37,2024-11-13,2025-04-08,Urea,Tricyclazole,14
P0200,2024,Rabi,Rice,2.76,17.0,6.16,2024-11-10,2025-03-09,NPK 19:19:19,Chlorpyrifos,23
P0200,2024,Summer,Rice,2.76,17.83,6.46,2024-10-03,2025-02-10,Urea,None,14
P0201,2020,Kharif,Sugarcane,1.53,4.04,2.64,2020-10-25,2021-03-19,MOP,None,8
P0201,2020,Summer,Rice,1.53,9.68,6.33,2020-10-14,2021-02-18,MOP,Carbendazim,23
P0201,2021,Kharif,Rice,1.53,9.13,5.97,2021-11-25,2022-04-09,MOP,Chlorpyrifos,24
P0201,2021,Rabi,Rice,1.53,5.43,3.55,2021-10-13,2022-02-17,Urea,Chlorpyrifos,22
P0201,2021,Summer,Rice,1.53,7.15,4.67,2021-11-15,2022-02-28,Organic Compost,Chlorpyrifos,22
P0201,2022,Rabi,Rice,1.53,6.56,4.29,2022-06-20,2022-10-23,Organic Compost,Chlorpyrifos,24
P0201,2024,Rabi,Sugarcane,1.53,5.17,3.38,2024-10-13,2025-02-28,DAP,Carbendazim,15
P0202,2020,Kharif,Rice,3.19,14.93,4.68,2020-10-17,2021-02-19,DAP,None,13
P0202,2020,Rabi,Rice,3.19,13.62,4.27,2020-11-02,2021-02-25,Urea,None,24
P0202,2020,Summer,Groundnut,3.19,6.54,2.05,2020-10-28,2021-02-24,MOP,Tricyclazole,21
P0202,2021,Summer,Groundnut,3.19,6.7,2.1,2021-11-13,2022-03-09,NPK 19:19:19,Tricyclazole,11
P0202,2022,Kharif,Rice,3.19,8.93,2.8,2022-11-03,2023-02-22,MOP,None,15
P0202,2022,Rabi,Groundnut,3.19,9.47,2.97,2022-10-12,2023-02-24,Organic Compost,None,9
P0202,2023,Kharif,Rice,3.19,9.57,3.0,2023-10-17,2024-03-03,DAP,Carbendazim,12
P0202,2023,Rabi,Groundnut,3.19,9.7,3.04,2023-11-01,2024-02-15,Organic Compost,Carbendazim,18
P0202,2023,Summer,Rice,3.19,17.64,5.53,2023-07-19,2023-11-17,NPK 19:19:19,Chlorpyrifos,24
P0202,2024,Rabi,Rice,3.19,18.02,5.65,2024-06-06,2024-10-02,NPK 19:19:19,None,25
P0203,2020,Kharif,Rice,2.03,11.45,5.64,2020-11-24,2021-04-14,Organic Compost,Carbendazim,11
P0203,2020,Summer,Rice,2.03,5.16,2.54,2020-06-12,2020-10-11,Urea,Chlorpyrifos,21
P0203,2021,Kharif,Rice,2.03,8.57,4.22,2021-11-26,2022-04-17,NPK 19:19:19,None,25
P0203,2022,Kharif,Rice,2.03,12.34,6.08,2022-07-25,2022-12-07,MOP,None,23
P0203,2022,Rabi,Rice,2.03,12.85,6.33,2022-11-03,2023-02-20,DAP,Chlorpyrifos,12
P0203,2023,Rabi,Rice,2.03,12.02,5.92,2023-07-02,2023-11-15,MOP,None,9
P0203,2023,Summer,Rice,2.03,4.73,2.33,2023-11-28,2024-04-19,NPK 19:19:19,Tricyclazole,19
P0203,2024,Kharif,Rice,2.03,8.16,4.02,2024-11-05,2025-03-30,Organic Compost,None,20
P0203,2024,Rabi,Rice,2.03,12.97,6.39,2024-07-14,2024-12-11,DAP,None,15
P0203,2024,Summer,Sugarcane,2.03,3.65,1.8,2024-10-03,2025-02-07,Urea,Chlorpyrifos,11
P0204,2020,Rabi,Rice,1.84,9.72,5.28,2020-06-04,2020-10-24,DAP,Chlorpyrifos,14
P0204,2021,Rabi,Sugarcane,1.84,5.46,2.97,2021-07-02,2021-11-06,DAP,None,17
P0204,2021,Summer,Rice,1.84,9.37,5.09,2021-11-18,2022-04-09,Organic Compost,None,8
P0204,2022,Kharif,Sugarcane,1.84,3.7,2.01,2022-06-19,2022-11-14,Organic Compost,None,17
P0204,2022,Rabi,Rice,1.84,4.84,2.63,2022-07-03,2022-10-15,Urea,Chlorpyrifos,21
P0204,2023,Rabi,Rice,1.84,9.86,5.36,2023-06-09,2023-10-03,NPK 19:19:19,None,25
P0204,2023,Summer,Sugarcane,1.84,5.54,3.01,2023-06-09,2023-09-19,Organic Compost,Chlorpyrifos,16
P0204,2024,Kharif,Rice,1.84,10.93,5.94,2024-10-09,2025-02-22,Urea,Tricyclazole,8
P0204,2024,Rabi,Rice,1.84,9.42,5.12,2024-06-14,2024-09-30,NPK 19:19:19,Carbendazim,18
P0204,2024,Summer,Rice,1.84,4.01,2.18,2024-10-19,2025-03-09,MOP,Chlorpyrifos,16
P0205,2020,Summer,Rice,0.9,3.64,4.04,2020-10-20,2021-02-19,NPK 19:19:19,Tricyclazole,13
P0205,2021,Summer,Rice,0.9,3.38,3.76,2021-11-13,2022-04-10,Urea,Carbendazim,14
P0205,2022,Rabi,Rice,0.9,5.77,6.41,2022-11-05,2023-03-18,NPK 19:19:19,None,23
P0205,2022,Summer,Sugarcane,0.9,1.21,1.34,2022-10-19,2023-01-27,NPK 19:19:19,Chlorpyrifos,22
P0205,2023,Kharif,Rice,0.9,3.37,3.74,2023-06-25,2023-10-27,Organic Compost,Tricyclazole,21
P0205,2024,Kharif,Rice,0.9,5.35,5.94,2024-10-26,2025-02-28,Organic Compost,Tricyclazole,23
P0205,2024,Rabi,Rice,0.9,2.44,2.71,2024-11-12,2025-03-16,NPK 19:19:19,Tricyclazole,17
P0206,2020,Rabi,Sugarcane,2.83,7.9,2.79,2020-07-07,2020-10-20,DAP,Carbendazim,12
P0206,2021,Kharif,Rice,2.83,10.64,3.76,2021-07-11,2021-12-05,Urea,None,24
P0206,2021,Summer,Rice,2.83,7.95,2.81,2021-11-03,2022-03-11,MOP,None,18
P0206,2022,Kharif,Rice,2.83,9.88,3.49,2022-10-24,2023-02-15,Urea,Chlorpyrifos,11
P0206,2022,Rabi,Rice,2.83,13.47,4.76,2022-11-01,2023-03-02,Organic Compost,Chlorpyrifos,17
P0206,2022,Summer,Rice,2.83,14.8,5.23,2022-07-05,2022-11-28,Urea,None,10
P0206,2023,Kharif,Rice,2.83,14.89,5.26,2023-10-24,2024-02-15,MOP,None,16
P0206,2023,Rabi,Sugarcane,2.83,9.25,3.27,2023-07-09,2023-11-30,DAP,Tricyclazole,23
P0206,2023,Summer,Rice,2.83,7.56,2.67,2023-10-02,2024-02-27,Urea,Tricyclazole,24
P0206,2024,Summer,Rice,2.83,17.89,6.32,2024-06-21,2024-09-29,Organic Compost,Tricyclazole,12
P0207,2020,Kharif,Groundnut,1.61,3.7,2.3,2020-11-12,2021-03-21,Organic Compost,Tricyclazole,14
P0207,2020,Rabi,Rice,1.61,8.84,5.49,2020-11-15,2021-03-13,MOP,Chlorpyrifos,21
P0207,2021,Kharif,Groundnut,1.61,5.6,3.48,2021-07-24,2021-12-19,DAP,Carbendazim,17
P0207,2022,Kharif,Groundnut,1.61,5.23,3.25,2022-10-04,2023-01-16,Organic Compost,Chlorpyrifos,25
P0207,2024,Kharif,Groundnut,1.61,5.59,3.47,2024-11-06,2025-02-14,NPK 19:19:19,Tricyclazole,23
P0207,2024,Rabi,Groundnut,1.61,3.78,2.35,2024-06-18,2024-10-04,NPK 19:19:19,Carbendazim,18
P0207,2024,Summer,Groundnut,1.61,2.13,1.32,2024-06-24,2024-11-13,NPK 19:19:19,Carbendazim,14
P0208,2020,Rabi,Groundnut,0.59,1.48,2.51,2020-11-18,2021-03-21,Urea,Carbendazim,12
P0208,2020,Summer,Rice,0.59,3.07,5.2,2020-06-16,2020-10-12,Urea,Carbendazim,16
P0208,2021,Rabi,Rice,0.59,1.4,2.37,2021-06-26,2021-10-28,MOP,Carbendazim,12
P0208,2021,Summer,Groundnut,0.59,1.27,2.15,2021-10-12,2022-03-06,MOP,Chlorpyrifos,14
P0208,2022,Rabi,Groundnut,0.59,1.6,2.71,2022-06-26,2022-10-11,MOP,Chlorpyrifos,15
P0208,2022,Summer,Rice,0.59,2.32,3.94,2022-11-06,2023-03-25,Organic Compost,Tricyclazole,8
P0208,2023,Rabi,Groundnut,0.59,1.03,1.75,2023-10-08,2024-02-03,Organic Compost,Tricyclazole,19
P0208,2023,Summer,Rice,0.59,3.13,5.3,2023-11-21,2024-03-04,Organic Compost,None,23
P0208,2024,Kharif,Rice,0.59,2.7,4.58,2024-07-04,2024-11-04,DAP,Tricyclazole,16
P0208,2024,Summer,Groundnut,0.59,1.45,2.46,2024-07-16,2024-11-11,Urea,Chlorpyrifos,14
P0209,2021,Kharif,Rice,1.85,6.1,3.3,2021-06-15,2021-09-23,DAP,None,17
P0209,2021,Rabi,Rice,1.85,6.27,3.39,2021-11-18,2022-03-27,NPK 19:19:19,Tricyclazole,16
P0209,2022,Rabi,Sugarcane,1.85,1.87,1.01,2022-10-13,2023-01-21,NPK 19:19:19,Tricyclazole,12
P0209,2023,Kharif,Rice,1.85,10.25,5.54,2023-06-28,2023-10-17,Organic Compost,Chlorpyrifos,11
P0209,2023,Rabi,Rice,1.85,5.07,2.74,2023-11-28,2024-04-10,Organic Compost,Carbendazim,22
P0209,2024,Rabi,Rice,1.85,11.25,6.08,2024-07-28,2024-11-05,MOP,Tricyclazole,13
P0209,2024,Summer,Rice,1.85,11.75,6.35,2024-11-13,2025-04-04,Urea,Carbendazim,25
P0210,2020,Kharif,Rice,2.08,6.53,3.14,2020-06-06,2020-09-26,MOP,Chlorpyrifos,18
P0210,2020,Rabi,Rice,2.08,10.32,4.96,2020-06-04,2020-10-15,NPK 19:19:19,Carbendazim,11
P0210,2021,Summer,Rice,2.08,4.99,2.4,2021-11-18,2022-04-10,Urea,Carbendazim,25
P0210,2022,Kharif,Rice,2.08,13.04,6.27,2022-11-09,2023-03-29,Urea,None,21
P0210,2022,Rabi,Rice,2.08,11.71,5.63,2022-10-24,2023-03-08,MOP,Carbendazim,13
P0210,2023,Rabi,Rice,2.08,12.15,5.84,2023-06-07,2023-11-02,DAP,Tricyclazole,18
P0210,2023,Summer,Rice,2.08,8.15,3.92,2023-11-13,2024-03-21,NPK 19:19:19,Tricyclazole,23
P0210,2024,Kharif,Rice,2.08,8.13,3.91,2024-10-26,2025-03-10,DAP,Carbendazim,10
P0210,2024,Rabi,Rice,2.08,11.77,5.66,2024-10-08,2025-03-06,Organic Compost,None,25
P0210,2024,Summer,Rice,2.08,8.76,4.21,2024-07-14,2024-12-11,DAP,Chlorpyrifos,14
P0211,2020,Kharif,Rice,0.33,0.83,2.52,2020-11-28,2021-04-02,Urea,None,11
P0211,2021,Summer,Rice,0.33,0.95,2.89,2021-10-06,2022-03-02,MOP,Tricyclazole,13
P0211,2022,Kharif,Rice,0.33,1.94,5.89,2022-06-03,2022-09-11,Organic Compost,Tricyclazole,11
P0211,2022,Rabi,Sugarcane,0.33,0.91,2.76,2022-10-27,2023-03-05,Urea,Carbendazim,10
P0211,2023,Kharif,Rice,0.33,1.57,4.76,2023-06-13,2023-10-20,Organic Compost,Tricyclazole,22
P0211,2023,Rabi,Sugarcane,0.33,0.81,2.46,2023-11-06,2024-02-16,NPK 19:19:19,None,9
P0211,2023,Summer,Rice,0.33,1.11,3.37,2023-11-06,2024-03-12,DAP,None,19
P0211,2024,Kharif,Sugarcane,0.33,1.08,3.28,2024-11-06,2025-03-03,Organic Compost,Tricyclazole,11
P0211,2024,Rabi,Rice,0.33,1.58,4.78,2024-10-22,2025-02-27,DAP,Tricyclazole,22
P0212,2020,Summer,Rice,1.49,4.37,2.93,2020-11-22,2021-04-02,DAP,Tricyclazole,8
P0212,2021,Kharif,Groundnut,1.49,3.55,2.38,2021-10-14,2022-02-23,Organic Compost,Tricyclazole,10
P0212,2021,Summer,Rice,1.49,6.33,4.25,2021-11-07,2022-03-09,NPK 19:19:19,Carbendazim,14
P0212,2022,Kharif,Groundnut,1.49,4.78,3.21,2022-11-09,2023-03-06,Urea,Chlorpyrifos,20
P0212,2022,Summer,Groundnut,1.49,4.75,3.19,2022-11-26,2023-04-23,Organic Compost,Tricyclazole,16
P0212,2023,Kharif,Groundnut,1.49,2.46,1.65,2023-11-13,2024-03-31,Organic Compost,Carbendazim,22
P0212,2023,Rabi,Rice,1.49,8.4,5.64,2023-10-27,2024-03-15,DAP,Carbendazim,22
P0212,2023,Summer,Rice,1.49,3.84,2.58,2023-06-23,2023-11-10,Urea,Carbendazim,15
P0212,2024,Kharif,Groundnut,1.49,2.5,1.68,2024-06-18,2024-11-11,Organic Compost,Tricyclazole,18
P0212,2024,Rabi,Rice,1.49,5.93,3.98,2024-10-01,2025-01-24,MOP,Carbendazim,25
P0212,2024,Summer,Rice,1.49,5.5,3.69,2024-11-17,2025-02-25,Organic Compost,Chlorpyrifos,14
P0213,2020,Kharif,Rice,3.33,9.46,2.84,2020-11-19,2021-03-11,Organic Compost,None,15
P0213,2020,Rabi,Sugarcane,3.33,3.7,1.11,2020-10-24,2021-03-06,MOP,None,23
P0213,2021,Rabi,Rice,3.33,17.48,5.25,2021-06-12,2021-09-20,NPK 19:19:19,Chlorpyrifos,13
P0213,2021,Summer,Rice,3.33,7.36,2.21,2021-06-11,2021-09-25,DAP,Tricyclazole,19
P0213,2022,Kharif,Sugarcane,3.33,10.76,3.23,2022-11-07,2023-02-27,NPK 19:19:19,Tricyclazole,16
P0213,2022,Rabi,Rice,3.33,17.85,5.36,2022-11-28,2023-04-04,DAP,Chlorpyrifos,12
P0213,2022,Summer,Rice,3.33,11.69,3.51,2022-11-09,2023-02-24,DAP,None,17
P0213,2023,Kharif,Rice,3.33,9.36,2.81,2023-06-03,2023-09-12,NPK 19:19:19,Tricyclazole,9
P0213,2023,Rabi,Rice,3.33,11.16,3.35,2023-10-04,2024-02-06,Organic Compost,Carbendazim,22
P0213,2023,Summer,Sugarcane,3.33,11.62,3.49,2023-07-17,2023-11-06,Urea,Tricyclazole,10
P0214,2020,Kharif,Rice,0.54,2.37,4.38,2020-10-23,2021-03-02,DAP,Carbendazim,8
P0214,2020,Rabi,Rice,0.54,1.53,2.84,2020-07-14,2020-10-24,NPK 19:19:19,None,20
P0214,2020,Summer,Sugarcane,0.54,1.18,2.18,2020-10-14,2021-03-11,NPK 19:19:19,None,25
P0214,2021,Kharif,Rice,0.54,1.66,3.08,2021-07-20,2021-11-08,NPK 19:19:19,None,14
P0214,2021,Rabi,Rice,0.54,1.7,3.14,2021-07-16,2021-11-22,Organic Compost,Carbendazim,11
P0214,2021,Summer,Rice,0.54,3.35,6.21,2021-07-16,2021-11-19,NPK 19:19:19,None,18
P0214,2022,Kharif,Rice,0.54,2.92,5.41,2022-11-19,2023-03-03,NPK 19:19:19,Carbendazim,11
P0214,2022,Rabi,Sugarcane,0.54,0.59,1.09,2022-10-02,2023-02-10,NPK 19:19:19,Chlorpyrifos,25
P0214,2022,Summer,Rice,0.54,1.73,3.21,2022-11-17,2023-04-12,DAP,None,15
P0214,2023,Rabi,Rice,0.54,3.34,6.18,2023-11-07,2024-03-13,MOP,Carbendazim,8
P0214,2023,Summer,Rice,0.54,2.33,4.31,2023-07-16,2023-11-04,Organic Compost,None,14
P0214,2024,Rabi,Rice,0.54,1.68,3.11,2024-11-26,2025-03-22,Urea,Tricyclazole,23
P0214,2024,Summer,Rice,0.54,3.24,6.0,2024-10-09,2025-02-03,Organic Compost,Carbendazim,14
P0215,2020,Rabi,Rice,1.75,6.93,3.96,2020-11-21,2021-03-24,MOP,Chlorpyrifos,21
P0215,2020,Summer,Rice,1.75,4.76,2.72,2020-06-24,2020-10-25,Urea,Chlorpyrifos,20
P0215,2021,Kharif,Groundnut,1.75,5.74,3.28,2021-06-20,2021-10-08,MOP,Tricyclazole,19
P0215,2022,Rabi,Rice,1.75,10.13,5.79,2022-10-09,2023-03-08,DAP,Tricyclazole,14
P0215,2022,Summer,Rice,1.75,8.29,4.74,2022-06-05,2022-10-23,DAP,None,25
P0215,2023,Kharif,Rice,1.75,4.52,2.58,2023-06-01,2023-09-27,Urea,Chlorpyrifos,9
P0215,2023,Rabi,Groundnut,1.75,3.06,1.75,2023-07-26,2023-11-06,Urea,None,15
P0215,2023,Summer,Rice,1.75,5.77,3.3,2023-10-10,2024-02-20,NPK 19:19:19,Chlorpyrifos,24
P0215,2024,Kharif,Groundnut,1.75,5.3,3.03,2024-11-07,2025-03-24,DAP,Carbendazim,18
P0215,2024,Rabi,Rice,1.75,6.46,3.69,2024-07-17,2024-10-31,Urea,Chlorpyrifos,23
P0216,2020,Kharif,Groundnut,2.03,5.01,2.47,2020-11-09,2021-02-25,Urea,Carbendazim,13
P0216,2020,Rabi,Rice,2.03,11.12,5.48,2020-11-22,2021-03-28,Organic Compost,None,18
P0216,2020,Summer,Rice,2.03,5.2,2.56,2020-07-02,2020-11-11,NPK 19:19:19,Carbendazim,17
P0216,2021,Rabi,Groundnut,2.03,2.11,1.04,2021-06-22,2021-10-21,MOP,Carbendazim,11
P0216,2021,Summer,Rice,2.03,5.3,2.61,2021-06-17,2021-10-31,MOP,Carbendazim,21
P0216,2022,Kharif,Rice,2.03,8.12,4.0,2022-07-11,2022-10-20,NPK 19:19:19,Carbendazim,19
P0216,2022,Rabi,Groundnut,2.03,4.61,2.27,2022-10-28,2023-02-26,Urea,None,24
P0216,2022,Summer,Groundnut,2.03,5.97,2.94,2022-07-15,2022-11-20,MOP,Tricyclazole,22
P0216,2023,Kharif,Groundnut,2.03,6.46,3.18,2023-10-12,2024-02-25,MOP,Carbendazim,11
P0216,2023,Summer,Groundnut,2.03,6.15,3.03,2023-10-24,2024-03-09,DAP,Tricyclazole,23
P0216,2024,Kharif,Rice,2.03,6.66,3.28,2024-11-02,2025-03-27,MOP,Carbendazim,17
P0216,2024,Rabi,Rice,2.03,12.48,6.15,2024-11-15,2025-03-11,Urea,Tricyclazole,21
P0217,2020,Kharif,Rice,1.02,2.58,2.53,2020-11-22,2021-04-02,MOP,Carbendazim,15
P0217,2021,Rabi,Groundnut,1.02,3.04,2.98,2021-10-20,2022-03-15,NPK 19:19:19,Carbendazim,11
P0217,2021,Summer,Groundnut,1.02,2.25,2.21,2021-11-05,2022-03-28,MOP,Chlorpyrifos,10
P0217,2022,Kharif,Rice,1.02,2.97,2.91,2022-06-23,2022-11-10,Urea,Tricyclazole,9
P0217,2023,Kharif,Groundnut,1.02,2.61,2.56,2023-10-12,2024-02-11,MOP,Carbendazim,21
P0217,2023,Rabi,Rice,1.02,3.03,2.97,2023-11-18,2024-04-08,MOP,Tricyclazole,21
P0217,2023,Summer,Rice,1.02,3.43,3.36,2023-10-25,2024-02-02,Organic Compost,None,8
P0217,2024,Kharif,Rice,1.02,4.21,4.13,2024-10-07,2025-01-20,MOP,Carbendazim,23
P0217,2024,Rabi,Groundnut,1.02,2.5,2.45,2024-06-21,2024-11-13,Organic Compost,Chlorpyrifos,15
P0217,2024,Summer,Groundnut,1.02,2.75,2.7,2024-06-25,2024-11-11,DAP,None,21
P0218,2020,Rabi,Rice,0.53,1.94,3.66,2020-06-03,2020-09-13,Organic Compost,Chlorpyrifos,10
P0218,2021,Kharif,Groundnut,0.53,1.07,2.01,2021-07-02,2021-10-20,Urea,None,14
P0218,2021,Rabi,Groundnut,0.53,0.85,1.61,2021-07-19,2021-11-23,Organic Compost,None,13
P0218,2021,Summer,Groundnut,0.53,1.78,3.36,2021-11-17,2022-03-07,Urea,Chlorpyrifos,24
P0218,2022,Rabi,Groundnut,0.53,1.08,2.03,2022-06-25,2022-11-20,NPK 19:19:19,Tricyclazole,20
P0218,2023,Kharif,Groundnut,0.53,0.93,1.75,2023-06-18,2023-10-10,Urea,Chlorpyrifos,17
P0218,2023,Summer,Groundnut,0.53,0.73,1.37,2023-10-16,2024-02-10,NPK 19:19:19,Carbendazim,16
P0218,2024,Kharif,Rice,0.53,1.52,2.87,2024-11-21,2025-04-05,DAP,Tricyclazole,21
P0218,2024,Rabi,Groundnut,0.53,1.44,2.71,2024-10-17,2025-01-30,Organic Compost,Tricyclazole,22
P0218,2024,Summer,Rice,0.53,1.46,2.76,2024-10-20,2025-03-05,NPK 19:19:19,Tricyclazole,10
P0219,2020,Rabi,Groundnut,1.36,3.45,2.54,2020-07-26,2020-12-09,MOP,Chlorpyrifos,10
P0219,2020,Summer,Rice,1.36,6.72,4.94,2020-11-13,2021-03-12,DAP,Carbendazim,8
P0219,2021,Kharif,Groundnut,1.36,4.56,3.35,2021-06-28,2021-11-10,NPK 19:19:19,Carbendazim,20
P0219,2021,Rabi,Rice,1.36,3.84,2.82,2021-06-22,2021-11-03,DAP,Chlorpyrifos,15
P0219,2021,Summer,Groundnut,1.36,3.03,2.23,2021-10-13,2022-02-25,DAP,None,15
P0219,2022,Kharif,Groundnut,1.36,3.98,2.93,2022-11-23,2023-04-07,Urea,Tricyclazole,10
P0219,2022,Summer,Rice,1.36,4.22,3.1,2022-10-16,2023-02-25,MOP,Carbendazim,18
P0219,2023,Kharif,Rice,1.36,6.7,4.93,2023-11-22,2024-03-26,MOP,Tricyclazole,24
P0219,2023,Rabi,Rice,1.36,3.13,2.3,2023-06-12,2023-10-11,DAP,Tricyclazole,23
P0219,2023,Summer,Rice,1.36,4.04,2.97,2023-10-20,2024-02-13,NPK 19:19:19,Chlorpyrifos,13
P0219,2024,Kharif,Rice,1.36,8.61,6.33,2024-11-04,2025-02-28,MOP,Chlorpyrifos,16
P0219,2024,Rabi,Groundnut,1.36,1.88,1.38,2024-06-02,2024-09-28,Organic Compost,Tricyclazole,22
P0220,2020,Kharif,Rice,1.47,5.1,3.47,2020-07-02,2020-10-25,Organic Compost,None,24
P0220,2020,Summer,Rice,1.47,7.09,4.82,2020-10-14,2021-02-14,DAP,Chlorpyrifos,18
P0220,2021,Kharif,Rice,1.47,7.09,4.82,2021-06-18,2021-10-01,DAP,Chlorpyrifos,13
P0220,2021,Rabi,Sugarcane,1.47,5.13,3.49,2021-11-14,2022-04-08,DAP,Tricyclazole,9
P0220,2021,Summer,Rice,1.47,3.57,2.43,2021-07-07,2021-11-19,NPK 19:19:19,None,24
P0220,2022,Kharif,Rice,1.47,5.35,3.64,2022-11-02,2023-02-12,DAP,None,24
P0220,2022,Summer,Rice,1.47,6.89,4.69,2022-11-12,2023-03-31,MOP,Chlorpyrifos,23
P0220,2023,Summer,Sugarcane,1.47,2.26,1.54,2023-06-04,2023-09-30,Organic Compost,Chlorpyrifos,9
P0220,2024,Rabi,Sugarcane,1.47,4.12,2.8,2024-11-24,2025-04-20,Urea,Chlorpyrifos,9
P0220,2024,Summer,Rice,1.47,5.6,3.81,2024-07-05,2024-10-19,Organic Compost,Tricyclazole,17
P0221,2020,Rabi,Groundnut,1.14,1.82,1.6,2020-06-10,2020-10-16,DAP,None,17
P0221,2021,Kharif,Groundnut,1.14,1.65,1.45,2021-10-08,2022-01-21,NPK 19:19:19,Tricyclazole,19
P0221,2021,Rabi,Rice,1.14,4.34,3.81,2021-07-08,2021-10-28,NPK 19:19:19,Carbendazim,18
P0221,2021,Summer,Groundnut,1.14,2.06,1.81,2021-07-09,2021-11-15,MOP,Chlorpyrifos,21
P0221,2022,Kharif,Groundnut,1.14,2.29,2.01,2022-06-22,2022-10-15,NPK 19:19:19,None,12
P0221,2022,Rabi,Rice,1.14,6.84,6.0,2022-06-01,2022-09-09,MOP,Tricyclazole,25
P0221,2022,Summer,Groundnut,1.14,3.86,3.39,2022-06-11,2022-10-18,Urea,Chlorpyrifos,10
P0221,2023,Kharif,Rice,1.14,5.35,4.69,2023-11-15,2024-04-07,DAP,Chlorpyrifos,19
P0221,2023,Rabi,Groundnut,1.14,3.76,3.3,2023-07-25,2023-12-16,Urea,Carbendazim,16
P0221,2023,Summer,Rice,1.14,3.98,3.49,2023-06-28,2023-11-01,Urea,Tricyclazole,17
P0221,2024,Rabi,Groundnut,1.14,1.64,1.44,2024-06-05,2024-09-30,MOP,Tricyclazole,24
P0221,2024,Summer,Rice,1.14,3.01,2.64,2024-06-19,2024-09-28,Urea,Carbendazim,10
P0222,2020,Kharif,Rice,0.78,3.47,4.45,2020-10-23,2021-02-19,Urea,Carbendazim,11
P0222,2021,Rabi,Rice,0.78,4.24,5.44,2021-07-14,2021-11-03,Urea,Carbendazim,23
P0222,2021,Summer,Rice,0.78,4.02,5.15,2021-10-07,2022-02-13,Urea,None,25
P0222,2022,Kharif,Rice,0.78,2.38,3.05,2022-11-25,2023-03-21,NPK 19:19:19,None,12
P0222,2022,Summer,Rice,0.78,4.44,5.69,2022-11-02,2023-02-17,MOP,Chlorpyrifos,25
P0222,2023,Kharif,Rice,0.78,4.17,5.35,2023-07-21,2023-12-04,Urea,Tricyclazole,25
P0222,2023,Rabi,Rice,0.78,3.12,4.0,2023-11-13,2024-03-30,Urea,Carbendazim,11
P0222,2023,Summer,Rice,0.78,4.02,5.16,2023-07-01,2023-11-26,Urea,Carbendazim,19
P0222,2024,Kharif,Rice,0.78,3.49,4.47,2024-11-20,2025-04-18,DAP,None,23
P0222,2024,Rabi,Sugarcane,0.78,0.83,1.07,2024-10-21,2025-03-01,Organic Compost,Carbendazim,17
P0223,2020,Kharif,Rice,1.15,7.37,6.41,2020-10-27,2021-02-13,MOP,Chlorpyrifos,19
P0223,2020,Rabi,Groundnut,1.15,1.17,1.02,2020-11-28,2021-03-31,MOP,Tricyclazole,13
P0223,2020,Summer,Groundnut,1.15,3.02,2.63,2020-10-14,2021-01-31,DAP,Tricyclazole,11
P0223,2021,Kharif,Groundnut,1.15,1.52,1.32,2021-11-01,2022-03-29,NPK 19:19:19,None,11
P0223,2021,Rabi,Rice,1.15,6.89,5.99,2021-06-01,2021-10-17,DAP,Tricyclazole,8
P0223,2021,Summer,Rice,1.15,2.32,2.02,2021-10-28,2022-03-13,Organic Compost,None,22
P0223,2022,Rabi,Groundnut,1.15,3.07,2.67,2022-11-23,2023-03-28,Organic Compost,None,19
P0223,2022,Summer,Groundnut,1.15,3.6,3.13,2022-11-27,2023-04-07,Urea,None,16
P0223,2023,Kharif,Groundnut,1.15,2.61,2.27,2023-07-23,2023-11-24,Urea,None,18
P0223,2023,Rabi,Groundnut,1.15,3.92,3.41,2023-10-14,2024-01-23,NPK 19:19:19,Chlorpyrifos,18
P0223,2023,Summer,Rice,1.15,5.85,5.09,2023-11-23,2024-04-07,Organic Compost,Chlorpyrifos,12
P0223,2024,Rabi,Rice,1.15,3.54,3.08,2024-07-12,2024-11-14,Organic Compost,Tricyclazole,17
P0223,2024,Summer,Groundnut,1.15,2.58,2.24,2024-10-02,2025-01-13,Urea,Tricyclazole,22
P0224,2020,Kharif,Groundnut,3.36,7.9,2.35,2020-11-07,2021-03-10,Organic Compost,Chlorpyrifos,11
P0224,2020,Rabi,Groundnut,3.36,11.29,3.36,2020-10-17,2021-02-22,MOP,Tricyclazole,22
P0224,2020,Summer,Rice,3.36,11.36,3.38,2020-10-21,2021-03-05,Organic Compost,Chlorpyrifos,19
P0224,2021,Kharif,Groundnut,3.36,4.57,1.36,2021-06-06,2021-10-06,Urea,None,14
P0224,2021,Summer,Rice,3.36,8.57,2.55,2021-11-21,2022-04-06,NPK 19:19:19,Tricyclazole,11
P0224,2022,Kharif,Groundnut,3.36,5.38,1.6,2022-07-07,2022-11-07,Urea,Chlorpyrifos,10
P0224,2022,Summer,Groundnut,3.36,6.65,1.98,2022-06-11,2022-10-30,DAP,Tricyclazole,19
P0224,2024,Kharif,Groundnut,3.36,9.04,2.69,2024-06-05,2024-10-21,Organic Compost,Tricyclazole,16
P0224,2024,Rabi,Rice,3.36,9.11,2.71,2024-06-06,2024-10-19,Organic Compost,Chlorpyrifos,17
P0224,2024,Summer,Rice,3.36,21.44,6.38,2024-11-08,2025-03-24,DAP,Chlorpyrifos,15
P0225,2020,Rabi,Groundnut,3.45,5.55,1.61,2020-10-01,2021-02-28,MOP,Tricyclazole,19
P0225,2020,Summer,Rice,3.45,17.66,5.12,2020-10-11,2021-02-18,NPK 19:19:19,Tricyclazole,10
P0225,2021,Kharif,Groundnut,3.45,6.04,1.75,2021-06-05,2021-10-25,MOP,Carbendazim,14
P0225,2021,Summer,Rice,3.45,14.59,4.23,2021-06-23,2021-10-22,Urea,Chlorpyrifos,22
P0225,2022,Rabi,Rice,3.45,17.8,5.16,2022-07-13,2022-11-27,MOP,Tricyclazole,19
P0225,2022,Summer,Groundnut,3.45,8.42,2.44,2022-10-07,2023-01-27,NPK 19:19:19,Tricyclazole,22
P0225,2023,Kharif,Rice,3.45,15.8,4.58,2023-10-01,2024-02-03,MOP,Chlorpyrifos,16
P0225,2024,Kharif,Rice,3.45,20.22,5.86,2024-06-10,2024-09-27,Organic Compost,Tricyclazole,16
P0225,2024,Rabi,Rice,3.45,9.25,2.68,2024-10-27,2025-03-13,Urea,None,24
P0225,2024,Summer,Groundnut,3.45,10.04,2.91,2024-06-07,2024-09-24,Organic Compost,Chlorpyrifos,19
P0226,2020,Kharif,Rice,0.47,2.62,5.58,2020-07-17,2020-11-13,Urea,None,10
P0226,2020,Summer,Groundnut,0.47,0.94,1.99,2020-10-15,2021-02-15,Urea,Tricyclazole,17
P0226,2021,Kharif,Groundnut,0.47,1.45,3.08,2021-11-06,2022-03-05,MOP,Carbendazim,17
P0226,2021,Rabi,Groundnut,0.47,1.45,3.08,2021-06-06,2021-09-21,MOP,Carbendazim,20
P0226,2021,Summer,Groundnut,0.47,1.14,2.42,2021-07-22,2021-11-14,Urea,Tricyclazole,10
P0226,2022,Kharif,Groundnut,0.47,0.92,1.96,2022-10-08,2023-02-02,Urea,Carbendazim,16
P0226,2022,Rabi,Rice,0.47,2.62,5.58,2022-06-14,2022-09-25,DAP,None,9
P0226,2022,Summer,Rice,0.47,1.65,3.52,2022-06-13,2022-10-03,Urea,Carbendazim,10
P0226,2023,Kharif,Rice,0.47,2.28,4.85,2023-07-06,2023-11-01,NPK 19:19:19,Carbendazim,20
P0226,2023,Summer,Rice,0.47,2.7,5.74,2023-11-09,2024-03-30,Organic Compost,Carbendazim,16
P0227,2020,Kharif,Rice,0.71,4.55,6.41,2020-07-17,2020-11-15,Organic Compost,None,18
P0227,2020,Rabi,Rice,0.71,3.38,4.76,2020-06-15,2020-11-03,MOP,Tricyclazole,25
P0227,2021,Summer,Rice,0.71,4.02,5.66,2021-07-06,2021-10-19,Urea,None,17
P0227,2022,Rabi,Rice,0.71,2.33,3.28,2022-06-10,2022-09-25,Urea,Chlorpyrifos,24
P0227,2022,Summer,Groundnut,0.71,1.21,1.71,2022-07-19,2022-11-03,DAP,Tricyclazole,18
P0227,2023,Rabi,Groundnut,0.71,1.24,1.75,2023-06-04,2023-10-10,Urea,Chlorpyrifos,9
P0227,2023,Summer,Rice,0.71,4.55,6.41,2023-10-14,2024-03-01,Organic Compost,Tricyclazole,20
P0227,2024,Kharif,Rice,0.71,1.89,2.66,2024-06-23,2024-11-04,DAP,None,15
P0227,2024,Rabi,Groundnut,0.71,2.33,3.28,2024-10-20,2025-02-03,MOP,Carbendazim,11
P0227,2024,Summer,Rice,0.71,3.72,5.24,2024-07-26,2024-11-12,Organic Compost,None,11
P0228,2021,Summer,Rice,1.34,5.95,4.44,2021-07-10,2021-10-29,Urea,Chlorpyrifos,12
P0228,2022,Kharif,Rice,1.34,5.55,4.14,2022-11-06,2023-03-11,Urea,Chlorpyrifos,13
P0228,2023,Rabi,Rice,1.34,5.24,3.91,2023-07-08,2023-11-19,Urea,Tricyclazole,23
P0228,2023,Summer,Rice,1.34,3.87,2.89,2023-07-20,2023-12-13,Organic Compost,Tricyclazole,21
P0228,2024,Kharif,Sugarcane,1.34,3.69,2.75,2024-10-02,2025-02-13,NPK 19:19:19,Tricyclazole,12
P0228,2024,Summer,Rice,1.34,7.76,5.79,2024-07-26,2024-11-21,Urea,None,15
P0229,2020,Kharif,Rice,1.47,3.06,2.08,2020-10-28,2021-02-09,Organic Compost,Tricyclazole,12
P0229,2020,Summer,Groundnut,1.47,3.06,2.08,2020-10-09,2021-01-28,MOP,None,21
P0229,2021,Kharif,Groundnut,1.47,4.23,2.88,2021-07-16,2021-11-20,DAP,Carbendazim,13
P0229,2021,Summer,Groundnut,1.47,2.18,1.48,2021-07-13,2021-12-01,DAP,Tricyclazole,25
P0229,2022,Kharif,Rice,1.47,4.75,3.23,2022-11-24,2023-03-06,DAP,Carbendazim,22
P0229,2022,Rabi,Groundnut,1.47,3.69,2.51,2022-06-17,2022-11-03,Organic Compost,Chlorpyrifos,10
P0229,2022,Summer,Groundnut,1.47,3.87,2.63,2022-07-22,2022-11-04,MOP,Chlorpyrifos,17
P0229,2023,Kharif,Rice,1.47,9.45,6.43,2023-10-01,2024-02-08,Urea,Tricyclazole,23
P0229,2023,Rabi,Rice,1.47,6.97,4.74,2023-10-22,2024-03-06,NPK 19:19:19,Chlorpyrifos,19
P0229,2023,Summer,Groundnut,1.47,1.73,1.18,2023-11-05,2024-04-02,Organic Compost,None,18
P0229,2024,Kharif,Rice,1.47,8.38,5.7,2024-06-20,2024-11-16,Organic Compost,Carbendazim,19
P0230,2020,Kharif,Rice,0.72,4.09,5.68,2020-10-04,2021-01-24,DAP,None,18
P0230,2020,Rabi,Rice,0.72,2.78,3.86,2020-10-04,2021-02-18,MOP,None,11
P0230,2021,Kharif,Rice,0.72,2.19,3.04,2021-10-04,2022-02-24,NPK 19:19:19,Chlorpyrifos,20
P0230,2021,Rabi,Rice,0.72,2.25,3.13,2021-10-24,2022-02-02,NPK 19:19:19,Chlorpyrifos,23
P0230,2021,Summer,Rice,0.72,1.87,2.6,2021-07-08,2021-11-01,NPK 19:19:19,Tricyclazole,9
P0230,2022,Kharif,Rice,0.72,4.11,5.71,2022-07-07,2022-11-24,Urea,Chlorpyrifos,24
P0230,2023,Kharif,Rice,0.72,3.63,5.04,2023-10-28,2024-02-24,MOP,Chlorpyrifos,11
P0230,2024,Kharif,Sugarcane,0.72,2.33,3.23,2024-07-25,2024-12-03,DAP,None,10
P0230,2024,Summer,Rice,0.72,4.67,6.48,2024-07-04,2024-10-13,Organic Compost,Tricyclazole,13
P0231,2020,Kharif,Rice,0.77,2.7,3.5,2020-11-24,2021-04-22,Organic Compost,Carbendazim,8
P0231,2020,Summer,Rice,0.77,2.99,3.88,2020-06-08,2020-10-31,Organic Compost,Carbendazim,10
P0231,2021,Kharif,Rice,0.77,2.07,2.69,2021-07-03,2021-11-12,Urea,Carbendazim,8
P0231,2021,Rabi,Groundnut,0.77,1.27,1.65,2021-06-05,2021-10-16,NPK 19:19:19,None,21
P0231,2021,Summer,Groundnut,0.77,1.99,2.58,2021-11-21,2022-04-20,DAP,None,17
P0231,2022,Kharif,Groundnut,0.77,1.02,1.32,2022-06-07,2022-10-27,Urea,Carbendazim,14
P0231,2022,Rabi,Groundnut,0.77,1.16,1.51,2022-10-07,2023-03-02,MOP,Chlorpyrifos,11
P0231,2023,Kharif,Rice,0.77,1.55,2.01,2023-06-10,2023-10-13,Urea,Carbendazim,11
P0231,2024,Kharif,Groundnut,0.77,2.16,2.8,2024-10-05,2025-01-16,DAP,Chlorpyrifos,15
P0231,2024,Rabi,Rice,0.77,3.15,4.09,2024-11-25,2025-04-18,Urea,Tricyclazole,20
P0231,2024,Summer,Rice,0.77,4.68,6.08,2024-11-23,2025-04-07,NPK 19:19:19,Tricyclazole,21
P0232,2020,Kharif,Sugarcane,2.32,3.57,1.54,2020-10-28,2021-02-09,NPK 19:19:19,Tricyclazole,10
P0232,2021,Kharif,Rice,2.32,12.99,5.6,2021-11-21,2022-04-10,Urea,Carbendazim,24
P0232,2021,Rabi,Rice,2.32,10.76,4.64,2021-10-12,2022-01-27,MOP,Carbendazim,24
P0232,2021,Summer,Rice,2.32,6.98,3.01,2021-11-27,2022-04-22,Urea,None,23
P0232,2022,Kharif,Sugarcane,2.32,2.55,1.1,2022-10-24,2023-03-16,Urea,Carbendazim,23
P0232,2022,Rabi,Rice,2.32,12.64,5.45,2022-07-19,2022-11-02,Organic Compost,Carbendazim,15
P0232,2022,Summer,Rice,2.32,13.27,5.72,2022-06-12,2022-10-07,Organic Compost,Chlorpyrifos,15
P0232,2023,Kharif,Sugarcane,2.32,4.15,1.79,2023-06-22,2023-11-05,Urea,Tricyclazole,15
P0232,2023,Rabi,Sugarcane,2.32,7.98,3.44,2023-11-01,2024-02-17,NPK 19:19:19,None,19
P0232,2024,Kharif,Rice,2.32,13.99,6.03,2024-07-02,2024-11-22,MOP,Carbendazim,18
P0232,2024,Rabi,Rice,2.32,13.5,5.82,2024-10-10,2025-03-07,NPK 19:19:19,Tricyclazole,22
P0232,2024,Summer,Rice,2.32,12.6,5.43,2024-07-26,2024-11-09,Urea,None,22
P0233,2020,Kharif,Rice,0.82,4.43,5.4,2020-10-01,2021-02-27,MOP,Tricyclazole,10
P0233,2020,Rabi,Rice,0.82,4.18,5.1,2020-10-13,2021-01-27,MOP,Tricyclazole,25
P0233,2020,Summer,Rice,0.82,5.28,6.44,2020-06-01,2020-10-23,Organic Compost,Tricyclazole,21
P0233,2021,Kharif,Sugarcane,0.82,2.79,3.4,2021-10-09,2022-01-26,DAP,Carbendazim,17
P0233,2021,Rabi,Sugarcane,0.82,1.98,2.41,2021-06-23,2021-10-17,NPK 19:19:19,Tricyclazole,10
P0233,2022,Summer,Rice,0.82,2.85,3.47,2022-07-08,2022-10-26,Urea,Carbendazim,17
P0233,2023,Rabi,Sugarcane,0.82,2.54,3.1,2023-07-05,2023-11-01,NPK 19:19:19,Tricyclazole,16
P0233,2023,Summer,Rice,0.82,1.85,2.26,2023-07-21,2023-12-17,DAP,None,22
P0233,2024,Kharif,Rice,0.82,2.23,2.72,2024-10-13,2025-02-26,NPK 19:19:19,None,17
P0233,2024,Rabi,Rice,0.82,1.86,2.27,2024-06-22,2024-10-12,Organic Compost,Tricyclazole,17
P0234,2020,Rabi,Rice,2.08,5.08,2.44,2020-11-27,2021-03-30,Urea,Chlorpyrifos,22
P0234,2020,Summer,Rice,2.08,6.47,3.11,2020-11-02,2021-02-11,DAP,Tricyclazole,16
P0234,2021,Rabi,Rice,2.08,8.55,4.11,2021-11-26,2022-04-18,Urea,Carbendazim,14
P0234,2021,Summer,Rice,2.08,5.62,2.7,2021-06-21,2021-11-10,Urea,None,18
P0234,2022,Rabi,Rice,2.08,4.41,2.12,2022-06-21,2022-10-07,Urea,Tricyclazole,11
P0234,2023,Kharif,Groundnut,2.08,3.95,1.9,2023-06-26,2023-10-06,DAP,Chlorpyrifos,10
P0234,2023,Rabi,Rice,2.08,12.25,5.89,2023-10-06,2024-02-24,NPK 19:19:19,Chlorpyrifos,19
P0234,2023,Summer,Rice,2.08,8.13,3.91,2023-07-11,2023-12-07,Urea,Tricyclazole,11
P0234,2024,Kharif,Rice,2.08,5.49,2.64,2024-10-09,2025-03-05,Urea,Carbendazim,18
P0234,2024,Summer,Rice,2.08,5.35,2.57,2024-07-13,2024-11-23,Organic Compost,Carbendazim,9
P0235,2020,Kharif,Rice,0.94,5.26,5.6,2020-10-02,2021-01-21,DAP,Chlorpyrifos,19
P0235,2020,Rabi,Groundnut,0.94,2.57,2.73,2020-10-17,2021-01-28,MOP,Chlorpyrifos,24
P0235,2020,Summer,Rice,0.94,3.21,3.42,2020-06-26,2020-11-04,NPK 19:19:19,None,22
P0235,2021,Kharif,Rice,0.94,5.36,5.7,2021-10-26,2022-03-25,DAP,Carbendazim,13
P0235,2021,Summer,Groundnut,0.94,1.61,1.71,2021-11-16,2022-03-12,MOP,Tricyclazole,16
P0235,2022,Kharif,Groundnut,0.94,1.61,1.71,2022-06-10,2022-10-15,Urea,None,21
P0235,2022,Summer,Groundnut,0.94,1.96,2.09,2022-11-10,2023-03-24,NPK 19:19:19,Carbendazim,19
P0235,2023,Kharif,Groundnut,0.94,2.78,2.96,2023-11-19,2024-03-12,Organic Compost,Carbendazim,17
P0235,2023,Rabi,Groundnut,0.94,1.27,1.35,2023-06-19,2023-10-03,Urea,Carbendazim,8
P0235,2023,Summer,Rice,0.94,4.97,5.29,2023-10-26,2024-02-25,Organic Compost,Tricyclazole,9
P0235,2024,Rabi,Groundnut,0.94,2.69,2.86,2024-07-27,2024-12-14,NPK 19:19:19,None,22
P0235,2024,Summer,Groundnut,0.94,3.15,3.35,2024-07-12,2024-12-01,Urea,Tricyclazole,17
P0236,2020,Rabi,Rice,0.85,1.92,2.26,2020-07-05,2020-11-05,DAP,Carbendazim,15
P0236,2020,Summer,Rice,0.85,3.83,4.51,2020-10-05,2021-02-11,MOP,Chlorpyrifos,15
P0236,2021,Kharif,Groundnut,0.85,2.39,2.81,2021-10-19,2022-02-22,MOP,Carbendazim,19
P0236,2021,Rabi,Rice,0.85,5.05,5.94,2021-11-24,2022-04-05,DAP,Tricyclazole,14
P0236,2021,Summer,Groundnut,0.85,2.69,3.16,2021-10-22,2022-03-17,DAP,Tricyclazole,11
P0236,2022,Kharif,Groundnut,0.85,2.77,3.26,2022-07-22,2022-11-16,DAP,Chlorpyrifos,14
P0236,2022,Rabi,Groundnut,0.85,1.83,2.15,2022-11-13,2023-02-27,MOP,None,16
P0236,2022,Summer,Rice,0.85,3.1,3.65,2022-11-11,2023-04-02,Urea,Chlorpyrifos,25
P0236,2023,Kharif,Rice,0.85,1.73,2.03,2023-06-01,2023-10-01,DAP,Chlorpyrifos,25
P0236,2023,Rabi,Groundnut,0.85,2.23,2.62,2023-06-16,2023-11-12,MOP,Carbendazim,13
P0236,2023,Summer,Groundnut,0.85,1.9,2.23,2023-11-25,2024-03-30,MOP,Chlorpyrifos,14
P0236,2024,Kharif,Rice,0.85,2.58,3.03,2024-10-07,2025-03-04,NPK 19:19:19,Chlorpyrifos,12
P0236,2024,Rabi,Groundnut,0.85,2.08,2.45,2024-11-25,2025-04-21,Urea,Carbendazim,11
P0237,2020,Summer,Groundnut,1.65,5.35,3.24,2020-06-09,2020-09-29,MOP,Tricyclazole,20
P0237,2021,Kharif,Rice,1.65,3.81,2.31,2021-07-28,2021-12-06,MOP,Tricyclazole,15
P0237,2022,Rabi,Groundnut,1.65,2.56,1.55,2022-06-18,2022-10-25,Organic Compost,Carbendazim,9
P0237,2022,Summer,Groundnut,1.65,5.15,3.12,2022-07-15,2022-11-20,DAP,None,12
P0237,2023,Kharif,Groundnut,1.65,2.94,1.78,2023-10-03,2024-02-27,MOP,None,13
P0237,2023,Rabi,Groundnut,1.65,5.07,3.07,2023-10-20,2024-03-08,Urea,Chlorpyrifos,21
P0237,2023,Summer,Rice,1.65,6.8,4.12,2023-06-20,2023-10-01,DAP,None,25
P0237,2024,Kharif,Groundnut,1.65,5.54,3.36,2024-06-28,2024-10-16,Urea,Carbendazim,19
P0237,2024,Summer,Rice,1.65,4.27,2.59,2024-11-25,2025-03-07,DAP,None,18
P0238,2020,Kharif,Sugarcane,0.6,1.14,1.9,2020-10-04,2021-02-10,Organic Compost,None,14
P0238,2021,Kharif,Rice,0.6,3.59,5.99,2021-11-28,2022-03-08,MOP,None,22
P0238,2022,Kharif,Rice,0.6,1.33,2.21,2022-06-08,2022-09-17,Organic Compost,Tricyclazole,23
P0238,2022,Rabi,Sugarcane,0.6,1.41,2.35,2022-10-11,2023-03-03,Urea,Carbendazim,11
P0238,2023,Rabi,Sugarcane,0.6,1.22,2.03,2023-07-08,2023-11-10,MOP,Tricyclazole,12
P0238,2023,Summer,Sugarcane,0.6,1.97,3.28,2023-10-04,2024-02-15,MOP,Chlorpyrifos,9
P0238,2024,Rabi,Rice,0.6,2.08,3.46,2024-10-25,2025-03-16,Urea,Carbendazim,20
P0239,2020,Kharif,Sugarcane,0.84,2.79,3.32,2020-10-22,2021-02-11,Organic Compost,Chlorpyrifos,17
P0239,2020,Summer,Sugarcane,0.84,1.76,2.1,2020-11-09,2021-02-19,Organic Compost,Tricyclazole,24
P0239,2021,Kharif,Rice,0.84,4.02,4.79,2021-10-15,2022-02-09,Urea,None,20
P0239,2021,Rabi,Sugarcane,0.84,2.9,3.45,2021-11-21,2022-03-10,MOP,None,24
P0239,2021,Summer,Rice,0.84,5.06,6.02,2021-11-18,2022-04-06,DAP,Tricyclazole,23
P0239,2022,Rabi,Rice,0.84,3.31,3.94,2022-07-27,2022-11-11,MOP,Carbendazim,24
P0239,2022,Summer,Rice,0.84,1.74,2.07,2022-07-15,2022-11-26,NPK 19:19:19,None,17
P0239,2023,Rabi,Rice,0.84,4.71,5.61,2023-11-12,2024-02-24,NPK 19:19:19,Carbendazim,20
P0239,2023,Summer,Rice,0.84,2.21,2.63,2023-11-23,2024-04-08,Urea,Chlorpyrifos,13
P0239,2024,Kharif,Rice,0.84,2.13,2.53,2024-10-25,2025-03-05,MOP,Tricyclazole,23
P0239,2024,Rabi,Rice,0.84,1.7,2.02,2024-07-28,2024-11-20,Organic Compost,Carbendazim,22
P0239,2024,Summer,Rice,0.84,2.22,2.64,2024-06-12,2024-10-04,MOP,Chlorpyrifos,18
P0240,2020,Kharif,Sugarcane,0.61,1.43,2.35,2020-06-01,2020-10-16,Urea,Carbendazim,23
P0240,2020,Rabi,Rice,0.61,1.35,2.21,2020-11-21,2021-04-08,DAP,None,14
P0240,2020,Summer,Rice,0.61,3.48,5.7,2020-06-27,2020-10-20,NPK 19:19:19,Carbendazim,14
P0240,2021,Rabi,Sugarcane,0.61,1.53,2.51,2021-10-20,2022-03-12,NPK 19:19:19,Tricyclazole,8
P0240,2021,Summer,Rice,0.61,2.59,4.24,2021-11-02,2022-02-11,NPK 19:19:19,None,16
P0240,2022,Kharif,Rice,0.61,3.37,5.53,2022-11-02,2023-02-13,Organic Compost,None,23
P0240,2022,Rabi,Rice,0.61,2.42,3.97,2022-07-13,2022-11-25,NPK 19:19:19,Chlorpyrifos,24
P0240,2022,Summer,Sugarcane,0.61,1.99,3.27,2022-11-06,2023-02-19,NPK 19:19:19,Tricyclazole,17
P0240,2023,Kharif,Rice,0.61,2.42,3.97,2023-10-12,2024-02-21,Urea,Chlorpyrifos,17
P0240,2023,Rabi,Sugarcane,0.61,0.87,1.43,2023-10-03,2024-01-28,Organic Compost,Carbendazim,15
P0240,2023,Summer,Rice,0.61,2.88,4.72,2023-06-24,2023-11-17,Organic Compost,Tricyclazole,13
P0240,2024,Kharif,Rice,0.61,1.66,2.72,2024-07-03,2024-11-20,DAP,Chlorpyrifos,24
P0240,2024,Rabi,Rice,0.61,3.37,5.53,2024-06-11,2024-10-25,Urea,Tricyclazole,11
P0241,2020,Kharif,Rice,0.75,4.7,6.27,2020-10-23,2021-02-17,MOP,Carbendazim,21
P0241,2020,Rabi,Groundnut,0.75,1.24,1.66,2020-06-12,2020-11-01,NPK 19:19:19,Tricyclazole,20
P0241,2021,Rabi,Groundnut,0.75,2.03,2.71,2021-06-04,2021-10-07,MOP,Carbendazim,22
P0241,2021,Summer,Groundnut,0.75,2.5,3.33,2021-11-25,2022-03-30,NPK 19:19:19,Tricyclazole,20
P0241,2022,Kharif,Rice,0.75,3.4,4.53,2022-11-13,2023-02-23,DAP,None,24
P0241,2022,Rabi,Rice,0.75,2.55,3.4,2022-07-19,2022-11-23,MOP,Chlorpyrifos,10
P0241,2022,Summer,Rice,0.75,3.31,4.42,2022-10-19,2023-03-07,NPK 19:19:19,Chlorpyrifos,25
P0241,2023,Kharif,Groundnut,0.75,2.14,2.85,2023-11-12,2024-03-10,DAP,Chlorpyrifos,8
P0241,2023,Rabi,Rice,0.75,2.08,2.77,2023-06-14,2023-10-30,Organic Compost,Tricyclazole,15
P0241,2023,Summer,Groundnut,0.75,1.46,1.95,2023-10-02,2024-01-13,NPK 19:19:19,Chlorpyrifos,17
P0241,2024,Kharif,Groundnut,0.75,1.21,1.61,2024-07-19,2024-10-29,Urea,Carbendazim,15
P0242,2020,Kharif,Rice,1.99,12.02,6.04,2020-07-27,2020-11-05,Urea,None,24
P0242,2021,Kharif,Rice,1.99,6.85,3.44,2021-10-17,2022-02-25,DAP,Carbendazim,19
P0242,2021,Summer,Rice,1.99,7.66,3.85,2021-06-09,2021-09-29,NPK 19:19:19,Carbendazim,19
P0242,2022,Kharif,Rice,1.99,12.56,6.31,2022-10-03,2023-02-08,Organic Compost,Chlorpyrifos,24
P0242,2022,Rabi,Rice,1.99,12.66,6.36,2022-07-11,2022-11-10,NPK 19:19:19,Tricyclazole,15
P0242,2022,Summer,Rice,1.99,8.8,4.42,2022-10-23,2023-03-19,MOP,None,22
P0242,2023,Kharif,Rice,1.99,12.08,6.07,2023-10-22,2024-02-23,Urea,None,21
P0242,2023,Summer,Rice,1.99,12.48,6.27,2023-11-14,2024-04-07,Organic Compost,Chlorpyrifos,20
P0242,2024,Kharif,Rice,1.99,11.68,5.87,2024-07-14,2024-11-24,Urea,Tricyclazole,22
P0242,2024,Summer,Rice,1.99,5.15,2.59,2024-06-27,2024-10-05,NPK 19:19:19,None,9
P0243,2020,Kharif,Rice,3.29,9.38,2.85,2020-07-27,2020-11-04,NPK 19:19:19,Chlorpyrifos,11
P0243,2020,Rabi,Rice,3.29,15.04,4.57,2020-10-21,2021-02-02,MOP,Carbendazim,20
P0243,2021,Rabi,Rice,3.29,8.82,2.68,2021-11-23,2022-03-14,Urea,Tricyclazole,18
P0243,2021,Summer,Rice,3.29,21.15,6.43,2021-07-20,2021-11-10,MOP,None,24
P0243,2023,Summer,Rice,3.29,16.09,4.89,2023-06-08,2023-09-19,MOP,Carbendazim,24
P0243,2024,Kharif,Rice,3.29,8.69,2.64,2024-10-06,2025-01-17,MOP,Carbendazim,14
P0243,2024,Rabi,Rice,3.29,12.04,3.66,2024-06-16,2024-10-11,Organic Compost,Chlorpyrifos,15
P0243,2024,Summer,Rice,3.29,10.5,3.19,2024-11-01,2025-02-17,Urea,Carbendazim,14
P0244,2020,Rabi,Rice,2.33,11.67,5.01,2020-11-16,2021-03-02,DAP,Chlorpyrifos,18
P0244,2020,Summer,Groundnut,2.33,5.1,2.19,2020-07-25,2020-12-03,DAP,Tricyclazole,21
P0244,2021,Kharif,Rice,2.33,9.25,3.97,2021-11-13,2022-02-25,NPK 19:19:19,Carbendazim,23
P0244,2021,Rabi,Rice,2.33,14.38,6.17,2021-10-10,2022-02-22,MOP,Tricyclazole,11
P0244,2022,Kharif,Groundnut,2.33,3.77,1.62,2022-06-11,2022-11-01,DAP,Chlorpyrifos,16
P0244,2022,Summer,Groundnut,2.33,7.76,3.33,2022-06-12,2022-09-23,Urea,Chlorpyrifos,16
P0244,2023,Kharif,Groundnut,2.33,4.87,2.09,2023-07-19,2023-10-30,NPK 19:19:19,Carbendazim,24
P0244,2024,Kharif,Groundnut,2.33,2.73,1.17,2024-07-23,2024-12-06,DAP,None,15
P0244,2024,Rabi,Rice,2.33,8.29,3.56,2024-06-05,2024-10-11,DAP,Carbendazim,18
P0244,2024,Summer,Rice,2.33,5.55,2.38,2024-10-26,2025-02-14,Urea,Tricyclazole,13
P0245,2020,Kharif,Rice,0.51,2.68,5.25,2020-11-28,2021-04-18,MOP,None,9
P0245,2021,Rabi,Groundnut,0.51,0.83,1.63,2021-11-09,2022-03-07,DAP,Tricyclazole,10
P0245,2022,Rabi,Rice,0.51,1.37,2.68,2022-06-15,2022-11-02,NPK 19:19:19,Tricyclazole,24
P0245,2023,Rabi,Groundnut,0.51,0.65,1.27,2023-10-22,2024-02-29,Organic Compost,Chlorpyrifos,14
P0245,2023,Summer,Rice,0.51,1.12,2.2,2023-07-02,2023-10-10,Urea,None,21
P0245,2024,Rabi,Rice,0.51,3.16,6.19,2024-11-21,2025-03-31,MOP,Carbendazim,20
P0245,2024,Summer,Groundnut,0.51,1.21,2.38,2024-06-16,2024-10-04,MOP,Tricyclazole,8
P0246,2020,Summer,Rice,0.97,3.19,3.29,2020-07-06,2020-11-28,NPK 19:19:19,Carbendazim,21
P0246,2021,Kharif,Rice,0.97,5.21,5.37,2021-06-11,2021-10-07,DAP,Carbendazim,11
P0246,2021,Rabi,Sugarcane,0.97,1.13,1.17,2021-07-11,2021-12-06,Organic Compost,Carbendazim,11
P0246,2021,Summer,Sugarcane,0.97,1.91,1.97,2021-11-19,2022-04-11,Organic Compost,Carbendazim,21
P0246,2022,Rabi,Rice,0.97,3.89,4.01,2022-07-23,2022-11-14,MOP,Chlorpyrifos,13
P0246,2022,Summer,Sugarcane,0.97,2.51,2.59,2022-10-17,2023-02-10,Urea,None,13
P0246,2023,Rabi,Rice,0.97,3.41,3.52,2023-06-24,2023-10-18,NPK 19:19:19,Carbendazim,14
P0246,2023,Summer,Rice,0.97,3.74,3.86,2023-07-16,2023-11-18,MOP,None,17
P0246,2024,Rabi,Rice,0.97,5.64,5.81,2024-06-06,2024-10-23,Urea,None,15
P0246,2024,Summer,Rice,0.97,2.56,2.64,2024-07-19,2024-12-01,Urea,Chlorpyrifos,19
P0247,2020,Kharif,Groundnut,1.24,3.12,2.52,2020-10-22,2021-02-11,DAP,Carbendazim,9
P0247,2020,Summer,Rice,1.24,3.93,3.17,2020-11-05,2021-03-20,NPK 19:19:19,Tricyclazole,18
P0247,2021,Summer,Groundnut,1.24,2.49,2.01,2021-10-25,2022-03-05,Organic Compost,None,9
P0247,2022,Kharif,Groundnut,1.24,2.48,2.0,2022-07-10,2022-11-06,NPK 19:19:19,Tricyclazole,17
P0247,2022,Rabi,Groundnut,1.24,3.35,2.7,2022-11-22,2023-03-02,Organic Compost,Carbendazim,14
P0247,2022,Summer,Groundnut,1.24,2.88,2.32,2022-10-24,2023-02-02,MOP,Chlorpyrifos,18
P0247,2023,Kharif,Groundnut,1.24,3.7,2.98,2023-07-19,2023-11-26,NPK 19:19:19,Tricyclazole,12
P0247,2023,Summer,Groundnut,1.24,3.77,3.04,2023-10-15,2024-03-10,NPK 19:19:19,Chlorpyrifos,17
P0247,2024,Kharif,Groundnut,1.24,3.5,2.82,2024-07-16,2024-10-27,MOP,Tricyclazole,13
P0247,2024,Summer,Groundnut,1.24,3.96,3.19,2024-10-21,2025-02-14,NPK 19:19:19,Tricyclazole,20
P0248,2020,Rabi,Rice,1.1,2.44,2.22,2020-11-03,2021-03-17,NPK 19:19:19,Tricyclazole,13
P0248,2020,Summer,Sugarcane,1.1,1.85,1.68,2020-11-20,2021-03-10,MOP,Carbendazim,8
P0248,2021,Kharif,Rice,1.1,5.28,4.8,2021-06-17,2021-10-22,MOP,Tricyclazole,10
P0248,2022,Rabi,Rice,1.1,4.9,4.45,2022-07-28,2022-11-11,Organic Compost,None,11
P0248,2022,Summer,Rice,1.1,5.1,4.64,2022-10-16,2023-02-19,DAP,Chlorpyrifos,23
P0248,2023,Kharif,Rice,1.1,5.53,5.03,2023-06-03,2023-10-30,DAP,Chlorpyrifos,8
P0248,2024,Kharif,Rice,1.1,5.3,4.82,2024-07-01,2024-10-09,DAP,None,19
P0249,2020,Rabi,Groundnut,0.84,1.45,1.73,2020-07-22,2020-11-03,Urea,Chlorpyrifos,10
P0249,2021,Summer,Groundnut,0.84,2.59,3.08,2021-11-06,2022-02-16,DAP,Carbendazim,8
P0249,2022,Kharif,Groundnut,0.84,1.8,2.14,2022-06-22,2022-11-18,MOP,Tricyclazole,8
P0249,2023,Rabi,Rice,0.84,4.86,5.79,2023-11-13,2024-03-13,DAP,Chlorpyrifos,17
P0249,2023,Summer,Groundnut,0.84,2.65,3.16,2023-10-07,2024-03-05,NPK 19:19:19,None,19
P0249,2024,Kharif,Rice,0.84,2.83,3.37,2024-10-24,2025-03-04,Organic Compost,None,11
P0249,2024,Rabi,Rice,0.84,3.5,4.17,2024-11-01,2025-02-17,Organic Compost,Chlorpyrifos,9
P0249,2024,Summer,Rice,0.84,4.17,4.96,2024-06-20,2024-10-13,Organic Compost,None,25
P0250,2020,Kharif,Groundnut,0.63,1.52,2.42,2020-10-21,2021-03-15,Urea,Chlorpyrifos,14
P0250,2020,Summer,Rice,0.63,3.73,5.92,2020-06-12,2020-10-28,DAP,Chlorpyrifos,16
P0250,2021,Kharif,Groundnut,0.63,1.82,2.89,2021-07-22,2021-12-16,DAP,Tricyclazole,20
P0250,2022,Kharif,Groundnut,0.63,0.79,1.25,2022-06-08,2022-09-23,NPK 19:19:19,Carbendazim,17
P0250,2022,Summer,Groundnut,0.63,1.7,2.7,2022-07-13,2022-11-21,Urea,None,20
P0250,2023,Kharif,Rice,0.63,4.06,6.44,2023-06-26,2023-10-31,NPK 19:19:19,Tricyclazole,12
P0250,2023,Rabi,Rice,0.63,2.21,3.5,2023-07-11,2023-10-25,Organic Compost,Tricyclazole,16
P0250,2023,Summer,Groundnut,0.63,0.66,1.04,2023-11-08,2024-04-05,DAP,None,17
P0250,2024,Rabi,Rice,0.63,2.06,3.27,2024-07-21,2024-10-30,Urea,Carbendazim,14
P0251,2020,Kharif,Rice,0.33,0.7,2.12,2020-06-22,2020-10-21,MOP,Carbendazim,8
P0251,2020,Rabi,Rice,0.33,1.27,3.86,2020-07-18,2020-11-13,NPK 19:19:19,Tricyclazole,9
P0251,2021,Kharif,Rice,0.33,1.39,4.21,2021-11-15,2022-04-03,Urea,Chlorpyrifos,8
P0251,2021,Rabi,Groundnut,0.33,1.02,3.08,2021-10-22,2022-02-17,MOP,Chlorpyrifos,18
P0251,2022,Kharif,Rice,0.33,0.91,2.75,2022-11-06,2023-03-14,Organic Compost,Tricyclazole,15
P0251,2022,Rabi,Groundnut,0.33,0.43,1.29,2022-07-19,2022-10-28,Organic Compost,Chlorpyrifos,12
P0251,2023,Rabi,Rice,0.33,1.29,3.92,2023-07-09,2023-10-18,DAP,Tricyclazole,25
P0251,2024,Kharif,Rice,0.33,1.11,3.36,2024-10-01,2025-01-20,NPK 19:19:19,Carbendazim,10
P0251,2024,Summer,Rice,0.33,1.73,5.24,2024-11-26,2025-03-10,NPK 19:19:19,None,20
P0252,2020,Rabi,Sugarcane,1.04,2.09,2.01,2020-11-17,2021-04-01,DAP,None,13
P0252,2020,Summer,Rice,1.04,5.17,4.97,2020-06-15,2020-11-09,Urea,Carbendazim,17
P0252,2021,Kharif,Rice,1.04,4.52,4.35,2021-07-18,2021-12-07,Organic Compost,None,11
P0252,2021,Summer,Rice,1.04,4.42,4.25,2021-10-23,2022-02-26,NPK 19:19:19,Tricyclazole,22
P0252,2022,Kharif,Rice,1.04,4.72,4.54,2022-10-05,2023-01-30,Urea,None,23
P0252,2023,Rabi,Rice,1.04,5.63,5.41,2023-06-16,2023-10-23,Urea,Chlorpyrifos,12
P0252,2023,Summer,Rice,1.04,6.56,6.31,2023-10-23,2024-02-22,MOP,Tricyclazole,24
P0252,2024,Kharif,Sugarcane,1.04,1.88,1.81,2024-11-22,2025-03-10,DAP,Chlorpyrifos,9
P0252,2024,Rabi,Rice,1.04,4.53,4.36,2024-07-18,2024-11-12,Organic Compost,Tricyclazole,15
P0252,2024,Summer,Sugarcane,1.04,2.65,2.55,2024-07-15,2024-11-02,DAP,Chlorpyrifos,18
P0253,2020,Kharif,Rice,0.5,1.07,2.14,2020-07-23,2020-11-16,Organic Compost,Chlorpyrifos,24
P0253,2020,Rabi,Sugarcane,0.5,1.5,3.0,2020-07-23,2020-12-08,MOP,Tricyclazole,17
P0253,2020,Summer,Rice,0.5,1.56,3.12,2020-07-22,2020-11-28,Organic Compost,Chlorpyrifos,18
P0253,2021,Kharif,Sugarcane,0.5,0.8,1.6,2021-10-05,2022-02-27,Urea,Tricyclazole,22
P0253,2021,Rabi,Rice,0.5,3.19,6.38,2021-11-08,2022-03-09,DAP,Chlorpyrifos,17
P0253,2021,Summer,Sugarcane,0.5,1.01,2.03,2021-07-02,2021-10-16,DAP,Chlorpyrifos,16
P0253,2022,Kharif,Rice,0.5,1.21,2.41,2022-10-23,2023-02-08,NPK 19:19:19,Chlorpyrifos,16
P0253,2022,Rabi,Rice,0.5,1.48,2.95,2022-07-28,2022-12-01,DAP,Tricyclazole,13
P0253,2022,Summer,Rice,0.5,1.64,3.27,2022-10-15,2023-01-25,MOP,Carbendazim,19
P0253,2023,Kharif,Rice,0.5,2.96,5.92,2023-10-07,2024-02-01,DAP,None,10
P0253,2024,Kharif,Rice,0.5,2.08,4.15,2024-10-19,2025-02-17,MOP,Chlorpyrifos,10
P0253,2024,Rabi,Rice,0.5,2.73,5.46,2024-07-28,2024-12-15,NPK 19:19:19,Chlorpyrifos,24
P0254,2020,Kharif,Groundnut,1.8,3.02,1.68,2020-06-04,2020-10-08,NPK 19:19:19,Chlorpyrifos,16
P0254,2020,Rabi,Rice,1.8,10.71,5.95,2020-07-19,2020-12-04,NPK 19:19:19,Chlorpyrifos,16
P0254,2020,Summer,Groundnut,1.8,5.89,3.27,2020-10-07,2021-02-25,Organic Compost,Tricyclazole,19
P0254,2021,Kharif,Rice,1.8,4.1,2.28,2021-10-08,2022-01-16,MOP,None,16
P0254,2021,Rabi,Rice,1.8,7.49,4.16,2021-07-28,2021-11-22,Organic Compost,Chlorpyrifos,15
P0254,2022,Kharif,Groundnut,1.8,2.68,1.49,2022-10-11,2023-03-07,Urea,None,24
P0254,2023,Kharif,Groundnut,1.8,4.86,2.7,2023-11-18,2024-04-06,NPK 19:19:19,Chlorpyrifos,17
P0254,2024,Kharif,Rice,1.8,3.71,2.06,2024-10-21,2025-02-24,NPK 19:19:19,Tricyclazole,11
P0254,2024,Rabi,Groundnut,1.8,3.8,2.11,2024-11-08,2025-04-04,MOP,None,12
P0254,2024,Summer,Rice,1.8,8.69,4.83,2024-11-20,2025-04-13,NPK 19:19:19,Carbendazim,8
P0255,2020,Kharif,Rice,2.66,12.29,4.62,2020-11-03,2021-03-05,Urea,None,13
P0255,2021,Kharif,Rice,2.66,16.2,6.09,2021-11-02,2022-02-10,Urea,Chlorpyrifos,23
P0255,2021,Summer,Groundnut,2.66,3.4,1.28,2021-07-21,2021-11-06,DAP,None,25
P0255,2022,Kharif,Rice,2.66,12.71,4.78,2022-10-24,2023-03-17,MOP,Chlorpyrifos,19
P0255,2022,Summer,Groundnut,2.66,8.09,3.04,2022-11-20,2023-04-07,NPK 19:19:19,Carbendazim,13
P0255,2024,Rabi,Groundnut,2.66,6.92,2.6,2024-10-13,2025-01-21,DAP,Tricyclazole,13
P0256,2020,Kharif,Groundnut,2.48,6.08,2.45,2020-06-23,2020-10-23,DAP,Carbendazim,16
P0256,2020,Rabi,Rice,2.48,7.34,2.96,2020-11-23,2021-03-30,NPK 19:19:19,Chlorpyrifos,15
P0256,2021,Rabi,Groundnut,2.48,5.18,2.09,2021-07-13,2021-11-18,NPK 19:19:19,Carbendazim,11
P0256,2022,Kharif,Rice,2.48,13.57,5.47,2022-06-11,2022-09-19,DAP,None,15
P0256,2022,Summer,Rice,2.48,13.52,5.45,2022-07-17,2022-11-16,NPK 19:19:19,Tricyclazole,21
P0256,2023,Kharif,Groundnut,2.48,6.67,2.69,2023-07-12,2023-11-08,NPK 19:19:19,None,23
P0256,2024,Summer,Groundnut,2.48,3.32,1.34,2024-11-06,2025-03-28,MOP,Carbendazim,11
P0257,2020,Kharif,Groundnut,1.26,2.18,1.73,2020-10-12,2021-02-26,Organic Compost,Carbendazim,15
P0257,2020,Summer,Rice,1.26,6.15,4.88,2020-07-26,2020-11-20,NPK 19:19:19,Tricyclazole,18
P0257,2021,Rabi,Groundnut,1.26,2.28,1.81,2021-10-25,2022-03-23,DAP,Tricyclazole,16
P0257,2021,Summer,Rice,1.26,3.49,2.77,2021-07-11,2021-10-23,MOP,Carbendazim,21
P0257,2022,Kharif,Rice,1.26,7.08,5.62,2022-06-22,2022-10-31,DAP,Chlorpyrifos,23
P0257,2022,Rabi,Groundnut,1.26,3.65,2.9,2022-10-19,2023-03-11,NPK 19:19:19,Carbendazim,13
P0257,2023,Kharif,Groundnut,1.26,4.26,3.38,2023-10-22,2024-03-07,Organic Compost,None,12
P0257,2024,Kharif,Rice,1.26,2.85,2.26,2024-06-15,2024-09-23,MOP,None,18
P0257,2024,Rabi,Rice,1.26,4.88,3.87,2024-07-10,2024-10-27,MOP,Tricyclazole,18
P0258,2020,Kharif,Rice,0.68,3.43,5.04,2020-06-23,2020-10-13,Organic Compost,Tricyclazole,20
P0258,2020,Rabi,Rice,0.68,2.64,3.88,2020-07-20,2020-11-15,MOP,Chlorpyrifos,21
P0258,2020,Summer,Rice,0.68,2.44,3.59,2020-10-02,2021-02-11,Urea,Tricyclazole,15
P0258,2021,Rabi,Rice,0.68,2.88,4.24,2021-06-17,2021-11-02,NPK 19:19:19,Chlorpyrifos,22
P0258,2022,Rabi,Rice,0.68,3.47,5.11,2022-07-22,2022-11-12,Urea,Carbendazim,11
P0258,2022,Summer,Rice,0.68,1.51,2.22,2022-11-03,2023-03-07,DAP,Chlorpyrifos,15
P0258,2023,Rabi,Rice,0.68,3.35,4.93,2023-10-03,2024-02-13,DAP,Tricyclazole,21
P0258,2024,Summer,Rice,0.68,4.15,6.1,2024-06-08,2024-10-16,Organic Compost,None,13
P0259,2020,Kharif,Rice,1.1,6.8,6.18,2020-06-19,2020-10-12,NPK 19:19:19,Tricyclazole,23
P0259,2020,Rabi,Sugarcane,1.1,2.05,1.86,2020-11-08,2021-03-14,NPK 19:19:19,Tricyclazole,17
P0259,2020,Summer,Rice,1.1,3.23,2.94,2020-10-20,2021-01-31,Organic Compost,None,18
P0259,2021,Kharif,Rice,1.1,5.86,5.33,2021-07-12,2021-12-08,Urea,None,9
P0259,2021,Summer,Rice,1.1,6.27,5.7,2021-10-07,2022-01-30,Organic Compost,Chlorpyrifos,14
P0259,2022,Kharif,Rice,1.1,5.56,5.05,2022-06-07,2022-10-08,Urea,Carbendazim,24
P0259,2022,Summer,Rice,1.1,4.06,3.69,2022-11-01,2023-02-18,Urea,Tricyclazole,12
P0259,2023,Kharif,Sugarcane,1.1,1.87,1.7,2023-06-13,2023-10-19,Urea,Carbendazim,11
P0259,2023,Rabi,Rice,1.1,4.57,4.15,2023-10-27,2024-03-07,DAP,None,21
P0259,2023,Summer,Rice,1.1,4.44,4.04,2023-10-22,2024-02-07,Organic Compost,Tricyclazole,15
P0259,2024,Rabi,Rice,1.1,6.28,5.71,2024-11-19,2025-03-19,DAP,Carbendazim,13
P0259,2024,Summer,Rice,1.1,6.94,6.31,2024-07-24,2024-12-20,Organic Compost,Chlorpyrifos,22
P0260,2020,Kharif,Rice,2.83,7.95,2.81,2020-07-12,2020-11-23,MOP,None,17
P0260,2020,Rabi,Rice,2.83,14.89,5.26,2020-06-13,2020-11-03,Organic Compost,None,16
P0260,2021,Kharif,Rice,2.83,15.42,5.45,2021-10-14,2022-02-07,DAP,Chlorpyrifos,8
P0260,2022,Kharif,Rice,2.83,12.37,4.37,2022-07-28,2022-12-22,NPK 19:19:19,Carbendazim,18
P0260,2022,Summer,Rice,2.83,13.3,4.7,2022-11-25,2023-04-05,MOP,None,11
P0260,2023,Kharif,Rice,2.83,15.2,5.37,2023-11-15,2024-02-25,Organic Compost,Chlorpyrifos,21
P0260,2023,Rabi,Rice,2.83,17.21,6.08,2023-06-24,2023-10-10,Urea,None,17
P0260,2023,Summer,Groundnut,2.83,8.69,3.07,2023-11-23,2024-03-04,NPK 19:19:19,Chlorpyrifos,16
P0260,2024,Kharif,Groundnut,2.83,3.57,1.26,2024-06-22,2024-10-15,Urea,Chlorpyrifos,17
P0260,2024,Summer,Groundnut,2.83,5.32,1.88,2024-06-13,2024-10-08,MOP,Chlorpyrifos,23
P0261,2020,Rabi,Groundnut,1.51,4.36,2.89,2020-07-25,2020-12-07,NPK 19:19:19,Carbendazim,10
P0261,2020,Summer,Rice,1.51,9.38,6.21,2020-11-13,2021-03-26,Urea,Carbendazim,19
P0261,2021,Kharif,Rice,1.51,7.63,5.05,2021-10-12,2022-02-15,Urea,Tricyclazole,21
P0261,2021,Rabi,Rice,1.51,5.87,3.89,2021-06-19,2021-10-12,DAP,Tricyclazole,16
P0261,2021,Summer,Rice,1.51,5.15,3.41,2021-10-19,2022-02-19,NPK 19:19:19,None,10
P0261,2022,Rabi,Groundnut,1.51,2.49,1.65,2022-07-06,2022-10-22,MOP,None,24
P0261,2023,Kharif,Groundnut,1.51,1.81,1.2,2023-06-19,2023-10-05,DAP,Tricyclazole,22
P0261,2023,Rabi,Rice,1.51,6.78,4.49,2023-11-19,2024-03-29,Organic Compost,Tricyclazole,24
P0261,2023,Summer,Groundnut,1.51,3.11,2.06,2023-07-03,2023-11-16,DAP,None,19
P0261,2024,Rabi,Rice,1.51,8.97,5.94,2024-07-13,2024-11-26,DAP,Chlorpyrifos,19
P0261,2024,Summer,Rice,1.51,4.62,3.06,2024-11-09,2025-02-25,Urea,Chlorpyrifos,23
P0262,2020,Rabi,Rice,0.91,2.66,2.92,2020-06-16,2020-10-18,Urea,None,24
P0262,2020,Summer,Rice,0.91,1.89,2.08,2020-11-22,2021-04-12,Organic Compost,Carbendazim,19
P0262,2021,Rabi,Sugarcane,0.91,0.94,1.03,2021-07-06,2021-10-26,DAP,Carbendazim,21
P0262,2021,Summer,Rice,0.91,3.42,3.76,2021-11-15,2022-03-18,MOP,Chlorpyrifos,24
P0262,2022,Summer,Rice,0.91,2.48,2.72,2022-06-07,2022-11-01,DAP,None,14
P0262,2023,Kharif,Rice,0.91,3.07,3.37,2023-07-23,2023-11-28,NPK 19:19:19,Chlorpyrifos,18
P0262,2023,Summer,Rice,0.91,4.1,4.51,2023-11-03,2024-02-18,DAP,None,15
P0262,2024,Kharif,Rice,0.91,4.7,5.17,2024-11-28,2025-04-20,Organic Compost,Carbendazim,24
P0262,2024,Rabi,Sugarcane,0.91,2.19,2.41,2024-07-22,2024-11-03,DAP,None,11
P0263,2020,Kharif,Rice,0.42,1.98,4.71,2020-11-16,2021-04-15,DAP,Tricyclazole,21
P0263,2020,Rabi,Rice,0.42,2.61,6.22,2020-11-21,2021-04-16,MOP,Tricyclazole,13
P0263,2020,Summer,Rice,0.42,1.94,4.62,2020-07-14,2020-11-11,MOP,Carbendazim,8
P0263,2021,Rabi,Sugarcane,0.42,1.12,2.67,2021-06-23,2021-10-12,Organic Compost,Carbendazim,8
P0263,2021,Summer,Sugarcane,0.42,1.08,2.58,2021-10-07,2022-02-06,DAP,None,14
P0263,2023,Kharif,Sugarcane,0.42,1.29,3.08,2023-10-14,2024-02-19,Organic Compost,Carbendazim,9
P0263,2023,Rabi,Rice,0.42,1.79,4.26,2023-06-12,2023-10-15,Organic Compost,None,22
P0263,2023,Summer,Rice,0.42,1.38,3.28,2023-11-11,2024-02-28,Organic Compost,Carbendazim,25
P0263,2024,Kharif,Rice,0.42,1.97,4.7,2024-07-26,2024-12-19,Organic Compost,Chlorpyrifos,24
P0263,2024,Rabi,Rice,0.42,1.46,3.48,2024-06-23,2024-10-05,MOP,Tricyclazole,22
P0263,2024,Summer,Rice,0.42,2.21,5.27,2024-06-08,2024-10-11,NPK 19:19:19,Carbendazim,22
P0264,2020,Kharif,Rice,1.51,9.53,6.31,2020-07-17,2020-11-04,NPK 19:19:19,None,18
P0264,2020,Rabi,Rice,1.51,6.84,4.53,2020-07-19,2020-11-15,MOP,Carbendazim,14
P0264,2020,Summer,Rice,1.51,8.68,5.75,2020-10-15,2021-02-22,NPK 19:19:19,Tricyclazole,10
P0264,2021,Kharif,Groundnut,1.51,2.79,1.85,2021-11-11,2022-03-31,Urea,None,19
P0264,2021,Rabi,Groundnut,1.51,2.04,1.35,2021-11-17,2022-03-09,DAP,Carbendazim,14
P0264,2021,Summer,Rice,1.51,4.95,3.28,2021-06-19,2021-11-15,DAP,Tricyclazole,8
P0264,2022,Kharif,Rice,1.51,5.8,3.84,2022-10-22,2023-02-13,Organic Compost,Tricyclazole,25
P0264,2022,Summer,Groundnut,1.51,1.62,1.07,2022-06-22,2022-10-08,DAP,Chlorpyrifos,25
P0264,2023,Kharif,Rice,1.51,8.17,5.41,2023-06-06,2023-09-14,Organic Compost,Tricyclazole,20
P0264,2023,Rabi,Groundnut,1.51,5.07,3.36,2023-07-15,2023-11-02,DAP,Tricyclazole,15
P0264,2024,Summer,Rice,1.51,6.15,4.07,2024-11-16,2025-02-24,Urea,None,19
P0265,2020,Kharif,Rice,1.67,9.65,5.78,2020-11-26,2021-03-24,DAP,Tricyclazole,23
P0265,2020,Rabi,Rice,1.67,4.86,2.91,2020-10-13,2021-02-18,DAP,None,20
P0265,2021,Kharif,Rice,1.67,8.25,4.94,2021-10-14,2022-02-26,NPK 19:19:19,Chlorpyrifos,9
P0265,2021,Rabi,Groundnut,1.67,3.06,1.83,2021-06-02,2021-09-20,Urea,Chlorpyrifos,13
P0265,2021,Summer,Groundnut,1.67,5.78,3.46,2021-07-11,2021-11-05,Organic Compost,None,9
P0265,2022,Kharif,Rice,1.67,9.2,5.51,2022-10-01,2023-01-14,NPK 19:19:19,None,18
P0265,2022,Rabi,Groundnut,1.67,1.97,1.18,2022-06-02,2022-09-11,Organic Compost,None,9
P0265,2022,Summer,Rice,1.67,10.24,6.13,2022-10-13,2023-02-18,DAP,Carbendazim,23
P0265,2023,Rabi,Groundnut,1.67,2.82,1.69,2023-06-18,2023-11-03,DAP,None,24
P0265,2024,Kharif,Groundnut,1.67,2.27,1.36,2024-06-17,2024-10-09,DAP,None,19
P0265,2024,Summer,Rice,1.67,3.84,2.3,2024-07-12,2024-11-29,Urea,None,14
P0266,2020,Kharif,Rice,2.35,6.46,2.75,2020-06-19,2020-10-15,Organic Compost,Carbendazim,10
P0266,2020,Rabi,Rice,2.35,12.5,5.32,2020-11-20,2021-04-08,Organic Compost,None,15
P0266,2020,Summer,Rice,2.35,12.2,5.19,2020-07-18,2020-11-29,NPK 19:19:19,Tricyclazole,20
P0266,2021,Kharif,Rice,2.35,13.61,5.79,2021-11-27,2022-03-17,Organic Compost,Carbendazim,10
P0266,2021,Rabi,Rice,2.35,10.67,4.54,2021-06-21,2021-10-12,NPK 19:19:19,Chlorpyrifos,25
P0266,2021,Summer,Rice,2.35,5.76,2.45,2021-07-01,2021-11-11,DAP,Tricyclazole,15
P0266,2022,Rabi,Rice,2.35,6.6,2.81,2022-11-23,2023-03-03,NPK 19:19:19,Chlorpyrifos,24
P0266,2023,Summer,Rice,2.35,7.05,3.0,2023-10-04,2024-01-26,Urea,None,23
P0266,2024,Kharif,Rice,2.35,9.0,3.83,2024-10-15,2025-02-20,NPK 19:19:19,Tricyclazole,10
P0266,2024,Rabi,Rice,2.35,5.33,2.27,2024-06-28,2024-10-20,DAP,Tricyclazole,18
P0266,2024,Summer,Rice,2.35,11.3,4.81,2024-06-12,2024-10-22,DAP,Chlorpyrifos,8
P0267,2020,Summer,Groundnut,0.64,0.91,1.42,2020-06-20,2020-11-08,Organic Compost,Tricyclazole,13
P0267,2021,Kharif,Rice,0.64,3.94,6.16,2021-11-03,2022-02-23,MOP,Tricyclazole,23
P0267,2021,Rabi,Rice,0.64,2.17,3.39,2021-06-23,2021-11-17,DAP,Tricyclazole,19
P0267,2021,Summer,Rice,0.64,4.08,6.38,2021-11-24,2022-03-23,MOP,Chlorpyrifos,18
P0267,2022,Rabi,Rice,0.64,2.33,3.64,2022-06-27,2022-11-07,Urea,None,11
P0267,2023,Kharif,Groundnut,0.64,0.76,1.19,2023-07-18,2023-11-17,NPK 19:19:19,Tricyclazole,17
P0267,2023,Rabi,Groundnut,0.64,0.74,1.15,2023-06-21,2023-10-22,NPK 19:19:19,None,25
P0267,2024,Kharif,Rice,0.64,2.21,3.46,2024-07-09,2024-11-13,Urea,Chlorpyrifos,23
P0267,2024,Summer,Rice,0.64,3.43,5.36,2024-07-21,2024-11-17,MOP,Tricyclazole,14
P0268,2020,Kharif,Groundnut,0.46,1.18,2.56,2020-07-08,2020-11-04,MOP,Chlorpyrifos,16
P0268,2020,Rabi,Groundnut,0.46,0.82,1.79,2020-06-11,2020-09-23,MOP,Tricyclazole,24
P0268,2020,Summer,Groundnut,0.46,1.09,2.36,2020-11-07,2021-03-21,DAP,Chlorpyrifos,16
P0268,2021,Kharif,Groundnut,0.46,0.59,1.28,2021-11-03,2022-03-07,Organic Compost,Tricyclazole,13
P0268,2021,Rabi,Groundnut,0.46,1.01,2.2,2021-11-24,2022-03-20,DAP,Chlorpyrifos,23
P0268,2022,Kharif,Rice,0.46,2.49,5.41,2022-10-16,2023-02-28,DAP,Tricyclazole,24
P0268,2022,Summer,Groundnut,0.46,0.64,1.39,2022-06-26,2022-11-12,Organic Compost,Carbendazim,10
P0268,2023,Kharif,Groundnut,0.46,1.32,2.88,2023-07-05,2023-11-14,Urea,Tricyclazole,13
P0268,2023,Summer,Rice,0.46,1.49,3.24,2023-06-17,2023-10-18,MOP,Carbendazim,10
P0268,2024,Kharif,Groundnut,0.46,1.48,3.22,2024-10-18,2025-02-28,DAP,None,16
P0268,2024,Rabi,Rice,0.46,1.38,3.01,2024-07-12,2024-11-14,DAP,Chlorpyrifos,24
P0269,2020,Kharif,Rice,1.45,2.96,2.04,2020-10-28,2021-03-16,NPK 19:19:19,Tricyclazole,19
P0269,2020,Rabi,Sugarcane,1.45,1.78,1.23,2020-11-21,2021-03-09,DAP,Carbendazim,9
P0269,2020,Summer,Rice,1.45,5.42,3.74,2020-11-18,2021-03-18,DAP,Carbendazim,22
P0269,2021,Kharif,Rice,1.45,4.0,2.76,2021-07-01,2021-11-14,MOP,Tricyclazole,13
P0269,2021,Rabi,Rice,1.45,4.29,2.96,2021-11-15,2022-04-06,DAP,None,20
P0269,2022,Rabi,Sugarcane,1.45,2.02,1.39,2022-06-04,2022-10-12,NPK 19:19:19,Chlorpyrifos,24
P0269,2022,Summer,Rice,1.45,4.93,3.4,2022-07-23,2022-11-25,Urea,Carbendazim,23
P0269,2024,Kharif,Rice,1.45,7.51,5.18,2024-10-28,2025-03-18,Urea,Chlorpyrifos,11
P0269,2024,Summer,Rice,1.45,7.92,5.46,2024-11-14,2025-03-09,NPK 19:19:19,Chlorpyrifos,12
P0270,2020,Kharif,Rice,2.97,9.83,3.31,2020-10-10,2021-01-22,Urea,Carbendazim,22
P0270,2020,Rabi,Groundnut,2.97,5.58,1.88,2020-07-06,2020-11-19,Urea,None,24
P0270,2021,Kharif,Rice,2.97,11.49,3.87,2021-11-24,2022-04-22,Urea,None,13
P0270,2021,Rabi,Rice,2.97,6.18,2.08,2021-10-14,2022-02-28,Urea,Tricyclazole,16
P0270,2021,Summer,Rice,2.97,14.29,4.81,2021-07-17,2021-12-04,NPK 19:19:19,Chlorpyrifos,17
P0270,2022,Rabi,Groundnut,2.97,7.01,2.36,2022-11-21,2023-04-01,MOP,Carbendazim,23
P0270,2022,Summer,Groundnut,2.97,5.55,1.87,2022-07-03,2022-11-07,DAP,Carbendazim,12
P0270,2023,Kharif,Groundnut,2.97,4.87,1.64,2023-10-09,2024-03-04,Urea,Tricyclazole,10
P0270,2023,Rabi,Rice,2.97,14.17,4.77,2023-11-25,2024-03-14,MOP,None,13
P0270,2024,Kharif,Rice,2.97,11.73,3.95,2024-06-27,2024-11-01,Urea,Carbendazim,25
P0270,2024,Summer,Groundnut,2.97,3.56,1.2,2024-06-16,2024-11-11,NPK 19:19:19,Carbendazim,19
P0271,2020,Rabi,Rice,2.4,12.98,5.41,2020-07-10,2020-12-05,DAP,Chlorpyrifos,8
P0271,2020,Summer,Rice,2.4,11.86,4.94,2020-06-12,2020-11-09,Urea,Carbendazim,12
P0271,2021,Rabi,Sugarcane,2.4,4.9,2.04,2021-06-04,2021-09-22,NPK 19:19:19,Chlorpyrifos,18
P0271,2021,Summer,Rice,2.4,7.27,3.03,2021-06-16,2021-11-10,DAP,Carbendazim,10
P0271,2022,Rabi,Rice,2.4,12.91,5.38,2022-06-08,2022-10-30,MOP,None,13
P0271,2022,Summer,Sugarcane,2.4,5.76,2.4,2022-07-26,2022-11-18,Organic Compost,Carbendazim,17
P0271,2023,Rabi,Rice,2.4,8.64,3.6,2023-11-21,2024-03-25,DAP,Carbendazim,12
P0271,2023,Summer,Rice,2.4,15.43,6.43,2023-06-07,2023-09-29,Organic Compost,Tricyclazole,16
P0271,2024,Kharif,Rice,2.4,13.75,5.73,2024-11-21,2025-03-16,Organic Compost,None,24
P0272,2020,Kharif,Rice,2.46,8.63,3.51,2020-11-22,2021-03-08,Urea,Carbendazim,11
P0272,2020,Rabi,Groundnut,2.46,3.1,1.26,2020-11-16,2021-03-06,Organic Compost,None,23
P0272,2021,Rabi,Groundnut,2.46,5.36,2.18,2021-06-23,2021-10-05,NPK 19:19:19,Carbendazim,8
P0272,2022,Kharif,Rice,2.46,14.76,6.0,2022-11-17,2023-04-09,MOP,Tricyclazole,18
P0272,2022,Rabi,Groundnut,2.46,7.26,2.95,2022-07-16,2022-11-11,Organic Compost,Tricyclazole,20
P0272,2022,Summer,Rice,2.46,9.27,3.77,2022-11-05,2023-02-27,Urea,Carbendazim,23
P0272,2023,Summer,Rice,2.46,11.49,4.67,2023-07-14,2023-11-24,Organic Compost,Chlorpyrifos,19
P0272,2024,Kharif,Groundnut,2.46,3.79,1.54,2024-10-01,2025-01-28,DAP,Carbendazim,11
P0272,2024,Rabi,Groundnut,2.46,6.81,2.77,2024-11-20,2025-04-18,NPK 19:19:19,Tricyclazole,19
P0273,2020,Kharif,Sugarcane,2.01,3.1,1.54,2020-10-18,2021-01-29,Urea,Tricyclazole,14
P0273,2020,Rabi,Rice,2.01,6.39,3.18,2020-11-11,2021-02-28,Organic Compost,None,15
P0273,2021,Kharif,Rice,2.01,6.11,3.04,2021-07-20,2021-11-29,Organic Compost,Chlorpyrifos,8
P0273,2021,Summer,Rice,2.01,5.25,2.61,2021-07-20,2021-11-20,NPK 19:19:19,None,24
P0273,2022,Kharif,Rice,2.01,11.32,5.63,2022-07-06,2022-11-21,NPK 19:19:19,Chlorpyrifos,17
P0273,2022,Rabi,Rice,2.01,9.63,4.79,2022-06-03,2022-09-27,Organic Compost,Tricyclazole,17
P0273,2022,Summer,Rice,2.01,5.85,2.91,2022-10-24,2023-03-04,NPK 19:19:19,Tricyclazole,9
P0273,2023,Rabi,Rice,2.01,4.64,2.31,2023-11-15,2024-03-28,MOP,Carbendazim,20
P0273,2023,Summer,Rice,2.01,9.53,4.74,2023-11-15,2024-03-08,Urea,None,14
P0273,2024,Kharif,Rice,2.01,5.89,2.93,2024-06-11,2024-10-19,NPK 19:19:19,None,9
P0273,2024,Rabi,Rice,2.01,10.41,5.18,2024-10-26,2025-02-10,NPK 19:19:19,Carbendazim,21
P0273,2024,Summer,Rice,2.01,11.76,5.85,2024-07-02,2024-11-09,DAP,None,24
P0274,2020,Kharif,Groundnut,2.94,7.91,2.69,2020-11-26,2021-03-10,NPK 19:19:19,None,20
P0274,2020,Summer,Groundnut,2.94,8.56,2.91,2020-11-08,2021-03-07,Urea,None,16
P0274,2021,Kharif,Rice,2.94,11.44,3.89,2021-11-18,2022-04-12,Urea,Chlorpyrifos,20
P0274,2021,Summer,Groundnut,2.94,9.11,3.1,2021-06-18,2021-10-05,Organic Compost,None,13
P0274,2022,Kharif,Rice,2.94,18.52,6.3,2022-07-09,2022-11-22,Organic Compost,None,20
P0274,2022,Summer,Rice,2.94,16.17,5.5,2022-10-22,2023-03-06,MOP,Chlorpyrifos,22
P0274,2023,Kharif,Rice,2.94,17.79,6.05,2023-10-07,2024-02-13,DAP,None,24
P0274,2023,Summer,Groundnut,2.94,6.14,2.09,2023-06-16,2023-10-01,Organic Compost,Carbendazim,16
P0274,2024,Kharif,Rice,2.94,5.91,2.01,2024-10-24,2025-02-20,Urea,Carbendazim,9
P0274,2024,Rabi,Rice,2.94,9.03,3.07,2024-11-02,2025-02-19,Urea,None,21
P0275,2020,Kharif,Sugarcane,1.09,2.21,2.03,2020-11-06,2021-03-23,DAP,Chlorpyrifos,25
P0275,2020,Rabi,Rice,1.09,6.71,6.16,2020-10-05,2021-02-11,MOP,Carbendazim,23
P0275,2020,Summer,Rice,1.09,6.69,6.14,2020-10-04,2021-02-22,NPK 19:19:19,Chlorpyrifos,21
P0275,2021,Kharif,Rice,1.09,6.79,6.23,2021-10-15,2022-03-10,Organic Compost,Tricyclazole,25
P0275,2021,Rabi,Rice,1.09,6.3,5.78,2021-11-03,2022-02-14,MOP,Chlorpyrifos,12
P0275,2021,Summer,Rice,1.09,4.44,4.07,2021-11-23,2022-04-03,Organic Compost,Carbendazim,14
P0275,2022,Kharif,Rice,1.09,6.74,6.18,2022-06-16,2022-10-12,Urea,Carbendazim,9
P0275,2022,Rabi,Rice,1.09,2.46,2.26,2022-10-13,2023-03-12,MOP,None,14
P0275,2022,Summer,Sugarcane,1.09,2.35,2.16,2022-11-28,2023-04-08,DAP,Tricyclazole,8
P0275,2023,Kharif,Rice,1.09,5.79,5.31,2023-11-19,2024-04-12,NPK 19:19:19,None,22
P0275,2023,Rabi,Rice,1.09,5.91,5.42,2023-06-14,2023-11-11,DAP,Tricyclazole,13
P0275,2023,Summer,Rice,1.09,4.86,4.46,2023-10-07,2024-02-16,Urea,Tricyclazole,21
P0275,2024,Kharif,Rice,1.09,2.35,2.16,2024-07-28,2024-12-03,MOP,Carbendazim,15
P0275,2024,Rabi,Sugarcane,1.09,1.96,1.8,2024-07-19,2024-10-31,MOP,Tricyclazole,16
P0275,2024,Summer,Rice,1.09,6.23,5.72,2024-10-14,2025-01-25,NPK 19:19:19,Tricyclazole,24
P0276,2020,Rabi,Rice,3.15,11.84,3.76,2020-11-20,2021-03-01,Urea,Carbendazim,19
P0276,2021,Kharif,Sugarcane,3.15,3.37,1.07,2021-06-08,2021-10-02,Organic Compost,Tricyclazole,15
P0276,2022,Kharif,Rice,3.15,12.47,3.96,2022-11-13,2023-03-21,MOP,Carbendazim,8
P0276,2022,Summer,Rice,3.15,20.07,6.37,2022-10-06,2023-02-23,Urea,Tricyclazole,16
P0276,2024,Kharif,Sugarcane,3.15,8.38,2.66,2024-06-15,2024-10-28,MOP,None,15
P0276,2024,Rabi,Rice,3.15,8.95,2.84,2024-10-15,2025-02-06,DAP,Tricyclazole,22
P0276,2024,Summer,Sugarcane,3.15,9.7,3.08,2024-10-12,2025-02-10,DAP,Tricyclazole,11
P0277,2021,Kharif,Rice,1.81,11.48,6.34,2021-11-01,2022-03-04,DAP,Carbendazim,9
P0277,2021,Rabi,Groundnut,1.81,2.39,1.32,2021-10-10,2022-01-23,DAP,Carbendazim,25
P0277,2021,Summer,Groundnut,1.81,4.51,2.49,2021-10-18,2022-02-20,NPK 19:19:19,Chlorpyrifos,18
P0277,2022,Kharif,Rice,1.81,6.35,3.51,2022-11-21,2023-03-12,MOP,None,19
P0277,2022,Summer,Groundnut,1.81,2.71,1.5,2022-10-03,2023-02-17,Organic Compost,Carbendazim,18
P0277,2023,Rabi,Groundnut,1.81,3.02,1.67,2023-11-26,2024-03-17,MOP,Carbendazim,24
P0277,2023,Summer,Rice,1.81,4.92,2.72,2023-11-14,2024-04-06,DAP,Carbendazim,21
P0277,2024,Kharif,Groundnut,1.81,2.15,1.19,2024-10-22,2025-02-23,DAP,Tricyclazole,18
P0277,2024,Summer,Groundnut,1.81,1.99,1.1,2024-10-25,2025-03-02,Organic Compost,None,8
P0278,2020,Rabi,Rice,1.08,4.31,3.99,2020-07-19,2020-12-12,Organic Compost,Carbendazim,9
P0278,2020,Summer,Rice,1.08,6.0,5.56,2020-07-15,2020-12-11,MOP,None,12
P0278,2021,Kharif,Rice,1.08,3.37,3.12,2021-11-25,2022-04-12,Urea,None,18
P0278,2021,Rabi,Rice,1.08,6.58,6.09,2021-10-28,2022-03-18,Organic Compost,None,25
P0278,2022,Summer,Rice,1.08,6.23,5.77,2022-10-02,2023-02-14,Urea,None,18
P0278,2023,Kharif,Rice,1.08,5.66,5.24,2023-10-21,2024-03-02,NPK 19:19:19,None,13
P0278,2023,Rabi,Rice,1.08,5.57,5.16,2023-06-04,2023-10-08,Organic Compost,Carbendazim,21
P0278,2024,Rabi,Rice,1.08,6.19,5.73,2024-10-14,2025-02-19,MOP,Chlorpyrifos,24
P0279,2020,Kharif,Rice,2.62,7.1,2.71,2020-07-13,2020-12-09,NPK 19:19:19,Carbendazim,24
P0279,2020,Rabi,Rice,2.62,15.22,5.81,2020-10-20,2021-02-01,NPK 19:19:19,None,12
P0279,2021,Rabi,Rice,2.62,16.66,6.36,2021-11-12,2022-03-18,MOP,Tricyclazole,11
P0279,2021,Summer,Groundnut,2.62,6.76,2.58,2021-10-16,2022-02-25,DAP,None,17
P0279,2022,Kharif,Rice,2.62,16.17,6.17,2022-06-10,2022-10-03,Organic Compost,Tricyclazole,17
P0279,2022,Rabi,Groundnut,2.62,6.08,2.32,2022-10-12,2023-01-22,DAP,Carbendazim,14
P0279,2022,Summer,Groundnut,2.62,2.78,1.06,2022-07-28,2022-11-19,DAP,Carbendazim,25
P0279,2023,Kharif,Groundnut,2.62,5.32,2.03,2023-10-04,2024-01-23,DAP,Carbendazim,19
P0279,2023,Rabi,Rice,2.62,14.04,5.36,2023-11-04,2024-03-15,MOP,Chlorpyrifos,15
P0279,2024,Kharif,Groundnut,2.62,7.96,3.04,2024-10-09,2025-02-26,MOP,Chlorpyrifos,23
P0279,2024,Rabi,Rice,2.62,5.42,2.07,2024-06-19,2024-10-08,Organic Compost,Tricyclazole,19
P0279,2024,Summer,Groundnut,2.62,8.62,3.29,2024-07-12,2024-12-01,NPK 19:19:19,Chlorpyrifos,22
P0280,2020,Kharif,Rice,2.89,12.77,4.42,2020-07-08,2020-11-11,Urea,Chlorpyrifos,23
P0280,2020,Summer,Rice,2.89,13.67,4.73,2020-07-20,2020-12-14,MOP,Carbendazim,23
P0280,2021,Kharif,Rice,2.89,17.4,6.02,2021-07-26,2021-11-11,Urea,None,22
P0280,2021,Rabi,Rice,2.89,9.62,3.33,2021-11-05,2022-03-21,Urea,Chlorpyrifos,20
P0280,2021,Summer,Rice,2.89,15.9,5.5,2021-10-15,2022-02-06,DAP,Carbendazim,11
P0280,2022,Kharif,Rice,2.89,6.18,2.14,2022-07-20,2022-11-01,DAP,Chlorpyrifos,15
P0280,2022,Rabi,Rice,2.89,15.52,5.37,2022-11-27,2023-04-18,NPK 19:19:19,None,21
P0280,2022,Summer,Sugarcane,2.89,7.54,2.61,2022-10-16,2023-02-23,DAP,None,11
P0280,2023,Rabi,Rice,2.89,12.4,4.29,2023-06-18,2023-10-10,DAP,Tricyclazole,25
P0280,2024,Summer,Sugarcane,2.89,8.32,2.88,2024-11-26,2025-04-14,DAP,Chlorpyrifos,17
P0281,2020,Summer,Rice,2.77,10.03,3.62,2020-07-09,2020-10-25,NPK 19:19:19,Tricyclazole,22
P0281,2021,Kharif,Sugarcane,2.77,5.84,2.11,2021-11-09,2022-03-12,MOP,None,13
P0281,2021,Rabi,Rice,2.77,17.2,6.21,2021-07-03,2021-10-17,MOP,Carbendazim,21
P0281,2021,Summer,Rice,2.77,8.42,3.04,2021-11-07,2022-03-20,NPK 19:19:19,Tricyclazole,25
P0281,2022,Kharif,Rice,2.77,5.73,2.07,2022-07-26,2022-12-23,MOP,Tricyclazole,18
P0281,2022,Rabi,Rice,2.77,15.4,5.56,2022-10-22,2023-03-03,MOP,Tricyclazole,23
P0281,2023,Kharif,Rice,2.77,8.56,3.09,2023-07-17,2023-11-15,Urea,Chlorpyrifos,18
P0281,2024,Kharif,Sugarcane,2.77,9.61,3.47,2024-10-14,2025-03-10,NPK 19:19:19,None,24
P0281,2024,Rabi,Sugarcane,2.77,7.95,2.87,2024-07-23,2024-11-26,Urea,Chlorpyrifos,18
P0281,2024,Summer,Rice,2.77,7.23,2.61,2024-10-26,2025-03-12,Urea,None,25
P0282,2020,Rabi,Rice,0.88,2.1,2.39,2020-10-21,2021-02-01,MOP,Tricyclazole,14
P0282,2020,Summer,Sugarcane,0.88,1.31,1.49,2020-07-13,2020-12-03,Organic Compost,Tricyclazole,19
P0282,2021,Rabi,Sugarcane,0.88,2.44,2.77,2021-11-19,2022-03-04,Organic Compost,Chlorpyrifos,12
P0282,2022,Kharif,Rice,0.88,2.15,2.44,2022-06-26,2022-10-05,MOP,Chlorpyrifos,24
P0282,2022,Rabi,Sugarcane,0.88,1.58,1.8,2022-06-13,2022-10-02,MOP,Tricyclazole,18
P0282,2022,Summer,Rice,0.88,4.8,5.45,2022-10-28,2023-03-14,Urea,Tricyclazole,22
P0282,2023,Rabi,Rice,0.88,2.81,3.19,2023-06-01,2023-10-24,MOP,Tricyclazole,13
P0282,2024,Kharif,Sugarcane,0.88,2.17,2.47,2024-10-24,2025-03-17,NPK 19:19:19,Tricyclazole,19
P0282,2024,Rabi,Rice,0.88,2.54,2.89,2024-10-27,2025-03-09,Urea,Carbendazim,11
P0282,2024,Summer,Sugarcane,0.88,1.02,1.16,2024-07-24,2024-11-22,DAP,Carbendazim,14
P0283,2020,Kharif,Groundnut,0.49,1.06,2.16,2020-10-08,2021-02-12,NPK 19:19:19,Tricyclazole,23
P0283,2020,Rabi,Rice,0.49,1.72,3.51,2020-07-13,2020-12-09,NPK 19:19:19,Carbendazim,9
P0283,2021,Summer,Groundnut,0.49,1.07,2.18,2021-06-09,2021-09-17,NPK 19:19:19,None,13
P0283,2022,Kharif,Rice,0.49,3.17,6.46,2022-11-03,2023-03-25,Organic Compost,None,23
P0283,2022,Rabi,Groundnut,0.49,1.23,2.51,2022-11-23,2023-03-29,NPK 19:19:19,Carbendazim,23
P0283,2023,Kharif,Rice,0.49,3.04,6.21,2023-11-04,2024-03-31,MOP,Chlorpyrifos,19
P0283,2023,Rabi,Groundnut,0.49,0.92,1.87,2023-06-07,2023-09-24,DAP,Tricyclazole,19
P0283,2023,Summer,Rice,0.49,2.58,5.27,2023-10-18,2024-02-23,NPK 19:19:19,Tricyclazole,14
P0283,2024,Summer,Rice,0.49,1.37,2.79,2024-06-22,2024-10-31,DAP,Carbendazim,22
P0284,2020,Kharif,Rice,1.28,8.12,6.34,2020-11-24,2021-04-16,Urea,Chlorpyrifos,20
P0284,2020,Summer,Rice,1.28,3.17,2.48,2020-11-22,2021-03-17,Organic Compost,Tricyclazole,13
P0284,2021,Kharif,Sugarcane,1.28,2.24,1.75,2021-10-13,2022-03-06,DAP,None,18
P0284,2021,Summer,Rice,1.28,8.31,6.49,2021-11-13,2022-03-06,Urea,Tricyclazole,14
P0284,2022,Kharif,Rice,1.28,3.01,2.35,2022-06-12,2022-11-02,MOP,None,22
P0284,2022,Rabi,Rice,1.28,3.19,2.49,2022-10-27,2023-03-08,DAP,Carbendazim,14
P0284,2022,Summer,Sugarcane,1.28,2.44,1.91,2022-07-20,2022-11-23,DAP,Tricyclazole,13
P0284,2023,Kharif,Rice,1.28,5.26,4.11,2023-11-15,2024-03-23,Urea,Carbendazim,19
P0284,2023,Summer,Rice,1.28,6.55,5.12,2023-11-03,2024-02-22,Organic Compost,Tricyclazole,11
P0284,2024,Rabi,Rice,1.28,6.35,4.96,2024-11-01,2025-02-12,Organic Compost,Chlorpyrifos,14
P0284,2024,Summer,Rice,1.28,5.49,4.29,2024-07-05,2024-11-07,DAP,Tricyclazole,16
P0285,2020,Kharif,Groundnut,0.83,2.4,2.89,2020-06-08,2020-10-13,Organic Compost,Carbendazim,10
P0285,2020,Rabi,Groundnut,0.83,2.37,2.85,2020-06-23,2020-10-09,Urea,Carbendazim,13
P0285,2020,Summer,Rice,0.83,2.98,3.59,2020-06-24,2020-11-08,NPK 19:19:19,None,23
P0285,2021,Kharif,Rice,0.83,2.24,2.7,2021-10-18,2022-03-05,DAP,Carbendazim,19
P0285,2021,Rabi,Rice,0.83,4.91,5.91,2021-11-22,2022-03-03,NPK 19:19:19,Chlorpyrifos,8
P0285,2021,Summer,Groundnut,0.83,2.63,3.17,2021-07-18,2021-12-14,DAP,Chlorpyrifos,15
P0285,2022,Kharif,Groundnut,0.83,1.86,2.24,2022-11-17,2023-04-05,MOP,Chlorpyrifos,19
P0285,2022,Rabi,Groundnut,0.83,1.68,2.03,2022-10-16,2023-02-03,MOP,Tricyclazole,16
P0285,2022,Summer,Rice,0.83,4.22,5.08,2022-10-02,2023-02-08,Organic Compost,Chlorpyrifos,11
P0285,2023,Kharif,Rice,0.83,1.84,2.22,2023-10-24,2024-03-15,Organic Compost,None,25
P0285,2023,Rabi,Groundnut,0.83,2.39,2.88,2023-10-27,2024-02-26,MOP,None,8
P0285,2024,Summer,Groundnut,0.83,2.5,3.01,2024-11-20,2025-03-31,MOP,Carbendazim,23
P0286,2020,Kharif,Groundnut,1.33,3.75,2.82,2020-11-18,2021-04-16,NPK 19:19:19,Tricyclazole,14
P0286,2020,Rabi,Rice,1.33,4.11,3.09,2020-11-25,2021-03-26,DAP,Chlorpyrifos,17
P0286,2020,Summer,Groundnut,1.33,2.69,2.02,2020-10-24,2021-03-09,DAP,Chlorpyrifos,23
P0286,2021,Kharif,Groundnut,1.33,2.77,2.08,2021-07-26,2021-12-17,DAP,None,10
P0286,2022,Kharif,Groundnut,1.33,4.62,3.47,2022-11-08,2023-03-06,Urea,Carbendazim,13
P0286,2023,Rabi,Rice,1.33,5.16,3.88,2023-11-05,2024-04-01,Organic Compost,Tricyclazole,21
P0286,2024,Rabi,Groundnut,1.33,2.58,1.94,2024-11-08,2025-03-14,Organic Compost,Carbendazim,11
P0286,2024,Summer,Rice,1.33,5.56,4.18,2024-11-25,2025-03-24,DAP,Tricyclazole,21
P0287,2020,Kharif,Groundnut,0.75,2.27,3.02,2020-10-17,2021-02-22,Organic Compost,Carbendazim,19
P0287,2020,Rabi,Groundnut,0.75,1.9,2.53,2020-06-26,2020-11-13,MOP,Carbendazim,16
P0287,2020,Summer,Groundnut,0.75,2.33,3.11,2020-06-14,2020-10-07,MOP,Chlorpyrifos,18
P0287,2021,Kharif,Groundnut,0.75,1.19,1.59,2021-11-16,2022-03-13,DAP,None,12
P0287,2022,Kharif,Rice,0.75,4.15,5.53,2022-11-27,2023-03-11,Organic Compost,None,25
P0287,2022,Rabi,Groundnut,0.75,1.86,2.48,2022-10-12,2023-02-20,Organic Compost,Chlorpyrifos,12
P0287,2022,Summer,Rice,0.75,3.49,4.65,2022-06-02,2022-09-30,MOP,Carbendazim,19
P0287,2023,Kharif,Groundnut,0.75,1.78,2.38,2023-07-13,2023-11-10,MOP,None,18
P0287,2023,Rabi,Rice,0.75,4.63,6.17,2023-07-09,2023-11-05,MOP,Tricyclazole,12
P0287,2023,Summer,Groundnut,0.75,1.9,2.53,2023-06-05,2023-09-25,DAP,None,21
P0287,2024,Summer,Groundnut,0.75,1.33,1.78,2024-10-20,2025-02-27,Organic Compost,None,20
P0288,2020,Kharif,Rice,1.38,3.51,2.54,2020-07-24,2020-12-16,NPK 19:19:19,None,24
P0288,2020,Rabi,Sugarcane,1.38,3.12,2.26,2020-10-21,2021-02-28,Organic Compost,Chlorpyrifos,23
P0288,2020,Summer,Sugarcane,1.38,3.41,2.47,2020-11-08,2021-02-19,NPK 19:19:19,Tricyclazole,15
P0288,2021,Kharif,Rice,1.38,5.31,3.85,2021-11-28,2022-04-01,Organic Compost,Tricyclazole,23
P0288,2021,Rabi,Rice,1.38,8.22,5.96,2021-10-01,2022-02-28,Urea,Carbendazim,16
P0288,2021,Summer,Rice,1.38,6.49,4.7,2021-11-23,2022-03-11,DAP,None,10
P0288,2022,Rabi,Rice,1.38,5.27,3.82,2022-07-23,2022-11-09,DAP,Tricyclazole,24
P0288,2024,Summer,Sugarcane,1.38,2.91,2.11,2024-06-03,2024-10-10,DAP,Tricyclazole,13
P0289,2020,Rabi,Rice,0.77,4.94,6.42,2020-11-22,2021-03-04,Organic Compost,Carbendazim,8
P0289,2020,Summer,Rice,0.77,4.34,5.63,2020-07-23,2020-12-05,MOP,Chlorpyrifos,20
P0289,2021,Rabi,Rice,0.77,4.56,5.92,2021-11-17,2022-03-10,MOP,None,22
P0289,2021,Summer,Rice,0.77,4.49,5.83,2021-10-03,2022-01-23,NPK 19:19:19,Tricyclazole,22
P0289,2022,Rabi,Rice,0.77,2.38,3.09,2022-10-13,2023-02-25,NPK 19:19:19,None,13
P0289,2022,Summer,Rice,0.77,4.58,5.95,2022-07-15,2022-11-28,Organic Compost,Chlorpyrifos,11
P0289,2023,Rabi,Rice,0.77,3.18,4.13,2023-10-03,2024-01-25,NPK 19:19:19,Chlorpyrifos,8
P0289,2023,Summer,Sugarcane,0.77,2.36,3.07,2023-07-19,2023-10-29,Organic Compost,Carbendazim,24
P0289,2024,Rabi,Rice,0.77,4.24,5.5,2024-07-28,2024-12-02,Organic Compost,None,21
P0289,2024,Summer,Rice,0.77,3.85,5.0,2024-11-14,2025-03-15,Urea,Tricyclazole,23
P0290,2020,Kharif,Rice,1.13,3.5,3.1,2020-10-15,2021-03-14,MOP,Carbendazim,11
P0290,2020,Rabi,Rice,1.13,2.93,2.59,2020-11-16,2021-04-07,Urea,Carbendazim,9
P0290,2021,Kharif,Rice,1.13,6.89,6.1,2021-06-21,2021-11-02,MOP,Tricyclazole,12
P0290,2021,Summer,Rice,1.13,5.46,4.83,2021-10-26,2022-03-05,Urea,None,12
P0290,2022,Summer,Rice,1.13,4.63,4.1,2022-10-02,2023-03-01,MOP,Chlorpyrifos,11
P0290,2023,Kharif,Rice,1.13,5.72,5.06,2023-06-14,2023-11-10,Urea,None,18
P0290,2023,Rabi,Sugarcane,1.13,2.96,2.62,2023-11-03,2024-02-25,Urea,Carbendazim,22
P0290,2023,Summer,Rice,1.13,6.69,5.92,2023-06-02,2023-09-12,MOP,Carbendazim,25
P0290,2024,Rabi,Rice,1.13,2.37,2.1,2024-07-21,2024-11-28,Organic Compost,None,20
P0291,2020,Kharif,Rice,2.52,9.0,3.57,2020-10-14,2021-03-04,Organic Compost,None,15
P0291,2020,Rabi,Sugarcane,2.52,5.07,2.01,2020-07-18,2020-11-08,NPK 19:19:19,Chlorpyrifos,13
P0291,2021,Rabi,Rice,2.52,13.31,5.28,2021-11-02,2022-03-15,DAP,Carbendazim,10
P0291,2021,Summer,Rice,2.52,12.37,4.91,2021-07-09,2021-11-03,Organic Compost,Tricyclazole,20
P0291,2022,Kharif,Rice,2.52,7.99,3.17,2022-06-24,2022-10-04,DAP,None,16
P0291,2022,Rabi,Sugarcane,2.52,7.84,3.11,2022-11-21,2023-03-11,Urea,Carbendazim,8
P0291,2022,Summer,Sugarcane,2.52,2.85,1.13,2022-06-24,2022-10-30,Organic Compost,Tricyclazole,14
P0291,2023,Rabi,Rice,2.52,15.37,6.1,2023-11-14,2024-03-27,Urea,Chlorpyrifos,8
P0291,2024,Kharif,Rice,2.52,12.75,5.06,2024-11-20,2025-03-06,Organic Compost,None,19
P0291,2024,Summer,Rice,2.52,16.33,6.48,2024-10-14,2025-02-15,MOP,Tricyclazole,15
P0292,2020,Rabi,Groundnut,2.83,5.94,2.1,2020-11-04,2021-02-20,Organic Compost,Tricyclazole,20
P0292,2021,Kharif,Rice,2.83,13.78,4.87,2021-11-26,2022-04-22,MOP,Tricyclazole,16
P0292,2021,Rabi,Rice,2.83,17.18,6.07,2021-11-04,2022-03-13,DAP,None,18
P0292,2021,Summer,Rice,2.83,7.87,2.78,2021-11-02,2022-02-27,Urea,Carbendazim,16
P0292,2022,Kharif,Groundnut,2.83,4.7,1.66,2022-10-02,2023-01-26,Urea,Carbendazim,13
P0292,2022,Rabi,Rice,2.83,12.03,4.25,2022-10-22,2023-03-13,DAP,Tricyclazole,17
P0292,2022,Summer,Rice,2.83,14.23,5.03,2022-10-03,2023-02-22,Organic Compost,None,15
P0292,2023,Kharif,Groundnut,2.83,6.4,2.26,2023-06-09,2023-10-25,NPK 19:19:19,Chlorpyrifos,8
P0292,2023,Rabi,Groundnut,2.83,5.6,1.98,2023-11-08,2024-03-25,MOP,Chlorpyrifos,17
P0292,2023,Summer,Groundnut,2.83,8.49,3.0,2023-11-01,2024-03-25,MOP,None,17
P0292,2024,Kharif,Rice,2.83,11.21,3.96,2024-06-26,2024-10-14,Urea,Chlorpyrifos,19
P0293,2020,Kharif,Sugarcane,1.38,1.88,1.36,2020-06-18,2020-10-08,NPK 19:19:19,Chlorpyrifos,10
P0293,2021,Rabi,Rice,1.38,6.33,4.59,2021-06-27,2021-10-05,MOP,Carbendazim,12
P0293,2021,Summer,Rice,1.38,4.87,3.53,2021-07-28,2021-12-05,MOP,Tricyclazole,25
P0293,2022,Kharif,Rice,1.38,8.49,6.15,2022-10-21,2023-03-03,Urea,Tricyclazole,13
P0293,2022,Rabi,Rice,1.38,4.66,3.38,2022-11-07,2023-02-28,DAP,Chlorpyrifos,23
P0293,2022,Summer,Rice,1.38,5.67,4.11,2022-07-05,2022-11-08,NPK 19:19:19,Chlorpyrifos,15
P0293,2023,Rabi,Sugarcane,1.38,2.9,2.1,2023-11-24,2024-03-30,NPK 19:19:19,Carbendazim,24
P0293,2023,Summer,Rice,1.38,6.1,4.42,2023-10-25,2024-02-26,NPK 19:19:19,Tricyclazole,17
P0293,2024,Kharif,Rice,1.38,6.55,4.75,2024-10-09,2025-02-24,Urea,Chlorpyrifos,21
P0293,2024,Rabi,Sugarcane,1.38,3.97,2.88,2024-07-28,2024-12-21,NPK 19:19:19,Tricyclazole,24
P0294,2020,Kharif,Rice,3.19,15.69,4.92,2020-10-08,2021-02-10,NPK 19:19:19,Chlorpyrifos,13
P0294,2021,Rabi,Rice,3.19,14.96,4.69,2021-06-16,2021-10-22,MOP,Chlorpyrifos,17
P0294,2022,Rabi,Rice,3.19,15.76,4.94,2022-07-07,2022-10-21,Urea,None,11
P0294,2022,Summer,Rice,3.19,12.47,3.91,2022-06-06,2022-09-29,Organic Compost,None,11
P0294,2023,Kharif,Rice,3.19,7.97,2.5,2023-10-07,2024-01-19,MOP,Chlorpyrifos,23
P0294,2023,Rabi,Rice,3.19,10.11,3.17,2023-10-16,2024-02-08,Urea,Carbendazim,10
P0294,2024,Kharif,Sugarcane,3.19,9.95,3.12,2024-06-17,2024-10-21,DAP,Tricyclazole,19
P0294,2024,Summer,Rice,3.19,17.99,5.64,2024-11-21,2025-03-12,MOP,Tricyclazole,25
P0295,2020,Kharif,Rice,2.54,12.37,4.87,2020-07-11,2020-10-25,Organic Compost,Chlorpyrifos,21
P0295,2020,Rabi,Rice,2.54,16.0,6.3,2020-07-11,2020-10-21,DAP,None,9
P0295,2020,Summer,Rice,2.54,14.73,5.8,2020-06-11,2020-10-19,Organic Compost,Tricyclazole,8
P0295,2021,Kharif,Rice,2.54,10.54,4.15,2021-06-19,2021-11-05,MOP,Chlorpyrifos,21
P0295,2021,Rabi,Sugarcane,2.54,3.91,1.54,2021-10-02,2022-02-13,Organic Compost,None,20
P0295,2021,Summer,Rice,2.54,10.13,3.99,2021-06-10,2021-09-20,DAP,Tricyclazole,14
P0295,2022,Rabi,Sugarcane,2.54,3.78,1.49,2022-06-09,2022-11-04,Urea,Chlorpyrifos,8
P0295,2022,Summer,Rice,2.54,14.73,5.8,2022-06-02,2022-10-01,NPK 19:19:19,Chlorpyrifos,20
P0295,2023,Kharif,Sugarcane,2.54,8.79,3.46,2023-06-21,2023-10-10,MOP,Tricyclazole,17
P0295,2023,Rabi,Rice,2.54,13.26,5.22,2023-11-20,2024-04-01,Organic Compost,Chlorpyrifos,10
P0295,2024,Kharif,Rice,2.54,11.89,4.68,2024-10-06,2025-01-23,DAP,Chlorpyrifos,12
P0295,2024,Rabi,Rice,2.54,6.35,2.5,2024-10-09,2025-01-19,Organic Compost,Chlorpyrifos,25
P0295,2024,Summer,Rice,2.54,8.41,3.31,2024-11-25,2025-03-28,Urea,Tricyclazole,17
P0296,2020,Kharif,Rice,2.49,5.63,2.26,2020-11-18,2021-03-01,Organic Compost,Chlorpyrifos,16
P0296,2020,Rabi,Rice,2.49,14.34,5.76,2020-11-14,2021-04-01,DAP,Tricyclazole,19
P0296,2020,Summer,Rice,2.49,11.08,4.45,2020-06-09,2020-10-08,Organic Compost,Tricyclazole,19
P0296,2021,Rabi,Sugarcane,2.49,6.1,2.45,2021-11-02,2022-03-21,DAP,None,22
P0296,2021,Summer,Rice,2.49,13.57,5.45,2021-06-26,2021-10-18,Organic Compost,None,17
P0296,2022,Summer,Rice,2.49,7.94,3.19,2022-11-19,2023-03-25,Urea,None,10
P0296,2023,Summer,Rice,2.49,5.05,2.03,2023-07-11,2023-10-30,NPK 19:19:19,Chlorpyrifos,13
P0296,2024,Kharif,Sugarcane,2.49,3.78,1.52,2024-06-22,2024-11-05,NPK 19:19:19,Carbendazim,12
P0296,2024,Rabi,Sugarcane,2.49,4.86,1.95,2024-07-08,2024-10-23,MOP,None,25
P0296,2024,Summer,Rice,2.49,10.31,4.14,2024-06-01,2024-09-13,NPK 19:19:19,None,17
P0297,2020,Rabi,Rice,1.09,2.73,2.5,2020-06-11,2020-11-06,Organic Compost,Carbendazim,8
P0297,2020,Summer,Rice,1.09,6.17,5.66,2020-06-27,2020-11-22,NPK 19:19:19,Tricyclazole,15
P0297,2021,Kharif,Groundnut,1.09,2.73,2.5,2021-11-08,2022-03-11,Urea,Tricyclazole,21
P0297,2022,Rabi,Rice,1.09,6.14,5.63,2022-07-23,2022-11-11,Organic Compost,Tricyclazole,23
P0297,2022,Summer,Rice,1.09,5.82,5.34,2022-11-14,2023-03-14,Urea,Chlorpyrifos,17
P0297,2023,Kharif,Groundnut,1.09,2.3,2.11,2023-10-15,2024-02-20,Urea,Carbendazim,9
P0297,2023,Rabi,Rice,1.09,2.92,2.68,2023-11-11,2024-03-02,NPK 19:19:19,Tricyclazole,19
P0297,2024,Kharif,Rice,1.09,5.62,5.16,2024-11-17,2025-04-05,Organic Compost,None,20
P0297,2024,Rabi,Groundnut,1.09,1.95,1.79,2024-06-16,2024-09-30,Urea,None,10
P0298,2020,Kharif,Rice,1.52,8.56,5.63,2020-07-10,2020-12-01,MOP,Carbendazim,17
P0298,2020,Rabi,Sugarcane,1.52,5.08,3.34,2020-07-03,2020-11-23,NPK 19:19:19,None,23
P0298,2020,Summer,Rice,1.52,7.71,5.07,2020-06-19,2020-09-27,NPK 19:19:19,Carbendazim,17
P0298,2021,Kharif,Rice,1.52,6.29,4.14,2021-06-18,2021-10-18,Urea,Chlorpyrifos,16
P0298,2022,Kharif,Rice,1.52,6.2,4.08,2022-11-13,2023-02-26,NPK 19:19:19,None,14
P0298,2022,Rabi,Rice,1.52,3.91,2.57,2022-06-04,2022-10-25,DAP,Chlorpyrifos,10
P0298,2022,Summer,Rice,1.52,9.45,6.22,2022-11-06,2023-02-15,MOP,Tricyclazole,20
P0298,2023,Kharif,Sugarcane,1.52,1.76,1.16,2023-10-01,2024-01-10,Urea,Carbendazim,17
P0298,2023,Rabi,Sugarcane,1.52,3.62,2.38,2023-06-23,2023-10-29,DAP,Carbendazim,10
P0298,2024,Kharif,Rice,1.52,4.23,2.78,2024-10-25,2025-03-18,Urea,None,16
P0298,2024,Rabi,Sugarcane,1.52,3.02,1.99,2024-10-10,2025-03-01,NPK 19:19:19,Chlorpyrifos,16
P0298,2024,Summer,Rice,1.52,7.45,4.9,2024-07-08,2024-10-19,MOP,Chlorpyrifos,10
P0299,2020,Kharif,Sugarcane,2.24,3.49,1.56,2020-10-13,2021-01-24,Organic Compost,Carbendazim,11
P0299,2020,Rabi,Rice,2.24,13.75,6.14,2020-07-08,2020-11-02,NPK 19:19:19,Tricyclazole,18
P0299,2021,Kharif,Sugarcane,2.24,4.05,1.81,2021-10-14,2022-02-07,DAP,None,21
P0299,2021,Rabi,Rice,2.24,4.82,2.15,2021-10-01,2022-02-05,MOP,Carbendazim,11
P0299,2022,Kharif,Sugarcane,2.24,6.03,2.69,2022-06-08,2022-10-27,NPK 19:19:19,Chlorpyrifos,11
P0299,2022,Rabi,Rice,2.24,13.04,5.82,2022-11-18,2023-04-05,Urea,Tricyclazole,25
P0299,2022,Summer,Rice,2.24,5.02,2.24,2022-11-24,2023-03-28,Organic Compost,Chlorpyrifos,8
P0299,2023,Rabi,Rice,2.24,9.41,4.2,2023-10-21,2024-02-16,NPK 19:19:19,Chlorpyrifos,15
P0299,2024,Rabi,Sugarcane,2.24,5.62,2.51,2024-07-14,2024-12-09,Urea,None,21
P0299,2024,Summer,Rice,2.24,12.92,5.77,2024-07-27,2024-11-27,Urea,Tricyclazole,18
P0300,2020,Rabi,Groundnut,0.74,2.43,3.28,2020-11-01,2021-02-14,Urea,Carbendazim,20
P0300,2020,Summer,Groundnut,0.74,2.1,2.84,2020-10-21,2021-01-30,MOP,Chlorpyrifos,8
P0300,2021,Rabi,Rice,0.74,3.09,4.17,2021-06-20,2021-10-20,Organic Compost,Chlorpyrifos,24
P0300,2022,Rabi,Groundnut,0.74,1.47,1.99,2022-11-17,2023-02-28,DAP,Chlorpyrifos,17
P0300,2023,Kharif,Rice,0.74,4.35,5.88,2023-06-20,2023-10-20,Urea,Tricyclazole,13
P0300,2023,Rabi,Rice,0.74,4.14,5.6,2023-06-13,2023-10-23,Urea,None,12
P0300,2023,Summer,Rice,0.74,3.49,4.71,2023-11-19,2024-03-19,Organic Compost,Chlorpyrifos,13
P0300,2024,Rabi,Groundnut,0.74,1.67,2.25,2024-10-13,2025-02-21,MOP,None,14
P0300,2024,Summer,Rice,0.74,2.06,2.79,2024-11-04,2025-03-11,NPK 19:19:19,None,16
P0301,2021,Kharif,Sugarcane,3.34,5.98,1.79,2021-07-05,2021-10-25,NPK 19:19:19,Chlorpyrifos,23
P0301,2021,Rabi,Rice,3.34,17.54,5.25,2021-06-22,2021-10-19,Urea,Carbendazim,13
P0301,2022,Kharif,Sugarcane,3.34,8.75,2.62,2022-10-04,2023-02-04,NPK 19:19:19,None,17
P0301,2023,Kharif,Rice,3.34,11.66,3.49,2023-07-22,2023-12-19,Urea,Carbendazim,19
P0301,2023,Rabi,Sugarcane,3.34,8.42,2.52,2023-11-20,2024-04-13,NPK 19:19:19,Carbendazim,13
P0301,2023,Summer,Sugarcane,3.34,5.21,1.56,2023-10-15,2024-02-01,Urea,Tricyclazole,10
P0302,2020,Rabi,Rice,2.07,4.62,2.23,2020-07-21,2020-11-11,Urea,Tricyclazole,18
P0302,2021,Kharif,Rice,2.07,7.91,3.82,2021-07-28,2021-11-21,Organic Compost,Carbendazim,24
P0302,2021,Rabi,Rice,2.07,5.44,2.63,2021-06-06,2021-09-27,DAP,Chlorpyrifos,15
P0302,2021,Summer,Rice,2.07,9.03,4.36,2021-11-26,2022-03-21,MOP,Tricyclazole,9
P0302,2022,Kharif,Rice,2.07,6.46,3.12,2022-07-19,2022-11-02,Urea,Carbendazim,25
P0302,2022,Rabi,Groundnut,2.07,2.71,1.31,2022-11-20,2023-03-10,Urea,Tricyclazole,25
P0302,2023,Kharif,Rice,2.07,6.09,2.94,2023-06-20,2023-11-05,Urea,Carbendazim,11
P0302,2023,Rabi,Rice,2.07,6.96,3.36,2023-11-27,2024-04-09,Organic Compost,Chlorpyrifos,25
P0302,2024,Kharif,Rice,2.07,9.21,4.45,2024-11-24,2025-03-18,Urea,Chlorpyrifos,14
P0302,2024,Rabi,Rice,2.07,7.0,3.38,2024-10-13,2025-01-31,MOP,Carbendazim,17
P0303,2020,Kharif,Rice,2.27,13.92,6.13,2020-06-11,2020-10-03,MOP,Chlorpyrifos,14
P0303,2020,Rabi,Rice,2.27,4.81,2.12,2020-06-25,2020-11-04,Organic Compost,Chlorpyrifos,15
P0303,2020,Summer,Rice,2.27,11.99,5.28,2020-06-26,2020-10-12,Organic Compost,Carbendazim,23
P0303,2021,Kharif,Rice,2.27,12.05,5.31,2021-10-17,2022-02-25,DAP,Tricyclazole,10
P0303,2021,Rabi,Sugarcane,2.27,7.29,3.21,2021-10-04,2022-02-01,DAP,Chlorpyrifos,9
P0303,2021,Summer,Rice,2.27,11.49,5.06,2021-11-14,2022-03-20,NPK 19:19:19,None,20
P0303,2022,Rabi,Rice,2.27,14.62,6.44,2022-06-19,2022-11-16,NPK 19:19:19,None,11
P0303,2022,Summer,Rice,2.27,4.81,2.12,2022-10-24,2023-02-15,DAP,Tricyclazole,14
P0303,2023,Kharif,Rice,2.27,6.9,3.04,2023-10-22,2024-02-02,NPK 19:19:19,None,22
P0303,2023,Summer,Sugarcane,2.27,2.81,1.24,2023-07-01,2023-11-04,Organic Compost,Chlorpyrifos,9
P0303,2024,Kharif,Rice,2.27,4.99,2.2,2024-10-17,2025-02-02,DAP,None,20
P0304,2020,Kharif,Rice,2.5,11.27,4.51,2020-07-10,2020-11-14,NPK 19:19:19,Chlorpyrifos,12
P0304,2020,Rabi,Rice,2.5,15.62,6.25,2020-06-25,2020-10-30,DAP,None,18
P0304,2020,Summer,Rice,2.5,12.02,4.81,2020-11-26,2021-04-03,Urea,Chlorpyrifos,8
P0304,2021,Kharif,Rice,2.5,10.38,4.15,2021-06-20,2021-10-20,Organic Compost,None,15
P0304,2021,Summer,Rice,2.5,11.4,4.56,2021-06-18,2021-10-02,NPK 19:19:19,Carbendazim,16
P0304,2022,Summer,Rice,2.5,16.2,6.48,2022-11-09,2023-03-07,Urea,Carbendazim,16
P0304,2023,Rabi,Rice,2.5,12.5,5.0,2023-06-12,2023-11-03,NPK 19:19:19,Tricyclazole,16
P0304,2024,Kharif,Rice,2.5,12.28,4.91,2024-06-24,2024-10-27,MOP,Chlorpyrifos,9
P0304,2024,Rabi,Rice,2.5,14.72,5.89,2024-06-08,2024-10-02,Urea,Carbendazim,9
P0305,2020,Kharif,Rice,0.74,1.55,2.09,2020-11-21,2021-03-31,Urea,Carbendazim,16
P0305,2020,Rabi,Rice,0.74,1.5,2.03,2020-10-17,2021-02-10,Urea,None,9
P0305,2020,Summer,Rice,0.74,2.86,3.86,2020-06-10,2020-11-02,MOP,Carbendazim,22
P0305,2021,Kharif,Rice,0.74,4.17,5.64,2021-10-24,2022-03-07,MOP,Chlorpyrifos,19
P0305,2021,Rabi,Rice,0.74,2.8,3.78,2021-07-28,2021-11-23,DAP,Carbendazim,22
P0305,2021,Summer,Rice,0.74,3.8,5.14,2021-07-17,2021-10-27,Organic Compost,Carbendazim,10
P0305,2022,Rabi,Rice,0.74,2.66,3.59,2022-06-26,2022-10-28,MOP,None,25
P0305,2022,Summer,Rice,0.74,2.51,3.39,2022-10-20,2023-01-29,Urea,Carbendazim,8
P0305,2023,Kharif,Rice,0.74,3.58,4.84,2023-11-09,2024-02-21,MOP,Tricyclazole,23
P0305,2023,Rabi,Sugarcane,0.74,2.28,3.08,2023-07-27,2023-12-23,Urea,None,15
P0305,2023,Summer,Rice,0.74,3.0,4.06,2023-07-04,2023-11-18,NPK 19:19:19,None,13
P0305,2024,Kharif,Sugarcane,0.74,1.21,1.63,2024-06-14,2024-10-24,MOP,Carbendazim,20
P0305,2024,Rabi,Rice,0.74,3.16,4.27,2024-10-25,2025-03-15,DAP,Carbendazim,17
P0306,2020,Kharif,Groundnut,0.78,0.91,1.17,2020-07-17,2020-12-13,Urea,Chlorpyrifos,22
P0306,2020,Rabi,Rice,0.78,4.84,6.2,2020-10-25,2021-03-05,Organic Compost,Chlorpyrifos,22
P0306,2020,Summer,Rice,0.78,4.77,6.12,2020-06-23,2020-10-18,MOP,Carbendazim,8
P0306,2021,Kharif,Rice,0.78,4.59,5.89,2021-11-11,2022-04-08,MOP,Tricyclazole,15
P0306,2021,Rabi,Groundnut,0.78,2.43,3.11,2021-10-18,2022-03-14,Organic Compost,Tricyclazole,25
P0306,2022,Kharif,Groundnut,0.78,2.03,2.6,2022-11-13,2023-04-04,NPK 19:19:19,Tricyclazole,16
P0306,2022,Rabi,Groundnut,0.78,0.87,1.11,2022-07-15,2022-11-25,DAP,Carbendazim,12
P0306,2022,Summer,Rice,0.78,2.0,2.57,2022-11-04,2023-03-11,Organic Compost,Tricyclazole,17
P0306,2023,Kharif,Groundnut,0.78,2.64,3.38,2023-11-14,2024-04-06,Urea,None,11
P0306,2023,Rabi,Rice,0.78,2.0,2.57,2023-07-13,2023-11-06,Organic Compost,Chlorpyrifos,11
P0306,2023,Summer,Groundnut,0.78,1.47,1.89,2023-06-17,2023-11-14,NPK 19:19:19,Carbendazim,11
P0306,2024,Rabi,Groundnut,0.78,1.93,2.48,2024-07-26,2024-12-19,NPK 19:19:19,Tricyclazole,9
P0306,2024,Summer,Rice,0.78,4.78,6.13,2024-11-16,2025-03-26,Urea,Carbendazim,9
P0307,2020,Kharif,Sugarcane,0.58,1.98,3.42,2020-11-02,2021-02-18,Urea,None,19
P0307,2020,Rabi,Rice,0.58,1.25,2.16,2020-10-20,2021-02-15,Organic Compost,Carbendazim,22
P0307,2020,Summer,Rice,0.58,1.72,2.97,2020-10-13,2021-03-02,MOP,Carbendazim,25
P0307,2022,Kharif,Sugarcane,0.58,1.55,2.68,2022-11-27,2023-04-24,DAP,Chlorpyrifos,18
P0307,2022,Rabi,Rice,0.58,1.23,2.12,2022-06-23,2022-10-22,Organic Compost,Carbendazim,14
P0307,2022,Summer,Sugarcane,0.58,1.26,2.18,2022-07-16,2022-12-09,Organic Compost,Chlorpyrifos,23
P0307,2023,Kharif,Rice,0.58,2.61,4.5,2023-11-02,2024-03-26,MOP,Chlorpyrifos,21
P0307,2023,Rabi,Rice,0.58,3.28,5.65,2023-07-14,2023-11-18,Organic Compost,None,13
P0307,2023,Summer,Sugarcane,0.58,0.83,1.43,2023-10-09,2024-02-20,Organic Compost,Carbendazim,14
P0307,2024,Kharif,Rice,0.58,3.33,5.74,2024-06-16,2024-11-01,Urea,Tricyclazole,19
P0307,2024,Summer,Sugarcane,0.58,1.29,2.23,2024-10-05,2025-01-30,NPK 19:19:19,Carbendazim,10
P0308,2020,Kharif,Sugarcane,2.2,5.39,2.45,2020-07-22,2020-11-26,Urea,Tricyclazole,13
P0308,2021,Rabi,Rice,2.2,9.11,4.14,2021-10-14,2022-03-02,Urea,Tricyclazole,24
P0308,2022,Rabi,Rice,2.2,11.86,5.39,2022-06-07,2022-09-28,MOP,None,12
P0308,2023,Kharif,Rice,2.2,10.08,4.58,2023-07-06,2023-11-10,DAP,Carbendazim,17
P0308,2024,Kharif,Rice,2.2,11.26,5.12,2024-06-04,2024-10-23,Organic Compost,Carbendazim,21
P0308,2024,Rabi,Rice,2.2,9.77,4.44,2024-07-03,2024-10-17,Organic Compost,Tricyclazole,11
P0309,2020,Kharif,Rice,2.02,5.35,2.65,2020-06-03,2020-10-22,DAP,Chlorpyrifos,9
P0309,2020,Rabi,Sugarcane,2.02,5.29,2.62,2020-11-22,2021-03-29,MOP,Chlorpyrifos,14
P0309,2020,Summer,Rice,2.02,5.94,2.94,2020-07-18,2020-12-08,NPK 19:19:19,Carbendazim,17
P0309,2021,Kharif,Rice,2.02,10.58,5.24,2021-11-08,2022-03-18,DAP,Carbendazim,25
P0309,2021,Rabi,Rice,2.02,4.12,2.04,2021-06-24,2021-10-17,DAP,Tricyclazole,23
P0309,2021,Summer,Rice,2.02,11.43,5.66,2021-11-19,2022-03-12,NPK 19:19:19,Chlorpyrifos,19
P0309,2022,Rabi,Rice,2.02,8.08,4.0,2022-07-06,2022-11-10,Organic Compost,Chlorpyrifos,16
P0309,2022,Summer,Rice,2.02,5.35,2.65,2022-07-23,2022-11-29,Organic Compost,Tricyclazole,23
P0309,2023,Kharif,Rice,2.02,4.77,2.36,2023-10-28,2024-03-14,DAP,Tricyclazole,22
P0309,2023,Summer,Rice,2.02,7.53,3.73,2023-11-26,2024-04-08,Organic Compost,None,9
P0309,2024,Rabi,Rice,2.02,12.75,6.31,2024-11-28,2025-04-16,NPK 19:19:19,Carbendazim,13
P0309,2024,Summer,Rice,2.02,8.46,4.19,2024-06-24,2024-10-22,Urea,None,12
P0310,2021,Kharif,Groundnut,1.27,1.7,1.34,2021-06-19,2021-10-01,MOP,Chlorpyrifos,15
P0310,2021,Rabi,Groundnut,1.27,2.95,2.32,2021-11-12,2022-03-20,Urea,Carbendazim,20
P0310,2022,Kharif,Rice,1.27,4.66,3.67,2022-06-19,2022-10-10,Urea,None,8
P0310,2022,Rabi,Rice,1.27,5.07,3.99,2022-10-12,2023-02-14,DAP,None,15
P0310,2022,Summer,Rice,1.27,5.18,4.08,2022-06-22,2022-11-13,Organic Compost,Chlorpyrifos,10
P0310,2023,Kharif,Groundnut,1.27,3.81,3.0,2023-10-14,2024-01-23,DAP,None,13
P0310,2023,Rabi,Groundnut,1.27,2.02,1.59,2023-07-15,2023-11-05,Organic Compost,Tricyclazole,9
P0310,2024,Kharif,Rice,1.27,5.78,4.55,2024-06-22,2024-10-18,NPK 19:19:19,Chlorpyrifos,10
P0310,2024,Rabi,Groundnut,1.27,4.11,3.24,2024-07-24,2024-12-14,Urea,None,21
P0311,2020,Kharif,Rice,3.19,14.9,4.67,2020-10-28,2021-03-21,NPK 19:19:19,None,13
P0311,2020,Rabi,Rice,3.19,11.29,3.54,2020-06-09,2020-10-02,Urea,Carbendazim,23
P0311,2021,Kharif,Rice,3.19,7.15,2.24,2021-06-10,2021-10-09,MOP,Chlorpyrifos,10
P0311,2021,Rabi,Rice,3.19,13.3,4.17,2021-11-02,2022-02-19,Organic Compost,Chlorpyrifos,16
P0311,2021,Summer,Sugarcane,3.19,6.51,2.04,2021-11-20,2022-03-27,MOP,Carbendazim,24
P0311,2022,Kharif,Rice,3.19,13.14,4.12,2022-11-05,2023-03-05,Urea,Carbendazim,13
P0311,2022,Summer,Rice,3.19,18.98,5.95,2022-06-13,2022-10-28,Organic Compost,Tricyclazole,11
P0311,2023,Kharif,Sugarcane,3.19,10.21,3.2,2023-10-28,2024-02-21,Organic Compost,Chlorpyrifos,23
P0311,2023,Rabi,Rice,3.19,14.39,4.51,2023-06-10,2023-10-23,Urea,Tricyclazole,9
P0311,2023,Summer,Rice,3.19,16.01,5.02,2023-06-19,2023-10-28,MOP,Carbendazim,23
P0311,2024,Summer,Sugarcane,3.19,5.36,1.68,2024-10-02,2025-01-26,MOP,None,17
P0312,2020,Kharif,Rice,2.53,13.79,5.45,2020-07-20,2020-11-13,NPK 19:19:19,Tricyclazole,8
P0312,2020,Rabi,Rice,2.53,5.79,2.29,2020-10-28,2021-02-07,Urea,Chlorpyrifos,22
P0312,2020,Summer,Groundnut,2.53,4.12,1.63,2020-07-14,2020-11-23,Organic Compost,Tricyclazole,9
P0312,2021,Summer,Rice,2.53,10.12,4.0,2021-10-05,2022-01-13,NPK 19:19:19,None,22
P0312,2022,Kharif,Rice,2.53,15.33,6.06,2022-11-18,2023-03-02,DAP,Tricyclazole,19
P0312,2022,Rabi,Groundnut,2.53,6.65,2.63,2022-07-20,2022-12-14,NPK 19:19:19,Tricyclazole,21
P0312,2022,Summer,Rice,2.53,14.9,5.89,2022-10-09,2023-01-24,Urea,Carbendazim,9
P0312,2023,Rabi,Rice,2.53,9.03,3.57,2023-06-23,2023-10-30,Urea,None,8
P0312,2023,Summer,Groundnut,2.53,4.33,1.71,2023-10-06,2024-02-15,MOP,Carbendazim,22
P0312,2024,Kharif,Groundnut,2.53,5.26,2.08,2024-11-16,2025-02-26,NPK 19:19:19,Chlorpyrifos,10
P0312,2024,Rabi,Groundnut,2.53,4.0,1.58,2024-07-18,2024-12-13,Organic Compost,None,16
P0313,2020,Kharif,Groundnut,2.46,5.24,2.13,2020-06-12,2020-09-30,DAP,Carbendazim,23
P0313,2020,Rabi,Groundnut,2.46,8.07,3.28,2020-11-27,2021-04-05,MOP,None,24
P0313,2020,Summer,Rice,2.46,5.41,2.2,2020-07-22,2020-12-18,Organic Compost,Carbendazim,17
P0313,2021,Kharif,Groundnut,2.46,6.59,2.68,2021-06-03,2021-09-22,DAP,Carbendazim,20
P0313,2021,Rabi,Rice,2.46,13.14,5.34,2021-07-14,2021-10-28,Organic Compost,None,12
P0313,2021,Summer,Rice,2.46,14.61,5.94,2021-06-28,2021-10-31,DAP,None,20
P0313,2022,Kharif,Groundnut,2.46,8.17,3.32,2022-06-08,2022-10-09,Organic Compost,Carbendazim,11
P0313,2022,Summer,Groundnut,2.46,4.99,2.03,2022-06-14,2022-11-06,Organic Compost,Tricyclazole,19
P0313,2023,Kharif,Groundnut,2.46,3.27,1.33,2023-07-13,2023-10-24,MOP,Chlorpyrifos,20
P0313,2023,Rabi,Groundnut,2.46,6.27,2.55,2023-07-26,2023-11-06,DAP,Carbendazim,16
P0313,2023,Summer,Rice,2.46,5.12,2.08,2023-11-20,2024-03-16,NPK 19:19:19,Tricyclazole,14
P0313,2024,Kharif,Groundnut,2.46,8.09,3.29,2024-06-27,2024-11-08,MOP,None,9
P0313,2024,Rabi,Rice,2.46,10.9,4.43,2024-11-13,2025-03-13,Organic Compost,Carbendazim,15
P0313,2024,Summer,Groundnut,2.46,4.16,1.69,2024-06-25,2024-10-03,Urea,Chlorpyrifos,18
P0314,2020,Kharif,Groundnut,0.49,1.23,2.52,2020-06-23,2020-11-04,NPK 19:19:19,None,20
P0314,2020,Summer,Groundnut,0.49,1.47,2.99,2020-11-12,2021-03-31,MOP,Carbendazim,22
P0314,2021,Kharif,Rice,0.49,2.79,5.7,2021-10-24,2022-03-08,Urea,Carbendazim,23
P0314,2021,Summer,Rice,0.49,1.92,3.91,2021-07-28,2021-12-04,MOP,None,14
P0314,2022,Rabi,Rice,0.49,1.09,2.22,2022-10-21,2023-03-20,Urea,Carbendazim,23
P0314,2023,Kharif,Rice,0.49,1.66,3.38,2023-10-06,2024-02-14,NPK 19:19:19,Chlorpyrifos,24
P0315,2020,Rabi,Rice,0.91,5.27,5.79,2020-10-03,2021-01-31,Urea,None,14
P0315,2021,Summer,Sugarcane,0.91,1.73,1.9,2021-10-01,2022-02-24,DAP,None,24
P0315,2022,Kharif,Rice,0.91,2.2,2.42,2022-06-12,2022-11-06,MOP,None,12
P0315,2022,Summer,Rice,0.91,5.61,6.16,2022-11-09,2023-03-29,MOP,Carbendazim,10
P0315,2023,Rabi,Rice,0.91,2.45,2.69,2023-07-26,2023-12-22,NPK 19:19:19,Chlorpyrifos,20
P0315,2023,Summer,Rice,0.91,3.72,4.09,2023-11-08,2024-03-19,Organic Compost,Chlorpyrifos,9
P0315,2024,Kharif,Rice,0.91,4.29,4.71,2024-10-06,2025-01-27,NPK 19:19:19,None,19
P0315,2024,Rabi,Sugarcane,0.91,1.25,1.37,2024-06-15,2024-09-28,Urea,Chlorpyrifos,23
P0316,2020,Kharif,Rice,2.23,9.83,4.41,2020-07-21,2020-11-18,Urea,Chlorpyrifos,21
P0316,2020,Rabi,Rice,2.23,6.53,2.93,2020-07-14,2020-11-10,NPK 19:19:19,Carbendazim,14
P0316,2021,Rabi,Rice,2.23,9.99,4.48,2021-10-12,2022-02-15,Urea,Carbendazim,9
P0316,2021,Summer,Rice,2.23,11.51,5.16,2021-06-10,2021-10-12,Urea,Tricyclazole,25
P0316,2022,Kharif,Sugarcane,2.23,6.47,2.9,2022-07-08,2022-11-28,DAP,Chlorpyrifos,8
P0316,2022,Summer,Rice,2.23,11.4,5.11,2022-07-27,2022-11-18,Organic Compost,Chlorpyrifos,11
P0316,2023,Kharif,Sugarcane,2.23,4.04,1.81,2023-06-25,2023-10-12,Organic Compost,Chlorpyrifos,23
P0316,2024,Kharif,Rice,2.23,9.63,4.32,2024-11-13,2025-03-20,NPK 19:19:19,None,23
P0316,2024,Rabi,Sugarcane,2.23,4.82,2.16,2024-06-24,2024-10-12,NPK 19:19:19,Tricyclazole,21
P0317,2020,Kharif,Rice,1.89,8.28,4.38,2020-07-16,2020-11-05,Organic Compost,Chlorpyrifos,14
P0317,2020,Summer,Groundnut,1.89,5.65,2.99,2020-06-03,2020-10-19,Organic Compost,Chlorpyrifos,17
P0317,2021,Kharif,Rice,1.89,8.24,4.36,2021-11-12,2022-02-26,NPK 19:19:19,Chlorpyrifos,11
P0317,2021,Summer,Groundnut,1.89,4.38,2.32,2021-07-13,2021-11-19,DAP,None,21
P0317,2022,Kharif,Groundnut,1.89,5.56,2.94,2022-06-01,2022-10-03,NPK 19:19:19,None,13
P0317,2022,Rabi,Rice,1.89,6.92,3.66,2022-10-24,2023-02-11,Organic Compost,Carbendazim,20
P0317,2023,Kharif,Groundnut,1.89,4.71,2.49,2023-06-22,2023-10-28,DAP,Carbendazim,11
P0317,2023,Rabi,Groundnut,1.89,2.48,1.31,2023-11-01,2024-02-22,Organic Compost,None,24
P0317,2024,Kharif,Rice,1.89,5.97,3.16,2024-10-24,2025-02-17,Organic Compost,Tricyclazole,25
P0317,2024,Rabi,Rice,1.89,7.31,3.87,2024-07-07,2024-10-31,MOP,Tricyclazole,22
P0317,2024,Summer,Groundnut,1.89,2.36,1.25,2024-11-02,2025-02-21,Urea,None,21
P0318,2020,Kharif,Sugarcane,1.61,5.31,3.3,2020-10-02,2021-01-30,Organic Compost,Tricyclazole,17
P0318,2021,Kharif,Rice,1.61,4.48,2.78,2021-07-15,2021-11-25,MOP,Chlorpyrifos,22
P0318,2021,Summer,Sugarcane,1.61,2.95,1.83,2021-06-10,2021-09-23,MOP,Tricyclazole,25
P0318,2022,Kharif,Rice,1.61,6.41,3.98,2022-07-21,2022-12-14,Urea,Carbendazim,13
P0318,2022,Rabi,Rice,1.61,6.02,3.74,2022-11-22,2023-03-23,DAP,Carbendazim,23
P0318,2022,Summer,Rice,1.61,9.27,5.76,2022-10-08,2023-01-28,NPK 19:19:19,Chlorpyrifos,22
P0318,2023,Rabi,Rice,1.61,4.2,2.61,2023-11-14,2024-03-20,Organic Compost,Carbendazim,8
P0318,2023,Summer,Sugarcane,1.61,2.62,1.63,2023-10-23,2024-02-25,Urea,None,18
P0318,2024,Kharif,Rice,1.61,4.07,2.53,2024-11-13,2025-03-01,Organic Compost,Tricyclazole,24
P0318,2024,Rabi,Sugarcane,1.61,2.88,1.79,2024-10-21,2025-02-06,MOP,Carbendazim,12
P0319,2020,Kharif,Sugarcane,2.06,5.21,2.53,2020-11-15,2021-03-06,Organic Compost,None,22
P0319,2020,Summer,Sugarcane,2.06,2.29,1.11,2020-11-20,2021-03-17,Urea,None,18
P0319,2021,Kharif,Rice,2.06,5.64,2.74,2021-06-08,2021-10-19,DAP,Tricyclazole,25
P0319,2021,Rabi,Rice,2.06,11.85,5.75,2021-07-26,2021-11-15,Organic Compost,Tricyclazole,12
P0319,2022,Kharif,Rice,2.06,10.98,5.33,2022-11-21,2023-04-02,DAP,Tricyclazole,21
P0319,2022,Rabi,Rice,2.06,7.58,3.68,2022-07-12,2022-11-14,MOP,None,25
P0319,2022,Summer,Rice,2.06,10.67,5.18,2022-11-21,2023-03-06,Organic Compost,Chlorpyrifos,21
P0319,2023,Summer,Sugarcane,2.06,2.45,1.19,2023-06-02,2023-10-26,NPK 19:19:19,Tricyclazole,17
P0319,2024,Kharif,Rice,2.06,9.72,4.72,2024-11-03,2025-03-01,Urea,None,8
P0320,2020,Kharif,Rice,2.98,18.51,6.21,2020-10-11,2021-02-07,DAP,None,9
P0320,2020,Summer,Rice,2.98,15.82,5.31,2020-11-05,2021-03-26,NPK 19:19:19,Carbendazim,13
P0320,2021,Kharif,Rice,2.98,7.72,2.59,2021-10-06,2022-02-28,Organic Compost,Tricyclazole,14
P0320,2021,Summer,Groundnut,2.98,10.37,3.48,2021-07-04,2021-11-07,MOP,Tricyclazole,11
P0320,2022,Rabi,Groundnut,2.98,9.03,3.03,2022-06-28,2022-10-13,Urea,Chlorpyrifos,16
P0320,2024,Summer,Groundnut,2.98,9.18,3.08,2024-10-08,2025-02-04,MOP,Tricyclazole,18
P0321,2020,Rabi,Rice,1.89,12.06,6.38,2020-06-28,2020-10-26,MOP,Tricyclazole,23
P0321,2020,Summer,Rice,1.89,3.91,2.07,2020-06-03,2020-10-07,Organic Compost,Carbendazim,19
P0321,2021,Rabi,Groundnut,1.89,4.91,2.6,2021-10-12,2022-02-27,Organic Compost,Tricyclazole,18
P0321,2021,Summer,Groundnut,1.89,2.21,1.17,2021-06-09,2021-11-02,MOP,Carbendazim,13
P0321,2022,Kharif,Groundnut,1.89,3.78,2.0,2022-07-02,2022-10-16,MOP,Chlorpyrifos,8
P0321,2022,Rabi,Groundnut,1.89,4.04,2.14,2022-07-20,2022-11-28,MOP,Carbendazim,17
P0321,2023,Kharif,Groundnut,1.89,4.04,2.14,2023-10-12,2024-03-03,NPK 19:19:19,Tricyclazole,17
P0321,2023,Rabi,Rice,1.89,11.79,6.24,2023-10-28,2024-03-06,DAP,Carbendazim,20
P0321,2023,Summer,Groundnut,1.89,5.39,2.85,2023-07-26,2023-12-23,Organic Compost,Chlorpyrifos,17
P0321,2024,Rabi,Groundnut,1.89,5.01,2.65,2024-11-21,2025-04-20,Urea,None,9
P0321,2024,Summer,Groundnut,1.89,4.78,2.53,2024-10-10,2025-01-29,DAP,Chlorpyrifos,10
P0322,2020,Kharif,Rice,2.76,11.76,4.26,2020-07-04,2020-10-20,NPK 19:19:19,Carbendazim,24
P0322,2020,Summer,Rice,2.76,12.86,4.66,2020-07-10,2020-11-20,Urea,Carbendazim,19
P0322,2021,Kharif,Rice,2.76,14.77,5.35,2021-10-25,2022-03-07,DAP,Carbendazim,19
P0322,2021,Rabi,Rice,2.76,17.86,6.47,2021-06-21,2021-10-08,DAP,Carbendazim,14
P0322,2021,Summer,Rice,2.76,14.1,5.11,2021-06-23,2021-10-30,Organic Compost,None,21
P0322,2022,Kharif,Rice,2.76,12.86,4.66,2022-06-24,2022-10-17,Organic Compost,Carbendazim,15
P0322,2022,Summer,Rice,2.76,14.74,5.34,2022-10-20,2023-01-29,DAP,None,12
P0322,2023,Kharif,Rice,2.76,7.78,2.82,2023-06-26,2023-10-08,MOP,Chlorpyrifos,11
P0322,2023,Rabi,Rice,2.76,15.07,5.46,2023-10-09,2024-02-02,Organic Compost,Chlorpyrifos,22
P0322,2023,Summer,Sugarcane,2.76,5.3,1.92,2023-06-16,2023-09-27,Urea,Tricyclazole,8
P0322,2024,Kharif,Rice,2.76,13.83,5.01,2024-11-05,2025-03-09,DAP,Tricyclazole,20
P0323,2020,Kharif,Groundnut,2.52,5.37,2.13,2020-07-14,2020-11-12,Urea,Tricyclazole,24
P0323,2020,Summer,Rice,2.52,16.35,6.49,2020-11-17,2021-04-05,DAP,Tricyclazole,24
P0323,2021,Kharif,Rice,2.52,7.21,2.86,2021-07-23,2021-12-11,Organic Compost,Tricyclazole,14
P0323,2021,Rabi,Rice,2.52,8.06,3.2,2021-10-12,2022-02-06,Organic Compost,Chlorpyrifos,24
P0323,2021,Summer,Groundnut,2.52,5.04,2.0,2021-07-17,2021-11-04,DAP,None,11
P0323,2022,Kharif,Rice,2.52,13.26,5.26,2022-06-11,2022-10-27,MOP,Chlorpyrifos,23
P0323,2022,Rabi,Groundnut,2.52,6.58,2.61,2022-11-04,2023-03-07,DAP,Chlorpyrifos,14
P0323,2023,Kharif,Groundnut,2.52,3.86,1.53,2023-06-26,2023-11-15,MOP,Tricyclazole,18
P0323,2023,Rabi,Rice,2.52,14.79,5.87,2023-11-24,2024-03-09,NPK 19:19:19,Carbendazim,9
P0323,2024,Kharif,Rice,2.52,11.04,4.38,2024-06-06,2024-10-15,MOP,Carbendazim,24
P0323,2024,Rabi,Groundnut,2.52,4.74,1.88,2024-06-25,2024-10-03,DAP,Carbendazim,15
P0323,2024,Summer,Rice,2.52,12.0,4.76,2024-11-07,2025-02-21,Urea,Carbendazim,14
P0324,2020,Kharif,Sugarcane,2.64,6.31,2.39,2020-07-06,2020-11-29,Organic Compost,Chlorpyrifos,23
P0324,2020,Summer,Sugarcane,2.64,8.66,3.28,2020-07-06,2020-11-08,Organic Compost,Tricyclazole,18
P0324,2021,Summer,Rice,2.64,7.74,2.93,2021-10-25,2022-03-24,NPK 19:19:19,Chlorpyrifos,8
P0324,2022,Kharif,Sugarcane,2.64,4.7,1.78,2022-07-24,2022-11-07,MOP,Carbendazim,16
P0324,2022,Rabi,Rice,2.64,9.03,3.42,2022-11-22,2023-03-19,Organic Compost,Tricyclazole,13
P0324,2022,Summer,Rice,2.64,16.55,6.27,2022-10-01,2023-02-14,DAP,Tricyclazole,22
P0324,2023,Kharif,Rice,2.64,13.2,5.0,2023-10-15,2024-02-06,NPK 19:19:19,Carbendazim,8
P0324,2023,Rabi,Rice,2.64,15.92,6.03,2023-10-22,2024-02-06,DAP,Carbendazim,10
P0324,2023,Summer,Rice,2.64,13.04,4.94,2023-06-07,2023-09-20,NPK 19:19:19,Tricyclazole,12
P0324,2024,Kharif,Sugarcane,2.64,4.44,1.68,2024-10-19,2025-02-02,MOP,Tricyclazole,21
P0324,2024,Rabi,Rice,2.64,13.94,5.28,2024-11-26,2025-03-31,NPK 19:19:19,None,10
P0324,2024,Summer,Rice,2.64,17.11,6.48,2024-10-08,2025-02-02,Urea,None,13
P0325,2020,Kharif,Rice,1.53,7.83,5.12,2020-10-15,2021-02-16,NPK 19:19:19,Carbendazim,21
P0325,2020,Rabi,Groundnut,1.53,4.91,3.21,2020-10-24,2021-03-02,DAP,Tricyclazole,23
P0325,2020,Summer,Rice,1.53,6.04,3.95,2020-06-11,2020-09-19,MOP,None,12
P0325,2021,Summer,Groundnut,1.53,4.22,2.76,2021-07-04,2021-10-31,Urea,Tricyclazole,11
P0325,2022,Kharif,Rice,1.53,4.57,2.99,2022-07-28,2022-12-04,Urea,Carbendazim,14
P0325,2022,Rabi,Rice,1.53,3.06,2.0,2022-07-18,2022-12-03,NPK 19:19:19,None,21
P0325,2023,Rabi,Groundnut,1.53,3.37,2.2,2023-06-12,2023-09-23,Urea,Tricyclazole,20
P0325,2024,Kharif,Groundnut,1.53,1.74,1.14,2024-11-28,2025-04-06,Organic Compost,None,16
P0325,2024,Summer,Groundnut,1.53,4.12,2.69,2024-11-20,2025-03-27,Urea,Carbendazim,21
P0326,2020,Kharif,Groundnut,2.89,4.86,1.68,2020-06-18,2020-10-25,NPK 19:19:19,None,12
P0326,2020,Summer,Groundnut,2.89,8.32,2.88,2020-06-17,2020-11-06,Organic Compost,Carbendazim,23
P0326,2021,Kharif,Groundnut,2.89,6.18,2.14,2021-10-25,2022-02-15,Organic Compost,Tricyclazole,24
P0326,2021,Rabi,Groundnut,2.89,9.54,3.3,2021-07-15,2021-11-08,DAP,Chlorpyrifos,8
P0326,2021,Summer,Rice,2.89,9.13,3.16,2021-11-03,2022-03-03,MOP,Carbendazim,8
P0326,2022,Rabi,Groundnut,2.89,8.15,2.82,2022-11-15,2023-03-04,Urea,None,18
P0326,2022,Summer,Rice,2.89,7.86,2.72,2022-10-01,2023-02-12,Organic Compost,Chlorpyrifos,17
P0326,2023,Kharif,Groundnut,2.89,8.87,3.07,2023-10-20,2024-03-09,Urea,Chlorpyrifos,22
P0326,2023,Summer,Rice,2.89,7.95,2.75,2023-10-22,2024-03-10,DAP,None,19
P0326,2024,Kharif,Groundnut,2.89,3.5,1.21,2024-07-16,2024-11-27,DAP,None,10
P0326,2024,Rabi,Rice,2.89,16.21,5.61,2024-07-13,2024-11-27,Urea,Carbendazim,22
P0326,2024,Summer,Rice,2.89,9.45,3.27,2024-11-24,2025-03-23,MOP,None,19
P0327,2020,Kharif,Rice,2.66,14.42,5.42,2020-10-04,2021-02-19,Organic Compost,Carbendazim,12
P0327,2020,Rabi,Rice,2.66,7.24,2.72,2020-06-20,2020-11-10,Organic Compost,None,8
P0327,2020,Summer,Sugarcane,2.66,8.17,3.07,2020-06-21,2020-10-26,Organic Compost,None,17
P0327,2021,Summer,Sugarcane,2.66,5.83,2.19,2021-11-04,2022-02-18,NPK 19:19:19,Chlorpyrifos,16
P0327,2022,Summer,Sugarcane,2.66,4.95,1.86,2022-06-18,2022-09-27,Organic Compost,Carbendazim,25
P0327,2023,Rabi,Rice,2.66,11.07,4.16,2023-10-20,2024-03-09,Organic Compost,Carbendazim,23
P0327,2024,Kharif,Rice,2.66,6.33,2.38,2024-07-02,2024-10-22,Urea,Tricyclazole,10
P0327,2024,Rabi,Sugarcane,2.66,7.24,2.72,2024-07-25,2024-11-11,Organic Compost,Carbendazim,22
P0327,2024,Summer,Rice,2.66,15.67,5.89,2024-10-19,2025-02-18,DAP,Chlorpyrifos,19
P0328,2020,Rabi,Rice,0.34,1.04,3.05,2020-06-05,2020-10-08,MOP,Chlorpyrifos,12
P0328,2020,Summer,Groundnut,0.34,0.62,1.82,2020-11-02,2021-03-16,MOP,Chlorpyrifos,21
P0328,2021,Kharif,Groundnut,0.34,0.56,1.66,2021-10-24,2022-02-24,MOP,Carbendazim,25
P0328,2021,Rabi,Rice,0.34,0.69,2.02,2021-07-17,2021-12-04,Urea,Carbendazim,18
P0328,2021,Summer,Rice,0.34,2.01,5.92,2021-06-22,2021-10-23,Urea,Chlorpyrifos,25
P0328,2022,Kharif,Rice,0.34,0.92,2.71,2022-10-26,2023-02-18,DAP,Tricyclazole,19
P0328,2022,Summer,Groundnut,0.34,0.61,1.8,2022-07-04,2022-11-10,DAP,Carbendazim,12
P0328,2023,Kharif,Groundnut,0.34,0.55,1.63,2023-07-09,2023-11-01,DAP,None,14
P0328,2023,Rabi,Groundnut,0.34,0.48,1.41,2023-11-11,2024-03-17,Urea,Tricyclazole,14
P0328,2023,Summer,Rice,0.34,1.76,5.19,2023-06-01,2023-10-05,MOP,Carbendazim,24
P0328,2024,Rabi,Groundnut,0.34,1.07,3.14,2024-10-02,2025-02-09,Organic Compost,Chlorpyrifos,24
P0328,2024,Summer,Rice,0.34,1.83,5.37,2024-10-17,2025-02-22,Organic Compost,Chlorpyrifos,22
P0329,2020,Rabi,Rice,0.66,4.14,6.28,2020-10-28,2021-03-09,DAP,Tricyclazole,8
P0329,2020,Summer,Rice,0.66,3.78,5.72,2020-10-18,2021-02-03,DAP,Tricyclazole,12
P0329,2021,Kharif,Rice,0.66,3.84,5.82,2021-11-15,2022-03-18,Urea,None,19
P0329,2022,Kharif,Rice,0.66,3.6,5.45,2022-07-27,2022-11-23,MOP,Tricyclazole,23
P0329,2022,Rabi,Sugarcane,0.66,1.47,2.22,2022-11-07,2023-04-03,DAP,Tricyclazole,25
P0329,2022,Summer,Rice,0.66,1.87,2.83,2022-10-08,2023-02-17,Organic Compost,None,13
P0329,2023,Kharif,Rice,0.66,2.67,4.04,2023-11-26,2024-03-26,MOP,Chlorpyrifos,23
P0329,2023,Rabi,Sugarcane,0.66,1.21,1.83,2023-10-26,2024-02-21,DAP,Carbendazim,20
P0329,2024,Summer,Rice,0.66,3.79,5.74,2024-10-25,2025-02-28,MOP,Chlorpyrifos,20
P0330,2020,Rabi,Sugarcane,2.85,9.15,3.21,2020-06-18,2020-11-08,NPK 19:19:19,None,21
P0330,2020,Summer,Rice,2.85,6.18,2.17,2020-10-11,2021-01-23,NPK 19:19:19,Chlorpyrifos,24
P0330,2021,Kharif,Rice,2.85,18.18,6.38,2021-06-13,2021-09-30,Organic Compost,Tricyclazole,8
P0330,2022,Kharif,Sugarcane,2.85,4.59,1.61,2022-06-25,2022-10-06,DAP,None,19
P0330,2022,Rabi,Rice,2.85,13.74,4.82,2022-11-06,2023-03-06,Organic Compost,Tricyclazole,17
P0330,2023,Summer,Rice,2.85,12.43,4.36,2023-11-25,2024-03-05,Urea,None,22
P0330,2024,Rabi,Rice,2.85,6.04,2.12,2024-07-23,2024-11-25,NPK 19:19:19,None,24
P0330,2024,Summer,Rice,2.85,9.18,3.22,2024-10-26,2025-03-24,NPK 19:19:19,Chlorpyrifos,11
P0331,2020,Kharif,Rice,1.02,5.31,5.21,2020-11-28,2021-04-27,NPK 19:19:19,Tricyclazole,21
P0331,2020,Summer,Rice,1.02,2.39,2.34,2020-06-23,2020-11-07,Organic Compost,None,17
P0331,2021,Rabi,Rice,1.02,6.56,6.43,2021-06-25,2021-11-09,Organic Compost,Tricyclazole,18
P0331,2021,Summer,Sugarcane,1.02,2.44,2.39,2021-10-06,2022-01-21,Organic Compost,None,10
P0331,2022,Kharif,Sugarcane,1.02,2.55,2.5,2022-10-15,2023-02-02,DAP,None,11
P0331,2022,Summer,Sugarcane,1.02,1.57,1.54,2022-10-13,2023-01-21,DAP,Chlorpyrifos,11
P0331,2023,Rabi,Rice,1.02,2.12,2.08,2023-11-26,2024-04-22,DAP,Chlorpyrifos,12
P0331,2023,Summer,Rice,1.02,4.49,4.4,2023-06-28,2023-10-11,Organic Compost,Chlorpyrifos,8
P0331,2024,Kharif,Rice,1.02,3.62,3.55,2024-10-04,2025-02-05,NPK 19:19:19,Chlorpyrifos,20
P0331,2024,Summer,Rice,1.02,3.07,3.01,2024-06-19,2024-10-19,Urea,None,10
P0332,2020,Kharif,Groundnut,2.08,4.14,1.99,2020-10-03,2021-01-25,DAP,Chlorpyrifos,14
P0332,2020,Rabi,Rice,2.08,8.36,4.02,2020-06-07,2020-10-27,Urea,Chlorpyrifos,8
P0332,2020,Summer,Rice,2.08,12.27,5.9,2020-10-01,2021-01-13,MOP,Tricyclazole,20
P0332,2021,Rabi,Groundnut,2.08,2.83,1.36,2021-06-15,2021-10-24,NPK 19:19:19,Chlorpyrifos,9
P0332,2021,Summer,Rice,2.08,10.84,5.21,2021-10-02,2022-02-23,Organic Compost,None,21
P0332,2022,Kharif,Groundnut,2.08,7.07,3.4,2022-10-08,2023-01-31,MOP,None,11
P0332,2022,Rabi,Groundnut,2.08,7.16,3.44,2022-11-05,2023-03-05,Urea,Carbendazim,16
P0332,2022,Summer,Rice,2.08,12.38,5.95,2022-11-08,2023-02-18,MOP,None,18
P0332,2024,Kharif,Groundnut,2.08,6.43,3.09,2024-07-02,2024-11-16,DAP,Carbendazim,8
P0332,2024,Rabi,Rice,2.08,10.07,4.84,2024-07-11,2024-11-24,NPK 19:19:19,Tricyclazole,18
P0333,2020,Kharif,Groundnut,0.4,1.38,3.45,2020-11-08,2021-03-30,MOP,Tricyclazole,16
P0333,2020,Summer,Rice,0.4,0.85,2.12,2020-06-23,2020-10-01,Organic Compost,Carbendazim,11
P0333,2021,Kharif,Groundnut,0.4,0.49,1.23,2021-11-12,2022-02-22,MOP,Tricyclazole,24
P0333,2022,Kharif,Rice,0.4,1.26,3.15,2022-06-08,2022-10-22,MOP,Carbendazim,24
P0333,2022,Rabi,Rice,0.4,1.32,3.29,2022-11-28,2023-04-24,DAP,None,11
P0333,2022,Summer,Rice,0.4,0.8,2.01,2022-07-07,2022-10-25,NPK 19:19:19,Carbendazim,11
P0333,2023,Kharif,Rice,0.4,2.32,5.79,2023-11-24,2024-03-04,Urea,Tricyclazole,19
P0333,2023,Summer,Rice,0.4,1.65,4.13,2023-07-13,2023-11-19,MOP,None,16
P0333,2024,Kharif,Groundnut,0.4,1.07,2.68,2024-07-22,2024-11-08,Organic Compost,Carbendazim,14
P0333,2024,Rabi,Groundnut,0.4,1.28,3.2,2024-10-14,2025-02-25,Organic Compost,Tricyclazole,13
P0334,2020,Kharif,Rice,2.7,15.47,5.73,2020-11-03,2021-02-12,NPK 19:19:19,Carbendazim,15
P0334,2020,Summer,Rice,2.7,14.93,5.53,2020-06-09,2020-10-05,NPK 19:19:19,None,22
P0334,2021,Kharif,Rice,2.7,9.8,3.63,2021-07-03,2021-10-29,MOP,Carbendazim,8
P0334,2021,Rabi,Rice,2.7,12.91,4.78,2021-06-05,2021-10-23,Urea,Tricyclazole,19
P0334,2022,Summer,Rice,2.7,13.77,5.1,2022-07-26,2022-12-01,Organic Compost,Carbendazim,14
P0334,2023,Kharif,Rice,2.7,5.7,2.11,2023-06-26,2023-11-12,Organic Compost,Chlorpyrifos,16
P0334,2023,Summer,Rice,2.7,13.47,4.99,2023-10-23,2024-02-27,NPK 19:19:19,None,12
P0334,2024,Kharif,Groundnut,2.7,3.46,1.28,2024-06-15,2024-10-11,Urea,Tricyclazole,8
P0334,2024,Summer,Rice,2.7,13.39,4.96,2024-10-07,2025-02-26,DAP,Carbendazim,10
P0335,2020,Kharif,Groundnut,2.95,9.65,3.27,2020-07-18,2020-10-27,MOP,Carbendazim,10
P0335,2020,Rabi,Rice,2.95,9.17,3.11,2020-06-04,2020-10-06,NPK 19:19:19,None,19
P0335,2020,Summer,Rice,2.95,11.83,4.01,2020-07-18,2020-11-02,Organic Compost,Chlorpyrifos,14
P0335,2021,Kharif,Groundnut,2.95,9.71,3.29,2021-06-01,2021-10-27,Organic Compost,Chlorpyrifos,21
P0335,2021,Rabi,Rice,2.95,16.67,5.65,2021-11-04,2022-02-20,NPK 19:19:19,Carbendazim,20
P0335,2022,Kharif,Groundnut,2.95,7.05,2.39,2022-11-09,2023-03-18,MOP,Tricyclazole,13
P0335,2023,Rabi,Rice,2.95,18.97,6.43,2023-10-08,2024-03-06,Organic Compost,Chlorpyrifos,19
P0335,2023,Summer,Rice,2.95,7.49,2.54,2023-07-17,2023-11-21,DAP,Carbendazim,18
P0335,2024,Kharif,Rice,2.95,14.87,5.04,2024-10-08,2025-02-18,DAP,Carbendazim,18
P0336,2020,Kharif,Sugarcane,3.22,4.15,1.29,2020-10-27,2021-03-12,Urea,None,19
P0336,2020,Summer,Rice,3.22,20.51,6.37,2020-10-07,2021-01-15,NPK 19:19:19,Chlorpyrifos,8
P0336,2021,Kharif,Rice,3.22,19.51,6.06,2021-06-08,2021-10-21,MOP,None,11
P0336,2021,Rabi,Sugarcane,3.22,7.99,2.48,2021-11-26,2022-03-31,Urea,None,8
P0336,2022,Kharif,Rice,3.22,11.56,3.59,2022-11-02,2023-03-20,NPK 19:19:19,Carbendazim,17
P0336,2022,Summer,Rice,3.22,19.32,6.0,2022-11-19,2023-03-06,DAP,Tricyclazole,21
P0336,2023,Kharif,Rice,3.22,16.45,5.11,2023-07-04,2023-11-30,MOP,Carbendazim,21
P0336,2023,Rabi,Rice,3.22,14.59,4.53,2023-11-20,2024-03-09,DAP,Tricyclazole,15
P0336,2024,Kharif,Rice,3.22,17.39,5.4,2024-10-08,2025-02-16,DAP,None,9
P0336,2024,Summer,Rice,3.22,16.36,5.08,2024-06-09,2024-09-21,MOP,Chlorpyrifos,8
P0337,2020,Kharif,Groundnut,3.1,9.15,2.95,2020-07-05,2020-11-18,NPK 19:19:19,Tricyclazole,25
P0337,2020,Summer,Groundnut,3.1,7.97,2.57,2020-06-12,2020-11-05,Organic Compost,None,23
P0337,2021,Kharif,Groundnut,3.1,6.42,2.07,2021-10-06,2022-01-29,DAP,Tricyclazole,16
P0337,2021,Rabi,Groundnut,3.1,3.44,1.11,2021-11-08,2022-03-22,DAP,None,24
P0337,2021,Summer,Groundnut,3.1,5.77,1.86,2021-10-03,2022-01-23,NPK 19:19:19,None,21
P0337,2022,Kharif,Groundnut,3.1,3.94,1.27,2022-11-04,2023-02-16,MOP,Tricyclazole,20
P0337,2022,Rabi,Groundnut,3.1,5.08,1.64,2022-06-15,2022-10-06,Organic Compost,Tricyclazole,15
P0337,2022,Summer,Rice,3.1,19.19,6.19,2022-06-09,2022-10-07,NPK 19:19:19,Carbendazim,22
P0337,2023,Kharif,Groundnut,3.1,9.15,2.95,2023-06-21,2023-10-05,Organic Compost,Carbendazim,13
P0337,2023,Rabi,Groundnut,3.1,3.26,1.05,2023-11-21,2024-04-15,Organic Compost,Carbendazim,15
P0337,2023,Summer,Rice,3.1,15.53,5.01,2023-06-10,2023-10-23,NPK 19:19:19,None,20
P0337,2024,Kharif,Groundnut,3.1,10.6,3.42,2024-06-17,2024-10-28,MOP,None,24
P0337,2024,Rabi,Rice,3.1,19.44,6.27,2024-07-10,2024-11-05,DAP,Chlorpyrifos,21
P0338,2020,Rabi,Rice,0.82,4.62,5.64,2020-11-07,2021-04-04,DAP,None,16
P0338,2020,Summer,Rice,0.82,5.0,6.1,2020-06-07,2020-10-13,DAP,Chlorpyrifos,24
P0338,2021,Kharif,Rice,0.82,4.03,4.92,2021-10-11,2022-01-19,Urea,Chlorpyrifos,16
P0338,2021,Rabi,Rice,0.82,3.17,3.86,2021-11-10,2022-03-21,Organic Compost,Chlorpyrifos,23
P0338,2022,Kharif,Sugarcane,0.82,2.71,3.31,2022-06-07,2022-09-29,NPK 19:19:19,Chlorpyrifos,13
P0338,2022,Rabi,Rice,0.82,4.95,6.04,2022-06-12,2022-10-12,Organic Compost,Chlorpyrifos,19
P0338,2022,Summer,Rice,0.82,2.38,2.9,2022-06-06,2022-09-19,NPK 19:19:19,None,21
P0338,2023,Summer,Rice,0.82,3.32,4.05,2023-11-25,2024-04-06,Urea,Chlorpyrifos,24
P0338,2024,Kharif,Rice,0.82,5.01,6.11,2024-11-06,2025-03-12,MOP,None,8
P0339,2020,Kharif,Sugarcane,0.63,0.9,1.43,2020-11-18,2021-03-02,Organic Compost,Chlorpyrifos,22
P0339,2020,Rabi,Rice,0.63,1.89,3.0,2020-10-21,2021-03-06,Urea,Chlorpyrifos,13
P0339,2020,Summer,Rice,0.63,2.25,3.57,2020-10-14,2021-02-27,Organic Compost,Carbendazim,15
P0339,2021,Kharif,Sugarcane,0.63,0.91,1.44,2021-07-08,2021-12-04,NPK 19:19:19,Chlorpyrifos,17
P0339,2021,Rabi,Sugarcane,0.63,0.76,1.21,2021-06-28,2021-11-18,NPK 19:19:19,Chlorpyrifos,15
P0339,2021,Summer,Sugarcane,0.63,0.73,1.16,2021-11-18,2022-02-27,Organic Compost,Carbendazim,20
P0339,2022,Kharif,Rice,0.63,3.67,5.82,2022-10-23,2023-02-04,Organic Compost,None,16
P0339,2023,Kharif,Rice,0.63,3.41,5.41,2023-06-18,2023-10-08,DAP,Carbendazim,25
P0339,2023,Rabi,Rice,0.63,3.57,5.67,2023-11-06,2024-02-27,Organic Compost,Tricyclazole,10
P0339,2023,Summer,Rice,0.63,2.56,4.07,2023-07-26,2023-12-01,NPK 19:19:19,None,21
P0339,2024,Kharif,Rice,0.63,3.26,5.18,2024-10-21,2025-02-02,NPK 19:19:19,None,21
P0339,2024,Rabi,Sugarcane,0.63,1.28,2.03,2024-10-03,2025-02-24,Organic Compost,Carbendazim,15
P0339,2024,Summer,Sugarcane,0.63,1.69,2.69,2024-11-23,2025-03-18,NPK 19:19:19,Carbendazim,21
P0340,2020,Kharif,Rice,1.65,6.88,4.17,2020-10-08,2021-02-06,NPK 19:19:19,Tricyclazole,24
P0340,2020,Rabi,Groundnut,1.65,2.61,1.58,2020-10-11,2021-02-20,Urea,Chlorpyrifos,22
P0340,2021,Kharif,Groundnut,1.65,5.31,3.22,2021-07-25,2021-12-11,NPK 19:19:19,None,17
P0340,2022,Rabi,Groundnut,1.65,2.29,1.39,2022-11-21,2023-03-04,NPK 19:19:19,Chlorpyrifos,18
P0340,2022,Summer,Rice,1.65,8.66,5.25,2022-11-25,2023-03-11,DAP,Tricyclazole,21
P0340,2024,Rabi,Rice,1.65,5.2,3.15,2024-10-07,2025-02-15,DAP,Tricyclazole,25
P0340,2024,Summer,Groundnut,1.65,1.72,1.04,2024-10-11,2025-01-26,NPK 19:19:19,None,22
P0341,2020,Kharif,Rice,1.71,9.17,5.36,2020-11-28,2021-04-23,DAP,Chlorpyrifos,10
P0341,2020,Summer,Rice,1.71,9.52,5.57,2020-07-22,2020-11-29,Organic Compost,Carbendazim,13
P0341,2021,Kharif,Rice,1.71,6.87,4.02,2021-06-13,2021-10-14,MOP,Carbendazim,23
P0341,2021,Summer,Groundnut,1.71,5.59,3.27,2021-06-01,2021-10-22,NPK 19:19:19,None,18
P0341,2022,Kharif,Rice,1.71,7.46,4.36,2022-10-16,2023-02-06,MOP,None,9
P0341,2022,Rabi,Rice,1.71,10.57,6.18,2022-06-24,2022-10-29,Urea,Tricyclazole,10
P0341,2022,Summer,Groundnut,1.71,3.44,2.01,2022-06-15,2022-10-17,DAP,Carbendazim,17
P0341,2023,Kharif,Groundnut,1.71,2.1,1.23,2023-11-23,2024-04-08,Urea,Carbendazim,14
P0341,2023,Summer,Groundnut,1.71,3.13,1.83,2023-11-11,2024-03-19,MOP,Carbendazim,20
P0341,2024,Kharif,Groundnut,1.71,5.98,3.5,2024-07-09,2024-12-05,NPK 19:19:19,None,19
P0341,2024,Summer,Groundnut,1.71,4.22,2.47,2024-10-20,2025-03-14,NPK 19:19:19,Tricyclazole,20
P0342,2020,Kharif,Rice,0.37,1.6,4.33,2020-11-25,2021-03-25,Urea,Carbendazim,11
P0342,2021,Kharif,Groundnut,0.37,0.61,1.65,2021-10-17,2022-02-22,Urea,Chlorpyrifos,20
P0342,2021,Summer,Groundnut,0.37,1.17,3.16,2021-11-20,2022-03-03,DAP,Chlorpyrifos,8
P0342,2022,Kharif,Rice,0.37,1.88,5.09,2022-10-07,2023-01-19,Urea,Chlorpyrifos,16
P0342,2022,Rabi,Rice,0.37,1.75,4.73,2022-10-27,2023-03-04,Organic Compost,None,9
P0342,2022,Summer,Rice,0.37,2.16,5.83,2022-11-13,2023-04-12,Organic Compost,Tricyclazole,12
P0342,2023,Kharif,Rice,0.37,2.31,6.24,2023-11-21,2024-03-13,MOP,Tricyclazole,24
P0342,2023,Rabi,Groundnut,0.37,0.71,1.93,2023-06-21,2023-11-11,Urea,Carbendazim,11
P0342,2024,Kharif,Groundnut,0.37,0.7,1.9,2024-11-16,2025-04-03,Organic Compost,Chlorpyrifos,12
P0342,2024,Rabi,Groundnut,0.37,0.73,1.96,2024-10-28,2025-03-15,DAP,Tricyclazole,10
P0342,2024,Summer,Groundnut,0.37,0.79,2.13,2024-10-11,2025-03-09,Urea,Chlorpyrifos,8
P0343,2020,Kharif,Rice,1.81,3.82,2.11,2020-10-09,2021-02-28,DAP,Carbendazim,17
P0343,2020,Summer,Rice,1.81,7.26,4.01,2020-11-27,2021-04-13,Organic Compost,Carbendazim,11
P0343,2021,Rabi,Sugarcane,1.81,4.16,2.3,2021-10-25,2022-03-08,Organic Compost,Tricyclazole,8
P0343,2021,Summer,Sugarcane,1.81,5.94,3.28,2021-11-08,2022-03-24,MOP,None,25
P0343,2022,Kharif,Rice,1.81,10.95,6.05,2022-06-24,2022-11-17,MOP,None,17
P0343,2022,Rabi,Rice,1.81,7.35,4.06,2022-11-09,2023-02-28,NPK 19:19:19,Chlorpyrifos,19
P0343,2023,Summer,Rice,1.81,5.68,3.14,2023-06-20,2023-10-19,DAP,Tricyclazole,16
P0343,2024,Kharif,Sugarcane,1.81,2.91,1.61,2024-10-03,2025-02-19,Urea,Carbendazim,20
P0343,2024,Rabi,Rice,1.81,11.62,6.42,2024-11-18,2025-03-08,Urea,Chlorpyrifos,18
P0343,2024,Summer,Rice,1.81,8.89,4.91,2024-06-18,2024-11-06,Organic Compost,Tricyclazole,23
P0344,2020,Kharif,Groundnut,2.39,3.54,1.48,2020-10-01,2021-01-15,Organic Compost,Chlorpyrifos,13
P0344,2020,Rabi,Groundnut,2.39,7.96,3.33,2020-11-27,2021-04-15,NPK 19:19:19,Carbendazim,20
P0344,2020,Summer,Rice,2.39,5.5,2.3,2020-11-25,2021-04-04,NPK 19:19:19,Chlorpyrifos,21
P0344,2021,Kharif,Groundnut,2.39,7.79,3.26,2021-11-03,2022-03-08,DAP,Tricyclazole,14
P0344,2021,Rabi,Rice,2.39,6.31,2.64,2021-07-01,2021-10-21,NPK 19:19:19,Chlorpyrifos,17
P0344,2021,Summer,Groundnut,2.39,3.9,1.63,2021-10-01,2022-02-17,NPK 19:19:19,Carbendazim,16
P0344,2022,Kharif,Groundnut,2.39,3.73,1.56,2022-06-25,2022-10-23,MOP,Carbendazim,15
P0344,2022,Rabi,Rice,2.39,5.95,2.49,2022-10-04,2023-01-20,NPK 19:19:19,Tricyclazole,13
P0344,2023,Kharif,Rice,2.39,14.08,5.89,2023-06-23,2023-10-12,Organic Compost,Chlorpyrifos,16
P0344,2023,Rabi,Groundnut,2.39,6.43,2.69,2023-06-01,2023-10-29,DAP,None,19
P0344,2024,Kharif,Rice,2.39,9.08,3.8,2024-10-21,2025-02-20,NPK 19:19:19,Tricyclazole,9
P0345,2021,Kharif,Rice,1.93,11.62,6.02,2021-10-01,2022-01-26,Urea,Carbendazim,22
P0345,2021,Summer,Rice,1.93,7.49,3.88,2021-11-14,2022-03-27,Urea,Chlorpyrifos,23
P0345,2022,Kharif,Rice,1.93,11.06,5.73,2022-07-08,2022-10-31,NPK 19:19:19,Carbendazim,12
P0345,2022,Summer,Rice,1.93,12.22,6.33,2022-10-15,2023-02-17,Urea,Tricyclazole,13
P0345,2023,Kharif,Rice,1.93,6.31,3.27,2023-06-24,2023-10-28,Urea,Chlorpyrifos,10
P0345,2023,Rabi,Rice,1.93,5.42,2.81,2023-11-08,2024-03-29,NPK 19:19:19,Carbendazim,12
P0345,2024,Kharif,Sugarcane,1.93,3.28,1.7,2024-10-23,2025-02-23,Urea,Chlorpyrifos,9
P0345,2024,Summer,Rice,1.93,5.37,2.78,2024-11-15,2025-04-07,MOP,Carbendazim,9
P0346,2020,Rabi,Rice,2.57,7.58,2.95,2020-06-10,2020-10-31,MOP,Chlorpyrifos,18
P0346,2020,Summer,Rice,2.57,13.42,5.22,2020-07-11,2020-11-28,NPK 19:19:19,Chlorpyrifos,25
P0346,2021,Kharif,Sugarcane,2.57,8.92,3.47,2021-06-16,2021-11-07,Urea,Chlorpyrifos,24
P0346,2021,Summer,Rice,2.57,13.98,5.44,2021-06-08,2021-11-02,Urea,Tricyclazole,16
P0346,2022,Kharif,Rice,2.57,15.29,5.95,2022-06-12,2022-11-03,DAP,Carbendazim,9
P0346,2022,Rabi,Rice,2.57,9.2,3.58,2022-10-14,2023-03-08,DAP,None,20
P0346,2022,Summer,Sugarcane,2.57,8.66,3.37,2022-06-04,2022-10-21,MOP,Tricyclazole,14
P0346,2023,Kharif,Rice,2.57,5.14,2.0,2023-10-08,2024-03-06,Urea,Carbendazim,25
P0346,2024,Kharif,Rice,2.57,6.6,2.57,2024-10-27,2025-03-24,Urea,Carbendazim,16
P0346,2024,Rabi,Rice,2.57,13.85,5.39,2024-07-25,2024-12-18,Urea,Carbendazim,9
P0346,2024,Summer,Sugarcane,2.57,6.96,2.71,2024-07-01,2024-10-30,Organic Compost,None,9
P0347,2020,Summer,Rice,2.32,6.31,2.72,2020-07-24,2020-12-10,NPK 19:19:19,Chlorpyrifos,8
P0347,2021,Kharif,Rice,2.32,14.45,6.23,2021-10-23,2022-02-22,NPK 19:19:19,Chlorpyrifos,24
P0347,2021,Summer,Sugarcane,2.32,5.5,2.37,2021-10-24,2022-03-01,DAP,Chlorpyrifos,15
P0347,2022,Kharif,Rice,2.32,10.67,4.6,2022-07-03,2022-10-12,MOP,None,25
P0347,2022,Rabi,Rice,2.32,10.18,4.39,2022-11-18,2023-03-26,DAP,None,18
P0347,2022,Summer,Rice,2.32,4.76,2.05,2022-11-17,2023-03-09,Urea,Tricyclazole,19
P0347,2023,Kharif,Rice,2.32,11.28,4.86,2023-11-25,2024-04-23,Urea,Tricyclazole,17
P0347,2023,Summer,Rice,2.32,4.69,2.02,2023-11-21,2024-03-29,DAP,Chlorpyrifos,22
P0347,2024,Rabi,Sugarcane,2.32,7.1,3.06,2024-10-17,2025-02-22,Urea,None,12
P0348,2020,Rabi,Groundnut,1.78,5.3,2.98,2020-06-09,2020-10-12,Organic Compost,None,22
P0348,2020,Summer,Groundnut,1.78,5.45,3.06,2020-06-21,2020-10-24,Organic Compost,Carbendazim,23
P0348,2021,Kharif,Groundnut,1.78,3.1,1.74,2021-07-02,2021-10-19,MOP,Carbendazim,8
P0348,2021,Rabi,Groundnut,1.78,2.14,1.2,2021-06-19,2021-10-27,Organic Compost,None,11
P0348,2022,Summer,Groundnut,1.78,4.54,2.55,2022-06-24,2022-10-27,MOP,Chlorpyrifos,21
P0348,2023,Rabi,Groundnut,1.78,3.01,1.69,2023-11-22,2024-03-27,Urea,None,23
P0348,2023,Summer,Groundnut,1.78,3.29,1.85,2023-10-06,2024-02-11,MOP,Chlorpyrifos,8
P0348,2024,Kharif,Rice,1.78,3.6,2.02,2024-07-01,2024-11-19,NPK 19:19:19,None,24
P0349,2020,Rabi,Rice,2.85,9.49,3.33,2020-06-27,2020-11-05,NPK 19:19:19,Tricyclazole,16
P0349,2021,Rabi,Rice,2.85,8.72,3.06,2021-07-18,2021-12-07,NPK 19:19:19,Tricyclazole,12
P0349,2022,Kharif,Rice,2.85,8.92,3.13,2022-11-27,2023-04-23,MOP,Tricyclazole,11
P0349,2023,Kharif,Groundnut,2.85,6.36,2.23,2023-11-21,2024-03-15,NPK 19:19:19,Chlorpyrifos,10
P0349,2023,Summer,Rice,2.85,16.05,5.63,2023-06-15,2023-10-03,Urea,Carbendazim,23
P0349,2024,Kharif,Rice,2.85,11.54,4.05,2024-06-21,2024-10-05,MOP,Tricyclazole,16
P0349,2024,Rabi,Groundnut,2.85,5.5,1.93,2024-10-18,2025-03-07,MOP,Tricyclazole,8
P0349,2024,Summer,Groundnut,2.85,9.06,3.18,2024-11-21,2025-03-30,MOP,Carbendazim,23
P0350,2020,Kharif,Rice,1.08,5.85,5.42,2020-06-27,2020-11-11,Organic Compost,Chlorpyrifos,23
P0350,2020,Rabi,Sugarcane,1.08,3.16,2.93,2020-10-06,2021-01-27,Organic Compost,None,17
P0350,2022,Rabi,Rice,1.08,6.29,5.82,2022-06-26,2022-11-02,Urea,None,12
P0350,2022,Summer,Sugarcane,1.08,2.29,2.12,2022-10-11,2023-02-04,DAP,Tricyclazole,17
P0350,2023,Kharif,Rice,1.08,2.84,2.63,2023-11-07,2024-03-19,Urea,None,23
P0350,2023,Rabi,Rice,1.08,6.25,5.79,2023-07-02,2023-10-22,MOP,Chlorpyrifos,10
P0350,2023,Summer,Rice,1.08,3.37,3.12,2023-11-08,2024-03-30,Urea,None,16
P0350,2024,Kharif,Rice,1.08,2.68,2.48,2024-11-23,2025-03-08,MOP,None,17
P0350,2024,Summer,Rice,1.08,6.19,5.73,2024-11-11,2025-04-03,NPK 19:19:19,Tricyclazole,12
P0351,2021,Kharif,Rice,2.12,12.83,6.05,2021-06-19,2021-10-30,NPK 19:19:19,Tricyclazole,21
P0351,2021,Rabi,Rice,2.12,5.7,2.69,2021-07-03,2021-11-01,NPK 19:19:19,Tricyclazole,14
P0351,2021,Summer,Groundnut,2.12,4.52,2.13,2021-06-03,2021-09-11,Urea,Tricyclazole,25
P0351,2022,Kharif,Groundnut,2.12,6.53,3.08,2022-10-14,2023-03-10,Urea,Carbendazim,23
P0351,2022,Rabi,Rice,2.12,9.67,4.56,2022-10-14,2023-02-26,DAP,Tricyclazole,17
P0351,2022,Summer,Rice,2.12,8.48,4.0,2022-07-11,2022-11-17,NPK 19:19:19,Tricyclazole,23
P0351,2023,Kharif,Groundnut,2.12,5.45,2.57,2023-10-03,2024-02-04,NPK 19:19:19,None,15
P0351,2023,Rabi,Groundnut,2.12,2.65,1.25,2023-11-24,2024-03-04,Urea,Carbendazim,9
P0351,2023,Summer,Rice,2.12,5.17,2.44,2023-10-21,2024-03-18,Organic Compost,Tricyclazole,15
P0352,2020,Kharif,Rice,0.49,1.9,3.88,2020-10-23,2021-03-09,Urea,Carbendazim,19
P0352,2020,Rabi,Rice,0.49,2.09,4.27,2020-07-26,2020-12-22,MOP,None,20
P0352,2021,Kharif,Rice,0.49,2.6,5.31,2021-11-06,2022-03-21,Organic Compost,None,18
P0352,2021,Rabi,Sugarcane,0.49,1.5,3.07,2021-11-02,2022-03-24,DAP,None,25
P0352,2022,Kharif,Rice,0.49,2.78,5.67,2022-10-07,2023-02-01,DAP,Tricyclazole,15
P0352,2022,Summer,Sugarcane,0.49,1.62,3.3,2022-11-20,2023-04-09,DAP,Carbendazim,23
P0352,2023,Rabi,Rice,0.49,2.0,4.09,2023-06-23,2023-10-28,DAP,None,25
P0352,2023,Summer,Rice,0.49,1.88,3.83,2023-07-01,2023-11-17,NPK 19:19:19,Carbendazim,12
P0352,2024,Kharif,Rice,0.49,1.5,3.06,2024-07-13,2024-11-23,MOP,Tricyclazole,8
P0352,2024,Rabi,Rice,0.49,2.46,5.02,2024-10-04,2025-02-07,Organic Compost,None,25
P0353,2020,Rabi,Sugarcane,1.67,5.44,3.26,2020-07-15,2020-11-22,DAP,None,13
P0353,2021,Rabi,Sugarcane,1.67,2.77,1.66,2021-11-13,2022-03-07,MOP,None,22
P0353,2021,Summer,Rice,1.67,5.9,3.53,2021-10-15,2022-02-19,DAP,Chlorpyrifos,17
P0353,2022,Kharif,Sugarcane,1.67,3.39,2.03,2022-10-25,2023-02-09,DAP,None,23
P0353,2022,Rabi,Sugarcane,1.67,4.54,2.72,2022-06-08,2022-10-09,DAP,Carbendazim,18
P0353,2023,Kharif,Rice,1.67,6.01,3.6,2023-06-21,2023-09-30,NPK 19:19:19,Carbendazim,18
P0353,2023,Rabi,Rice,1.67,5.69,3.41,2023-11-14,2024-03-19,NPK 19:19:19,Carbendazim,11
P0353,2024,Kharif,Rice,1.67,3.69,2.21,2024-07-15,2024-11-19,Organic Compost,Chlorpyrifos,14
P0353,2024,Rabi,Rice,1.67,4.29,2.57,2024-07-21,2024-12-18,MOP,Carbendazim,12
P0354,2020,Kharif,Rice,3.19,15.92,4.99,2020-11-28,2021-03-08,MOP,Chlorpyrifos,17
P0354,2020,Summer,Rice,3.19,17.96,5.63,2020-10-14,2021-01-28,Urea,None,11
P0354,2021,Summer,Sugarcane,3.19,8.45,2.65,2021-07-19,2021-12-07,Urea,Chlorpyrifos,24
P0354,2022,Kharif,Rice,3.19,10.43,3.27,2022-10-17,2023-02-10,Urea,None,12
P0354,2022,Rabi,Rice,3.19,16.4,5.14,2022-07-15,2022-11-23,MOP,Tricyclazole,24
P0354,2022,Summer,Rice,3.19,7.75,2.43,2022-06-27,2022-11-11,NPK 19:19:19,Carbendazim,16
P0354,2023,Kharif,Rice,3.19,15.82,4.96,2023-06-17,2023-09-25,Urea,Chlorpyrifos,13
P0354,2023,Rabi,Rice,3.19,15.06,4.72,2023-11-09,2024-02-23,NPK 19:19:19,Carbendazim,25
P0354,2023,Summer,Rice,3.19,9.89,3.1,2023-07-23,2023-12-06,NPK 19:19:19,Carbendazim,18
P0354,2024,Rabi,Rice,3.19,6.57,2.06,2024-11-05,2025-03-18,DAP,Chlorpyrifos,25
P0354,2024,Summer,Rice,3.19,7.02,2.2,2024-11-06,2025-03-12,Urea,None,19
P0355,2020,Kharif,Rice,1.73,9.45,5.46,2020-06-28,2020-11-08,Organic Compost,None,8
P0355,2020,Rabi,Rice,1.73,7.01,4.05,2020-06-11,2020-10-01,DAP,Tricyclazole,24
P0355,2020,Summer,Rice,1.73,11.23,6.49,2020-07-02,2020-11-27,Urea,Tricyclazole,10
P0355,2021,Rabi,Rice,1.73,4.79,2.77,2021-11-19,2022-04-15,DAP,Chlorpyrifos,22
P0355,2021,Summer,Sugarcane,1.73,2.89,1.67,2021-07-04,2021-11-04,MOP,None,25
P0355,2022,Summer,Rice,1.73,8.29,4.79,2022-11-24,2023-03-12,DAP,Carbendazim,12
P0355,2023,Kharif,Sugarcane,1.73,5.05,2.92,2023-07-11,2023-11-22,DAP,Carbendazim,13
P0355,2023,Rabi,Sugarcane,1.73,5.07,2.93,2023-07-18,2023-12-02,Organic Compost,Tricyclazole,16
P0355,2023,Summer,Rice,1.73,4.55,2.63,2023-06-02,2023-10-19,DAP,Chlorpyrifos,19
P0355,2024,Kharif,Rice,1.73,10.41,6.02,2024-11-28,2025-03-17,DAP,Carbendazim,20
P0355,2024,Rabi,Rice,1.73,8.13,4.7,2024-11-03,2025-03-25,MOP,Carbendazim,25
P0355,2024,Summer,Rice,1.73,4.62,2.67,2024-06-23,2024-11-10,NPK 19:19:19,None,16
P0356,2020,Kharif,Rice,2.26,9.29,4.11,2020-10-03,2021-02-07,MOP,Chlorpyrifos,9
P0356,2020,Summer,Rice,2.26,13.9,6.15,2020-10-11,2021-02-04,Urea,None,25
P0356,2021,Kharif,Rice,2.26,9.74,4.31,2021-11-21,2022-03-11,MOP,Carbendazim,25
P0356,2021,Rabi,Rice,2.26,10.37,4.59,2021-10-02,2022-01-12,DAP,Tricyclazole,13
P0356,2021,Summer,Groundnut,2.26,7.01,3.1,2021-10-24,2022-03-07,NPK 19:19:19,Chlorpyrifos,8
P0356,2022,Kharif,Rice,2.26,5.33,2.36,2022-10-15,2023-01-24,NPK 19:19:19,Carbendazim,14
P0356,2022,Rabi,Rice,2.26,6.01,2.66,2022-11-11,2023-04-03,Organic Compost,Chlorpyrifos,18
P0356,2023,Kharif,Rice,2.26,11.66,5.16,2023-11-17,2024-02-26,Organic Compost,Carbendazim,21
P0356,2023,Rabi,Rice,2.26,11.59,5.13,2023-06-04,2023-10-03,Organic Compost,None,12
P0356,2023,Summer,Groundnut,2.26,3.32,1.47,2023-07-09,2023-12-01,Organic Compost,Carbendazim,23
P0356,2024,Kharif,Rice,2.26,10.33,4.57,2024-07-12,2024-10-27,Urea,Tricyclazole,22
P0356,2024,Rabi,Rice,2.26,5.04,2.23,2024-10-25,2025-03-01,MOP,Tricyclazole,23
P0356,2024,Summer,Rice,2.26,9.18,4.06,2024-11-16,2025-03-14,DAP,None,25
P0357,2020,Rabi,Rice,0.68,3.42,5.03,2020-06-28,2020-11-25,Urea,Tricyclazole,15
P0357,2021,Kharif,Rice,0.68,4.08,6.0,2021-06-27,2021-10-21,DAP,None,12
P0357,2022,Kharif,Sugarcane,0.68,1.05,1.54,2022-10-15,2023-02-07,NPK 19:19:19,Chlorpyrifos,24
P0357,2022,Rabi,Sugarcane,0.68,1.92,2.82,2022-10-15,2023-02-15,MOP,Chlorpyrifos,18
P0357,2022,Summer,Rice,0.68,1.43,2.11,2022-11-18,2023-03-21,NPK 19:19:19,Tricyclazole,16
P0357,2023,Kharif,Sugarcane,0.68,1.2,1.77,2023-07-22,2023-11-24,Organic Compost,Tricyclazole,11
P0357,2024,Rabi,Sugarcane,0.68,1.09,1.6,2024-10-11,2025-02-03,NPK 19:19:19,Carbendazim,12
P0357,2024,Summer,Rice,0.68,2.24,3.29,2024-10-15,2025-01-23,Urea,Carbendazim,19
P0358,2020,Rabi,Groundnut,1.52,3.36,2.21,2020-07-25,2020-11-14,NPK 19:19:19,Carbendazim,11
P0358,2020,Summer,Rice,1.52,4.39,2.89,2020-11-21,2021-03-08,NPK 19:19:19,Carbendazim,19
P0358,2022,Kharif,Rice,1.52,4.07,2.68,2022-07-08,2022-11-26,Urea,Tricyclazole,22
P0358,2022,Rabi,Rice,1.52,7.92,5.21,2022-06-28,2022-10-12,NPK 19:19:19,Tricyclazole,22
P0358,2023,Kharif,Groundnut,1.52,3.59,2.36,2023-06-27,2023-10-21,Urea,Carbendazim,12
P0358,2023,Rabi,Rice,1.52,6.96,4.58,2023-07-22,2023-11-25,MOP,Tricyclazole,16
P0358,2023,Summer,Groundnut,1.52,3.01,1.98,2023-10-25,2024-03-03,Organic Compost,Chlorpyrifos,24
P0358,2024,Kharif,Groundnut,1.52,4.04,2.66,2024-06-23,2024-11-03,NPK 19:19:19,Tricyclazole,17
P0358,2024,Rabi,Rice,1.52,4.33,2.85,2024-06-18,2024-10-14,Organic Compost,Tricyclazole,18
P0359,2020,Rabi,Rice,3.26,9.36,2.87,2020-06-28,2020-10-26,Urea,Chlorpyrifos,21
P0359,2021,Rabi,Rice,3.26,21.12,6.48,2021-06-05,2021-10-23,Organic Compost,Carbendazim,18
P0359,2021,Summer,Sugarcane,3.26,6.32,1.94,2021-11-19,2022-03-19,Urea,Chlorpyrifos,21
P0359,2022,Kharif,Rice,3.26,10.07,3.09,2022-06-16,2022-10-27,DAP,None,24
P0359,2022,Rabi,Rice,3.26,8.12,2.49,2022-10-19,2023-02-15,DAP,Carbendazim,18
P0359,2022,Summer,Rice,3.26,16.69,5.12,2022-07-06,2022-11-06,Urea,Chlorpyrifos,17
P0359,2023,Rabi,Rice,3.26,21.09,6.47,2023-06-25,2023-10-27,NPK 19:19:19,Carbendazim,14
P0359,2024,Kharif,Rice,3.26,9.49,2.91,2024-07-17,2024-11-20,NPK 19:19:19,None,12
P0359,2024,Summer,Rice,3.26,7.6,2.33,2024-07-17,2024-12-11,NPK 19:19:19,None,23
P0360,2020,Kharif,Rice,0.87,2.84,3.26,2020-10-07,2021-01-28,NPK 19:19:19,None,13
P0360,2020,Rabi,Sugarcane,0.87,1.67,1.92,2020-07-08,2020-12-01,MOP,None,20
P0360,2020,Summer,Sugarcane,0.87,1.59,1.83,2020-06-26,2020-10-14,Urea,Carbendazim,10
P0360,2021,Rabi,Rice,0.87,3.6,4.14,2021-10-28,2022-02-11,DAP,Tricyclazole,24
P0360,2021,Summer,Rice,0.87,2.4,2.76,2021-10-18,2022-02-18,Urea,Chlorpyrifos,15
P0360,2022,Rabi,Rice,0.87,5.23,6.01,2022-07-09,2022-10-19,MOP,Chlorpyrifos,9
P0360,2022,Summer,Rice,0.87,1.81,2.08,2022-06-08,2022-10-25,MOP,Carbendazim,24
P0360,2023,Kharif,Rice,0.87,2.38,2.74,2023-11-12,2024-03-31,MOP,None,24
P0360,2023,Rabi,Rice,0.87,5.27,6.06,2023-11-18,2024-04-16,DAP,Chlorpyrifos,18
P0360,2023,Summer,Rice,0.87,3.19,3.67,2023-11-08,2024-03-19,Organic Compost,None,24
P0360,2024,Kharif,Rice,0.87,4.79,5.5,2024-07-20,2024-12-03,MOP,Tricyclazole,25
P0360,2024,Summer,Rice,0.87,4.98,5.72,2024-11-23,2025-03-16,DAP,None,22
P0361,2020,Kharif,Rice,3.01,6.02,2.0,2020-11-21,2021-03-25,MOP,None,17
P0361,2020,Summer,Rice,3.01,16.95,5.63,2020-06-04,2020-10-11,Urea,Carbendazim,21
P0361,2021,Kharif,Sugarcane,3.01,6.89,2.29,2021-10-26,2022-02-23,Organic Compost,None,20
P0361,2021,Summer,Sugarcane,3.01,4.27,1.42,2021-07-06,2021-10-26,DAP,None,16
P0361,2024,Kharif,Sugarcane,3.01,5.87,1.95,2024-06-24,2024-10-17,DAP,Carbendazim,10
P0361,2024,Rabi,Rice,3.01,17.31,5.75,2024-10-23,2025-02-09,DAP,Tricyclazole,11
P0362,2020,Summer,Rice,0.78,4.27,5.47,2020-10-01,2021-02-23,MOP,Carbendazim,17
P0362,2021,Summer,Rice,0.78,2.08,2.67,2021-10-08,2022-01-17,DAP,None,8
P0362,2022,Summer,Rice,0.78,2.39,3.06,2022-07-09,2022-11-28,Urea,Tricyclazole,11
P0362,2023,Kharif,Rice,0.78,2.13,2.73,2023-10-08,2024-03-04,MOP,Tricyclazole,11
P0362,2023,Rabi,Sugarcane,0.78,1.33,1.7,2023-11-06,2024-03-22,Organic Compost,Carbendazim,21
P0362,2023,Summer,Sugarcane,0.78,1.83,2.34,2023-10-02,2024-02-28,Organic Compost,Tricyclazole,22
P0362,2024,Kharif,Rice,0.78,4.73,6.07,2024-07-13,2024-10-25,Urea,Chlorpyrifos,8
P0362,2024,Rabi,Rice,0.78,4.7,6.03,2024-06-13,2024-10-06,DAP,Tricyclazole,9
P0363,2020,Kharif,Rice,1.47,8.5,5.78,2020-10-14,2021-02-21,DAP,Tricyclazole,10
P0363,2020,Rabi,Groundnut,1.47,2.0,1.36,2020-11-06,2021-03-23,MOP,Tricyclazole,22
P0363,2020,Summer,Groundnut,1.47,2.19,1.49,2020-07-23,2020-11-19,Organic Compost,Chlorpyrifos,10
P0363,2022,Summer,Groundnut,1.47,4.37,2.97,2022-07-17,2022-12-10,DAP,Carbendazim,13
P0363,2023,Kharif,Groundnut,1.47,2.88,1.96,2023-10-20,2024-01-29,NPK 19:19:19,None,17
P0363,2023,Rabi,Rice,1.47,3.43,2.33,2023-06-09,2023-10-06,MOP,Carbendazim,13
P0363,2024,Kharif,Rice,1.47,7.41,5.04,2024-10-13,2025-02-18,Organic Compost,Chlorpyrifos,15
P0363,2024,Rabi,Rice,1.47,8.95,6.09,2024-06-09,2024-10-13,Organic Compost,Chlorpyrifos,14
P0363,2024,Summer,Groundnut,1.47,4.87,3.31,2024-10-04,2025-02-03,MOP,Chlorpyrifos,14
P0364,2020,Kharif,Sugarcane,0.75,0.9,1.2,2020-10-26,2021-03-14,Organic Compost,None,18
P0364,2021,Kharif,Rice,0.75,2.72,3.63,2021-10-18,2022-02-25,MOP,None,24
P0364,2021,Rabi,Rice,0.75,1.94,2.58,2021-10-26,2022-03-05,DAP,Chlorpyrifos,8
P0364,2022,Rabi,Rice,0.75,3.19,4.26,2022-11-20,2023-03-19,MOP,Tricyclazole,22
P0364,2023,Kharif,Rice,0.75,1.83,2.44,2023-07-24,2023-12-10,Organic Compost,Chlorpyrifos,19
P0364,2023,Rabi,Sugarcane,0.75,1.95,2.6,2023-10-02,2024-02-14,NPK 19:19:19,Chlorpyrifos,12
P0364,2023,Summer,Rice,0.75,3.79,5.05,2023-07-11,2023-10-27,MOP,Carbendazim,11
P0364,2024,Kharif,Rice,0.75,2.89,3.85,2024-10-12,2025-03-08,MOP,None,12
P0364,2024,Rabi,Sugarcane,0.75,1.7,2.27,2024-11-14,2025-04-04,Organic Compost,Carbendazim,9
P0364,2024,Summer,Sugarcane,0.75,1.22,1.62,2024-10-16,2025-01-26,NPK 19:19:19,Carbendazim,13
P0365,2020,Kharif,Rice,0.55,1.16,2.11,2020-07-23,2020-11-09,MOP,Carbendazim,15
P0365,2020,Summer,Rice,0.55,3.25,5.91,2020-10-08,2021-02-04,DAP,Tricyclazole,10
P0365,2021,Rabi,Rice,0.55,1.2,2.19,2021-07-26,2021-11-10,Urea,Carbendazim,21
P0365,2021,Summer,Rice,0.55,3.5,6.36,2021-10-08,2022-03-03,Urea,Chlorpyrifos,13
P0365,2022,Kharif,Groundnut,0.55,1.16,2.11,2022-11-09,2023-03-26,NPK 19:19:19,Tricyclazole,9
P0365,2022,Rabi,Groundnut,0.55,1.25,2.27,2022-10-10,2023-01-28,DAP,None,22
P0365,2022,Summer,Rice,0.55,2.92,5.31,2022-11-17,2023-03-02,Urea,None,11
P0365,2023,Rabi,Rice,0.55,2.6,4.73,2023-06-12,2023-10-15,MOP,Chlorpyrifos,11
P0365,2024,Kharif,Rice,0.55,1.73,3.15,2024-06-01,2024-09-26,Urea,None,9
P0365,2024,Rabi,Groundnut,0.55,1.81,3.29,2024-06-24,2024-10-20,DAP,None,17
P0365,2024,Summer,Groundnut,0.55,0.95,1.72,2024-06-23,2024-10-27,MOP,None,12
P0366,2020,Rabi,Rice,0.33,1.85,5.6,2020-07-03,2020-10-12,MOP,None,14
P0366,2021,Kharif,Sugarcane,0.33,0.67,2.04,2021-10-02,2022-02-03,NPK 19:19:19,Tricyclazole,19
P0366,2021,Rabi,Rice,0.33,1.0,3.03,2021-06-09,2021-10-20,Urea,Carbendazim,20
P0366,2022,Kharif,Rice,0.33,0.74,2.23,2022-07-15,2022-11-22,DAP,None,18
P0366,2022,Rabi,Sugarcane,0.33,0.43,1.31,2022-06-04,2022-10-03,Urea,Tricyclazole,13
P0366,2022,Summer,Sugarcane,0.33,0.95,2.88,2022-06-09,2022-09-30,Organic Compost,Chlorpyrifos,16
P0366,2023,Rabi,Sugarcane,0.33,0.54,1.64,2023-10-01,2024-02-18,NPK 19:19:19,Chlorpyrifos,18
P0366,2024,Rabi,Sugarcane,0.33,0.49,1.47,2024-07-16,2024-10-28,Urea,Tricyclazole,12
P0367,2020,Rabi,Rice,0.99,5.31,5.36,2020-10-27,2021-03-22,MOP,None,25
P0367,2020,Summer,Rice,0.99,2.55,2.58,2020-11-22,2021-04-08,DAP,Chlorpyrifos,21
P0367,2021,Rabi,Groundnut,0.99,3.43,3.46,2021-06-27,2021-11-11,MOP,None,8
P0367,2021,Summer,Rice,0.99,5.82,5.88,2021-07-27,2021-12-20,NPK 19:19:19,None,12
P0367,2022,Kharif,Groundnut,0.99,2.8,2.83,2022-11-28,2023-03-27,MOP,Carbendazim,12
P0367,2022,Rabi,Rice,0.99,3.46,3.49,2022-07-10,2022-12-02,Urea,Chlorpyrifos,20
P0367,2022,Summer,Groundnut,0.99,3.31,3.34,2022-11-08,2023-03-22,NPK 19:19:19,Tricyclazole,21
P0367,2023,Kharif,Rice,0.99,2.3,2.32,2023-06-02,2023-10-01,DAP,Chlorpyrifos,22
P0367,2024,Rabi,Groundnut,0.99,1.56,1.58,2024-11-20,2025-04-02,NPK 19:19:19,Tricyclazole,22
P0367,2024,Summer,Rice,0.99,5.06,5.11,2024-11-01,2025-03-13,DAP,Carbendazim,9
P0368,2020,Kharif,Rice,2.13,10.93,5.13,2020-10-03,2021-02-25,DAP,Chlorpyrifos,11
P0368,2020,Rabi,Sugarcane,2.13,3.09,1.45,2020-07-02,2020-11-14,DAP,Tricyclazole,20
P0368,2021,Kharif,Rice,2.13,12.18,5.72,2021-06-03,2021-10-09,DAP,Carbendazim,11
P0368,2021,Rabi,Sugarcane,2.13,5.13,2.41,2021-11-02,2022-03-25,NPK 19:19:19,Tricyclazole,11
P0368,2021,Summer,Rice,2.13,6.56,3.08,2021-10-01,2022-02-21,Urea,Chlorpyrifos,23
P0368,2022,Kharif,Sugarcane,2.13,2.24,1.05,2022-07-25,2022-11-28,Organic Compost,Tricyclazole,15
P0368,2022,Rabi,Rice,2.13,9.97,4.68,2022-07-27,2022-12-11,MOP,None,20
P0368,2022,Summer,Sugarcane,2.13,6.35,2.98,2022-11-14,2023-02-22,MOP,Carbendazim,8
P0368,2023,Kharif,Rice,2.13,10.76,5.05,2023-06-11,2023-09-22,Urea,Chlorpyrifos,9
P0368,2023,Rabi,Rice,2.13,11.05,5.19,2023-10-02,2024-02-23,Organic Compost,None,19
P0368,2023,Summer,Rice,2.13,11.93,5.6,2023-11-10,2024-03-08,Organic Compost,Carbendazim,10
P0368,2024,Kharif,Rice,2.13,8.03,3.77,2024-07-14,2024-10-26,MOP,None,13
P0368,2024,Rabi,Rice,2.13,9.84,4.62,2024-11-13,2025-02-26,Organic Compost,None,17
P0368,2024,Summer,Rice,2.13,6.79,3.19,2024-11-16,2025-03-29,Urea,Chlorpyrifos,12
P0369,2020,Kharif,Rice,1.7,7.72,4.54,2020-11-15,2021-03-12,Urea,None,23
P0369,2020,Rabi,Rice,1.7,11.03,6.49,2020-10-01,2021-02-22,Urea,Carbendazim,14
P0369,2020,Summer,Rice,1.7,5.95,3.5,2020-07-24,2020-11-07,NPK 19:19:19,Carbendazim,12
P0369,2021,Kharif,Rice,1.7,5.3,3.12,2021-06-23,2021-11-04,Organic Compost,Tricyclazole,9
P0369,2021,Rabi,Rice,1.7,5.63,3.31,2021-07-14,2021-11-22,NPK 19:19:19,Tricyclazole,19
P0369,2021,Summer,Sugarcane,1.7,4.98,2.93,2021-10-28,2022-02-18,MOP,None,18
P0369,2022,Rabi,Sugarcane,1.7,5.68,3.34,2022-10-07,2023-02-22,NPK 19:19:19,None,24
P0369,2023,Rabi,Rice,1.7,4.08,2.4,2023-07-16,2023-11-27,Urea,None,8
P0369,2024,Rabi,Rice,1.7,9.62,5.66,2024-07-09,2024-10-23,NPK 19:19:19,None,8
P0369,2024,Summer,Rice,1.7,7.5,4.41,2024-11-23,2025-04-05,MOP,None,20
P0370,2020,Kharif,Rice,3.21,10.95,3.41,2020-11-13,2021-03-09,Organic Compost,None,16
P0370,2020,Summer,Sugarcane,3.21,4.33,1.35,2020-06-14,2020-11-02,DAP,Tricyclazole,22
P0370,2022,Kharif,Rice,3.21,6.71,2.09,2022-07-24,2022-11-25,DAP,Carbendazim,21
P0370,2022,Rabi,Rice,3.21,14.09,4.39,2022-07-03,2022-11-25,MOP,Tricyclazole,25
P0370,2022,Summer,Sugarcane,3.21,7.83,2.44,2022-10-28,2023-03-16,DAP,Chlorpyrifos,22
P0370,2023,Kharif,Rice,3.21,14.12,4.4,2023-07-20,2023-11-01,DAP,Chlorpyrifos,25
P0370,2023,Summer,Rice,3.21,9.66,3.01,2023-10-10,2024-02-03,DAP,Tricyclazole,15
P0370,2024,Kharif,Rice,3.21,12.74,3.97,2024-06-17,2024-10-16,DAP,Tricyclazole,17
P0370,2024,Rabi,Rice,3.21,9.57,2.98,2024-06-17,2024-11-09,MOP,Chlorpyrifos,8
P0371,2020,Rabi,Groundnut,2.05,3.57,1.74,2020-10-06,2021-01-26,Urea,Carbendazim,10
P0371,2020,Summer,Groundnut,2.05,4.57,2.23,2020-06-25,2020-10-30,Urea,Tricyclazole,9
P0371,2021,Rabi,Groundnut,2.05,4.33,2.11,2021-10-17,2022-03-05,DAP,Carbendazim,12
P0371,2021,Summer,Groundnut,2.05,5.92,2.89,2021-10-18,2022-02-03,DAP,Carbendazim,16
P0371,2022,Kharif,Rice,2.05,9.88,4.82,2022-10-24,2023-02-19,Urea,Chlorpyrifos,25
P0371,2022,Rabi,Groundnut,2.05,5.15,2.51,2022-10-13,2023-02-14,Urea,None,16
P0371,2023,Kharif,Rice,2.05,7.83,3.82,2023-07-20,2023-12-12,MOP,Chlorpyrifos,13
P0371,2023,Rabi,Groundnut,2.05,6.85,3.34,2023-06-12,2023-11-01,Urea,Tricyclazole,8
P0371,2023,Summer,Rice,2.05,10.6,5.17,2023-06-26,2023-10-22,NPK 19:19:19,Tricyclazole,8
P0371,2024,Summer,Groundnut,2.05,2.42,1.18,2024-07-09,2024-11-06,Organic Compost,Chlorpyrifos,16
P0372,2020,Rabi,Groundnut,1.35,3.24,2.4,2020-07-25,2020-12-03,Urea,Carbendazim,23
P0372,2020,Summer,Rice,1.35,5.48,4.06,2020-07-12,2020-10-21,MOP,Chlorpyrifos,24
P0372,2021,Kharif,Rice,1.35,7.72,5.72,2021-07-20,2021-11-19,Urea,None,22
P0372,2021,Rabi,Groundnut,1.35,2.48,1.84,2021-11-28,2022-03-29,Urea,Carbendazim,14
P0372,2021,Summer,Rice,1.35,6.55,4.85,2021-11-26,2022-04-15,NPK 19:19:19,None,15
P0372,2022,Kharif,Groundnut,1.35,1.58,1.17,2022-07-07,2022-11-08,DAP,Carbendazim,23
P0372,2022,Summer,Rice,1.35,3.6,2.67,2022-11-24,2023-03-18,MOP,Tricyclazole,21
P0372,2023,Kharif,Rice,1.35,6.67,4.94,2023-07-23,2023-11-16,NPK 19:19:19,Carbendazim,25
P0372,2023,Summer,Groundnut,1.35,3.86,2.86,2023-11-22,2024-03-24,NPK 19:19:19,Chlorpyrifos,9
P0372,2024,Kharif,Rice,1.35,2.88,2.13,2024-10-28,2025-03-02,NPK 19:19:19,Carbendazim,10
P0372,2024,Rabi,Rice,1.35,3.08,2.28,2024-06-24,2024-10-05,Organic Compost,Chlorpyrifos,18
P0372,2024,Summer,Groundnut,1.35,4.46,3.3,2024-10-20,2025-03-10,DAP,Tricyclazole,24
P0373,2020,Rabi,Groundnut,0.4,0.73,1.82,2020-11-16,2021-03-20,Urea,Chlorpyrifos,15
P0373,2021,Kharif,Rice,0.4,2.4,5.99,2021-10-12,2022-01-27,NPK 19:19:19,Carbendazim,8
P0373,2021,Rabi,Groundnut,0.4,1.2,2.99,2021-11-27,2022-03-29,NPK 19:19:19,Carbendazim,13
P0373,2021,Summer,Groundnut,0.4,0.58,1.45,2021-11-12,2022-03-16,MOP,Carbendazim,18
P0373,2022,Kharif,Rice,0.4,1.35,3.37,2022-06-08,2022-11-04,Organic Compost,Chlorpyrifos,22
P0373,2022,Rabi,Rice,0.4,1.98,4.96,2022-10-08,2023-02-10,DAP,Chlorpyrifos,9
P0373,2022,Summer,Rice,0.4,1.26,3.16,2022-11-02,2023-03-03,MOP,Tricyclazole,20
P0373,2023,Kharif,Groundnut,0.4,1.13,2.82,2023-06-03,2023-10-16,NPK 19:19:19,Tricyclazole,13
P0373,2023,Rabi,Rice,0.4,1.72,4.3,2023-10-28,2024-02-20,MOP,Chlorpyrifos,24
P0373,2023,Summer,Rice,0.4,2.55,6.38,2023-07-09,2023-11-27,MOP,Chlorpyrifos,8
P0373,2024,Rabi,Groundnut,0.4,0.71,1.78,2024-07-18,2024-11-15,DAP,Carbendazim,9
P0374,2020,Kharif,Rice,1.82,7.12,3.91,2020-06-10,2020-11-01,Organic Compost,Tricyclazole,25
P0374,2020,Rabi,Rice,1.82,10.92,6.0,2020-11-13,2021-03-05,MOP,Chlorpyrifos,23
P0374,2021,Kharif,Sugarcane,1.82,3.84,2.11,2021-06-04,2021-10-04,NPK 19:19:19,Chlorpyrifos,23
P0374,2021,Rabi,Rice,1.82,10.52,5.78,2021-10-14,2022-01-29,NPK 19:19:19,Chlorpyrifos,10
P0374,2021,Summer,Rice,1.82,5.57,3.06,2021-11-16,2022-03-01,Organic Compost,Tricyclazole,14
P0374,2022,Summer,Rice,1.82,10.56,5.8,2022-06-19,2022-11-10,NPK 19:19:19,Tricyclazole,21
P0374,2023,Kharif,Rice,1.82,9.76,5.36,2023-11-06,2024-03-04,NPK 19:19:19,Tricyclazole,23
P0374,2023,Rabi,Sugarcane,1.82,4.11,2.26,2023-07-24,2023-11-05,DAP,Carbendazim,22
P0374,2023,Summer,Rice,1.82,6.95,3.82,2023-07-09,2023-11-17,Organic Compost,Tricyclazole,22
P0374,2024,Rabi,Rice,1.82,4.39,2.41,2024-11-27,2025-04-04,MOP,Carbendazim,22
P0374,2024,Summer,Rice,1.82,9.3,5.11,2024-11-18,2025-03-21,DAP,Carbendazim,12
P0375,2020,Kharif,Rice,2.49,7.1,2.85,2020-06-26,2020-11-12,Urea,Chlorpyrifos,22
P0375,2021,Summer,Rice,2.49,10.78,4.33,2021-06-12,2021-10-10,DAP,Chlorpyrifos,10
P0375,2022,Kharif,Rice,2.49,13.74,5.52,2022-06-15,2022-09-28,Urea,Tricyclazole,8
P0375,2022,Rabi,Groundnut,2.49,3.71,1.49,2022-11-22,2023-04-09,Urea,Chlorpyrifos,11
P0375,2022,Summer,Groundnut,2.49,5.93,2.38,2022-10-11,2023-02-03,DAP,Tricyclazole,17
P0375,2024,Rabi,Groundnut,2.49,3.04,1.22,2024-07-27,2024-12-20,Urea,Chlorpyrifos,18
P0375,2024,Summer,Groundnut,2.49,7.82,3.14,2024-11-11,2025-04-09,Urea,Carbendazim,19
P0376,2020,Kharif,Groundnut,1.19,1.48,1.24,2020-11-02,2021-02-24,NPK 19:19:19,None,19
P0376,2020,Rabi,Groundnut,1.19,1.75,1.47,2020-10-18,2021-02-07,Urea,Carbendazim,14
P0376,2021,Kharif,Groundnut,1.19,3.02,2.54,2021-11-28,2022-04-07,Organic Compost,Chlorpyrifos,21
P0376,2021,Rabi,Groundnut,1.19,4.12,3.46,2021-11-21,2022-03-20,MOP,Carbendazim,24
P0376,2021,Summer,Rice,1.19,3.09,2.6,2021-11-07,2022-04-04,NPK 19:19:19,Tricyclazole,14
P0376,2022,Kharif,Rice,1.19,6.58,5.53,2022-11-27,2023-04-21,MOP,Chlorpyrifos,17
P0376,2022,Summer,Groundnut,1.19,3.65,3.07,2022-06-03,2022-10-20,MOP,Tricyclazole,16
P0376,2023,Kharif,Rice,1.19,5.94,4.99,2023-06-14,2023-10-30,Organic Compost,Chlorpyrifos,9
P0376,2023,Rabi,Groundnut,1.19,1.48,1.24,2023-11-05,2024-02-20,Urea,Chlorpyrifos,24
P0376,2024,Kharif,Groundnut,1.19,3.83,3.22,2024-06-04,2024-10-05,MOP,Carbendazim,17
P0376,2024,Rabi,Groundnut,1.19,4.13,3.47,2024-06-14,2024-10-27,Urea,Tricyclazole,24
P0377,2020,Summer,Rice,2.65,13.44,5.07,2020-06-28,2020-10-26,MOP,Tricyclazole,24
P0377,2021,Rabi,Groundnut,2.65,4.05,1.53,2021-06-27,2021-10-22,DAP,Tricyclazole,8
P0377,2021,Summer,Groundnut,2.65,3.34,1.26,2021-10-07,2022-01-26,Urea,None,19
P0377,2022,Summer,Groundnut,2.65,5.78,2.18,2022-06-25,2022-11-15,Urea,Tricyclazole,9
P0377,2023,Kharif,Rice,2.65,6.09,2.3,2023-07-13,2023-11-08,NPK 19:19:19,Carbendazim,12
P0377,2023,Summer,Rice,2.65,7.74,2.92,2023-10-18,2024-03-06,NPK 19:19:19,None,8
P0377,2024,Kharif,Rice,2.65,5.46,2.06,2024-11-27,2025-04-09,Urea,Carbendazim,14
P0377,2024,Rabi,Groundnut,2.65,4.58,1.73,2024-06-20,2024-10-22,Organic Compost,Carbendazim,19
P0377,2024,Summer,Groundnut,2.65,4.03,1.52,2024-10-20,2025-02-28,Urea,None,21
P0378,2021,Rabi,Rice,0.52,2.9,5.57,2021-10-08,2022-01-27,MOP,Tricyclazole,13
P0378,2021,Summer,Rice,0.52,1.14,2.19,2021-10-20,2022-02-28,NPK 19:19:19,Carbendazim,25
P0378,2022,Kharif,Rice,0.52,2.64,5.07,2022-10-12,2023-01-26,Organic Compost,Chlorpyrifos,13
P0378,2022,Rabi,Rice,0.52,3.13,6.02,2022-10-25,2023-03-14,MOP,None,10
P0378,2022,Summer,Groundnut,0.52,0.65,1.25,2022-10-07,2023-02-20,Urea,Chlorpyrifos,24
P0378,2023,Kharif,Rice,0.52,1.98,3.8,2023-11-27,2024-04-24,NPK 19:19:19,None,19
P0378,2023,Summer,Rice,0.52,1.14,2.19,2023-11-17,2024-04-10,DAP,Carbendazim,12
P0378,2024,Kharif,Rice,0.52,3.17,6.1,2024-07-11,2024-12-07,Organic Compost,Carbendazim,23
P0378,2024,Rabi,Groundnut,0.52,0.55,1.06,2024-06-07,2024-10-15,NPK 19:19:19,Tricyclazole,14
P0378,2024,Summer,Groundnut,0.52,1.55,2.98,2024-06-12,2024-10-25,NPK 19:19:19,Carbendazim,24
P0379,2020,Kharif,Rice,0.41,1.66,4.06,2020-11-09,2021-03-22,Organic Compost,None,14
P0379,2021,Kharif,Rice,0.41,0.93,2.26,2021-10-01,2022-01-29,Urea,None,15
P0379,2021,Rabi,Sugarcane,0.41,0.41,1.01,2021-06-16,2021-09-26,MOP,Carbendazim,17
P0379,2021,Summer,Rice,0.41,2.05,4.99,2021-07-22,2021-11-11,Organic Compost,None,8
P0379,2022,Kharif,Rice,0.41,1.42,3.47,2022-10-06,2023-02-03,DAP,Tricyclazole,12
P0379,2022,Summer,Rice,0.41,2.55,6.22,2022-10-09,2023-01-23,Organic Compost,Tricyclazole,9
P0379,2023,Rabi,Rice,0.41,1.09,2.66,2023-07-04,2023-11-02,MOP,None,23
P0379,2023,Summer,Rice,0.41,1.77,4.32,2023-06-04,2023-10-01,DAP,Chlorpyrifos,16
P0379,2024,Kharif,Rice,0.41,2.53,6.18,2024-11-24,2025-03-25,DAP,Tricyclazole,10
P0379,2024,Summer,Sugarcane,0.41,1.35,3.29,2024-10-17,2025-01-30,Urea,None,10
P0380,2020,Rabi,Groundnut,0.58,1.24,2.14,2020-06-04,2020-10-08,NPK 19:19:19,Carbendazim,19
P0380,2020,Summer,Groundnut,0.58,0.9,1.55,2020-11-08,2021-02-27,DAP,Tricyclazole,24
P0380,2022,Kharif,Groundnut,0.58,0.61,1.06,2022-07-26,2022-12-05,NPK 19:19:19,Carbendazim,9
P0380,2023,Kharif,Rice,0.58,2.12,3.65,2023-10-24,2024-03-11,Organic Compost,Carbendazim,13
P0380,2023,Rabi,Rice,0.58,2.2,3.79,2023-11-18,2024-03-11,MOP,Tricyclazole,23
P0380,2024,Rabi,Groundnut,0.58,1.96,3.38,2024-11-10,2025-02-25,MOP,None,19
P0380,2024,Summer,Rice,0.58,1.4,2.41,2024-10-11,2025-02-09,MOP,Carbendazim,19
P0381,2020,Rabi,Rice,1.54,3.74,2.43,2020-10-05,2021-01-21,DAP,Chlorpyrifos,25
P0381,2021,Rabi,Rice,1.54,3.23,2.1,2021-06-22,2021-10-10,DAP,None,22
P0381,2021,Summer,Sugarcane,1.54,4.05,2.63,2021-10-25,2022-02-08,DAP,Carbendazim,12
P0381,2022,Rabi,Sugarcane,1.54,2.66,1.73,2022-06-08,2022-09-22,NPK 19:19:19,Chlorpyrifos,19
P0381,2023,Rabi,Rice,1.54,3.19,2.07,2023-06-08,2023-09-17,Urea,Chlorpyrifos,10
P0382,2020,Rabi,Rice,0.5,3.04,6.09,2020-10-11,2021-03-02,DAP,Chlorpyrifos,23
P0382,2020,Summer,Rice,0.5,2.67,5.33,2020-07-14,2020-10-25,Organic Compost,Tricyclazole,20
P0382,2021,Kharif,Groundnut,0.5,0.94,1.88,2021-11-23,2022-03-14,Organic Compost,Tricyclazole,17
P0382,2022,Rabi,Groundnut,0.5,0.97,1.95,2022-10-20,2023-03-08,DAP,Tricyclazole,20
P0382,2023,Kharif,Rice,0.5,3.05,6.1,2023-06-15,2023-09-30,Organic Compost,Carbendazim,23
P0382,2023,Summer,Rice,0.5,1.22,2.43,2023-07-05,2023-10-15,DAP,Tricyclazole,8
P0382,2024,Kharif,Groundnut,0.5,1.67,3.33,2024-07-23,2024-11-23,DAP,Chlorpyrifos,12
P0382,2024,Summer,Rice,0.5,1.92,3.83,2024-07-07,2024-10-22,Urea,Tricyclazole,20
P0383,2020,Kharif,Sugarcane,0.94,3.08,3.28,2020-10-22,2021-02-18,NPK 19:19:19,Tricyclazole,9
P0383,2020,Rabi,Rice,0.94,2.34,2.49,2020-10-03,2021-03-02,MOP,Tricyclazole,25
P0383,2020,Summer,Rice,0.94,5.74,6.11,2020-07-19,2020-10-30,NPK 19:19:19,None,18
P0383,2021,Kharif,Sugarcane,0.94,1.65,1.75,2021-06-06,2021-10-09,DAP,Tricyclazole,13
P0383,2021,Rabi,Rice,0.94,4.15,4.42,2021-10-26,2022-03-07,MOP,Tricyclazole,14
P0383,2021,Summer,Rice,0.94,3.99,4.24,2021-11-21,2022-04-05,Urea,None,19
P0383,2022,Kharif,Sugarcane,0.94,2.18,2.32,2022-06-03,2022-10-12,MOP,Carbendazim,9
P0383,2022,Summer,Rice,0.94,3.18,3.38,2022-10-06,2023-01-31,DAP,Tricyclazole,14
P0383,2023,Kharif,Sugarcane,0.94,2.21,2.35,2023-06-10,2023-10-07,NPK 19:19:19,Tricyclazole,11
P0383,2023,Summer,Sugarcane,0.94,2.68,2.85,2023-06-17,2023-10-05,NPK 19:19:19,Chlorpyrifos,17
P0383,2024,Kharif,Sugarcane,0.94,1.97,2.1,2024-10-19,2025-02-22,Organic Compost,Carbendazim,19
P0383,2024,Rabi,Sugarcane,0.94,2.45,2.61,2024-07-23,2024-11-15,Urea,None,18
P0383,2024,Summer,Rice,0.94,5.23,5.56,2024-10-04,2025-01-25,MOP,Carbendazim,18
P0384,2020,Kharif,Groundnut,3.22,8.05,2.5,2020-06-24,2020-10-31,Urea,Tricyclazole,22
P0384,2020,Rabi,Rice,3.22,6.83,2.12,2020-10-11,2021-02-01,Urea,None,23
P0384,2021,Kharif,Rice,3.22,8.92,2.77,2021-06-05,2021-10-13,MOP,Chlorpyrifos,11
P0384,2021,Rabi,Rice,3.22,8.28,2.57,2021-11-15,2022-04-08,Urea,Carbendazim,19
P0384,2022,Kharif,Groundnut,3.22,7.25,2.25,2022-10-28,2023-02-11,MOP,Carbendazim,21
P0384,2022,Summer,Groundnut,3.22,10.3,3.2,2022-10-05,2023-03-02,MOP,Chlorpyrifos,22
P0384,2023,Rabi,Groundnut,3.22,4.25,1.32,2023-07-01,2023-10-20,MOP,None,8
P0384,2023,Summer,Groundnut,3.22,6.25,1.94,2023-06-15,2023-10-03,DAP,None,11
P0384,2024,Kharif,Groundnut,3.22,6.54,2.03,2024-11-02,2025-03-21,DAP,Tricyclazole,13
P0384,2024,Rabi,Rice,3.22,17.1,5.31,2024-07-06,2024-10-21,MOP,Tricyclazole,14
P0384,2024,Summer,Rice,3.22,12.56,3.9,2024-10-24,2025-02-01,MOP,None,20
P0385,2020,Kharif,Sugarcane,0.36,1.05,2.92,2020-06-22,2020-11-15,MOP,Carbendazim,16
P0385,2020,Rabi,Rice,0.36,1.66,4.61,2020-07-13,2020-11-06,MOP,None,11
P0385,2020,Summer,Rice,0.36,1.0,2.77,2020-06-26,2020-11-16,Organic Compost,Tricyclazole,23
P0385,2021,Kharif,Rice,0.36,1.39,3.85,2021-10-02,2022-03-01,DAP,Chlorpyrifos,11
P0385,2021,Rabi,Rice,0.36,1.7,4.71,2021-11-11,2022-02-26,NPK 19:19:19,Chlorpyrifos,21
P0385,2022,Kharif,Rice,0.36,1.82,5.05,2022-07-03,2022-10-28,DAP,Carbendazim,13
P0385,2022,Summer,Rice,0.36,2.0,5.56,2022-10-07,2023-01-20,Urea,Tricyclazole,22
P0385,2023,Summer,Rice,0.36,1.51,4.19,2023-07-24,2023-11-26,MOP,Chlorpyrifos,25
P0385,2024,Kharif,Rice,0.36,1.35,3.76,2024-06-16,2024-11-12,NPK 19:19:19,Tricyclazole,14
P0385,2024,Rabi,Rice,0.36,2.03,5.63,2024-06-04,2024-09-16,Urea,Carbendazim,13
P0385,2024,Summer,Rice,0.36,1.31,3.64,2024-07-17,2024-11-08,DAP,Chlorpyrifos,14
P0386,2020,Kharif,Rice,2.14,11.94,5.58,2020-06-09,2020-10-05,Urea,Tricyclazole,15
P0386,2020,Rabi,Rice,2.14,10.14,4.74,2020-10-18,2021-03-10,Organic Compost,Carbendazim,21
P0386,2021,Kharif,Groundnut,2.14,6.01,2.81,2021-11-04,2022-03-09,MOP,Carbendazim,17
P0386,2021,Summer,Groundnut,2.14,2.78,1.3,2021-11-02,2022-02-18,MOP,Tricyclazole,10
P0386,2022,Kharif,Rice,2.14,7.94,3.71,2022-10-16,2023-03-07,Urea,Chlorpyrifos,21
P0386,2022,Rabi,Rice,2.14,9.93,4.64,2022-10-10,2023-01-23,Urea,Carbendazim,14
P0386,2022,Summer,Rice,2.14,8.26,3.86,2022-07-20,2022-12-09,Urea,Carbendazim,8
P0386,2023,Rabi,Groundnut,2.14,7.38,3.45,2023-07-15,2023-11-03,MOP,Tricyclazole,16
P0386,2023,Summer,Groundnut,2.14,6.21,2.9,2023-06-10,2023-10-22,MOP,None,10
P0386,2024,Kharif,Rice,2.14,8.07,3.77,2024-11-11,2025-04-08,DAP,Chlorpyrifos,13
P0386,2024,Rabi,Groundnut,2.14,2.55,1.19,2024-06-25,2024-10-10,NPK 19:19:19,Carbendazim,11
P0387,2020,Kharif,Rice,2.51,15.94,6.35,2020-11-06,2021-04-05,Urea,Tricyclazole,17
P0387,2020,Rabi,Rice,2.51,6.63,2.64,2020-07-28,2020-12-13,MOP,Chlorpyrifos,25
P0387,2021,Kharif,Rice,2.51,10.54,4.2,2021-11-13,2022-02-26,MOP,Tricyclazole,13
P0387,2022,Kharif,Rice,2.51,5.17,2.06,2022-07-14,2022-11-18,Organic Compost,Chlorpyrifos,15
P0387,2022,Rabi,Rice,2.51,13.3,5.3,2022-06-17,2022-10-07,DAP,Tricyclazole,24
P0387,2023,Kharif,Rice,2.51,11.52,4.59,2023-10-27,2024-03-15,NPK 19:19:19,Tricyclazole,24
P0387,2023,Rabi,Rice,2.51,9.19,3.66,2023-06-16,2023-10-31,MOP,Chlorpyrifos,9
P0387,2024,Summer,Rice,2.51,12.47,4.97,2024-07-23,2024-11-26,Urea,Carbendazim,23
P0388,2020,Kharif,Groundnut,1.28,2.73,2.13,2020-06-08,2020-09-30,Urea,Carbendazim,12
P0388,2020,Rabi,Groundnut,1.28,3.92,3.06,2020-11-10,2021-03-18,NPK 19:19:19,Chlorpyrifos,13
P0388,2020,Summer,Groundnut,1.28,2.33,1.82,2020-10-28,2021-03-13,DAP,Tricyclazole,21
P0388,2021,Kharif,Groundnut,1.28,3.71,2.9,2021-07-24,2021-12-17,NPK 19:19:19,Chlorpyrifos,12
P0388,2021,Rabi,Rice,1.28,3.05,2.38,2021-11-06,2022-03-18,Organic Compost,Carbendazim,24
P0388,2022,Kharif,Groundnut,1.28,1.36,1.06,2022-06-22,2022-11-01,Organic Compost,None,25
P0388,2022,Rabi,Rice,1.28,3.76,2.94,2022-10-01,2023-02-17,NPK 19:19:19,Chlorpyrifos,22
P0388,2023,Summer,Groundnut,1.28,2.11,1.65,2023-11-12,2024-03-29,NPK 19:19:19,Tricyclazole,15
P0388,2024,Kharif,Groundnut,1.28,1.6,1.25,2024-07-06,2024-10-23,MOP,Carbendazim,15
P0389,2020,Rabi,Groundnut,0.95,1.55,1.63,2020-07-19,2020-11-24,Urea,None,20
P0389,2021,Kharif,Rice,0.95,3.61,3.8,2021-11-01,2022-03-15,MOP,Carbendazim,11
P0389,2021,Summer,Groundnut,0.95,2.92,3.07,2021-06-24,2021-10-23,MOP,Chlorpyrifos,20
P0389,2022,Kharif,Rice,0.95,2.3,2.42,2022-11-03,2023-03-26,Urea,Chlorpyrifos,12
P0389,2022,Rabi,Groundnut,0.95,2.31,2.43,2022-07-07,2022-12-01,Organic Compost,None,25
P0389,2023,Kharif,Rice,0.95,5.91,6.22,2023-06-25,2023-10-29,NPK 19:19:19,Carbendazim,10
P0389,2023,Rabi,Groundnut,0.95,1.8,1.89,2023-11-21,2024-03-23,Organic Compost,None,20
P0389,2023,Summer,Groundnut,0.95,2.71,2.85,2023-11-13,2024-02-24,DAP,Chlorpyrifos,20
P0389,2024,Summer,Rice,0.95,2.91,3.06,2024-06-28,2024-10-24,Urea,Carbendazim,14
P0390,2020,Kharif,Rice,1.45,3.58,2.47,2020-07-10,2020-11-25,NPK 19:19:19,Chlorpyrifos,21
P0390,2020,Summer,Sugarcane,1.45,1.99,1.37,2020-10-23,2021-02-17,DAP,None,13
P0390,2021,Kharif,Rice,1.45,8.08,5.57,2021-06-26,2021-11-18,NPK 19:19:19,Chlorpyrifos,24
P0390,2021,Summer,Rice,1.45,4.23,2.92,2021-07-09,2021-11-14,NPK 19:19:19,Carbendazim,11
P0390,2022,Summer,Rice,1.45,7.7,5.31,2022-10-01,2023-02-10,DAP,Chlorpyrifos,23
P0390,2024,Kharif,Rice,1.45,5.68,3.92,2024-07-11,2024-11-29,DAP,Carbendazim,15
P0390,2024,Summer,Rice,1.45,8.96,6.18,2024-06-13,2024-10-05,DAP,Carbendazim,16
P0391,2020,Kharif,Rice,1.87,11.01,5.89,2020-10-28,2021-02-21,DAP,Chlorpyrifos,24
P0391,2020,Rabi,Rice,1.87,7.82,4.18,2020-10-10,2021-01-24,NPK 19:19:19,Chlorpyrifos,12
P0391,2021,Kharif,Rice,1.87,8.38,4.48,2021-10-11,2022-03-09,Urea,Chlorpyrifos,24
P0391,2021,Rabi,Rice,1.87,8.42,4.5,2021-11-04,2022-03-27,Organic Compost,None,24
P0391,2021,Summer,Sugarcane,1.87,4.66,2.49,2021-07-12,2021-11-07,DAP,None,17
P0391,2022,Rabi,Rice,1.87,11.48,6.14,2022-06-07,2022-09-28,NPK 19:19:19,None,15
P0391,2022,Summer,Rice,1.87,4.58,2.45,2022-11-03,2023-03-10,Urea,Carbendazim,16
P0391,2023,Rabi,Rice,1.87,10.42,5.57,2023-11-25,2024-04-15,DAP,Tricyclazole,23
P0391,2024,Kharif,Rice,1.87,8.83,4.72,2024-11-01,2025-03-07,MOP,Chlorpyrifos,10
P0391,2024,Summer,Rice,1.87,7.01,3.75,2024-06-22,2024-11-12,NPK 19:19:19,Chlorpyrifos,21
P0392,2020,Kharif,Groundnut,2.82,6.74,2.39,2020-06-09,2020-09-22,DAP,Chlorpyrifos,10
P0392,2020,Rabi,Rice,2.82,17.4,6.17,2020-11-15,2021-03-30,NPK 19:19:19,Carbendazim,25
P0392,2020,Summer,Rice,2.82,16.92,6.0,2020-11-09,2021-02-17,Urea,Chlorpyrifos,19
P0392,2021,Rabi,Groundnut,2.82,4.65,1.65,2021-10-11,2022-01-19,Urea,Tricyclazole,11
P0392,2022,Rabi,Rice,2.82,16.72,5.93,2022-06-08,2022-10-24,DAP,Tricyclazole,23
P0392,2023,Rabi,Rice,2.82,7.28,2.58,2023-10-03,2024-01-27,Urea,Carbendazim,20
P0392,2024,Kharif,Rice,2.82,13.85,4.91,2024-07-17,2024-11-15,DAP,Chlorpyrifos,14
P0393,2020,Kharif,Sugarcane,1.37,4.44,3.24,2020-11-17,2021-03-10,MOP,Chlorpyrifos,19
P0393,2020,Rabi,Rice,1.37,5.59,4.08,2020-06-28,2020-11-13,NPK 19:19:19,Tricyclazole,15
P0393,2020,Summer,Sugarcane,1.37,3.81,2.78,2020-07-05,2020-11-03,MOP,Chlorpyrifos,23
P0393,2021,Kharif,Rice,1.37,5.84,4.26,2021-11-13,2022-03-04,Urea,None,22
P0393,2021,Rabi,Sugarcane,1.37,4.67,3.41,2021-10-28,2022-02-18,MOP,Carbendazim,19
P0393,2021,Summer,Rice,1.37,5.36,3.91,2021-10-26,2022-02-06,Organic Compost,Carbendazim,24
P0393,2022,Kharif,Rice,1.37,4.19,3.06,2022-10-18,2023-02-21,Urea,Tricyclazole,12
P0393,2022,Rabi,Rice,1.37,6.32,4.61,2022-10-04,2023-02-09,Organic Compost,Carbendazim,15
P0393,2023,Kharif,Rice,1.37,4.93,3.6,2023-10-06,2024-01-18,MOP,None,20
P0393,2023,Rabi,Sugarcane,1.37,3.26,2.38,2023-07-10,2023-10-27,MOP,Tricyclazole,16
P0393,2024,Rabi,Rice,1.37,5.6,4.09,2024-11-21,2025-04-14,Urea,Chlorpyrifos,19
P0394,2020,Kharif,Groundnut,2.06,6.12,2.97,2020-07-02,2020-11-07,NPK 19:19:19,Tricyclazole,18
P0394,2020,Summer,Rice,2.06,7.4,3.59,2020-11-23,2021-04-13,Urea,Carbendazim,8
P0394,2021,Kharif,Groundnut,2.06,2.6,1.26,2021-10-26,2022-03-01,Urea,Carbendazim,11
P0394,2021,Rabi,Rice,2.06,5.54,2.69,2021-11-02,2022-03-14,DAP,Chlorpyrifos,9
P0394,2021,Summer,Rice,2.06,6.08,2.95,2021-06-25,2021-11-16,Urea,None,13
P0394,2022,Kharif,Rice,2.06,10.94,5.31,2022-06-03,2022-10-31,MOP,Tricyclazole,16
P0394,2022,Rabi,Groundnut,2.06,2.35,1.14,2022-07-20,2022-12-03,MOP,Carbendazim,18
P0394,2023,Kharif,Groundnut,2.06,7.0,3.4,2023-06-09,2023-10-26,NPK 19:19:19,Carbendazim,23
P0394,2023,Rabi,Rice,2.06,6.74,3.27,2023-10-13,2024-02-24,DAP,Tricyclazole,15
P0394,2024,Kharif,Groundnut,2.06,3.83,1.86,2024-10-24,2025-02-27,Organic Compost,None,14
P0394,2024,Rabi,Groundnut,2.06,3.58,1.74,2024-06-18,2024-10-04,DAP,None,11
P0394,2024,Summer,Rice,2.06,11.43,5.55,2024-11-22,2025-04-20,MOP,None,14
P0395,2020,Kharif,Rice,2.19,11.1,5.07,2020-10-04,2021-02-12,DAP,Chlorpyrifos,17
P0395,2020,Rabi,Rice,2.19,12.59,5.75,2020-06-25,2020-11-17,NPK 19:19:19,None,25
P0395,2020,Summer,Rice,2.19,5.96,2.72,2020-06-21,2020-11-02,NPK 19:19:19,None,21
P0395,2021,Kharif,Rice,2.19,13.53,6.18,2021-07-03,2021-11-13,NPK 19:19:19,None,10
P0395,2021,Rabi,Rice,2.19,13.42,6.13,2021-06-05,2021-09-28,Organic Compost,Chlorpyrifos,20
P0395,2021,Summer,Sugarcane,2.19,2.96,1.35,2021-06-25,2021-11-15,MOP,Tricyclazole,18
P0395,2022,Rabi,Rice,2.19,13.29,6.07,2022-10-22,2023-02-03,Organic Compost,Chlorpyrifos,19
P0395,2023,Kharif,Rice,2.19,14.04,6.41,2023-11-08,2024-03-24,NPK 19:19:19,Chlorpyrifos,17
P0395,2023,Rabi,Rice,2.19,6.96,3.18,2023-07-17,2023-12-08,Organic Compost,Chlorpyrifos,9
P0395,2024,Kharif,Rice,2.19,4.49,2.05,2024-06-09,2024-10-07,Urea,None,14
P0395,2024,Rabi,Rice,2.19,13.21,6.03,2024-11-05,2025-03-18,Organic Compost,Chlorpyrifos,18
P0396,2020,Kharif,Rice,1.38,5.74,4.16,2020-06-13,2020-11-05,DAP,Chlorpyrifos,24
P0396,2020,Summer,Rice,1.38,6.11,4.43,2020-07-25,2020-11-20,Urea,Chlorpyrifos,17
P0396,2021,Kharif,Sugarcane,1.38,2.64,1.91,2021-07-08,2021-11-20,MOP,Carbendazim,13
P0396,2022,Kharif,Rice,1.38,4.68,3.39,2022-10-10,2023-03-08,MOP,Tricyclazole,12
P0396,2023,Kharif,Sugarcane,1.38,1.85,1.34,2023-06-07,2023-10-28,Urea,Tricyclazole,22
P0396,2023,Summer,Rice,1.38,7.41,5.37,2023-10-25,2024-02-18,Organic Compost,Chlorpyrifos,10
P0396,2024,Rabi,Rice,1.38,3.42,2.48,2024-06-23,2024-10-18,Urea,Chlorpyrifos,23
P0397,2020,Kharif,Rice,0.87,3.51,4.04,2020-07-25,2020-12-10,Organic Compost,Carbendazim,22
P0397,2020,Summer,Rice,0.87,3.55,4.08,2020-07-14,2020-11-04,Urea,Tricyclazole,21
P0397,2021,Kharif,Rice,0.87,4.86,5.59,2021-07-23,2021-11-01,DAP,Carbendazim,11
P0397,2021,Rabi,Sugarcane,0.87,2.23,2.56,2021-11-27,2022-04-10,DAP,None,13
P0397,2021,Summer,Sugarcane,0.87,1.34,1.54,2021-07-04,2021-10-25,MOP,Carbendazim,25
P0397,2022,Rabi,Rice,0.87,2.37,2.72,2022-11-12,2023-03-17,Organic Compost,Chlorpyrifos,18
P0397,2022,Summer,Rice,0.87,2.04,2.34,2022-10-28,2023-02-24,MOP,Tricyclazole,19
P0397,2023,Kharif,Sugarcane,0.87,2.51,2.89,2023-11-28,2024-03-19,Organic Compost,Chlorpyrifos,19
P0397,2023,Rabi,Rice,0.87,5.3,6.09,2023-10-18,2024-02-22,NPK 19:19:19,Tricyclazole,21
P0397,2023,Summer,Rice,0.87,1.76,2.02,2023-11-16,2024-04-10,Urea,Tricyclazole,19
P0397,2024,Kharif,Rice,0.87,4.59,5.28,2024-11-15,2025-04-02,Organic Compost,Tricyclazole,16
P0397,2024,Rabi,Rice,0.87,4.25,4.89,2024-06-12,2024-10-27,MOP,Chlorpyrifos,18
P0397,2024,Summer,Sugarcane,0.87,1.79,2.06,2024-06-10,2024-09-28,NPK 19:19:19,Tricyclazole,19
P0398,2020,Rabi,Rice,2.05,7.85,3.83,2020-10-23,2021-02-25,Urea,Tricyclazole,15
P0398,2020,Summer,Groundnut,2.05,3.57,1.74,2020-10-02,2021-02-24,NPK 19:19:19,Chlorpyrifos,22
P0398,2021,Rabi,Groundnut,2.05,2.85,1.39,2021-06-21,2021-11-07,MOP,Chlorpyrifos,11
P0398,2022,Kharif,Groundnut,2.05,6.23,3.04,2022-06-06,2022-10-21,MOP,Carbendazim,20
P0398,2022,Rabi,Groundnut,2.05,3.71,1.81,2022-11-13,2023-03-08,Urea,Carbendazim,24
P0398,2022,Summer,Groundnut,2.05,2.54,1.24,2022-06-11,2022-10-31,Organic Compost,Carbendazim,16
P0398,2023,Kharif,Groundnut,2.05,7.11,3.47,2023-10-08,2024-02-25,DAP,Carbendazim,24
P0398,2023,Rabi,Rice,2.05,7.3,3.56,2023-06-14,2023-10-29,MOP,Carbendazim,12
P0398,2024,Kharif,Rice,2.05,9.37,4.57,2024-06-05,2024-09-13,Urea,None,25
P0398,2024,Summer,Groundnut,2.05,2.69,1.31,2024-07-25,2024-11-06,MOP,Tricyclazole,15
P0399,2020,Rabi,Rice,0.78,1.57,2.01,2020-06-11,2020-10-31,MOP,Tricyclazole,11
P0399,2020,Summer,Groundnut,0.78,2.43,3.12,2020-10-02,2021-01-11,MOP,Tricyclazole,19
P0399,2021,Kharif,Groundnut,0.78,1.47,1.89,2021-10-22,2022-02-17,MOP,Chlorpyrifos,10
P0399,2022,Rabi,Rice,0.78,3.47,4.45,2022-06-17,2022-10-06,NPK 19:19:19,Carbendazim,16
P0399,2022,Summer,Groundnut,0.78,1.42,1.82,2022-11-06,2023-03-06,MOP,Carbendazim,11
P0399,2023,Rabi,Rice,0.78,4.49,5.76,2023-07-15,2023-11-15,NPK 19:19:19,None,22
P0399,2023,Summer,Groundnut,0.78,1.56,2.0,2023-06-28,2023-11-18,NPK 19:19:19,Carbendazim,11
P0399,2024,Rabi,Rice,0.78,2.48,3.18,2024-07-27,2024-12-08,Organic Compost,Chlorpyrifos,20
P0399,2024,Summer,Rice,0.78,3.45,4.42,2024-10-19,2025-02-19,DAP,Tricyclazole,22
P0400,2020,Kharif,Sugarcane,1.79,4.47,2.5,2020-07-05,2020-11-08,Urea,Carbendazim,20
P0400,2020,Rabi,Rice,1.79,10.44,5.83,2020-06-14,2020-09-23,DAP,Tricyclazole,21
P0400,2021,Rabi,Rice,1.79,3.79,2.12,2021-06-22,2021-10-08,Organic Compost,Carbendazim,19
P0400,2021,Summer,Sugarcane,1.79,3.88,2.17,2021-06-11,2021-11-07,MOP,Carbendazim,14
P0400,2022,Kharif,Sugarcane,1.79,3.4,1.9,2022-07-07,2022-11-14,Organic Compost,Carbendazim,10
P0400,2022,Summer,Sugarcane,1.79,2.29,1.28,2022-11-28,2023-03-08,Organic Compost,None,10
P0400,2023,Summer,Rice,1.79,4.33,2.42,2023-07-07,2023-10-27,DAP,Chlorpyrifos,16
P0400,2024,Rabi,Rice,1.79,4.37,2.44,2024-11-25,2025-04-22,NPK 19:19:19,Tricyclazole,21
P0401,2020,Kharif,Groundnut,1.23,3.46,2.81,2020-06-27,2020-11-06,DAP,Chlorpyrifos,13
P0401,2020,Rabi,Groundnut,1.23,2.09,1.7,2020-07-02,2020-10-29,MOP,Chlorpyrifos,18
P0401,2021,Kharif,Rice,1.23,4.42,3.59,2021-11-09,2022-03-26,Urea,None,17
P0401,2021,Rabi,Rice,1.23,6.79,5.52,2021-06-01,2021-10-24,DAP,Carbendazim,13
P0401,2022,Kharif,Groundnut,1.23,2.89,2.35,2022-06-23,2022-10-08,DAP,None,15
P0401,2022,Rabi,Rice,1.23,3.7,3.01,2022-07-09,2022-10-19,Urea,Carbendazim,23
P0401,2022,Summer,Rice,1.23,3.69,3.0,2022-06-16,2022-10-08,MOP,None,15
P0401,2023,Kharif,Groundnut,1.23,3.16,2.57,2023-07-02,2023-10-15,MOP,Chlorpyrifos,23
P0401,2023,Rabi,Rice,1.23,2.92,2.37,2023-10-13,2024-02-01,NPK 19:19:19,Tricyclazole,8
P0401,2023,Summer,Groundnut,1.23,1.65,1.34,2023-07-02,2023-11-11,Urea,Chlorpyrifos,16
P0401,2024,Rabi,Groundnut,1.23,3.19,2.59,2024-11-10,2025-04-05,MOP,Chlorpyrifos,20
P0402,2020,Kharif,Rice,2.8,6.16,2.2,2020-07-24,2020-11-22,Urea,None,15
P0402,2020,Summer,Sugarcane,2.8,3.72,1.33,2020-10-01,2021-02-15,Organic Compost,None,24
P0402,2021,Rabi,Rice,2.8,17.08,6.1,2021-10-09,2022-02-28,Organic Compost,Carbendazim,22
P0402,2022,Rabi,Rice,2.8,15.51,5.54,2022-10-16,2023-02-09,MOP,Chlorpyrifos,11
P0402,2022,Summer,Rice,2.8,8.85,3.16,2022-11-08,2023-03-24,Urea,Carbendazim,20
P0402,2023,Rabi,Rice,2.8,14.34,5.12,2023-10-10,2024-02-13,MOP,Tricyclazole,17
P0402,2023,Summer,Rice,2.8,7.31,2.61,2023-10-06,2024-02-03,Organic Compost,Tricyclazole,17
P0402,2024,Kharif,Rice,2.8,8.6,3.07,2024-07-01,2024-10-25,Urea,Tricyclazole,25
P0403,2020,Kharif,Rice,2.28,11.76,5.16,2020-07-25,2020-11-29,Organic Compost,Tricyclazole,18
P0403,2021,Rabi,Rice,2.28,14.8,6.49,2021-11-24,2022-03-11,MOP,Chlorpyrifos,13
P0403,2022,Summer,Rice,2.28,11.51,5.05,2022-07-28,2022-12-08,MOP,None,13
P0403,2024,Kharif,Sugarcane,2.28,3.97,1.74,2024-07-02,2024-11-07,Urea,Tricyclazole,19
P0403,2024,Summer,Rice,2.28,6.98,3.06,2024-11-08,2025-02-26,Organic Compost,Tricyclazole,22
P0404,2020,Rabi,Groundnut,0.7,1.29,1.85,2020-06-01,2020-10-12,Organic Compost,Chlorpyrifos,22
P0404,2020,Summer,Groundnut,0.7,2.36,3.37,2020-11-08,2021-02-26,Organic Compost,Carbendazim,19
P0404,2021,Kharif,Rice,0.7,3.18,4.54,2021-10-25,2022-03-06,Organic Compost,None,24
P0404,2022,Kharif,Rice,0.7,2.97,4.24,2022-07-18,2022-11-02,Organic Compost,Chlorpyrifos,17
P0404,2022,Summer,Groundnut,0.7,1.85,2.65,2022-10-07,2023-01-27,Organic Compost,Carbendazim,18
P0404,2024,Kharif,Groundnut,0.7,1.48,2.11,2024-06-25,2024-11-10,Urea,Carbendazim,9
P0404,2024,Rabi,Groundnut,0.7,1.18,1.69,2024-07-10,2024-10-27,DAP,None,8
P0404,2024,Summer,Rice,0.7,2.58,3.69,2024-11-08,2025-02-23,DAP,Chlorpyrifos,17
P0405,2020,Kharif,Rice,1.69,5.71,3.38,2020-11-25,2021-03-15,NPK 19:19:19,Chlorpyrifos,8
P0405,2020,Rabi,Rice,1.69,6.17,3.65,2020-07-03,2020-10-21,Organic Compost,Tricyclazole,10
P0405,2021,Summer,Rice,1.69,10.95,6.48,2021-11-25,2022-03-15,MOP,Carbendazim,13
P0405,2022,Kharif,Sugarcane,1.69,4.34,2.57,2022-11-19,2023-04-05,Urea,Carbendazim,12
P0405,2022,Rabi,Rice,1.69,7.67,4.54,2022-06-03,2022-10-30,NPK 19:19:19,Carbendazim,11
P0405,2022,Summer,Rice,1.69,3.75,2.22,2022-06-04,2022-10-16,MOP,Carbendazim,17
P0405,2023,Kharif,Rice,1.69,3.84,2.27,2023-11-15,2024-03-18,DAP,Chlorpyrifos,11
P0405,2023,Rabi,Rice,1.69,3.57,2.11,2023-11-12,2024-02-25,Urea,None,14
P0405,2023,Summer,Sugarcane,1.69,2.7,1.6,2023-10-16,2024-02-12,NPK 19:19:19,Chlorpyrifos,25
P0405,2024,Rabi,Rice,1.69,7.2,4.26,2024-10-26,2025-02-26,NPK 19:19:19,Chlorpyrifos,9
P0405,2024,Summer,Rice,1.69,7.45,4.41,2024-07-19,2024-10-31,DAP,Tricyclazole,14
P0406,2020,Kharif,Sugarcane,1.43,1.76,1.23,2020-07-11,2020-10-26,Organic Compost,None,14
P0406,2020,Rabi,Rice,1.43,3.85,2.69,2020-06-05,2020-10-07,NPK 19:19:19,None,19
P0406,2021,Kharif,Rice,1.43,3.89,2.72,2021-07-22,2021-11-21,DAP,Chlorpyrifos,18
P0406,2021,Summer,Sugarcane,1.43,3.95,2.76,2021-10-27,2022-03-24,MOP,Tricyclazole,20
P0406,2022,Summer,Rice,1.43,8.98,6.28,2022-10-12,2023-02-27,Urea,Chlorpyrifos,20
P0406,2023,Rabi,Rice,1.43,5.69,3.98,2023-07-27,2023-11-17,MOP,Tricyclazole,21
P0406,2023,Summer,Sugarcane,1.43,4.69,3.28,2023-07-06,2023-11-09,NPK 19:19:19,Tricyclazole,10
P0406,2024,Kharif,Sugarcane,1.43,4.99,3.49,2024-06-09,2024-10-09,MOP,Chlorpyrifos,12
P0406,2024,Summer,Rice,1.43,5.61,3.92,2024-10-20,2025-03-19,DAP,Carbendazim,17
P0407,2020,Kharif,Rice,2.47,10.3,4.17,2020-11-09,2021-03-03,Organic Compost,Tricyclazole,9
P0407,2020,Rabi,Rice,2.47,13.88,5.62,2020-10-28,2021-03-25,Organic Compost,Tricyclazole,15
P0407,2021,Kharif,Rice,2.47,7.56,3.06,2021-10-13,2022-02-11,Organic Compost,Carbendazim,13
P0407,2021,Rabi,Rice,2.47,7.78,3.15,2021-10-09,2022-01-28,Urea,Carbendazim,8
P0407,2021,Summer,Rice,2.47,10.1,4.09,2021-07-27,2021-12-14,Urea,Tricyclazole,25
P0407,2022,Rabi,Rice,2.47,13.26,5.37,2022-10-17,2023-03-11,MOP,Chlorpyrifos,21
P0407,2023,Rabi,Rice,2.47,13.51,5.47,2023-11-19,2024-04-03,NPK 19:19:19,Carbendazim,12
P0407,2024,Summer,Rice,2.47,10.84,4.39,2024-10-07,2025-02-08,NPK 19:19:19,Carbendazim,20
P0408,2020,Kharif,Sugarcane,1.5,4.83,3.22,2020-10-02,2021-02-23,NPK 19:19:19,Tricyclazole,23
P0408,2020,Rabi,Rice,1.5,6.45,4.3,2020-07-02,2020-11-27,MOP,None,25
P0408,2020,Summer,Sugarcane,1.5,1.91,1.27,2020-10-12,2021-01-26,Organic Compost,Chlorpyrifos,13
P0408,2021,Kharif,Sugarcane,1.5,4.17,2.78,2021-11-03,2022-03-24,Organic Compost,Chlorpyrifos,22
P0408,2022,Kharif,Rice,1.5,7.92,5.28,2022-06-24,2022-10-11,Organic Compost,Carbendazim,20
P0408,2023,Kharif,Sugarcane,1.5,2.88,1.92,2023-10-15,2024-01-26,DAP,None,15
P0408,2023,Rabi,Rice,1.5,5.1,3.4,2023-06-03,2023-09-29,NPK 19:19:19,Carbendazim,11
P0408,2023,Summer,Sugarcane,1.5,4.62,3.08,2023-07-23,2023-12-06,MOP,None,9
P0408,2024,Rabi,Rice,1.5,7.86,5.24,2024-11-19,2025-04-17,DAP,Carbendazim,9
P0409,2021,Summer,Rice,1.76,5.61,3.19,2021-11-04,2022-03-17,NPK 19:19:19,None,25
P0409,2022,Kharif,Groundnut,1.76,2.22,1.26,2022-11-07,2023-03-27,NPK 19:19:19,Chlorpyrifos,22
P0409,2023,Rabi,Rice,1.76,8.57,4.87,2023-06-01,2023-10-04,NPK 19:19:19,Tricyclazole,17
P0409,2024,Kharif,Groundnut,1.76,2.71,1.54,2024-06-03,2024-10-13,MOP,Tricyclazole,20
P0409,2024,Rabi,Rice,1.76,3.54,2.01,2024-06-13,2024-09-27,MOP,Chlorpyrifos,22
P0410,2020,Kharif,Rice,0.48,2.58,5.38,2020-06-01,2020-09-18,DAP,None,13
P0410,2020,Rabi,Groundnut,0.48,1.49,3.11,2020-06-11,2020-09-25,Urea,None,10
P0410,2020,Summer,Rice,0.48,2.66,5.55,2020-11-19,2021-03-11,Organic Compost,None,8
P0410,2021,Kharif,Groundnut,0.48,1.56,3.25,2021-11-20,2022-04-02,Urea,None,11
P0410,2022,Rabi,Groundnut,0.48,1.15,2.4,2022-07-27,2022-11-15,DAP,Carbendazim,11
P0410,2022,Summer,Rice,0.48,2.05,4.28,2022-07-19,2022-11-17,NPK 19:19:19,None,21
P0410,2023,Kharif,Rice,0.48,1.0,2.09,2023-06-28,2023-11-06,DAP,Carbendazim,16
P0410,2023,Rabi,Groundnut,0.48,1.65,3.43,2023-10-11,2024-01-21,MOP,Chlorpyrifos,10
P0410,2023,Summer,Groundnut,0.48,1.24,2.59,2023-10-27,2024-02-20,Urea,Carbendazim,22
P0410,2024,Kharif,Rice,0.48,1.27,2.64,2024-06-06,2024-10-02,MOP,Chlorpyrifos,21
P0410,2024,Summer,Groundnut,0.48,1.04,2.16,2024-07-04,2024-11-23,MOP,Carbendazim,24
P0411,2020,Kharif,Rice,2.08,5.62,2.7,2020-07-05,2020-10-13,NPK 19:19:19,None,14
P0411,2020,Rabi,Rice,2.08,11.44,5.5,2020-06-08,2020-09-22,NPK 19:19:19,Tricyclazole,21
P0411,2020,Summer,Sugarcane,2.08,6.68,3.21,2020-10-10,2021-02-20,DAP,Tricyclazole,25
P0411,2021,Rabi,Rice,2.08,9.88,4.75,2021-06-27,2021-10-24,DAP,None,20
P0411,2021,Summer,Sugarcane,2.08,4.06,1.95,2021-11-06,2022-03-22,DAP,Tricyclazole,17
P0411,2022,Kharif,Rice,2.08,10.86,5.22,2022-06-09,2022-11-06,Urea,Tricyclazole,17
P0411,2022,Rabi,Rice,2.08,10.13,4.87,2022-10-27,2023-02-24,MOP,Carbendazim,21
P0411,2023,Kharif,Rice,2.08,8.38,4.03,2023-07-23,2023-12-10,MOP,Chlorpyrifos,16
P0411,2023,Summer,Rice,2.08,11.36,5.46,2023-07-17,2023-11-23,DAP,Chlorpyrifos,22
P0411,2024,Kharif,Sugarcane,2.08,5.89,2.83,2024-10-09,2025-03-06,MOP,Chlorpyrifos,23
P0411,2024,Rabi,Rice,2.08,7.36,3.54,2024-11-23,2025-03-22,MOP,None,14
P0411,2024,Summer,Rice,2.08,5.1,2.45,2024-06-05,2024-10-24,MOP,Chlorpyrifos,20
P0412,2020,Kharif,Rice,1.87,12.08,6.46,2020-10-07,2021-02-19,DAP,Chlorpyrifos,12
P0412,2020,Rabi,Rice,1.87,5.57,2.98,2020-10-24,2021-02-16,NPK 19:19:19,Tricyclazole,24
P0412,2020,Summer,Groundnut,1.87,5.48,2.93,2020-11-27,2021-03-30,MOP,Carbendazim,12
P0412,2021,Kharif,Groundnut,1.87,2.95,1.58,2021-06-04,2021-09-24,NPK 19:19:19,Tricyclazole,10
P0412,2021,Rabi,Rice,1.87,7.8,4.17,2021-10-22,2022-02-28,Urea,None,17
P0412,2021,Summer,Rice,1.87,10.23,5.47,2021-06-12,2021-11-06,Urea,Tricyclazole,12
P0412,2022,Rabi,Rice,1.87,4.69,2.51,2022-07-18,2022-10-30,Organic Compost,Tricyclazole,20
P0412,2023,Kharif,Rice,1.87,7.52,4.02,2023-11-07,2024-03-24,MOP,None,19
P0412,2023,Rabi,Groundnut,1.87,2.17,1.16,2023-06-28,2023-10-29,Organic Compost,None,9
P0412,2024,Kharif,Rice,1.87,4.04,2.16,2024-10-08,2025-01-16,NPK 19:19:19,Tricyclazole,15
P0413,2020,Kharif,Groundnut,1.35,3.52,2.61,2020-10-05,2021-02-10,DAP,None,24
P0413,2020,Summer,Groundnut,1.35,2.75,2.04,2020-11-26,2021-04-03,DAP,None,10
P0413,2022,Rabi,Groundnut,1.35,2.25,1.67,2022-06-09,2022-09-23,DAP,Tricyclazole,17
P0413,2023,Rabi,Rice,1.35,8.41,6.23,2023-11-04,2024-03-01,Organic Compost,Chlorpyrifos,24
P0413,2023,Summer,Rice,1.35,7.01,5.19,2023-11-16,2024-03-14,DAP,Carbendazim,17
P0413,2024,Kharif,Rice,1.35,4.28,3.17,2024-10-22,2025-03-01,Organic Compost,Carbendazim,23
P0413,2024,Rabi,Groundnut,1.35,3.55,2.63,2024-11-26,2025-03-16,MOP,Tricyclazole,25
P0413,2024,Summer,Groundnut,1.35,2.5,1.85,2024-07-26,2024-11-21,MOP,None,16
P0414,2021,Kharif,Sugarcane,1.81,5.56,3.07,2021-06-04,2021-10-30,NPK 19:19:19,Tricyclazole,24
P0414,2022,Rabi,Rice,1.81,8.67,4.79,2022-10-15,2023-03-09,NPK 19:19:19,Tricyclazole,12
P0414,2022,Summer,Sugarcane,1.81,2.79,1.54,2022-07-28,2022-12-25,Organic Compost,Carbendazim,15
P0414,2023,Kharif,Rice,1.81,8.74,4.83,2023-06-24,2023-11-13,DAP,Carbendazim,19
P0414,2023,Rabi,Rice,1.81,6.62,3.66,2023-07-28,2023-12-15,DAP,Tricyclazole,23
P0414,2023,Summer,Rice,1.81,4.91,2.71,2023-06-06,2023-10-06,MOP,Tricyclazole,9
P0414,2024,Rabi,Rice,1.81,4.62,2.55,2024-06-15,2024-10-15,DAP,Chlorpyrifos,19
P0414,2024,Summer,Sugarcane,1.81,4.67,2.58,2024-07-10,2024-11-23,Urea,Carbendazim,10
P0415,2020,Rabi,Rice,0.41,2.46,5.99,2020-07-18,2020-11-26,NPK 19:19:19,None,22
P0415,2020,Summer,Rice,0.41,1.22,2.97,2020-10-22,2021-03-09,Organic Compost,None,9
P0415,2021,Kharif,Rice,0.41,1.12,2.72,2021-07-11,2021-11-15,NPK 19:19:19,Chlorpyrifos,21
P0415,2021,Rabi,Rice,0.41,1.62,3.94,2021-07-28,2021-11-12,DAP,None,12
P0415,2021,Summer,Sugarcane,0.41,0.57,1.38,2021-11-18,2022-03-16,NPK 19:19:19,Tricyclazole,18
P0415,2022,Summer,Rice,0.41,1.63,3.98,2022-06-23,2022-11-07,MOP,None,20
P0415,2023,Kharif,Rice,0.41,1.4,3.41,2023-07-24,2023-12-05,NPK 19:19:19,Carbendazim,16
P0415,2023,Summer,Rice,0.41,2.49,6.07,2023-07-04,2023-11-30,Urea,Carbendazim,20
P0415,2024,Kharif,Rice,0.41,1.53,3.74,2024-10-01,2025-01-19,DAP,None,24
P0415,2024,Summer,Rice,0.41,1.28,3.12,2024-07-25,2024-11-28,DAP,Carbendazim,11
P0416,2020,Kharif,Rice,2.37,5.69,2.4,2020-07-20,2020-12-09,MOP,Tricyclazole,10
P0416,2020,Summer,Sugarcane,2.37,5.43,2.29,2020-07-26,2020-12-12,NPK 19:19:19,None,17
P0416,2021,Kharif,Rice,2.37,5.05,2.13,2021-10-10,2022-01-30,NPK 19:19:19,Carbendazim,18
P0416,2021,Rabi,Sugarcane,2.37,3.08,1.3,2021-11-16,2022-03-14,MOP,Tricyclazole,19
P0416,2021,Summer,Rice,2.37,6.87,2.9,2021-06-13,2021-10-06,DAP,Carbendazim,15
P0416,2022,Kharif,Rice,2.37,8.29,3.5,2022-11-07,2023-02-17,MOP,Tricyclazole,24
P0416,2022,Rabi,Sugarcane,2.37,3.48,1.47,2022-06-15,2022-09-26,MOP,None,22
P0416,2022,Summer,Sugarcane,2.37,7.92,3.34,2022-11-14,2023-02-24,Organic Compost,Carbendazim,8
P0416,2023,Kharif,Rice,2.37,14.86,6.27,2023-07-14,2023-10-27,NPK 19:19:19,Tricyclazole,19
P0416,2023,Summer,Rice,2.37,15.17,6.4,2023-07-13,2023-12-08,NPK 19:19:19,Carbendazim,11
P0416,2024,Kharif,Rice,2.37,7.63,3.22,2024-06-06,2024-10-27,MOP,Chlorpyrifos,21
P0416,2024,Rabi,Rice,2.37,12.96,5.47,2024-10-19,2025-03-18,Urea,None,8
P0416,2024,Summer,Rice,2.37,5.88,2.48,2024-06-17,2024-10-26,DAP,None,14
P0417,2020,Kharif,Groundnut,0.38,0.47,1.24,2020-11-03,2021-03-19,Organic Compost,Chlorpyrifos,25
P0417,2020,Rabi,Rice,0.38,0.92,2.43,2020-11-20,2021-03-08,MOP,None,11
P0417,2020,Summer,Rice,0.38,1.54,4.05,2020-11-24,2021-03-27,Urea,None,24
P0417,2021,Rabi,Groundnut,0.38,0.5,1.32,2021-10-24,2022-02-09,DAP,Carbendazim,10
P0417,2022,Kharif,Groundnut,0.38,1.24,3.27,2022-07-17,2022-10-31,NPK 19:19:19,Tricyclazole,18
P0417,2022,Rabi,Rice,0.38,0.89,2.35,2022-11-16,2023-03-08,Urea,Tricyclazole,17
P0417,2022,Summer,Rice,0.38,1.98,5.21,2022-07-11,2022-10-27,NPK 19:19:19,Tricyclazole,13
P0417,2023,Kharif,Rice,0.38,2.39,6.29,2023-10-20,2024-02-12,NPK 19:19:19,Carbendazim,10
P0417,2023,Summer,Groundnut,0.38,1.21,3.19,2023-10-14,2024-03-10,MOP,None,20
P0418,2020,Summer,Groundnut,0.3,0.37,1.23,2020-11-06,2021-03-20,DAP,Carbendazim,11
P0418,2022,Summer,Groundnut,0.3,0.53,1.75,2022-11-11,2023-03-19,MOP,Tricyclazole,18
P0418,2024,Kharif,Groundnut,0.3,0.79,2.65,2024-07-20,2024-12-02,Urea,Chlorpyrifos,18
P0418,2024,Rabi,Groundnut,0.3,0.97,3.25,2024-11-09,2025-02-19,MOP,None,14
P0418,2024,Summer,Rice,0.3,1.63,5.44,2024-06-07,2024-10-04,NPK 19:19:19,Carbendazim,9
P0419,2020,Kharif,Sugarcane,2.53,6.45,2.55,2020-10-23,2021-02-26,NPK 19:19:19,Chlorpyrifos,25
P0419,2020,Rabi,Rice,2.53,5.95,2.35,2020-10-16,2021-02-24,MOP,None,13
P0419,2021,Rabi,Rice,2.53,5.34,2.11,2021-10-28,2022-02-10,MOP,Tricyclazole,12
P0419,2021,Summer,Sugarcane,2.53,4.86,1.92,2021-11-27,2022-03-31,DAP,None,21
P0419,2022,Kharif,Rice,2.53,7.49,2.96,2022-07-20,2022-11-11,NPK 19:19:19,Tricyclazole,23
P0419,2022,Rabi,Rice,2.53,15.26,6.03,2022-06-02,2022-10-27,Organic Compost,Carbendazim,14
P0419,2022,Summer,Rice,2.53,16.29,6.44,2022-06-17,2022-10-06,Urea,None,14
P0419,2023,Kharif,Rice,2.53,7.84,3.1,2023-06-20,2023-11-14,Organic Compost,Chlorpyrifos,23
P0419,2023,Rabi,Rice,2.53,13.36,5.28,2023-11-07,2024-03-29,DAP,None,14
P0419,2024,Rabi,Rice,2.53,6.15,2.43,2024-11-23,2025-03-26,Organic Compost,Carbendazim,23
P0419,2024,Summer,Sugarcane,2.53,5.77,2.28,2024-11-17,2025-04-01,MOP,Carbendazim,24
P0420,2020,Kharif,Groundnut,3.33,8.16,2.45,2020-10-15,2021-03-08,Urea,None,17
P0420,2020,Rabi,Rice,3.33,12.92,3.88,2020-11-20,2021-03-18,Organic Compost,None,20
P0420,2020,Summer,Groundnut,3.33,8.09,2.43,2020-07-21,2020-12-13,MOP,None,8
P0420,2021,Kharif,Groundnut,3.33,8.92,2.68,2021-07-25,2021-12-03,NPK 19:19:19,Tricyclazole,24
P0420,2021,Rabi,Rice,3.33,10.09,3.03,2021-07-01,2021-10-10,NPK 19:19:19,Carbendazim,9
P0420,2021,Summer,Rice,3.33,8.06,2.42,2021-10-05,2022-01-29,MOP,Chlorpyrifos,9
P0420,2022,Kharif,Groundnut,3.33,11.66,3.5,2022-10-28,2023-02-11,DAP,Chlorpyrifos,18
P0420,2022,Summer,Rice,3.33,10.39,3.12,2022-11-14,2023-02-25,Organic Compost,Tricyclazole,10
P0420,2023,Kharif,Rice,3.33,15.52,4.66,2023-07-25,2023-12-17,Urea,Carbendazim,18
P0420,2023,Summer,Groundnut,3.33,9.12,2.74,2023-11-03,2024-02-20,Organic Compost,Tricyclazole,21
P0420,2024,Kharif,Groundnut,3.33,6.13,1.84,2024-06-21,2024-10-11,MOP,Tricyclazole,10
P0420,2024,Rabi,Groundnut,3.33,4.96,1.49,2024-06-12,2024-11-06,Organic Compost,Chlorpyrifos,17
P0420,2024,Summer,Rice,3.33,19.71,5.92,2024-07-03,2024-10-22,Urea,None,24
P0421,2020,Kharif,Rice,0.86,1.83,2.13,2020-10-02,2021-02-28,DAP,Carbendazim,11
P0421,2020,Rabi,Groundnut,0.86,2.4,2.79,2020-06-07,2020-10-10,DAP,Chlorpyrifos,23
P0421,2020,Summer,Groundnut,0.86,2.61,3.04,2020-06-07,2020-10-04,DAP,Carbendazim,10
P0421,2021,Rabi,Rice,0.86,2.35,2.73,2021-11-28,2022-04-02,Urea,Tricyclazole,23
P0421,2021,Summer,Rice,0.86,2.41,2.8,2021-07-21,2021-12-07,Urea,None,23
P0421,2022,Rabi,Groundnut,0.86,2.78,3.23,2022-06-23,2022-10-22,NPK 19:19:19,Carbendazim,8
P0421,2022,Summer,Groundnut,0.86,1.34,1.56,2022-11-08,2023-02-21,MOP,None,16
P0421,2023,Kharif,Rice,0.86,5.49,6.38,2023-11-23,2024-04-12,MOP,None,20
P0421,2023,Rabi,Groundnut,0.86,1.9,2.21,2023-06-09,2023-10-09,NPK 19:19:19,Carbendazim,25
P0421,2023,Summer,Groundnut,0.86,2.85,3.31,2023-11-06,2024-04-03,DAP,Tricyclazole,24
P0421,2024,Kharif,Groundnut,0.86,2.76,3.21,2024-11-04,2025-03-27,NPK 19:19:19,None,13
P0421,2024,Summer,Groundnut,0.86,2.41,2.8,2024-06-16,2024-10-18,NPK 19:19:19,None,23
P0422,2020,Kharif,Rice,1.83,7.27,3.97,2020-07-06,2020-11-24,NPK 19:19:19,Chlorpyrifos,16
P0422,2021,Kharif,Rice,1.83,11.64,6.36,2021-07-01,2021-11-22,DAP,Tricyclazole,24
P0422,2021,Rabi,Rice,1.83,7.16,3.91,2021-11-26,2022-03-24,MOP,Carbendazim,10
P0422,2021,Summer,Groundnut,1.83,4.17,2.28,2021-10-20,2022-03-10,MOP,Chlorpyrifos,13
P0422,2022,Rabi,Groundnut,1.83,5.76,3.15,2022-07-13,2022-11-25,NPK 19:19:19,Tricyclazole,8
P0422,2022,Summer,Groundnut,1.83,6.28,3.43,2022-11-12,2023-03-15,NPK 19:19:19,Carbendazim,17
P0422,2023,Rabi,Groundnut,1.83,4.48,2.45,2023-10-07,2024-01-15,MOP,Tricyclazole,17
P0422,2024,Kharif,Rice,1.83,5.09,2.78,2024-07-05,2024-10-22,NPK 19:19:19,Carbendazim,8
P0423,2020,Kharif,Rice,1.3,6.88,5.29,2020-07-23,2020-11-23,Urea,Carbendazim,18
P0423,2020,Rabi,Groundnut,1.3,3.81,2.93,2020-07-04,2020-10-30,DAP,Tricyclazole,21
P0423,2021,Kharif,Rice,1.3,2.61,2.01,2021-11-15,2022-03-22,Organic Compost,Chlorpyrifos,24
P0423,2021,Summer,Rice,1.3,4.45,3.42,2021-06-05,2021-09-29,Organic Compost,Tricyclazole,16
P0423,2022,Rabi,Groundnut,1.3,3.26,2.51,2022-11-20,2023-03-30,DAP,Chlorpyrifos,15
P0423,2022,Summer,Groundnut,1.3,3.09,2.38,2022-11-27,2023-04-03,DAP,Tricyclazole,24
P0423,2023,Kharif,Groundnut,1.3,4.42,3.4,2023-10-17,2024-02-01,DAP,Tricyclazole,25
P0423,2023,Summer,Rice,1.3,4.06,3.12,2023-07-24,2023-11-10,Urea,Tricyclazole,15
P0423,2024,Kharif,Groundnut,1.3,2.47,1.9,2024-07-24,2024-12-11,Urea,None,20
P0423,2024,Rabi,Rice,1.3,3.76,2.89,2024-11-01,2025-03-23,DAP,Carbendazim,13
P0423,2024,Summer,Rice,1.3,5.32,4.09,2024-06-18,2024-10-21,DAP,Tricyclazole,21
P0424,2021,Kharif,Sugarcane,2.54,5.97,2.35,2021-11-26,2022-04-24,NPK 19:19:19,Tricyclazole,15
P0424,2021,Rabi,Sugarcane,2.54,8.79,3.46,2021-06-18,2021-09-30,Urea,Carbendazim,22
P0424,2022,Kharif,Rice,2.54,7.54,2.97,2022-07-02,2022-11-02,NPK 19:19:19,Carbendazim,9
P0424,2022,Rabi,Rice,2.54,6.43,2.53,2022-10-05,2023-02-06,DAP,Chlorpyrifos,12
P0424,2023,Kharif,Sugarcane,2.54,4.78,1.88,2023-11-07,2024-03-10,Organic Compost,Carbendazim,11
P0424,2023,Rabi,Sugarcane,2.54,3.43,1.35,2023-11-03,2024-02-24,MOP,None,20
P0424,2024,Kharif,Sugarcane,2.54,5.11,2.01,2024-07-09,2024-11-15,DAP,Carbendazim,23
P0424,2024,Rabi,Sugarcane,2.54,5.49,2.16,2024-10-02,2025-01-10,Organic Compost,Carbendazim,15
P0424,2024,Summer,Rice,2.54,12.19,4.8,2024-06-01,2024-10-16,Organic Compost,Tricyclazole,21
P0425,2020,Kharif,Groundnut,1.47,4.01,2.73,2020-10-21,2021-02-18,MOP,None,16
P0425,2020,Rabi,Rice,1.47,5.22,3.55,2020-11-24,2021-03-18,Organic Compost,Tricyclazole,19
P0425,2021,Kharif,Rice,1.47,7.03,4.78,2021-07-13,2021-11-08,NPK 19:19:19,None,9
P0425,2021,Rabi,Groundnut,1.47,2.06,1.4,2021-11-05,2022-02-22,NPK 19:19:19,Carbendazim,20
P0425,2021,Summer,Rice,1.47,9.22,6.27,2021-10-08,2022-01-31,Urea,Chlorpyrifos,23
P0425,2022,Rabi,Rice,1.47,8.51,5.79,2022-06-28,2022-11-05,Organic Compost,Tricyclazole,21
P0425,2022,Summer,Groundnut,1.47,2.4,1.63,2022-06-11,2022-09-25,DAP,Tricyclazole,8
P0425,2023,Rabi,Rice,1.47,6.23,4.24,2023-07-25,2023-11-04,Urea,None,8
P0425,2023,Summer,Rice,1.47,8.79,5.98,2023-10-12,2024-02-22,MOP,Chlorpyrifos,13
P0425,2024,Kharif,Rice,1.47,9.19,6.25,2024-10-11,2025-02-10,MOP,Chlorpyrifos,14
P0426,2020,Kharif,Rice,0.56,1.6,2.85,2020-10-25,2021-02-07,Organic Compost,Carbendazim,10
P0426,2020,Rabi,Groundnut,0.56,0.9,1.6,2020-07-07,2020-10-18,Urea,Carbendazim,21
P0426,2020,Summer,Rice,0.56,2.98,5.32,2020-11-01,2021-03-03,NPK 19:19:19,Carbendazim,10
P0426,2021,Rabi,Groundnut,0.56,1.66,2.96,2021-11-04,2022-03-25,DAP,Tricyclazole,17
P0426,2022,Kharif,Rice,0.56,3.6,6.42,2022-06-15,2022-10-05,NPK 19:19:19,Chlorpyrifos,24
P0426,2023,Rabi,Groundnut,0.56,1.9,3.4,2023-07-17,2023-11-30,DAP,None,13
P0426,2023,Summer,Rice,0.56,2.39,4.26,2023-10-05,2024-01-17,Urea,Carbendazim,20
P0426,2024,Kharif,Groundnut,0.56,0.77,1.37,2024-06-19,2024-10-03,NPK 19:19:19,None,16
P0426,2024,Rabi,Rice,0.56,2.67,4.76,2024-11-11,2025-03-07,Organic Compost,None,25
P0426,2024,Summer,Rice,0.56,2.49,4.45,2024-06-20,2024-10-13,NPK 19:19:19,Carbendazim,17
P0427,2020,Kharif,Groundnut,1.63,4.43,2.72,2020-11-21,2021-03-04,MOP,Carbendazim,24
P0427,2020,Rabi,Groundnut,1.63,3.18,1.95,2020-06-11,2020-10-14,DAP,None,9
P0427,2020,Summer,Groundnut,1.63,5.71,3.5,2020-06-19,2020-11-07,MOP,Tricyclazole,11
P0427,2021,Kharif,Rice,1.63,8.2,5.03,2021-07-27,2021-12-23,DAP,Carbendazim,9
P0427,2021,Rabi,Rice,1.63,9.47,5.81,2021-11-14,2022-02-25,MOP,None,19
P0427,2021,Summer,Rice,1.63,6.41,3.93,2021-10-23,2022-03-01,NPK 19:19:19,Chlorpyrifos,23
P0427,2022,Kharif,Groundnut,1.63,3.62,2.22,2022-06-20,2022-10-17,DAP,Tricyclazole,12
P0427,2022,Rabi,Rice,1.63,3.86,2.37,2022-07-11,2022-10-28,Organic Compost,Tricyclazole,8
P0427,2022,Summer,Rice,1.63,9.91,6.08,2022-07-15,2022-11-19,MOP,Tricyclazole,10
P0427,2023,Kharif,Rice,1.63,8.05,4.94,2023-07-09,2023-11-29,DAP,None,11
P0427,2023,Summer,Rice,1.63,6.31,3.87,2023-07-14,2023-12-02,DAP,Chlorpyrifos,23
P0427,2024,Kharif,Rice,1.63,5.09,3.12,2024-07-28,2024-12-25,Organic Compost,Chlorpyrifos,11
P0427,2024,Rabi,Rice,1.63,7.17,4.4,2024-07-08,2024-11-16,Urea,Chlorpyrifos,17
P0427,2024,Summer,Groundnut,1.63,2.71,1.66,2024-07-17,2024-11-22,DAP,Carbendazim,21
P0428,2020,Rabi,Sugarcane,0.9,0.98,1.09,2020-11-25,2021-04-08,MOP,None,9
P0428,2021,Kharif,Rice,0.9,3.12,3.47,2021-07-18,2021-11-02,MOP,None,10
P0428,2021,Rabi,Rice,0.9,5.8,6.44,2021-07-22,2021-12-03,MOP,Tricyclazole,25
P0428,2022,Kharif,Sugarcane,0.9,2.7,3.0,2022-11-20,2023-04-14,Organic Compost,None,17
P0428,2022,Rabi,Rice,0.9,5.21,5.79,2022-10-22,2023-03-19,Urea,Carbendazim,16
P0428,2022,Summer,Rice,0.9,3.64,4.04,2022-10-09,2023-01-24,Urea,None,21
P0428,2023,Kharif,Sugarcane,0.9,1.86,2.07,2023-07-13,2023-11-15,Organic Compost,Carbendazim,17
P0428,2023,Rabi,Rice,0.9,5.34,5.93,2023-10-08,2024-03-05,NPK 19:19:19,Chlorpyrifos,23
P0428,2023,Summer,Sugarcane,0.9,2.26,2.51,2023-11-14,2024-03-16,MOP,None,13
P0428,2024,Kharif,Rice,0.9,2.75,3.05,2024-10-25,2025-02-10,Organic Compost,None,21
P0428,2024,Summer,Rice,0.9,2.23,2.48,2024-10-20,2025-03-10,NPK 19:19:19,None,17
P0429,2020,Kharif,Rice,1.34,6.98,5.21,2020-07-13,2020-11-03,Organic Compost,None,19
P0429,2020,Rabi,Rice,1.34,3.18,2.37,2020-06-22,2020-10-23,DAP,None,14
P0429,2021,Summer,Rice,1.34,4.42,3.3,2021-07-16,2021-11-25,DAP,Carbendazim,17
P0429,2022,Kharif,Rice,1.34,3.74,2.79,2022-11-06,2023-04-02,Organic Compost,None,23
P0429,2022,Rabi,Rice,1.34,8.0,5.97,2022-11-18,2023-03-08,MOP,Carbendazim,24
P0429,2022,Summer,Rice,1.34,6.51,4.86,2022-07-04,2022-10-25,MOP,Tricyclazole,17
P0429,2023,Rabi,Sugarcane,1.34,2.0,1.49,2023-10-01,2024-02-06,NPK 19:19:19,Chlorpyrifos,21
P0429,2024,Kharif,Sugarcane,1.34,3.31,2.47,2024-10-15,2025-02-23,Urea,Tricyclazole,11
P0429,2024,Rabi,Rice,1.34,4.66,3.48,2024-10-09,2025-01-26,Urea,None,18
P0430,2020,Rabi,Rice,0.85,5.23,6.15,2020-10-04,2021-02-04,Organic Compost,Tricyclazole,15
P0430,2021,Summer,Rice,0.85,4.25,5.0,2021-11-02,2022-03-23,MOP,None,17
P0430,2023,Kharif,Rice,0.85,4.84,5.69,2023-07-01,2023-10-15,NPK 19:19:19,None,16
P0430,2023,Rabi,Rice,0.85,5.5,6.47,2023-11-22,2024-03-20,MOP,Tricyclazole,15
P0430,2024,Kharif,Rice,0.85,2.04,2.4,2024-06-24,2024-11-10,MOP,None,23
P0430,2024,Rabi,Rice,0.85,3.89,4.58,2024-06-16,2024-10-01,NPK 19:19:19,None,17
P0430,2024,Summer,Rice,0.85,2.07,2.44,2024-10-19,2025-02-18,Organic Compost,Carbendazim,18
P0431,2020,Kharif,Groundnut,0.5,0.98,1.96,2020-11-28,2021-03-21,Urea,Tricyclazole,13
P0431,2020,Rabi,Groundnut,0.5,0.56,1.12,2020-06-28,2020-11-08,MOP,Chlorpyrifos,24
P0431,2020,Summer,Rice,0.5,1.7,3.4,2020-11-27,2021-04-10,DAP,Tricyclazole,13
P0431,2021,Kharif,Rice,0.5,2.77,5.54,2021-06-15,2021-09-24,NPK 19:19:19,Carbendazim,16
P0431,2022,Kharif,Groundnut,0.5,1.39,2.78,2022-06-09,2022-10-09,Urea,None,24
P0431,2022,Summer,Groundnut,0.5,0.72,1.44,2022-07-02,2022-10-11,NPK 19:19:19,Chlorpyrifos,12
P0431,2023,Kharif,Groundnut,0.5,1.48,2.96,2023-07-06,2023-10-27,DAP,Tricyclazole,18
P0431,2023,Summer,Groundnut,0.5,1.23,2.46,2023-11-02,2024-03-02,MOP,Tricyclazole,15
P0431,2024,Kharif,Rice,0.5,2.71,5.41,2024-07-06,2024-11-09,MOP,Carbendazim,14
P0431,2024,Summer,Rice,0.5,3.0,6.0,2024-07-19,2024-11-25,MOP,Carbendazim,11
P0432,2020,Rabi,Groundnut,1.31,1.51,1.15,2020-10-05,2021-02-08,NPK 19:19:19,None,8
P0432,2020,Summer,Groundnut,1.31,4.21,3.21,2020-07-15,2020-11-08,MOP,None,16
P0432,2021,Kharif,Groundnut,1.31,2.27,1.73,2021-06-28,2021-10-30,Urea,None,14
P0432,2021,Rabi,Groundnut,1.31,4.49,3.43,2021-10-23,2022-02-03,DAP,Carbendazim,17
P0432,2021,Summer,Groundnut,1.31,2.66,2.03,2021-11-02,2022-02-12,Organic Compost,Chlorpyrifos,13
P0432,2022,Summer,Groundnut,1.31,3.26,2.49,2022-07-18,2022-12-06,Organic Compost,Carbendazim,19
P0432,2023,Kharif,Groundnut,1.31,3.41,2.6,2023-07-11,2023-10-23,MOP,Tricyclazole,18
P0432,2024,Kharif,Rice,1.31,3.22,2.46,2024-11-12,2025-03-12,Organic Compost,Carbendazim,21
P0433,2020,Kharif,Groundnut,3.43,3.94,1.15,2020-10-25,2021-03-03,Urea,None,10
P0433,2020,Summer,Groundnut,3.43,11.42,3.33,2020-07-21,2020-12-16,Organic Compost,Tricyclazole,19
P0433,2021,Kharif,Rice,3.43,11.28,3.29,2021-07-03,2021-10-30,Organic Compost,Chlorpyrifos,18
P0433,2021,Summer,Rice,3.43,14.68,4.28,2021-11-10,2022-03-26,DAP,Tricyclazole,24
P0433,2022,Kharif,Groundnut,3.43,10.87,3.17,2022-10-05,2023-02-05,DAP,None,14
P0433,2022,Rabi,Groundnut,3.43,6.45,1.88,2022-10-06,2023-01-18,NPK 19:19:19,Chlorpyrifos,17
P0433,2022,Summer,Groundnut,3.43,11.59,3.38,2022-06-26,2022-10-31,Organic Compost,Chlorpyrifos,16
P0433,2023,Kharif,Rice,3.43,13.27,3.87,2023-11-25,2024-03-24,Urea,None,25
P0433,2023,Summer,Rice,3.43,9.36,2.73,2023-07-27,2023-11-05,Urea,Chlorpyrifos,14
P0433,2024,Kharif,Rice,3.43,20.13,5.87,2024-06-06,2024-09-20,NPK 19:19:19,Chlorpyrifos,12
P0433,2024,Summer,Rice,3.43,21.3,6.21,2024-06-09,2024-09-25,NPK 19:19:19,Chlorpyrifos,12
P0434,2020,Kharif,Rice,3.28,11.28,3.44,2020-06-10,2020-10-04,NPK 19:19:19,None,18
P0434,2020,Rabi,Rice,3.28,12.37,3.77,2020-10-04,2021-02-20,Organic Compost,Tricyclazole,23
P0434,2020,Summer,Rice,3.28,15.97,4.87,2020-06-22,2020-10-07,Organic Compost,None,14
P0434,2021,Rabi,Rice,3.28,16.7,5.09,2021-07-06,2021-11-28,DAP,Carbendazim,19
P0434,2021,Summer,Sugarcane,3.28,9.15,2.79,2021-06-07,2021-09-27,Organic Compost,Chlorpyrifos,10
P0434,2022,Rabi,Rice,3.28,13.28,4.05,2022-11-03,2023-03-19,DAP,Chlorpyrifos,25
P0434,2023,Summer,Sugarcane,3.28,4.59,1.4,2023-11-21,2024-04-18,NPK 19:19:19,None,13
P0434,2024,Kharif,Rice,3.28,21.12,6.44,2024-11-10,2025-02-19,Organic Compost,Chlorpyrifos,8
P0434,2024,Rabi,Sugarcane,3.28,6.33,1.93,2024-06-20,2024-11-13,NPK 19:19:19,Tricyclazole,23
P0434,2024,Summer,Sugarcane,3.28,11.09,3.38,2024-07-22,2024-12-02,Organic Compost,None,17
P0435,2020,Kharif,Sugarcane,2.16,3.09,1.43,2020-10-13,2021-01-28,Urea,None,9
P0435,2021,Rabi,Rice,2.16,6.37,2.95,2021-11-07,2022-03-15,DAP,Chlorpyrifos,13
P0435,2021,Summer,Rice,2.16,12.25,5.67,2021-07-17,2021-12-13,Organic Compost,Tricyclazole,21
P0435,2022,Kharif,Sugarcane,2.16,6.65,3.08,2022-10-27,2023-03-10,MOP,Chlorpyrifos,10
P0435,2023,Rabi,Sugarcane,2.16,2.61,1.21,2023-10-28,2024-03-24,Organic Compost,Carbendazim,22
P0435,2024,Kharif,Sugarcane,2.16,3.74,1.73,2024-10-22,2025-03-21,DAP,None,8
P0435,2024,Summer,Rice,2.16,4.86,2.25,2024-06-07,2024-10-28,DAP,Tricyclazole,18
P0436,2020,Kharif,Rice,1.77,8.39,4.74,2020-10-18,2021-02-19,Organic Compost,Chlorpyrifos,18
P0436,2020,Rabi,Rice,1.77,5.04,2.85,2020-07-09,2020-10-27,MOP,Carbendazim,18
P0436,2021,Summer,Sugarcane,1.77,4.62,2.61,2021-06-14,2021-09-30,Urea,None,25
P0436,2022,Summer,Rice,1.77,9.47,5.35,2022-10-04,2023-01-31,MOP,None,19
P0436,2023,Kharif,Rice,1.77,9.15,5.17,2023-06-22,2023-10-05,MOP,Tricyclazole,16
P0436,2023,Rabi,Sugarcane,1.77,2.9,1.64,2023-07-26,2023-11-29,DAP,Chlorpyrifos,21
P0436,2024,Rabi,Rice,1.77,5.22,2.95,2024-07-10,2024-11-08,NPK 19:19:19,None,17
P0437,2020,Rabi,Sugarcane,1.44,2.43,1.69,2020-10-23,2021-03-12,MOP,Chlorpyrifos,20
P0437,2020,Summer,Rice,1.44,8.15,5.66,2020-07-15,2020-12-12,NPK 19:19:19,Chlorpyrifos,8
P0437,2021,Kharif,Rice,1.44,7.96,5.53,2021-07-05,2021-11-01,NPK 19:19:19,Tricyclazole,11
P0437,2021,Rabi,Rice,1.44,2.89,2.01,2021-06-20,2021-10-29,Urea,Tricyclazole,8
P0437,2021,Summer,Rice,1.44,8.27,5.74,2021-10-28,2022-02-11,MOP,None,10
P0437,2022,Kharif,Rice,1.44,3.24,2.25,2022-07-04,2022-11-09,MOP,Chlorpyrifos,15
P0437,2022,Rabi,Sugarcane,1.44,1.63,1.13,2022-06-18,2022-10-20,DAP,Tricyclazole,23
P0437,2022,Summer,Sugarcane,1.44,2.16,1.5,2022-07-25,2022-11-25,Urea,Tricyclazole,12
P0437,2024,Summer,Rice,1.44,8.8,6.11,2024-10-13,2025-02-26,NPK 19:19:19,Carbendazim,22
P0438,2020,Kharif,Rice,1.19,7.32,6.15,2020-07-08,2020-10-20,MOP,None,21
P0438,2020,Rabi,Rice,1.19,4.59,3.86,2020-10-06,2021-01-23,NPK 19:19:19,Chlorpyrifos,10
P0438,2020,Summer,Groundnut,1.19,1.27,1.07,2020-06-19,2020-11-05,DAP,Carbendazim,11
P0438,2021,Rabi,Groundnut,1.19,2.32,1.95,2021-10-07,2022-03-01,NPK 19:19:19,None,14
P0438,2021,Summer,Groundnut,1.19,3.42,2.87,2021-07-11,2021-10-24,MOP,Carbendazim,13
P0438,2022,Rabi,Groundnut,1.19,3.24,2.72,2022-07-05,2022-11-02,MOP,Carbendazim,13
P0438,2022,Summer,Groundnut,1.19,2.96,2.49,2022-07-23,2022-11-16,NPK 19:19:19,Carbendazim,22
P0438,2023,Kharif,Groundnut,1.19,1.55,1.3,2023-07-12,2023-10-31,Organic Compost,Tricyclazole,8
P0438,2023,Rabi,Groundnut,1.19,2.05,1.72,2023-10-01,2024-02-05,DAP,Chlorpyrifos,10
P0438,2024,Summer,Groundnut,1.19,1.24,1.04,2024-06-15,2024-10-14,NPK 19:19:19,Chlorpyrifos,12
P0439,2020,Kharif,Rice,2.24,10.24,4.57,2020-07-21,2020-11-15,MOP,None,8
P0439,2020,Rabi,Rice,2.24,8.49,3.79,2020-11-20,2021-04-09,NPK 19:19:19,Carbendazim,13
P0439,2020,Summer,Rice,2.24,14.02,6.26,2020-06-06,2020-10-09,MOP,Carbendazim,17
P0439,2021,Rabi,Sugarcane,2.24,3.94,1.76,2021-11-16,2022-04-07,NPK 19:19:19,Chlorpyrifos,20
P0439,2021,Summer,Sugarcane,2.24,2.73,1.22,2021-07-01,2021-11-28,DAP,Chlorpyrifos,15
P0439,2022,Rabi,Rice,2.24,4.5,2.01,2022-06-27,2022-11-02,NPK 19:19:19,Tricyclazole,11
P0439,2022,Summer,Sugarcane,2.24,3.83,1.71,2022-06-10,2022-10-26,Urea,Carbendazim,11
P0439,2023,Rabi,Sugarcane,2.24,2.46,1.1,2023-06-14,2023-11-08,DAP,Carbendazim,18
P0439,2023,Summer,Rice,2.24,9.68,4.32,2023-11-01,2024-03-06,DAP,Chlorpyrifos,24
P0439,2024,Kharif,Rice,2.24,12.32,5.5,2024-11-03,2025-03-02,Urea,Tricyclazole,20
P0439,2024,Summer,Rice,2.24,7.88,3.52,2024-07-06,2024-11-29,NPK 19:19:19,None,25
P0440,2020,Kharif,Rice,1.42,4.06,2.86,2020-11-19,2021-02-27,DAP,Carbendazim,23
P0440,2020,Rabi,Rice,1.42,3.72,2.62,2020-06-06,2020-09-17,DAP,None,12
P0440,2020,Summer,Rice,1.42,7.27,5.12,2020-10-23,2021-02-06,DAP,Chlorpyrifos,9
P0440,2021,Kharif,Groundnut,1.42,2.14,1.51,2021-07-02,2021-11-29,MOP,Chlorpyrifos,15
P0440,2021,Summer,Rice,1.42,3.61,2.54,2021-06-04,2021-10-26,DAP,Tricyclazole,23
P0440,2022,Kharif,Groundnut,1.42,2.98,2.1,2022-11-20,2023-03-10,NPK 19:19:19,Tricyclazole,22
P0440,2022,Rabi,Groundnut,1.42,3.68,2.59,2022-07-13,2022-10-21,MOP,Chlorpyrifos,12
P0440,2022,Summer,Groundnut,1.42,2.5,1.76,2022-11-11,2023-02-25,MOP,Tricyclazole,18
P0440,2023,Kharif,Groundnut,1.42,4.33,3.05,2023-06-13,2023-09-30,NPK 19:19:19,None,17
P0440,2023,Rabi,Rice,1.42,7.33,5.16,2023-06-19,2023-10-29,DAP,None,13
P0440,2023,Summer,Rice,1.42,7.7,5.42,2023-06-07,2023-09-15,Organic Compost,Carbendazim,15
P0440,2024,Kharif,Groundnut,1.42,3.48,2.45,2024-06-10,2024-09-23,Organic Compost,None,10
P0440,2024,Rabi,Groundnut,1.42,1.49,1.05,2024-11-08,2025-02-28,MOP,None,22
P0440,2024,Summer,Rice,1.42,4.64,3.27,2024-10-02,2025-01-28,DAP,Tricyclazole,11
P0441,2020,Kharif,Rice,3.28,14.24,4.34,2020-06-05,2020-10-28,MOP,None,21
P0441,2020,Summer,Rice,3.28,10.59,3.23,2020-11-26,2021-03-17,Urea,Carbendazim,11
P0441,2021,Kharif,Sugarcane,3.28,7.41,2.26,2021-07-05,2021-10-28,DAP,Tricyclazole,8
P0441,2021,Rabi,Rice,3.28,10.89,3.32,2021-11-23,2022-04-14,Urea,Chlorpyrifos,23
P0441,2021,Summer,Rice,3.28,11.51,3.51,2021-07-14,2021-12-07,MOP,None,18
P0441,2022,Rabi,Rice,3.28,10.0,3.05,2022-10-03,2023-02-07,NPK 19:19:19,None,11
P0441,2022,Summer,Rice,3.28,10.63,3.24,2022-11-14,2023-03-26,NPK 19:19:19,None,14
P0441,2023,Rabi,Rice,3.28,19.65,5.99,2023-06-25,2023-10-06,Organic Compost,None,18
P0441,2023,Summer,Rice,3.28,14.69,4.48,2023-06-27,2023-10-11,Organic Compost,None,11
P0441,2024,Kharif,Rice,3.28,7.25,2.21,2024-06-10,2024-10-12,DAP,Carbendazim,15
P0441,2024,Rabi,Sugarcane,3.28,3.41,1.04,2024-07-17,2024-12-01,MOP,None,25
P0442,2020,Summer,Rice,2.25,8.5,3.78,2020-11-16,2021-03-20,DAP,Tricyclazole,11
P0442,2021,Kharif,Groundnut,2.25,5.38,2.39,2021-11-17,2022-04-06,MOP,Tricyclazole,24
P0442,2021,Rabi,Groundnut,2.25,7.04,3.13,2021-06-18,2021-09-30,DAP,Chlorpyrifos,17
P0442,2021,Summer,Groundnut,2.25,2.32,1.03,2021-06-12,2021-09-25,MOP,Tricyclazole,15
P0442,2022,Kharif,Rice,2.25,14.04,6.24,2022-07-17,2022-11-04,DAP,None,10
P0442,2022,Rabi,Groundnut,2.25,6.93,3.08,2022-10-21,2023-02-03,MOP,Chlorpyrifos,8
P0442,2023,Rabi,Groundnut,2.25,4.09,1.82,2023-10-05,2024-03-03,NPK 19:19:19,Chlorpyrifos,17
P0442,2023,Summer,Rice,2.25,9.07,4.03,2023-06-03,2023-10-18,Organic Compost,Chlorpyrifos,15
P0443,2020,Kharif,Rice,0.86,1.89,2.2,2020-06-07,2020-10-25,Urea,Tricyclazole,20
P0443,2020,Rabi,Rice,0.86,4.44,5.16,2020-11-01,2021-03-05,Urea,Tricyclazole,20
P0443,2020,Summer,Rice,0.86,4.39,5.11,2020-11-10,2021-04-09,DAP,None,24
P0443,2021,Kharif,Rice,0.86,3.79,4.41,2021-06-17,2021-10-01,Organic Compost,Tricyclazole,12
P0443,2022,Kharif,Rice,0.86,2.27,2.64,2022-10-12,2023-02-17,MOP,Tricyclazole,22
P0443,2022,Summer,Sugarcane,0.86,1.19,1.38,2022-07-21,2022-11-23,Organic Compost,None,21
P0443,2023,Rabi,Rice,0.86,4.57,5.31,2023-10-04,2024-02-11,DAP,Chlorpyrifos,10
P0443,2023,Summer,Rice,0.86,4.42,5.14,2023-06-15,2023-09-26,NPK 19:19:19,Tricyclazole,24
P0443,2024,Kharif,Rice,0.86,4.42,5.14,2024-11-05,2025-02-19,MOP,Chlorpyrifos,19
P0443,2024,Rabi,Rice,0.86,3.59,4.17,2024-06-26,2024-10-23,MOP,Tricyclazole,10
P0443,2024,Summer,Rice,0.86,5.44,6.33,2024-11-11,2025-03-15,NPK 19:19:19,Carbendazim,11
P0444,2020,Kharif,Rice,1.07,4.34,4.06,2020-11-13,2021-03-19,MOP,Tricyclazole,11
P0444,2020,Rabi,Rice,1.07,2.23,2.08,2020-07-02,2020-11-10,Organic Compost,None,18
P0444,2020,Summer,Rice,1.07,4.5,4.21,2020-10-19,2021-02-23,Organic Compost,Chlorpyrifos,21
P0444,2021,Rabi,Rice,1.07,4.16,3.89,2021-07-12,2021-11-18,MOP,None,15
P0444,2022,Kharif,Rice,1.07,4.15,3.88,2022-06-27,2022-11-07,Organic Compost,Tricyclazole,24
P0444,2022,Rabi,Rice,1.07,3.12,2.92,2022-06-27,2022-10-21,DAP,Chlorpyrifos,23
P0444,2022,Summer,Rice,1.07,5.47,5.11,2022-07-27,2022-11-11,Urea,None,15
P0444,2023,Rabi,Rice,1.07,3.49,3.26,2023-06-19,2023-09-27,Urea,Chlorpyrifos,23
P0444,2023,Summer,Sugarcane,1.07,3.3,3.08,2023-10-18,2024-02-14,Organic Compost,None,11
P0444,2024,Kharif,Rice,1.07,5.68,5.31,2024-10-14,2025-02-12,DAP,Carbendazim,22
P0444,2024,Rabi,Rice,1.07,5.08,4.75,2024-06-20,2024-10-18,DAP,Tricyclazole,8
P0445,2020,Rabi,Rice,0.97,2.78,2.87,2020-06-17,2020-11-12,Organic Compost,Tricyclazole,16
P0445,2020,Summer,Groundnut,0.97,2.4,2.47,2020-11-05,2021-03-11,NPK 19:19:19,None,21
P0445,2021,Kharif,Groundnut,0.97,3.11,3.21,2021-11-22,2022-04-01,NPK 19:19:19,Tricyclazole,18
P0445,2021,Summer,Rice,0.97,4.66,4.8,2021-07-23,2021-11-24,MOP,Carbendazim,25
P0445,2022,Kharif,Groundnut,0.97,1.61,1.66,2022-06-22,2022-11-09,DAP,Carbendazim,18
P0445,2022,Rabi,Groundnut,0.97,1.07,1.1,2022-11-02,2023-03-05,Organic Compost,Tricyclazole,18
P0445,2022,Summer,Rice,0.97,3.09,3.19,2022-10-14,2023-02-01,Organic Compost,None,25
P0445,2023,Kharif,Groundnut,0.97,2.71,2.79,2023-11-17,2024-04-02,Urea,None,15
P0445,2023,Rabi,Rice,0.97,2.21,2.28,2023-07-17,2023-11-23,MOP,None,17
P0445,2023,Summer,Rice,0.97,5.59,5.76,2023-06-08,2023-10-03,Organic Compost,Carbendazim,14
P0445,2024,Kharif,Groundnut,0.97,1.68,1.73,2024-06-10,2024-09-19,DAP,Carbendazim,23
P0445,2024,Rabi,Groundnut,0.97,3.22,3.32,2024-10-27,2025-03-04,DAP,Chlorpyrifos,21
P0445,2024,Summer,Groundnut,0.97,2.18,2.25,2024-07-08,2024-10-19,Organic Compost,None,15
P0446,2020,Rabi,Rice,0.89,2.91,3.27,2020-11-21,2021-04-02,DAP,Chlorpyrifos,10
P0446,2020,Summer,Rice,0.89,3.33,3.74,2020-10-10,2021-02-25,NPK 19:19:19,None,23
P0446,2021,Kharif,Groundnut,0.89,2.15,2.42,2021-06-26,2021-11-03,Urea,None,24
P0446,2021,Rabi,Rice,0.89,2.06,2.31,2021-11-15,2022-03-21,Urea,Carbendazim,11
P0446,2022,Rabi,Rice,0.89,3.05,3.43,2022-11-24,2023-03-14,NPK 19:19:19,Chlorpyrifos,10
P0446,2023,Kharif,Rice,0.89,3.17,3.56,2023-07-17,2023-10-26,Organic Compost,Carbendazim,19
P0446,2023,Summer,Rice,0.89,3.16,3.55,2023-10-09,2024-01-21,NPK 19:19:19,Chlorpyrifos,9
P0446,2024,Kharif,Rice,0.89,3.28,3.68,2024-11-06,2025-03-17,DAP,Chlorpyrifos,8
P0446,2024,Summer,Groundnut,0.89,0.93,1.05,2024-07-19,2024-12-10,DAP,Tricyclazole,8
P0447,2020,Summer,Sugarcane,1.13,1.65,1.46,2020-06-22,2020-10-29,DAP,Chlorpyrifos,16
P0447,2021,Kharif,Rice,1.13,4.62,4.09,2021-07-08,2021-11-26,NPK 19:19:19,Carbendazim,21
P0447,2021,Rabi,Rice,1.13,3.91,3.46,2021-11-13,2022-03-27,DAP,Carbendazim,11
P0447,2021,Summer,Rice,1.13,5.56,4.92,2021-10-05,2022-02-08,Organic Compost,None,23
P0447,2022,Kharif,Sugarcane,1.13,2.1,1.86,2022-10-14,2023-03-13,MOP,Tricyclazole,25
P0447,2022,Rabi,Rice,1.13,5.8,5.13,2022-10-03,2023-03-01,DAP,Carbendazim,12
P0447,2022,Summer,Rice,1.13,5.73,5.07,2022-10-13,2023-02-24,Organic Compost,Carbendazim,10
P0447,2023,Kharif,Rice,1.13,4.76,4.21,2023-07-22,2023-12-02,DAP,Carbendazim,11
P0447,2023,Summer,Sugarcane,1.13,1.32,1.17,2023-07-09,2023-11-26,MOP,Tricyclazole,23
P0447,2024,Kharif,Sugarcane,1.13,2.78,2.46,2024-11-25,2025-03-17,Urea,None,14
P0447,2024,Summer,Rice,1.13,7.09,6.27,2024-11-16,2025-04-01,Urea,Tricyclazole,25
P0448,2020,Kharif,Groundnut,0.49,1.45,2.96,2020-11-22,2021-04-16,DAP,None,18
P0448,2020,Rabi,Rice,0.49,3.12,6.36,2020-10-16,2021-02-27,NPK 19:19:19,Chlorpyrifos,12
P0448,2020,Summer,Groundnut,0.49,0.99,2.02,2020-07-09,2020-12-05,Urea,Tricyclazole,18
P0448,2021,Kharif,Rice,0.49,1.12,2.29,2021-07-03,2021-10-19,Urea,Chlorpyrifos,24
P0448,2021,Summer,Groundnut,0.49,1.51,3.08,2021-06-18,2021-11-12,NPK 19:19:19,Tricyclazole,18
P0448,2022,Kharif,Rice,0.49,2.76,5.63,2022-11-27,2023-04-02,Urea,Tricyclazole,8
P0448,2022,Rabi,Rice,0.49,2.0,4.08,2022-07-20,2022-11-23,Urea,Carbendazim,19
P0448,2022,Summer,Groundnut,0.49,0.58,1.19,2022-07-13,2022-11-09,DAP,Carbendazim,20
P0448,2023,Kharif,Rice,0.49,2.43,4.96,2023-10-05,2024-02-26,Organic Compost,Carbendazim,23
P0448,2023,Rabi,Groundnut,0.49,1.16,2.36,2023-10-04,2024-02-05,DAP,None,13
P0448,2024,Kharif,Rice,0.49,1.16,2.36,2024-06-07,2024-10-26,Urea,None,12
P0449,2020,Kharif,Rice,3.36,11.49,3.42,2020-10-15,2021-03-07,MOP,Carbendazim,22
P0449,2020,Rabi,Groundnut,3.36,5.17,1.54,2020-10-22,2021-03-12,Organic Compost,Chlorpyrifos,15
P0449,2020,Summer,Rice,3.36,17.4,5.18,2020-07-05,2020-11-24,Urea,Chlorpyrifos,21
P0449,2021,Kharif,Rice,3.36,14.48,4.31,2021-07-12,2021-11-26,Urea,Carbendazim,20
P0449,2021,Rabi,Groundnut,3.36,11.59,3.45,2021-07-05,2021-11-18,NPK 19:19:19,Carbendazim,24
P0449,2023,Kharif,Groundnut,3.36,5.54,1.65,2023-06-21,2023-10-08,MOP,Tricyclazole,24
P0449,2023,Summer,Rice,3.36,20.76,6.18,2023-06-13,2023-10-16,Urea,Carbendazim,22
P0449,2024,Kharif,Rice,3.36,11.12,3.31,2024-11-05,2025-03-12,MOP,Tricyclazole,13
P0449,2024,Rabi,Rice,3.36,7.96,2.37,2024-10-13,2025-02-05,Organic Compost,Carbendazim,12
P0449,2024,Summer,Rice,3.36,15.59,4.64,2024-07-15,2024-11-11,Organic Compost,None,24
P0450,2021,Rabi,Rice,0.6,3.05,5.08,2021-06-05,2021-10-24,MOP,None,14
P0450,2021,Summer,Rice,0.6,3.47,5.78,2021-06-11,2021-10-07,NPK 19:19:19,Carbendazim,13
P0450,2022,Kharif,Groundnut,0.6,1.4,2.34,2022-06-01,2022-10-28,NPK 19:19:19,Tricyclazole,23
P0450,2022,Rabi,Rice,0.6,1.63,2.71,2022-06-07,2022-09-26,NPK 19:19:19,None,23
P0450,2023,Kharif,Groundnut,0.6,1.24,2.07,2023-10-08,2024-01-26,MOP,Carbendazim,21
P0450,2023,Summer,Rice,0.6,1.58,2.63,2023-06-27,2023-10-18,DAP,Carbendazim,16
P0450,2024,Rabi,Groundnut,0.6,1.13,1.89,2024-07-02,2024-11-26,MOP,Chlorpyrifos,10
P0450,2024,Summer,Rice,0.6,2.33,3.89,2024-10-20,2025-03-08,DAP,Chlorpyrifos,16
P0451,2020,Rabi,Rice,0.32,2.0,6.24,2020-07-12,2020-11-12,Organic Compost,Chlorpyrifos,13
P0451,2020,Summer,Rice,0.32,1.02,3.2,2020-11-18,2021-03-05,DAP,Carbendazim,22
P0451,2021,Rabi,Rice,0.32,1.65,5.17,2021-11-16,2022-04-04,DAP,Carbendazim,16
P0451,2021,Summer,Rice,0.32,1.11,3.47,2021-10-24,2022-03-03,Organic Compost,Tricyclazole,10
P0451,2022,Rabi,Rice,0.32,1.84,5.75,2022-11-26,2023-04-08,DAP,None,9
P0451,2023,Rabi,Rice,0.32,2.0,6.26,2023-11-08,2024-03-23,NPK 19:19:19,Carbendazim,19
P0451,2023,Summer,Rice,0.32,0.66,2.07,2023-06-26,2023-11-09,MOP,Carbendazim,24
P0451,2024,Kharif,Groundnut,0.32,0.47,1.47,2024-11-07,2025-03-30,NPK 19:19:19,Carbendazim,9
P0451,2024,Rabi,Groundnut,0.32,0.63,1.97,2024-06-20,2024-10-07,DAP,None,8
P0452,2020,Kharif,Sugarcane,1.39,4.71,3.39,2020-07-28,2020-12-08,Organic Compost,None,23
P0452,2020,Summer,Rice,1.39,6.84,4.92,2020-11-02,2021-03-06,MOP,None,11
P0452,2021,Kharif,Sugarcane,1.39,3.7,2.66,2021-10-08,2022-03-04,DAP,Carbendazim,21
P0452,2021,Summer,Rice,1.39,8.17,5.88,2021-07-03,2021-10-15,Organic Compost,Tricyclazole,8
P0452,2022,Kharif,Rice,1.39,3.89,2.8,2022-06-18,2022-10-04,Urea,Carbendazim,15
P0452,2023,Kharif,Rice,1.39,3.09,2.22,2023-10-13,2024-03-10,Organic Compost,None,17
P0452,2023,Rabi,Rice,1.39,8.19,5.89,2023-11-04,2024-02-12,MOP,Tricyclazole,25
P0452,2024,Kharif,Rice,1.39,8.44,6.07,2024-06-25,2024-10-10,DAP,None,20
P0452,2024,Rabi,Rice,1.39,6.71,4.83,2024-11-17,2025-03-30,Organic Compost,Carbendazim,22
P0452,2024,Summer,Rice,1.39,3.54,2.55,2024-07-15,2024-11-04,Urea,Chlorpyrifos,19
P0453,2020,Rabi,Rice,1.09,2.8,2.57,2020-06-13,2020-10-03,NPK 19:19:19,None,19
P0453,2021,Kharif,Rice,1.09,6.0,5.5,2021-11-20,2022-03-16,MOP,Tricyclazole,17
P0453,2021,Rabi,Sugarcane,1.09,3.19,2.93,2021-11-15,2022-03-20,MOP,Tricyclazole,11
P0453,2022,Kharif,Rice,1.09,6.77,6.21,2022-06-01,2022-09-09,Urea,None,14
P0453,2022,Rabi,Sugarcane,1.09,2.49,2.28,2022-10-07,2023-02-12,NPK 19:19:19,None,8
P0453,2022,Summer,Rice,1.09,2.9,2.66,2022-07-07,2022-10-26,Organic Compost,Chlorpyrifos,15
P0453,2023,Kharif,Rice,1.09,5.71,5.24,2023-07-28,2023-11-18,MOP,Carbendazim,9
P0453,2024,Kharif,Sugarcane,1.09,3.82,3.5,2024-10-15,2025-02-26,NPK 19:19:19,None,9
P0453,2024,Rabi,Rice,1.09,5.11,4.69,2024-06-01,2024-10-01,Urea,Tricyclazole,13
P0453,2024,Summer,Rice,1.09,3.35,3.07,2024-11-20,2025-04-17,DAP,Chlorpyrifos,17
P0454,2020,Kharif,Rice,0.72,2.72,3.78,2020-10-02,2021-01-18,Organic Compost,Tricyclazole,15
P0454,2021,Kharif,Rice,0.72,3.07,4.27,2021-06-21,2021-09-30,MOP,Tricyclazole,18
P0454,2021,Rabi,Rice,0.72,4.45,6.18,2021-07-04,2021-11-13,DAP,Chlorpyrifos,14
P0454,2021,Summer,Rice,0.72,3.18,4.41,2021-10-09,2022-02-10,MOP,None,11
P0454,2022,Kharif,Rice,0.72,3.76,5.22,2022-07-17,2022-11-17,MOP,None,25
P0454,2022,Rabi,Groundnut,0.72,2.05,2.85,2022-07-06,2022-11-08,MOP,Tricyclazole,9
P0454,2023,Kharif,Groundnut,0.72,1.91,2.65,2023-07-08,2023-11-16,Urea,None,21
P0454,2023,Rabi,Groundnut,0.72,2.14,2.97,2023-06-12,2023-10-08,Organic Compost,Tricyclazole,10
P0454,2024,Kharif,Rice,0.72,4.28,5.95,2024-06-18,2024-10-05,DAP,Tricyclazole,22
P0454,2024,Summer,Rice,0.72,2.41,3.35,2024-11-23,2025-03-04,Organic Compost,Tricyclazole,20
P0455,2020,Rabi,Sugarcane,2.64,3.19,1.21,2020-11-28,2021-03-14,Organic Compost,Chlorpyrifos,25
P0455,2020,Summer,Rice,2.64,11.25,4.26,2020-06-16,2020-10-14,MOP,Chlorpyrifos,19
P0455,2021,Kharif,Rice,2.64,9.11,3.45,2021-06-19,2021-10-28,DAP,Tricyclazole,14
P0455,2022,Kharif,Rice,2.64,11.4,4.32,2022-11-19,2023-03-05,NPK 19:19:19,None,23
P0455,2022,Summer,Sugarcane,2.64,7.0,2.65,2022-07-09,2022-11-06,Organic Compost,Tricyclazole,16
P0455,2023,Kharif,Rice,2.64,14.89,5.64,2023-07-01,2023-11-04,Organic Compost,Chlorpyrifos,18
P0455,2023,Rabi,Rice,2.64,14.78,5.6,2023-06-01,2023-09-21,MOP,None,25
P0455,2023,Summer,Rice,2.64,8.29,3.14,2023-11-21,2024-03-15,MOP,None,9
P0455,2024,Kharif,Rice,2.64,16.16,6.12,2024-07-10,2024-11-22,DAP,None,13
P0455,2024,Rabi,Rice,2.64,11.3,4.28,2024-11-28,2025-04-05,DAP,Carbendazim,9
P0455,2024,Summer,Rice,2.64,16.42,6.22,2024-07-17,2024-10-30,Urea,Tricyclazole,23
P0456,2020,Rabi,Sugarcane,1.03,1.61,1.56,2020-06-04,2020-09-12,Urea,Chlorpyrifos,9
P0456,2020,Summer,Sugarcane,1.03,2.32,2.25,2020-07-14,2020-10-26,MOP,Tricyclazole,16
P0456,2021,Rabi,Rice,1.03,2.09,2.03,2021-10-21,2022-03-03,Urea,None,8
P0456,2021,Summer,Rice,1.03,5.92,5.75,2021-07-08,2021-10-19,DAP,None,16
P0456,2022,Kharif,Rice,1.03,2.49,2.42,2022-10-01,2023-01-14,DAP,Chlorpyrifos,11
P0456,2022,Rabi,Rice,1.03,4.34,4.21,2022-07-15,2022-12-11,DAP,Carbendazim,17
P0456,2023,Kharif,Sugarcane,1.03,1.23,1.19,2023-10-11,2024-02-12,MOP,Tricyclazole,25
P0456,2023,Rabi,Rice,1.03,4.58,4.45,2023-10-23,2024-03-11,DAP,Chlorpyrifos,20
P0456,2023,Summer,Sugarcane,1.03,3.43,3.33,2023-10-16,2024-01-26,Organic Compost,None,17
P0456,2024,Kharif,Rice,1.03,4.88,4.74,2024-07-23,2024-12-13,Urea,Chlorpyrifos,15
P0456,2024,Rabi,Rice,1.03,2.63,2.55,2024-11-12,2025-03-19,NPK 19:19:19,Tricyclazole,25
P0456,2024,Summer,Rice,1.03,5.23,5.08,2024-11-13,2025-03-19,Organic Compost,None,20
P0457,2020,Kharif,Rice,1.24,6.24,5.03,2020-11-28,2021-04-05,Organic Compost,Tricyclazole,20
P0457,2020,Rabi,Rice,1.24,4.98,4.02,2020-11-12,2021-03-30,MOP,Tricyclazole,23
P0457,2020,Summer,Rice,1.24,4.25,3.43,2020-06-02,2020-10-09,NPK 19:19:19,Chlorpyrifos,14
P0457,2021,Kharif,Rice,1.24,5.64,4.55,2021-11-08,2022-03-02,MOP,Tricyclazole,17
P0457,2021,Rabi,Rice,1.24,5.27,4.25,2021-11-16,2022-03-31,MOP,Tricyclazole,9
P0457,2021,Summer,Rice,1.24,2.49,2.01,2021-10-27,2022-03-01,MOP,Chlorpyrifos,10
P0457,2022,Kharif,Rice,1.24,3.7,2.98,2022-07-03,2022-10-26,MOP,Tricyclazole,25
P0457,2022,Rabi,Rice,1.24,6.25,5.04,2022-07-23,2022-12-19,DAP,Carbendazim,18
P0457,2022,Summer,Sugarcane,1.24,1.91,1.54,2022-11-20,2023-04-17,Organic Compost,Chlorpyrifos,23
P0457,2023,Kharif,Rice,1.24,5.73,4.62,2023-11-20,2024-04-14,Urea,None,21
P0457,2023,Summer,Rice,1.24,3.73,3.01,2023-10-24,2024-02-19,MOP,Carbendazim,10
P0457,2024,Kharif,Sugarcane,1.24,1.25,1.01,2024-10-28,2025-03-06,Organic Compost,Carbendazim,25
P0457,2024,Rabi,Sugarcane,1.24,2.6,2.1,2024-06-04,2024-10-27,DAP,Carbendazim,24
P0457,2024,Summer,Sugarcane,1.24,2.55,2.06,2024-07-09,2024-10-29,Urea,Carbendazim,11
P0458,2020,Kharif,Rice,0.44,1.41,3.2,2020-11-15,2021-03-06,Organic Compost,Tricyclazole,13
P0458,2020,Rabi,Sugarcane,0.44,0.71,1.62,2020-06-03,2020-10-26,Urea,Carbendazim,20
P0458,2020,Summer,Rice,0.44,1.03,2.34,2020-06-22,2020-11-08,NPK 19:19:19,None,22
P0458,2022,Kharif,Rice,0.44,2.68,6.1,2022-06-16,2022-09-29,Organic Compost,None,12
P0458,2023,Kharif,Sugarcane,0.44,0.65,1.48,2023-06-11,2023-09-21,MOP,Tricyclazole,11
P0458,2023,Rabi,Rice,0.44,1.06,2.4,2023-11-08,2024-03-05,NPK 19:19:19,Carbendazim,10
P0458,2024,Kharif,Rice,0.44,1.05,2.39,2024-10-10,2025-02-07,DAP,Chlorpyrifos,14
P0458,2024,Rabi,Rice,0.44,1.7,3.87,2024-10-19,2025-01-31,MOP,None,19
P0458,2024,Summer,Sugarcane,0.44,0.66,1.49,2024-07-01,2024-11-22,DAP,Chlorpyrifos,24
P0459,2020,Kharif,Rice,1.42,3.19,2.25,2020-11-11,2021-02-20,MOP,Carbendazim,14
P0459,2020,Summer,Rice,1.42,3.39,2.39,2020-06-03,2020-10-17,MOP,Chlorpyrifos,20
P0459,2021,Summer,Sugarcane,1.42,4.19,2.95,2021-11-28,2022-04-17,NPK 19:19:19,Tricyclazole,24
P0459,2022,Kharif,Rice,1.42,7.94,5.59,2022-10-03,2023-01-30,DAP,Carbendazim,16
P0459,2022,Rabi,Sugarcane,1.42,1.65,1.16,2022-10-25,2023-03-11,MOP,Chlorpyrifos,19
P0459,2022,Summer,Rice,1.42,7.54,5.31,2022-10-07,2023-02-06,Urea,Carbendazim,9
P0459,2023,Kharif,Sugarcane,1.42,3.55,2.5,2023-07-20,2023-11-06,MOP,Tricyclazole,19
P0459,2023,Summer,Rice,1.42,3.07,2.16,2023-11-03,2024-02-14,Organic Compost,None,13
P0459,2024,Kharif,Rice,1.42,7.67,5.4,2024-07-17,2024-11-10,Urea,None,13
P0459,2024,Rabi,Rice,1.42,9.19,6.47,2024-06-20,2024-10-04,DAP,Chlorpyrifos,12
P0459,2024,Summer,Sugarcane,1.42,4.96,3.49,2024-07-11,2024-11-25,DAP,Tricyclazole,19
P0460,2020,Kharif,Rice,2.26,6.24,2.76,2020-06-23,2020-11-08,MOP,None,12
P0460,2020,Rabi,Groundnut,2.26,3.23,1.43,2020-06-01,2020-10-06,DAP,None,24
P0460,2021,Kharif,Groundnut,2.26,4.61,2.04,2021-10-12,2022-01-27,Organic Compost,None,23
P0460,2021,Rabi,Rice,2.26,10.83,4.79,2021-11-01,2022-03-12,Urea,None,23
P0460,2022,Kharif,Groundnut,2.26,4.11,1.82,2022-07-08,2022-11-30,Urea,Chlorpyrifos,14
P0460,2022,Rabi,Rice,2.26,8.9,3.94,2022-10-08,2023-02-07,Organic Compost,Tricyclazole,12
P0460,2022,Summer,Rice,2.26,11.82,5.23,2022-06-25,2022-10-20,Urea,Carbendazim,11
P0460,2023,Rabi,Groundnut,2.26,5.38,2.38,2023-06-25,2023-10-30,Organic Compost,Chlorpyrifos,10
P0460,2023,Summer,Groundnut,2.26,5.36,2.37,2023-10-10,2024-02-11,Urea,Tricyclazole,14
P0460,2024,Kharif,Groundnut,2.26,4.7,2.08,2024-06-07,2024-10-18,MOP,Tricyclazole,15
P0460,2024,Summer,Groundnut,2.26,3.16,1.4,2024-07-05,2024-10-29,NPK 19:19:19,Chlorpyrifos,22
P0461,2020,Kharif,Rice,1.2,2.82,2.35,2020-11-17,2021-04-13,MOP,Carbendazim,11
P0461,2020,Summer,Sugarcane,1.2,3.04,2.53,2020-10-16,2021-02-15,MOP,Carbendazim,22
P0461,2021,Summer,Rice,1.2,2.42,2.02,2021-10-09,2022-01-21,NPK 19:19:19,Carbendazim,9
P0461,2022,Kharif,Rice,1.2,3.58,2.98,2022-07-25,2022-11-24,Organic Compost,Chlorpyrifos,12
P0461,2022,Summer,Rice,1.2,3.04,2.53,2022-10-24,2023-02-24,Organic Compost,Carbendazim,18
P0461,2023,Kharif,Sugarcane,1.2,2.69,2.24,2023-11-11,2024-03-06,Organic Compost,None,18
P0461,2023,Rabi,Rice,1.2,4.27,3.56,2023-11-14,2024-03-04,Urea,None,21
P0461,2023,Summer,Rice,1.2,5.96,4.97,2023-06-10,2023-09-30,NPK 19:19:19,Tricyclazole,11
P0461,2024,Rabi,Sugarcane,1.2,1.96,1.63,2024-07-10,2024-11-20,DAP,Tricyclazole,11
P0462,2020,Kharif,Rice,2.53,9.89,3.91,2020-06-11,2020-11-06,DAP,None,25
P0462,2020,Rabi,Rice,2.53,12.37,4.89,2020-06-24,2020-11-01,Urea,Chlorpyrifos,13
P0462,2020,Summer,Rice,2.53,6.38,2.52,2020-10-06,2021-02-23,Organic Compost,Carbendazim,12
P0462,2022,Kharif,Rice,2.53,10.63,4.2,2022-06-24,2022-10-12,Organic Compost,Chlorpyrifos,8
P0462,2023,Rabi,Rice,2.53,11.46,4.53,2023-07-16,2023-12-01,DAP,Carbendazim,22
P0462,2023,Summer,Rice,2.53,12.93,5.11,2023-10-26,2024-03-13,MOP,Chlorpyrifos,13
P0462,2024,Kharif,Rice,2.53,8.48,3.35,2024-07-06,2024-10-24,Organic Compost,None,22
P0462,2024,Rabi,Rice,2.53,13.84,5.47,2024-06-08,2024-10-16,Urea,Tricyclazole,11
P0462,2024,Summer,Rice,2.53,6.76,2.67,2024-11-18,2025-03-18,NPK 19:19:19,None,24
P0463,2020,Kharif,Rice,0.59,2.62,4.44,2020-07-22,2020-11-02,Urea,Carbendazim,10
P0463,2020,Rabi,Rice,0.59,1.24,2.1,2020-11-13,2021-02-23,Organic Compost,Tricyclazole,17
P0463,2020,Summer,Rice,0.59,1.47,2.49,2020-06-25,2020-10-31,Organic Compost,None,15
P0463,2021,Kharif,Sugarcane,0.59,1.62,2.74,2021-07-16,2021-11-01,Organic Compost,None,11
P0463,2021,Summer,Sugarcane,0.59,0.89,1.51,2021-10-17,2022-03-10,DAP,Chlorpyrifos,22
P0463,2022,Kharif,Sugarcane,0.59,1.05,1.78,2022-11-03,2023-03-04,DAP,Carbendazim,18
P0463,2022,Rabi,Rice,0.59,3.49,5.91,2022-10-15,2023-03-06,NPK 19:19:19,None,9
P0463,2022,Summer,Rice,0.59,3.05,5.17,2022-06-24,2022-11-12,Urea,Chlorpyrifos,19
P0463,2023,Rabi,Rice,0.59,1.48,2.51,2023-10-20,2024-02-06,NPK 19:19:19,Chlorpyrifos,14
P0463,2024,Kharif,Rice,0.59,3.73,6.33,2024-10-11,2025-02-22,Organic Compost,Tricyclazole,21
P0463,2024,Summer,Rice,0.59,1.33,2.25,2024-07-18,2024-11-24,Urea,None,18
P0464,2020,Rabi,Rice,1.97,8.57,4.35,2020-06-28,2020-11-19,Organic Compost,Carbendazim,16
P0464,2020,Summer,Rice,1.97,7.37,3.74,2020-07-24,2020-12-16,Organic Compost,Carbendazim,11
P0464,2021,Kharif,Rice,1.97,7.68,3.9,2021-11-21,2022-03-25,Organic Compost,None,16
P0464,2022,Kharif,Rice,1.97,3.94,2.0,2022-06-25,2022-11-19,Urea,None,11
P0464,2022,Rabi,Rice,1.97,5.4,2.74,2022-11-08,2023-03-23,MOP,Carbendazim,15
P0464,2023,Summer,Rice,1.97,9.34,4.74,2023-06-22,2023-11-01,Organic Compost,None,23
P0464,2024,Kharif,Rice,1.97,9.24,4.69,2024-10-03,2025-02-08,MOP,Carbendazim,15
P0464,2024,Rabi,Rice,1.97,9.28,4.71,2024-07-09,2024-11-09,MOP,Chlorpyrifos,8
P0464,2024,Summer,Rice,1.97,4.35,2.21,2024-10-02,2025-02-12,Urea,None,8
P0465,2020,Kharif,Rice,2.5,6.05,2.42,2020-11-20,2021-04-03,Organic Compost,Chlorpyrifos,14
P0465,2020,Rabi,Rice,2.5,11.62,4.65,2020-06-13,2020-10-21,DAP,Tricyclazole,20
P0465,2021,Kharif,Rice,2.5,5.02,2.01,2021-06-15,2021-10-15,Organic Compost,None,21
P0465,2021,Summer,Rice,2.5,5.65,2.26,2021-11-15,2022-03-02,Urea,Tricyclazole,20
P0465,2022,Kharif,Rice,2.5,14.33,5.73,2022-10-20,2023-02-07,Urea,Tricyclazole,18
P0465,2022,Summer,Rice,2.5,13.03,5.21,2022-10-23,2023-02-22,DAP,Chlorpyrifos,10
P0465,2023,Kharif,Sugarcane,2.5,4.58,1.83,2023-11-24,2024-04-17,Organic Compost,Chlorpyrifos,16
P0465,2023,Rabi,Rice,2.5,10.82,4.33,2023-07-25,2023-11-28,Organic Compost,None,8
P0465,2023,Summer,Sugarcane,2.5,3.0,1.2,2023-07-06,2023-10-17,NPK 19:19:19,None,14
P0465,2024,Rabi,Rice,2.5,6.45,2.58,2024-11-24,2025-03-31,DAP,Carbendazim,18
P0465,2024,Summer,Rice,2.5,13.08,5.23,2024-06-21,2024-11-15,Organic Compost,None,13
P0466,2020,Kharif,Groundnut,2.99,9.36,3.13,2020-11-04,2021-03-07,Organic Compost,None,22
P0466,2020,Rabi,Rice,2.99,11.21,3.75,2020-10-05,2021-01-29,NPK 19:19:19,None,9
P0466,2021,Kharif,Groundnut,2.99,9.57,3.2,2021-10-20,2022-02-25,MOP,Tricyclazole,10
P0466,2022,Kharif,Rice,2.99,19.14,6.4,2022-11-19,2023-04-10,MOP,None,20
P0466,2022,Summer,Rice,2.99,15.46,5.17,2022-06-27,2022-11-16,Urea,None,18
P0466,2023,Rabi,Rice,2.99,16.0,5.35,2023-11-06,2024-03-26,MOP,Chlorpyrifos,11
P0466,2023,Summer,Groundnut,2.99,10.11,3.38,2023-11-27,2024-04-24,DAP,None,22
P0466,2024,Kharif,Groundnut,2.99,8.22,2.75,2024-11-16,2025-03-18,MOP,Carbendazim,13
P0466,2024,Summer,Rice,2.99,13.96,4.67,2024-10-16,2025-03-02,Urea,Tricyclazole,19
P0467,2020,Kharif,Rice,0.41,1.5,3.66,2020-06-05,2020-09-30,Urea,Tricyclazole,22
P0467,2020,Rabi,Groundnut,0.41,1.1,2.69,2020-07-11,2020-10-21,Organic Compost,Tricyclazole,24
P0467,2022,Rabi,Groundnut,0.41,1.07,2.62,2022-07-07,2022-11-22,MOP,Chlorpyrifos,21
P0467,2023,Kharif,Groundnut,0.41,0.76,1.86,2023-07-28,2023-12-01,Organic Compost,None,14
P0467,2023,Summer,Rice,0.41,2.28,5.57,2023-07-11,2023-11-29,DAP,Tricyclazole,8
P0467,2024,Rabi,Groundnut,0.41,1.21,2.94,2024-07-07,2024-11-25,DAP,None,9
P0468,2020,Kharif,Groundnut,1.05,2.1,2.0,2020-06-09,2020-11-02,MOP,None,22
P0468,2020,Summer,Rice,1.05,5.69,5.42,2020-07-08,2020-10-23,MOP,Tricyclazole,17
P0468,2021,Kharif,Groundnut,1.05,1.51,1.44,2021-10-28,2022-03-03,Organic Compost,Tricyclazole,18
P0468,2022,Kharif,Groundnut,1.05,2.53,2.41,2022-07-13,2022-11-08,Urea,Carbendazim,12
P0468,2022,Rabi,Groundnut,1.05,2.28,2.17,2022-10-12,2023-02-22,Urea,Tricyclazole,20
P0468,2023,Kharif,Rice,1.05,2.55,2.43,2023-07-05,2023-10-23,Organic Compost,None,22
P0468,2023,Summer,Rice,1.05,3.34,3.18,2023-10-11,2024-02-19,Urea,Chlorpyrifos,19
P0468,2024,Summer,Groundnut,1.05,1.25,1.19,2024-10-01,2025-02-19,Organic Compost,None,17
P0469,2020,Rabi,Rice,1.56,8.3,5.32,2020-10-16,2021-02-20,Organic Compost,Tricyclazole,12
P0469,2021,Kharif,Rice,1.56,8.38,5.37,2021-06-16,2021-10-01,Urea,Chlorpyrifos,17
P0469,2021,Rabi,Sugarcane,1.56,5.38,3.45,2021-10-04,2022-02-21,NPK 19:19:19,Carbendazim,20
P0469,2022,Kharif,Rice,1.56,9.69,6.21,2022-07-01,2022-10-12,DAP,Carbendazim,13
P0469,2022,Summer,Sugarcane,1.56,2.78,1.78,2022-06-13,2022-10-15,DAP,Chlorpyrifos,19
P0469,2023,Kharif,Sugarcane,1.56,1.83,1.17,2023-07-03,2023-10-15,DAP,Chlorpyrifos,22
P0469,2023,Rabi,Rice,1.56,6.08,3.9,2023-07-24,2023-11-04,NPK 19:19:19,Tricyclazole,16
P0469,2024,Kharif,Rice,1.56,8.99,5.76,2024-06-16,2024-11-11,DAP,None,9
P0469,2024,Summer,Rice,1.56,4.96,3.18,2024-06-22,2024-11-18,Urea,None,18
P0470,2020,Rabi,Rice,0.47,2.84,6.04,2020-10-27,2021-02-28,Organic Compost,Tricyclazole,19
P0470,2021,Rabi,Rice,0.47,2.28,4.85,2021-07-16,2021-12-06,DAP,Tricyclazole,24
P0470,2022,Kharif,Groundnut,0.47,1.4,2.97,2022-06-06,2022-10-05,DAP,Carbendazim,16
P0470,2022,Rabi,Rice,0.47,2.2,4.69,2022-11-25,2023-03-31,NPK 19:19:19,Carbendazim,22
P0470,2022,Summer,Groundnut,0.47,1.14,2.43,2022-10-10,2023-01-31,Organic Compost,Chlorpyrifos,25
P0470,2023,Kharif,Rice,0.47,1.1,2.33,2023-11-08,2024-04-04,MOP,Carbendazim,15
P0470,2024,Kharif,Rice,0.47,2.48,5.27,2024-06-13,2024-09-23,MOP,Tricyclazole,25
P0470,2024,Rabi,Rice,0.47,1.39,2.96,2024-07-05,2024-10-23,MOP,Carbendazim,17
P0471,2020,Kharif,Rice,0.37,2.05,5.53,2020-10-17,2021-02-16,NPK 19:19:19,Carbendazim,17
P0471,2020,Rabi,Rice,0.37,1.79,4.83,2020-10-06,2021-01-21,NPK 19:19:19,Chlorpyrifos,10
P0471,2021,Kharif,Rice,0.37,1.08,2.91,2021-11-03,2022-02-25,Organic Compost,None,16
P0471,2021,Summer,Sugarcane,0.37,0.98,2.66,2021-11-26,2022-03-24,Urea,Chlorpyrifos,14
P0471,2022,Kharif,Rice,0.37,1.97,5.33,2022-10-09,2023-02-09,DAP,Carbendazim,11
P0471,2022,Rabi,Sugarcane,0.37,1.13,3.06,2022-07-27,2022-11-04,NPK 19:19:19,Tricyclazole,14
P0471,2023,Kharif,Sugarcane,0.37,0.94,2.53,2023-06-08,2023-10-25,DAP,Carbendazim,20
P0471,2023,Rabi,Rice,0.37,1.31,3.55,2023-06-23,2023-10-31,DAP,None,10
P0471,2023,Summer,Rice,0.37,1.68,4.54,2023-07-17,2023-12-07,Urea,Chlorpyrifos,18
P0471,2024,Summer,Rice,0.37,0.8,2.17,2024-10-01,2025-02-01,Organic Compost,None,19
P0472,2020,Summer,Sugarcane,2.73,9.42,3.45,2020-10-13,2021-03-11,NPK 19:19:19,Chlorpyrifos,10
P0472,2021,Kharif,Sugarcane,2.73,8.71,3.19,2021-07-22,2021-11-28,DAP,Carbendazim,15
P0472,2021,Rabi,Rice,2.73,10.48,3.84,2021-10-09,2022-02-09,MOP,None,16
P0472,2021,Summer,Sugarcane,2.73,2.98,1.09,2021-10-07,2022-02-25,MOP,Carbendazim,20
P0472,2022,Kharif,Rice,2.73,8.95,3.28,2022-10-11,2023-02-08,Urea,None,12
P0472,2022,Rabi,Rice,2.73,15.29,5.6,2022-06-20,2022-11-10,Organic Compost,Carbendazim,25
P0472,2023,Rabi,Rice,2.73,12.5,4.58,2023-07-02,2023-11-14,Organic Compost,Chlorpyrifos,8
P0472,2023,Summer,Rice,2.73,5.95,2.18,2023-07-05,2023-11-27,MOP,None,23
P0472,2024,Kharif,Sugarcane,2.73,5.49,2.01,2024-06-27,2024-11-17,Organic Compost,Chlorpyrifos,25
P0473,2020,Kharif,Sugarcane,2.04,6.79,3.33,2020-10-02,2021-02-22,Urea,Tricyclazole,23
P0473,2020,Summer,Rice,2.04,10.2,5.0,2020-11-06,2021-03-09,Organic Compost,Carbendazim,8
P0473,2021,Kharif,Rice,2.04,7.14,3.5,2021-06-07,2021-10-08,DAP,None,11
P0473,2022,Kharif,Rice,2.04,7.65,3.75,2022-11-24,2023-03-20,Organic Compost,Chlorpyrifos,22
P0473,2022,Summer,Rice,2.04,4.28,2.1,2022-11-10,2023-03-08,Urea,Carbendazim,24
P0473,2023,Summer,Rice,2.04,8.61,4.22,2023-10-25,2024-03-17,Urea,Carbendazim,19
P0474,2020,Kharif,Rice,1.5,4.04,2.69,2020-10-11,2021-01-19,Organic Compost,Carbendazim,19
P0474,2020,Summer,Rice,1.5,4.08,2.72,2020-11-02,2021-03-11,Organic Compost,Carbendazim,14
P0474,2021,Kharif,Rice,1.5,6.9,4.6,2021-11-13,2022-03-25,Urea,None,8
P0474,2021,Rabi,Rice,1.5,4.92,3.28,2021-07-17,2021-11-16,MOP,Chlorpyrifos,9
P0474,2022,Kharif,Sugarcane,1.5,1.86,1.24,2022-06-09,2022-11-04,DAP,Tricyclazole,8
P0474,2022,Rabi,Rice,1.5,3.94,2.63,2022-11-09,2023-04-03,Urea,None,19
P0474,2023,Kharif,Rice,1.5,7.14,4.76,2023-06-15,2023-10-29,DAP,Tricyclazole,23
P0474,2023,Rabi,Rice,1.5,5.49,3.66,2023-06-09,2023-10-19,Urea,Carbendazim,8
P0474,2023,Summer,Rice,1.5,6.75,4.5,2023-07-27,2023-11-22,NPK 19:19:19,Carbendazim,9
P0474,2024,Rabi,Sugarcane,1.5,4.05,2.7,2024-06-09,2024-09-17,Organic Compost,Tricyclazole,23
P0474,2024,Summer,Rice,1.5,9.36,6.24,2024-06-11,2024-11-02,Organic Compost,Chlorpyrifos,12
P0475,2020,Kharif,Groundnut,1.01,2.48,2.46,2020-11-21,2021-04-19,Urea,Tricyclazole,25
P0475,2020,Rabi,Rice,1.01,5.87,5.81,2020-10-23,2021-03-02,DAP,Chlorpyrifos,8
P0475,2020,Summer,Rice,1.01,4.73,4.68,2020-11-25,2021-04-15,MOP,None,18
P0475,2021,Kharif,Groundnut,1.01,3.23,3.2,2021-10-05,2022-02-11,NPK 19:19:19,Tricyclazole,22
P0475,2021,Summer,Groundnut,1.01,2.87,2.84,2021-11-09,2022-03-15,NPK 19:19:19,Carbendazim,21
P0475,2022,Rabi,Groundnut,1.01,1.18,1.17,2022-10-08,2023-02-10,Urea,None,20
P0475,2022,Summer,Rice,1.01,2.34,2.32,2022-10-05,2023-02-01,NPK 19:19:19,None,21
P0475,2023,Kharif,Rice,1.01,3.45,3.42,2023-11-18,2024-03-07,DAP,Carbendazim,14
P0476,2020,Kharif,Rice,3.03,13.85,4.57,2020-06-26,2020-10-21,Urea,Carbendazim,10
P0476,2021,Rabi,Sugarcane,3.03,8.33,2.75,2021-10-15,2022-02-08,Urea,Carbendazim,23
P0476,2021,Summer,Rice,3.03,16.66,5.5,2021-10-05,2022-01-25,Urea,Chlorpyrifos,10
P0476,2022,Summer,Rice,3.03,12.57,4.15,2022-10-28,2023-03-26,Urea,None,23
P0476,2023,Summer,Rice,3.03,8.7,2.87,2023-11-09,2024-04-03,MOP,Chlorpyrifos,18
P0476,2024,Rabi,Sugarcane,3.03,7.76,2.56,2024-06-06,2024-10-08,Urea,Carbendazim,17
P0476,2024,Summer,Sugarcane,3.03,6.7,2.21,2024-07-28,2024-11-05,DAP,Tricyclazole,12
P0477,2020,Rabi,Rice,1.19,5.85,4.92,2020-06-24,2020-11-04,Urea,Tricyclazole,15
P0477,2021,Kharif,Rice,1.19,4.74,3.98,2021-10-08,2022-02-22,MOP,None,25
P0477,2021,Summer,Rice,1.19,7.72,6.49,2021-07-17,2021-12-10,NPK 19:19:19,None,12
P0477,2022,Kharif,Rice,1.19,5.15,4.33,2022-06-05,2022-10-11,NPK 19:19:19,Chlorpyrifos,20
P0477,2022,Rabi,Rice,1.19,7.07,5.94,2022-10-04,2023-02-24,MOP,Tricyclazole,9
P0477,2023,Kharif,Rice,1.19,5.77,4.85,2023-10-08,2024-02-16,DAP,Tricyclazole,8
P0477,2023,Rabi,Sugarcane,1.19,3.57,3.0,2023-06-18,2023-11-14,DAP,Chlorpyrifos,24
P0477,2024,Kharif,Rice,1.19,3.31,2.78,2024-06-22,2024-11-09,NPK 19:19:19,None,21
P0477,2024,Rabi,Rice,1.19,5.76,4.84,2024-10-14,2025-02-11,DAP,None,12
P0478,2020,Kharif,Rice,0.32,0.79,2.47,2020-07-17,2020-11-29,Organic Compost,None,14
P0478,2020,Rabi,Rice,0.32,1.67,5.23,2020-07-25,2020-11-13,DAP,Chlorpyrifos,13
P0478,2020,Summer,Groundnut,0.32,0.53,1.67,2020-10-09,2021-01-25,NPK 19:19:19,None,24
P0478,2021,Rabi,Rice,0.32,1.48,4.63,2021-10-25,2022-03-08,Organic Compost,Carbendazim,25
P0478,2021,Summer,Groundnut,0.32,1.08,3.39,2021-07-07,2021-11-27,DAP,Chlorpyrifos,24
P0478,2022,Kharif,Rice,0.32,0.81,2.54,2022-11-25,2023-03-30,Organic Compost,Tricyclazole,10
P0478,2022,Summer,Groundnut,0.32,0.51,1.6,2022-07-05,2022-10-20,DAP,Tricyclazole,18
P0478,2023,Kharif,Groundnut,0.32,0.6,1.86,2023-06-25,2023-10-19,MOP,Carbendazim,16
P0478,2023,Rabi,Groundnut,0.32,0.36,1.13,2023-11-01,2024-03-25,MOP,Tricyclazole,16
P0478,2023,Summer,Groundnut,0.32,0.81,2.53,2023-07-22,2023-11-20,NPK 19:19:19,Chlorpyrifos,9
P0478,2024,Summer,Rice,0.32,1.77,5.52,2024-06-17,2024-10-08,NPK 19:19:19,Carbendazim,15
P0479,2020,Summer,Rice,1.08,6.2,5.74,2020-11-22,2021-03-02,Organic Compost,Chlorpyrifos,8
P0479,2021,Kharif,Groundnut,1.08,3.1,2.87,2021-11-08,2022-03-15,NPK 19:19:19,Tricyclazole,19
P0479,2021,Rabi,Rice,1.08,5.69,5.27,2021-11-16,2022-03-01,MOP,Tricyclazole,15
P0479,2023,Kharif,Rice,1.08,5.68,5.26,2023-07-08,2023-11-19,Organic Compost,Carbendazim,9
P0479,2023,Summer,Rice,1.08,2.67,2.47,2023-11-13,2024-04-09,Organic Compost,Chlorpyrifos,22
P0479,2024,Kharif,Rice,1.08,6.54,6.06,2024-07-24,2024-12-14,NPK 19:19:19,Tricyclazole,12
P0480,2020,Kharif,Rice,1.34,6.65,4.96,2020-07-06,2020-10-30,NPK 19:19:19,Carbendazim,21
P0480,2020,Summer,Rice,1.34,3.15,2.35,2020-11-05,2021-02-16,Urea,None,11
P0480,2021,Kharif,Rice,1.34,5.43,4.05,2021-10-23,2022-02-25,MOP,Tricyclazole,15
P0480,2021,Rabi,Rice,1.34,4.52,3.37,2021-11-15,2022-04-09,MOP,Carbendazim,24
P0480,2021,Summer,Rice,1.34,5.08,3.79,2021-11-04,2022-03-28,NPK 19:19:19,None,15
P0480,2023,Kharif,Rice,1.34,7.09,5.29,2023-07-22,2023-12-12,Urea,Chlorpyrifos,15
P0480,2023,Summer,Sugarcane,1.34,3.71,2.77,2023-06-25,2023-10-23,Urea,Chlorpyrifos,14
P0480,2024,Rabi,Rice,1.34,4.3,3.21,2024-07-25,2024-11-25,Urea,Chlorpyrifos,22
P0480,2024,Summer,Rice,1.34,4.9,3.66,2024-07-23,2024-12-06,Urea,Carbendazim,25
P0481,2020,Kharif,Rice,3.45,15.66,4.54,2020-11-23,2021-03-26,Organic Compost,Tricyclazole,15
P0481,2021,Kharif,Groundnut,3.45,4.69,1.36,2021-06-20,2021-11-04,Organic Compost,Chlorpyrifos,25
P0481,2021,Rabi,Rice,3.45,7.38,2.14,2021-06-14,2021-10-03,NPK 19:19:19,Tricyclazole,25
P0481,2021,Summer,Groundnut,3.45,8.14,2.36,2021-06-25,2021-10-17,NPK 19:19:19,None,16
P0481,2022,Kharif,Groundnut,3.45,6.73,1.95,2022-06-15,2022-11-03,Organic Compost,Tricyclazole,16
P0481,2023,Rabi,Rice,3.45,10.97,3.18,2023-06-04,2023-10-03,DAP,Tricyclazole,13
P0481,2024,Kharif,Groundnut,3.45,12.01,3.48,2024-06-24,2024-10-08,Urea,Tricyclazole,12
P0482,2020,Kharif,Rice,1.38,7.3,5.29,2020-07-06,2020-11-24,DAP,Tricyclazole,19
P0482,2020,Summer,Groundnut,1.38,4.73,3.43,2020-11-25,2021-04-20,DAP,Chlorpyrifos,10
P0482,2021,Kharif,Rice,1.38,7.29,5.28,2021-07-10,2021-10-22,NPK 19:19:19,Chlorpyrifos,25
P0482,2021,Summer,Rice,1.38,5.49,3.98,2021-11-05,2022-03-14,Urea,Carbendazim,21
P0482,2022,Summer,Groundnut,1.38,2.37,1.72,2022-10-21,2023-02-26,Urea,Tricyclazole,25
P0482,2023,Rabi,Groundnut,1.38,3.78,2.74,2023-11-04,2024-03-10,NPK 19:19:19,Chlorpyrifos,12
P0482,2023,Summer,Groundnut,1.38,2.72,1.97,2023-11-25,2024-03-16,Urea,Carbendazim,15
P0482,2024,Kharif,Rice,1.38,2.84,2.06,2024-06-03,2024-10-31,Urea,Tricyclazole,23
P0482,2024,Rabi,Rice,1.38,4.03,2.92,2024-07-24,2024-11-27,MOP,None,25
P0482,2024,Summer,Rice,1.38,4.73,3.43,2024-07-06,2024-10-25,Organic Compost,None,14
P0483,2020,Rabi,Groundnut,3.42,8.96,2.62,2020-11-28,2021-03-24,MOP,Carbendazim,19
P0483,2020,Summer,Rice,3.42,13.68,4.0,2020-10-16,2021-02-03,NPK 19:19:19,Chlorpyrifos,17
P0483,2021,Rabi,Groundnut,3.42,3.63,1.06,2021-06-15,2021-10-12,NPK 19:19:19,Tricyclazole,22
P0483,2021,Summer,Rice,3.42,17.31,5.06,2021-07-28,2021-11-05,NPK 19:19:19,None,14
P0483,2022,Kharif,Groundnut,3.42,4.14,1.21,2022-07-15,2022-11-16,Organic Compost,Chlorpyrifos,18
P0483,2022,Rabi,Groundnut,3.42,7.83,2.29,2022-06-18,2022-10-27,NPK 19:19:19,None,10
P0483,2023,Kharif,Groundnut,3.42,5.27,1.54,2023-06-06,2023-10-09,Organic Compost,None,19
P0483,2023,Rabi,Rice,3.42,9.47,2.77,2023-06-06,2023-10-08,MOP,None,14
P0483,2024,Kharif,Rice,3.42,17.2,5.03,2024-10-08,2025-02-16,Organic Compost,Chlorpyrifos,24
P0483,2024,Summer,Rice,3.42,8.89,2.6,2024-07-12,2024-12-03,Urea,Carbendazim,15
P0484,2020,Rabi,Rice,0.67,3.3,4.92,2020-07-17,2020-12-12,DAP,Carbendazim,23
P0484,2020,Summer,Groundnut,0.67,1.45,2.17,2020-11-14,2021-04-05,DAP,None,14
P0484,2021,Kharif,Groundnut,0.67,1.12,1.67,2021-07-20,2021-12-14,Organic Compost,Chlorpyrifos,23
P0484,2021,Rabi,Groundnut,0.67,1.57,2.34,2021-11-14,2022-04-06,MOP,None,17
P0484,2021,Summer,Rice,0.67,3.2,4.77,2021-11-16,2022-04-01,Urea,Carbendazim,18
P0484,2022,Summer,Rice,0.67,3.72,5.55,2022-11-12,2023-03-07,MOP,None,16
P0484,2023,Rabi,Rice,0.67,3.89,5.81,2023-10-21,2024-03-06,MOP,None,11
P0484,2024,Kharif,Groundnut,0.67,1.7,2.54,2024-11-23,2025-04-10,DAP,Chlorpyrifos,18
P0484,2024,Rabi,Rice,0.67,2.35,3.51,2024-06-05,2024-09-24,DAP,None,13
P0484,2024,Summer,Groundnut,0.67,1.12,1.67,2024-11-06,2025-03-09,MOP,Carbendazim,18
P0485,2020,Kharif,Groundnut,1.82,3.26,1.79,2020-06-15,2020-10-29,DAP,Carbendazim,16
P0485,2020,Rabi,Groundnut,1.82,4.64,2.55,2020-11-05,2021-02-28,NPK 19:19:19,Tricyclazole,24
P0485,2021,Rabi,Rice,1.82,3.68,2.02,2021-11-07,2022-03-21,NPK 19:19:19,Chlorpyrifos,20
P0485,2021,Summer,Rice,1.82,8.37,4.6,2021-06-20,2021-11-11,Urea,Tricyclazole,14
P0485,2022,Kharif,Groundnut,1.82,2.33,1.28,2022-07-20,2022-12-13,NPK 19:19:19,Carbendazim,25
P0485,2022,Summer,Rice,1.82,3.84,2.11,2022-10-10,2023-02-03,DAP,None,19
P0485,2023,Kharif,Rice,1.82,5.93,3.26,2023-10-24,2024-03-05,MOP,None,16
P0485,2023,Rabi,Groundnut,1.82,5.06,2.78,2023-07-27,2023-11-24,Urea,Chlorpyrifos,12
P0485,2023,Summer,Groundnut,1.82,4.84,2.66,2023-10-03,2024-01-16,MOP,Tricyclazole,14
P0485,2024,Kharif,Groundnut,1.82,2.97,1.63,2024-06-12,2024-10-24,Urea,Tricyclazole,8
P0485,2024,Rabi,Rice,1.82,9.35,5.14,2024-07-11,2024-11-30,NPK 19:19:19,Carbendazim,14
P0486,2020,Rabi,Rice,0.94,5.37,5.71,2020-06-18,2020-11-08,MOP,Tricyclazole,14
P0486,2020,Summer,Rice,0.94,4.38,4.66,2020-10-15,2021-03-07,NPK 19:19:19,None,13
P0486,2021,Kharif,Rice,0.94,4.02,4.28,2021-11-12,2022-03-13,MOP,Chlorpyrifos,23
P0486,2021,Rabi,Groundnut,0.94,1.93,2.05,2021-06-14,2021-11-06,Urea,Tricyclazole,18
P0486,2022,Kharif,Groundnut,0.94,2.59,2.76,2022-10-21,2023-02-17,DAP,Chlorpyrifos,10
P0486,2022,Rabi,Groundnut,0.94,2.02,2.15,2022-10-10,2023-02-07,NPK 19:19:19,Tricyclazole,8
P0486,2022,Summer,Rice,0.94,4.02,4.28,2022-10-18,2023-03-13,DAP,Carbendazim,25
P0486,2023,Kharif,Groundnut,0.94,1.49,1.58,2023-10-25,2024-03-19,DAP,Tricyclazole,19
P0486,2023,Summer,Rice,0.94,2.52,2.68,2023-10-14,2024-02-14,NPK 19:19:19,None,10
P0486,2024,Kharif,Rice,0.94,3.57,3.8,2024-11-06,2025-03-10,Organic Compost,None,25
P0486,2024,Summer,Groundnut,0.94,2.26,2.4,2024-07-01,2024-10-11,MOP,Tricyclazole,15
P0487,2020,Kharif,Groundnut,1.95,2.15,1.1,2020-10-23,2021-02-26,NPK 19:19:19,Carbendazim,14
P0487,2020,Rabi,Groundnut,1.95,5.34,2.74,2020-11-11,2021-03-12,Organic Compost,Chlorpyrifos,24
P0487,2020,Summer,Groundnut,1.95,3.24,1.66,2020-07-21,2020-11-03,DAP,Chlorpyrifos,19
P0487,2021,Kharif,Rice,1.95,5.42,2.78,2021-07-17,2021-12-04,Urea,Tricyclazole,21
P0487,2021,Rabi,Groundnut,1.95,4.13,2.12,2021-10-16,2022-03-04,Urea,None,8
P0487,2022,Kharif,Rice,1.95,5.69,2.92,2022-06-02,2022-09-11,DAP,Tricyclazole,20
P0487,2022,Rabi,Rice,1.95,8.37,4.29,2022-11-18,2023-02-26,Organic Compost,Tricyclazole,16
P0487,2023,Kharif,Rice,1.95,10.0,5.13,2023-11-05,2024-03-15,NPK 19:19:19,Carbendazim,8
P0487,2023,Summer,Rice,1.95,10.55,5.41,2023-07-12,2023-10-23,DAP,Chlorpyrifos,11
P0487,2024,Kharif,Groundnut,1.95,3.55,1.82,2024-10-07,2025-02-13,Organic Compost,Chlorpyrifos,23
P0487,2024,Summer,Groundnut,1.95,2.77,1.42,2024-11-04,2025-03-08,DAP,Chlorpyrifos,14
P0488,2020,Kharif,Rice,2.76,11.4,4.13,2020-06-25,2020-11-20,Urea,None,22
P0488,2020,Rabi,Rice,2.76,12.23,4.43,2020-10-13,2021-01-22,MOP,Tricyclazole,16
P0488,2020,Summer,Groundnut,2.76,6.54,2.37,2020-10-01,2021-02-07,DAP,None,12
P0488,2021,Kharif,Groundnut,2.76,8.64,3.13,2021-06-28,2021-10-26,DAP,Carbendazim,23
P0488,2021,Rabi,Rice,2.76,13.44,4.87,2021-11-10,2022-02-22,DAP,Tricyclazole,19
P0488,2022,Summer,Groundnut,2.76,6.73,2.44,2022-11-17,2023-04-09,DAP,Chlorpyrifos,22
P0488,2023,Kharif,Groundnut,2.76,5.46,1.98,2023-07-15,2023-11-25,DAP,Carbendazim,21
P0488,2023,Summer,Rice,2.76,6.35,2.3,2023-06-03,2023-09-20,Organic Compost,None,16
P0488,2024,Kharif,Rice,2.76,16.5,5.98,2024-07-11,2024-10-31,MOP,Carbendazim,15
P0488,2024,Rabi,Rice,2.76,12.59,4.56,2024-11-12,2025-03-09,NPK 19:19:19,None,18
P0488,2024,Summer,Rice,2.76,13.74,4.98,2024-10-12,2025-03-04,Organic Compost,None,16
P0489,2020,Rabi,Rice,2.49,12.15,4.88,2020-06-05,2020-09-15,DAP,Tricyclazole,8
P0489,2020,Summer,Rice,2.49,12.1,4.86,2020-07-27,2020-12-21,Urea,Carbendazim,12
P0489,2021,Rabi,Rice,2.49,9.54,3.83,2021-06-02,2021-09-28,NPK 19:19:19,Tricyclazole,19
P0489,2023,Kharif,Rice,2.49,15.54,6.24,2023-07-12,2023-12-02,NPK 19:19:19,Tricyclazole,12
P0489,2023,Summer,Rice,2.49,10.13,4.07,2023-10-10,2024-01-24,Urea,Carbendazim,20
P0489,2024,Kharif,Groundnut,2.49,5.05,2.03,2024-07-23,2024-12-11,Organic Compost,None,22
P0489,2024,Rabi,Groundnut,2.49,6.52,2.62,2024-10-22,2025-03-04,DAP,Chlorpyrifos,18
P0489,2024,Summer,Groundnut,2.49,7.94,3.19,2024-10-03,2025-02-09,DAP,None,17
P0490,2020,Kharif,Rice,0.68,1.96,2.88,2020-06-10,2020-10-21,Urea,Tricyclazole,20
P0490,2020,Summer,Groundnut,0.68,1.61,2.37,2020-10-11,2021-02-01,NPK 19:19:19,Carbendazim,14
P0490,2021,Kharif,Groundnut,0.68,2.16,3.17,2021-11-25,2022-03-15,MOP,None,21
P0490,2021,Rabi,Groundnut,0.68,1.46,2.14,2021-10-17,2022-02-07,DAP,Chlorpyrifos,8
P0490,2022,Kharif,Groundnut,0.68,1.3,1.91,2022-10-14,2023-02-21,Urea,Chlorpyrifos,24
P0490,2022,Summer,Rice,0.68,2.33,3.42,2022-10-03,2023-02-14,DAP,None,14
P0490,2023,Kharif,Rice,0.68,3.47,5.11,2023-06-27,2023-10-12,Urea,Carbendazim,16
P0490,2024,Kharif,Rice,0.68,1.48,2.18,2024-07-27,2024-11-20,Organic Compost,Tricyclazole,8
P0490,2024,Summer,Groundnut,0.68,1.82,2.67,2024-11-17,2025-03-15,NPK 19:19:19,Carbendazim,18
P0491,2020,Kharif,Rice,2.95,8.35,2.83,2020-07-06,2020-11-05,NPK 19:19:19,Tricyclazole,20
P0491,2020,Rabi,Groundnut,2.95,6.17,2.09,2020-10-12,2021-03-05,MOP,Carbendazim,12
P0491,2020,Summer,Groundnut,2.95,3.6,1.22,2020-11-11,2021-02-20,DAP,Chlorpyrifos,19
P0491,2021,Rabi,Groundnut,2.95,3.95,1.34,2021-10-20,2022-02-14,DAP,Chlorpyrifos,10
P0491,2021,Summer,Rice,2.95,12.66,4.29,2021-10-06,2022-01-26,Urea,Carbendazim,25
P0491,2022,Kharif,Rice,2.95,15.61,5.29,2022-07-24,2022-11-02,DAP,Carbendazim,22
P0491,2022,Rabi,Groundnut,2.95,4.81,1.63,2022-07-04,2022-10-23,MOP,Chlorpyrifos,24
P0491,2022,Summer,Groundnut,2.95,4.63,1.57,2022-11-05,2023-04-02,Urea,Tricyclazole,18
P0491,2023,Kharif,Groundnut,2.95,4.43,1.5,2023-07-24,2023-11-30,MOP,Tricyclazole,22
P0491,2023,Rabi,Groundnut,2.95,8.23,2.79,2023-06-28,2023-11-24,NPK 19:19:19,Carbendazim,25
P0491,2023,Summer,Groundnut,2.95,10.27,3.48,2023-11-26,2024-04-01,MOP,Tricyclazole,10
P0491,2024,Rabi,Groundnut,2.95,7.67,2.6,2024-07-21,2024-10-30,NPK 19:19:19,Carbendazim,24
P0491,2024,Summer,Rice,2.95,18.44,6.25,2024-10-21,2025-02-06,Organic Compost,Chlorpyrifos,21
P0492,2020,Kharif,Sugarcane,0.66,1.42,2.15,2020-06-20,2020-09-29,Urea,Carbendazim,20
P0492,2020,Summer,Rice,0.66,1.45,2.2,2020-10-12,2021-01-26,MOP,None,25
P0492,2021,Kharif,Sugarcane,0.66,1.58,2.39,2021-06-03,2021-10-04,Organic Compost,None,10
P0492,2021,Rabi,Sugarcane,0.66,2.15,3.26,2021-07-19,2021-11-25,Urea,Chlorpyrifos,21
P0492,2021,Summer,Rice,0.66,1.82,2.76,2021-10-25,2022-02-27,MOP,Chlorpyrifos,9
P0492,2022,Kharif,Rice,0.66,2.52,3.82,2022-06-25,2022-10-09,NPK 19:19:19,Tricyclazole,8
P0492,2023,Kharif,Sugarcane,0.66,0.77,1.17,2023-07-24,2023-12-20,MOP,Tricyclazole,10
P0492,2023,Rabi,Rice,0.66,1.83,2.78,2023-07-22,2023-11-14,Urea,None,23
P0492,2023,Summer,Rice,0.66,3.17,4.81,2023-10-15,2024-02-15,DAP,None,13
P0492,2024,Summer,Rice,0.66,3.44,5.21,2024-06-11,2024-10-15,DAP,None,22
P0493,2020,Rabi,Rice,1.3,3.82,2.94,2020-10-27,2021-03-01,Urea,None,24
P0493,2020,Summer,Groundnut,1.3,3.15,2.42,2020-06-21,2020-10-03,NPK 19:19:19,Chlorpyrifos,19
P0493,2021,Summer,Rice,1.3,3.22,2.48,2021-07-04,2021-11-16,Urea,Chlorpyrifos,19
P0493,2022,Rabi,Groundnut,1.3,2.07,1.59,2022-07-09,2022-10-23,Urea,Carbendazim,16
P0493,2022,Summer,Groundnut,1.3,4.17,3.21,2022-11-09,2023-04-06,Urea,Tricyclazole,12
P0493,2023,Kharif,Rice,1.3,6.63,5.1,2023-07-14,2023-11-26,DAP,None,17
P0493,2023,Rabi,Groundnut,1.3,1.33,1.02,2023-10-18,2024-03-07,NPK 19:19:19,Chlorpyrifos,8
P0493,2023,Summer,Groundnut,1.3,3.47,2.67,2023-10-24,2024-02-23,Organic Compost,Carbendazim,18
P0493,2024,Kharif,Rice,1.3,5.2,4.0,2024-07-05,2024-10-23,NPK 19:19:19,Tricyclazole,8
P0493,2024,Summer,Rice,1.3,7.71,5.93,2024-11-25,2025-04-01,DAP,Carbendazim,13
P0494,2020,Kharif,Rice,1.9,6.8,3.58,2020-10-09,2021-02-03,Urea,None,20
P0494,2020,Rabi,Rice,1.9,10.92,5.75,2020-07-03,2020-11-26,Organic Compost,Chlorpyrifos,8
P0494,2020,Summer,Rice,1.9,7.98,4.2,2020-10-07,2021-03-02,Urea,Carbendazim,13
P0494,2021,Rabi,Rice,1.9,7.73,4.07,2021-10-06,2022-01-28,DAP,Carbendazim,14
P0494,2021,Summer,Sugarcane,1.9,3.89,2.05,2021-07-10,2021-11-20,Organic Compost,Chlorpyrifos,13
P0494,2022,Summer,Rice,1.9,11.99,6.31,2022-10-01,2023-01-20,DAP,Tricyclazole,22
P0494,2023,Rabi,Rice,1.9,5.98,3.15,2023-07-08,2023-11-18,Urea,Chlorpyrifos,23
P0494,2023,Summer,Rice,1.9,8.0,4.21,2023-11-22,2024-04-15,MOP,Chlorpyrifos,13
P0494,2024,Summer,Rice,1.9,6.4,3.37,2024-06-02,2024-10-26,DAP,Chlorpyrifos,16
P0495,2020,Rabi,Rice,0.71,4.06,5.72,2020-07-08,2020-11-28,NPK 19:19:19,Chlorpyrifos,25
P0495,2021,Kharif,Groundnut,0.71,2.12,2.98,2021-10-27,2022-02-06,DAP,None,18
P0495,2021,Rabi,Groundnut,0.71,1.43,2.01,2021-07-18,2021-11-07,NPK 19:19:19,Carbendazim,14
P0495,2021,Summer,Rice,0.71,4.36,6.14,2021-11-24,2022-04-12,Organic Compost,None,23
P0495,2022,Kharif,Rice,0.71,3.68,5.19,2022-06-27,2022-10-19,MOP,Carbendazim,18
P0495,2022,Rabi,Groundnut,0.71,1.6,2.25,2022-07-20,2022-11-21,DAP,Tricyclazole,18
P0495,2022,Summer,Groundnut,0.71,1.86,2.62,2022-07-03,2022-11-12,Organic Compost,Tricyclazole,11
P0495,2023,Kharif,Groundnut,0.71,2.15,3.03,2023-11-08,2024-03-02,DAP,None,10
P0495,2024,Rabi,Rice,0.71,3.83,5.4,2024-11-15,2025-02-23,MOP,None,10
P0495,2024,Summer,Rice,0.71,2.61,3.67,2024-06-28,2024-11-02,MOP,Tricyclazole,20
P0496,2020,Kharif,Rice,3.4,16.59,4.88,2020-11-16,2021-04-08,MOP,None,22
P0496,2020,Rabi,Rice,3.4,14.65,4.31,2020-10-04,2021-01-24,MOP,Carbendazim,21
P0496,2021,Kharif,Rice,3.4,11.76,3.46,2021-10-22,2022-03-09,MOP,None,18
P0496,2021,Rabi,Rice,3.4,19.75,5.81,2021-07-23,2021-11-13,Organic Compost,Carbendazim,23
P0496,2021,Summer,Rice,3.4,21.79,6.41,2021-11-15,2022-03-21,MOP,Tricyclazole,10
P0496,2022,Rabi,Rice,3.4,10.74,3.16,2022-07-25,2022-11-21,MOP,Tricyclazole,23
P0496,2022,Summer,Sugarcane,3.4,4.66,1.37,2022-07-17,2022-12-01,DAP,None,17
P0496,2023,Kharif,Rice,3.4,11.97,3.52,2023-11-07,2024-04-03,DAP,None,24
P0496,2023,Rabi,Rice,3.4,17.34,5.1,2023-06-23,2023-10-26,Organic Compost,Tricyclazole,22
P0496,2023,Summer,Rice,3.4,19.55,5.75,2023-11-17,2024-03-23,NPK 19:19:19,Chlorpyrifos,12
P0497,2020,Rabi,Rice,1.31,8.42,6.43,2020-06-22,2020-11-04,NPK 19:19:19,Tricyclazole,10
P0497,2020,Summer,Sugarcane,1.31,2.44,1.86,2020-06-23,2020-10-08,Organic Compost,Tricyclazole,16
P0497,2021,Kharif,Rice,1.31,3.08,2.35,2021-10-25,2022-02-19,Urea,Carbendazim,25
P0497,2021,Rabi,Rice,1.31,3.62,2.76,2021-06-16,2021-10-12,Urea,Carbendazim,12
P0497,2022,Kharif,Rice,1.31,8.42,6.43,2022-10-12,2023-01-25,DAP,Carbendazim,24
P0497,2022,Rabi,Rice,1.31,3.3,2.52,2022-11-01,2023-03-16,DAP,Carbendazim,22
P0497,2022,Summer,Rice,1.31,8.4,6.41,2022-06-18,2022-11-01,Urea,None,17
P0497,2023,Kharif,Rice,1.31,7.53,5.75,2023-10-13,2024-01-23,Urea,Chlorpyrifos,25
P0497,2023,Rabi,Rice,1.31,7.19,5.49,2023-11-06,2024-03-10,DAP,None,18
P0497,2024,Rabi,Sugarcane,1.31,2.19,1.67,2024-11-27,2025-03-10,DAP,Carbendazim,22
P0497,2024,Summer,Rice,1.31,2.9,2.21,2024-10-09,2025-02-28,NPK 19:19:19,Carbendazim,12
P0498,2020,Kharif,Rice,0.37,1.69,4.56,2020-07-28,2020-11-28,Organic Compost,Carbendazim,25
P0498,2020,Rabi,Sugarcane,0.37,0.44,1.2,2020-11-20,2021-04-11,NPK 19:19:19,Carbendazim,24
P0498,2020,Summer,Rice,0.37,0.99,2.67,2020-06-06,2020-09-19,MOP,Tricyclazole,9
P0498,2021,Kharif,Rice,0.37,1.39,3.76,2021-11-02,2022-03-27,NPK 19:19:19,Chlorpyrifos,15
P0498,2021,Summer,Rice,0.37,1.15,3.11,2021-11-03,2022-02-18,Organic Compost,Tricyclazole,9
P0498,2022,Kharif,Sugarcane,0.37,0.52,1.4,2022-06-28,2022-11-02,Organic Compost,Carbendazim,23
P0498,2022,Rabi,Rice,0.37,2.08,5.61,2022-11-02,2023-03-29,Organic Compost,Tricyclazole,16
P0498,2022,Summer,Rice,0.37,1.21,3.26,2022-11-19,2023-04-07,DAP,Carbendazim,20
P0498,2023,Kharif,Rice,0.37,1.58,4.26,2023-11-26,2024-04-01,Organic Compost,Tricyclazole,22
P0498,2023,Rabi,Sugarcane,0.37,0.5,1.34,2023-10-08,2024-03-02,Organic Compost,Tricyclazole,18
P0498,2023,Summer,Rice,0.37,1.39,3.76,2023-06-08,2023-10-27,Urea,Chlorpyrifos,12
P0498,2024,Kharif,Rice,0.37,2.28,6.16,2024-07-26,2024-12-07,NPK 19:19:19,None,19
P0498,2024,Rabi,Rice,0.37,1.05,2.85,2024-07-28,2024-12-22,NPK 19:19:19,Chlorpyrifos,22
P0498,2024,Summer,Rice,0.37,1.52,4.1,2024-07-15,2024-10-28,Organic Compost,Tricyclazole,18
P0499,2020,Kharif,Rice,2.54,14.02,5.52,2020-11-10,2021-03-15,DAP,None,16
P0499,2020,Rabi,Rice,2.54,8.71,3.43,2020-10-11,2021-02-12,NPK 19:19:19,Chlorpyrifos,20
P0499,2020,Summer,Rice,2.54,11.38,4.48,2020-11-07,2021-04-01,Urea,Chlorpyrifos,12
P0499,2021,Kharif,Rice,2.54,15.42,6.07,2021-07-07,2021-10-18,DAP,None,9
P0499,2021,Summer,Rice,2.54,11.23,4.42,2021-06-10,2021-10-29,Organic Compost,Chlorpyrifos,23
P0499,2022,Kharif,Rice,2.54,8.92,3.51,2022-07-08,2022-10-28,NPK 19:19:19,Chlorpyrifos,23
P0499,2022,Rabi,Rice,2.54,11.94,4.7,2022-06-03,2022-09-22,Organic Compost,Chlorpyrifos,12
P0499,2022,Summer,Rice,2.54,5.26,2.07,2022-07-07,2022-11-12,MOP,Carbendazim,23
P0499,2023,Kharif,Rice,2.54,15.8,6.22,2023-10-02,2024-02-25,MOP,None,10
P0499,2023,Rabi,Rice,2.54,11.71,4.61,2023-07-07,2023-11-10,MOP,Chlorpyrifos,25
P0499,2023,Summer,Sugarcane,2.54,6.02,2.37,2023-07-03,2023-10-26,Urea,Chlorpyrifos,15
P0499,2024,Kharif,Rice,2.54,13.61,5.36,2024-11-24,2025-04-02,DAP,Tricyclazole,10
P0499,2024,Summer,Rice,2.54,5.94,2.34,2024-11-22,2025-03-28,MOP,Carbendazim,21
P0500,2020,Rabi,Rice,1.21,5.93,4.9,2020-06-17,2020-10-02,Urea,Tricyclazole,17
P0500,2020,Summer,Groundnut,1.21,1.4,1.16,2020-07-06,2020-10-29,Organic Compost,Tricyclazole,24
P0500,2021,Kharif,Rice,1.21,3.22,2.66,2021-07-21,2021-12-09,Urea,None,25
P0500,2021,Rabi,Rice,1.21,3.67,3.03,2021-06-16,2021-10-04,DAP,Tricyclazole,17
P0500,2021,Summer,Groundnut,1.21,1.49,1.23,2021-07-26,2021-11-05,MOP,Carbendazim,11
P0500,2022,Rabi,Groundnut,1.21,1.97,1.63,2022-10-25,2023-02-19,MOP,Chlorpyrifos,23
P0500,2023,Rabi,Rice,1.21,5.41,4.47,2023-11-17,2024-03-17,NPK 19:19:19,Tricyclazole,9
P0500,2024,Kharif,Groundnut,1.21,1.4,1.16,2024-06-02,2024-10-18,NPK 19:19:19,None,10
P0500,2024,Summer,Groundnut,1.21,3.93,3.25,2024-07-08,2024-11-04,Urea,Chlorpyrifos,17
